{
  "methodology": "per-stat alpha tuning, push_window=0.1, min_pred=0.5",
  "best_per_stat": {
    "pts": {
      "alpha": 7.0,
      "hit_rate": 76.89133425034387,
      "picks": 727
    },
    "reb": {
      "alpha": 7.0,
      "hit_rate": 77.15582450832072,
      "picks": 661
    },
    "ast": {
      "alpha": 7.0,
      "hit_rate": 74.76099426386233,
      "picks": 523
    },
    "stl": {
      "alpha": 5.0,
      "hit_rate": 50.19305019305019,
      "picks": 259
    },
    "blk": {
      "alpha": 7.0,
      "hit_rate": 58.51063829787234,
      "picks": 94
    },
    "tpm": {
      "alpha": 7.0,
      "hit_rate": 63.109756097560975,
      "picks": 328
    }
  },
  "combined_picks": 2646,
  "combined_hr": 71.4506172839506
}