{
  "generated_at": "2026-06-11T22:09:31.571966+00:00",
  "days": 5,
  "games": 14,
  "player_games": 346,
  "picks": 760,
  "overall_hit_rate": 0.6066666666666667,
  "by_stat": {
    "PTS": {
      "hit": 120,
      "miss": 51,
      "push": 2,
      "rate": 0.7017543859649122
    },
    "REB": {
      "hit": 107,
      "miss": 58,
      "push": 3,
      "rate": 0.6484848484848484
    },
    "AST": {
      "hit": 87,
      "miss": 60,
      "push": 3,
      "rate": 0.5918367346938775
    },
    "STL": {
      "hit": 56,
      "miss": 45,
      "push": 1,
      "rate": 0.5544554455445545
    },
    "BLK": {
      "hit": 17,
      "miss": 38,
      "push": 1,
      "rate": 0.3090909090909091
    },
    "TPM": {
      "hit": 68,
      "miss": 43,
      "push": 0,
      "rate": 0.6126126126126126
    }
  },
  "features": {
    "per_stat_cons": true,
    "starter_gate": true,
    "pace_adj": true,
    "b2b_adj": true
  }
}