name,team,sport,stat,matchup,projection,line,edge,direction,reason
SS  Otto Lopez,Miami Marlins,mlb,H,San_Diego_Padres_at_Miami_Marlins,1.15,0.0,1.15,OVER,Targeting SS  Otto Lopez OVER 0.0 H. Model projects 1.1 (1.15 edge). Recent trends and opponent weakness support this play.
2B  Luis Arraez,San Francisco Giants,mlb,H,Los_Angeles_Angels_at_San_Francisco_Giants,1.1,0.0,1.1,OVER,2B  Luis Arraez shows OVER value at 0.0 H. TC projection: 1.1 — edge: 1.10. Moderate conviction based on usage rate and defensive matchup.
RF  Jung Hoo Lee,San Francisco Giants,mlb,H,Los_Angeles_Angels_at_San_Francisco_Giants,0.99,0.0,0.99,OVER,"Marginal +EV opportunity: RF  Jung Hoo Lee is projected for 1.0 H vs a line of 0.0, giving a OVER edge of 0.99. Based on recent form, opponent matchup, and game context."
LF  Wyatt Langford,Texas Rangers,mlb,H,Seattle_Mariners_at_Texas_Rangers,0.99,0.0,0.99,OVER,Targeting LF  Wyatt Langford OVER 0.0 H. Model projects 1.0 (0.99 edge). Recent trends and opponent weakness support this play.
3B  Josh Jung,Texas Rangers,mlb,H,Seattle_Mariners_at_Texas_Rangers,0.98,0.0,0.98,OVER,"Marginal +EV opportunity: 3B  Josh Jung is projected for 1.0 H vs a line of 0.0, giving a OVER edge of 0.98. Based on recent form, opponent matchup, and game context."
2B  Ernie Clement,Toronto Blue Jays,mlb,H,Toronto_Blue_Jays_at_Boston_Red_Sox,0.95,0.0,0.95,OVER,2B  Ernie Clement shows OVER value at 0.0 H. TC projection: 0.9 — edge: 0.95. Marginal conviction based on usage rate and defensive matchup.
LF  Casey Schmitt,San Francisco Giants,mlb,H,Los_Angeles_Angels_at_San_Francisco_Giants,0.94,0.0,0.94,OVER,LF  Casey Schmitt shows OVER value at 0.0 H. TC projection: 0.9 — edge: 0.94. Marginal conviction based on usage rate and defensive matchup.
LF  Brandon Marsh,Philadelphia Phillies,mlb,H,New_York_Yankees_at_Philadelphia_Phillies,0.93,0.0,0.93,OVER,LF  Brandon Marsh shows OVER value at 0.0 H. TC projection: 0.9 — edge: 0.93. Marginal conviction based on usage rate and defensive matchup.
RF  Fernando Tatis Jr.,San Diego Padres,mlb,H,San_Diego_Padres_at_Miami_Marlins,0.93,0.0,0.93,OVER,Targeting RF  Fernando Tatis Jr. OVER 0.0 H. Model projects 0.9 (0.93 edge). Recent trends and opponent weakness support this play.
CF  Ceddanne Rafaela,Boston Red Sox,mlb,H,Toronto_Blue_Jays_at_Boston_Red_Sox,0.93,0.0,0.93,OVER,"Marginal +EV opportunity: CF  Ceddanne Rafaela is projected for 0.9 H vs a line of 0.0, giving a OVER edge of 0.93. Based on recent form, opponent matchup, and game context."
SS  Kevin McGonigle,Detroit Tigers,mlb,H,Kansas_City_Royals_at_Detroit_Tigers,0.92,0.0,0.92,OVER,SS  Kevin McGonigle shows OVER value at 0.0 H. TC projection: 0.9 — edge: 0.92. Marginal conviction based on usage rate and defensive matchup.
LF  Tommy Edman,Los Angeles Dodgers,mlb,H,Los_Angeles_Dodgers_at_New_York_Mets,0.92,0.0,0.92,OVER,Targeting LF  Tommy Edman OVER 0.0 H. Model projects 0.9 (0.92 edge). Recent trends and opponent weakness support this play.
2B  Xavier Edwards,Miami Marlins,mlb,H,San_Diego_Padres_at_Miami_Marlins,0.92,0.0,0.92,OVER,Targeting 2B  Xavier Edwards OVER 0.0 H. Model projects 0.9 (0.92 edge). Recent trends and opponent weakness support this play.
1B  Freddie Freeman,Los Angeles Dodgers,mlb,H,Los_Angeles_Dodgers_at_New_York_Mets,0.91,0.0,0.91,OVER,1B  Freddie Freeman shows OVER value at 0.0 H. TC projection: 0.9 — edge: 0.91. Marginal conviction based on usage rate and defensive matchup.
C   Dillon Dingler,Detroit Tigers,mlb,H,Kansas_City_Royals_at_Detroit_Tigers,0.89,0.0,0.89,OVER,Targeting C   Dillon Dingler OVER 0.0 H. Model projects 0.9 (0.89 edge). Recent trends and opponent weakness support this play.
2B  Gleyber Torres,Detroit Tigers,mlb,H,Kansas_City_Royals_at_Detroit_Tigers,0.89,0.0,0.89,OVER,Targeting 2B  Gleyber Torres OVER 0.0 H. Model projects 0.9 (0.89 edge). Recent trends and opponent weakness support this play.
LF  Riley Greene,Detroit Tigers,mlb,H,Kansas_City_Royals_at_Detroit_Tigers,0.89,0.0,0.89,OVER,"Marginal +EV opportunity: LF  Riley Greene is projected for 0.9 H vs a line of 0.0, giving a OVER edge of 0.89. Based on recent form, opponent matchup, and game context."
LF  Heliot Ramos,San Francisco Giants,mlb,H,Los_Angeles_Angels_at_San_Francisco_Giants,0.89,0.0,0.89,OVER,LF  Heliot Ramos shows OVER value at 0.0 H. TC projection: 0.9 — edge: 0.89. Marginal conviction based on usage rate and defensive matchup.
RF  Brandon Nimmo,Texas Rangers,mlb,H,Seattle_Mariners_at_Texas_Rangers,0.89,0.0,0.89,OVER,RF  Brandon Nimmo shows OVER value at 0.0 H. TC projection: 0.9 — edge: 0.89. Marginal conviction based on usage rate and defensive matchup.
1B  Willson Contreras,Boston Red Sox,mlb,H,Toronto_Blue_Jays_at_Boston_Red_Sox,0.89,0.0,0.89,OVER,"Marginal +EV opportunity: 1B  Willson Contreras is projected for 0.9 H vs a line of 0.0, giving a OVER edge of 0.89. Based on recent form, opponent matchup, and game context."
3B  Bo Bichette,New York Mets,mlb,H,Los_Angeles_Dodgers_at_New_York_Mets,0.88,0.0,0.88,OVER,Targeting 3B  Bo Bichette OVER 0.0 H. Model projects 0.9 (0.88 edge). Recent trends and opponent weakness support this play.
TWP Shohei Ohtani,Los Angeles Dodgers,mlb,H,Los_Angeles_Dodgers_at_New_York_Mets,0.87,0.0,0.87,OVER,"Marginal +EV opportunity: TWP Shohei Ohtani is projected for 0.9 H vs a line of 0.0, giving a OVER edge of 0.87. Based on recent form, opponent matchup, and game context."
LF  Juan Soto,New York Mets,mlb,H,Los_Angeles_Dodgers_at_New_York_Mets,0.87,0.0,0.87,OVER,"Marginal +EV opportunity: LF  Juan Soto is projected for 0.9 H vs a line of 0.0, giving a OVER edge of 0.87. Based on recent form, opponent matchup, and game context."
SS  Trea Turner,Philadelphia Phillies,mlb,H,New_York_Yankees_at_Philadelphia_Phillies,0.87,0.0,0.87,OVER,Targeting SS  Trea Turner OVER 0.0 H. Model projects 0.9 (0.87 edge). Recent trends and opponent weakness support this play.
C   Liam Hicks,Miami Marlins,mlb,H,San_Diego_Padres_at_Miami_Marlins,0.87,0.0,0.87,OVER,"Marginal +EV opportunity: C   Liam Hicks is projected for 0.9 H vs a line of 0.0, giving a OVER edge of 0.87. Based on recent form, opponent matchup, and game context."
RF  Wilyer Abreu,Boston Red Sox,mlb,H,Toronto_Blue_Jays_at_Boston_Red_Sox,0.87,0.0,0.87,OVER,"Marginal +EV opportunity: RF  Wilyer Abreu is projected for 0.9 H vs a line of 0.0, giving a OVER edge of 0.87. Based on recent form, opponent matchup, and game context."
1B  Nolan Schanuel,Los Angeles Angels,mlb,H,Los_Angeles_Angels_at_San_Francisco_Giants,0.86,0.0,0.86,OVER,Targeting 1B  Nolan Schanuel OVER 0.0 H. Model projects 0.9 (0.86 edge). Recent trends and opponent weakness support this play.
CF  Andy Pages,Los Angeles Dodgers,mlb,H,Los_Angeles_Dodgers_at_New_York_Mets,0.86,0.0,0.86,OVER,Targeting CF  Andy Pages OVER 0.0 H. Model projects 0.9 (0.86 edge). Recent trends and opponent weakness support this play.
RF  Carson Benge,New York Mets,mlb,H,Los_Angeles_Dodgers_at_New_York_Mets,0.86,0.0,0.86,OVER,"Marginal +EV opportunity: RF  Carson Benge is projected for 0.9 H vs a line of 0.0, giving a OVER edge of 0.86. Based on recent form, opponent matchup, and game context."
1B  Ben Rice,New York Yankees,mlb,H,New_York_Yankees_at_Philadelphia_Phillies,0.86,0.0,0.86,OVER,"Marginal +EV opportunity: 1B  Ben Rice is projected for 0.9 H vs a line of 0.0, giving a OVER edge of 0.86. Based on recent form, opponent matchup, and game context."
LF  Sam Antonacci,Chicago White Sox,mlb,H,Houston_Astros_at_Chicago_White_Sox,0.85,0.0,0.85,OVER,Targeting LF  Sam Antonacci OVER 0.0 H. Model projects 0.8 (0.85 edge). Recent trends and opponent weakness support this play.
1B  Josh Naylor,Seattle Mariners,mlb,H,Seattle_Mariners_at_Texas_Rangers,0.85,0.0,0.85,OVER,"Marginal +EV opportunity: 1B  Josh Naylor is projected for 0.8 H vs a line of 0.0, giving a OVER edge of 0.85. Based on recent form, opponent matchup, and game context."
LF  Randy Arozarena,Seattle Mariners,mlb,H,Seattle_Mariners_at_Texas_Rangers,0.85,0.0,0.85,OVER,Targeting LF  Randy Arozarena OVER 0.0 H. Model projects 0.8 (0.85 edge). Recent trends and opponent weakness support this play.
CF  A.J. Ewing,New York Mets,mlb,H,Los_Angeles_Dodgers_at_New_York_Mets,0.84,0.0,0.84,OVER,"Marginal +EV opportunity: CF  A.J. Ewing is projected for 0.8 H vs a line of 0.0, giving a OVER edge of 0.84. Based on recent form, opponent matchup, and game context."
CF  Julio Rodríguez,Seattle Mariners,mlb,H,Seattle_Mariners_at_Texas_Rangers,0.84,0.0,0.84,OVER,Targeting CF  Julio Rodríguez OVER 0.0 H. Model projects 0.8 (0.84 edge). Recent trends and opponent weakness support this play.
DH  Bryce Eldridge,San Francisco Giants,mlb,H,Los_Angeles_Angels_at_San_Francisco_Giants,0.81,0.0,0.81,OVER,"Marginal +EV opportunity: DH  Bryce Eldridge is projected for 0.8 H vs a line of 0.0, giving a OVER edge of 0.81. Based on recent form, opponent matchup, and game context."
DH  Kyle Schwarber,Philadelphia Phillies,mlb,H,New_York_Yankees_at_Philadelphia_Phillies,0.81,0.0,0.81,OVER,"Marginal +EV opportunity: DH  Kyle Schwarber is projected for 0.8 H vs a line of 0.0, giving a OVER edge of 0.81. Based on recent form, opponent matchup, and game context."
1B  Rafael Devers,San Francisco Giants,mlb,H,Los_Angeles_Angels_at_San_Francisco_Giants,0.8,0.0,0.8,OVER,Targeting 1B  Rafael Devers OVER 0.0 H. Model projects 0.8 (0.80 edge). Recent trends and opponent weakness support this play.
1B  Vladimir Guerrero Jr.,Toronto Blue Jays,mlb,H,Toronto_Blue_Jays_at_Boston_Red_Sox,0.8,0.0,0.8,OVER,Targeting 1B  Vladimir Guerrero Jr. OVER 0.0 H. Model projects 0.8 (0.80 edge). Recent trends and opponent weakness support this play.
SS  Ezequiel Duran,Texas Rangers,mlb,H,Seattle_Mariners_at_Texas_Rangers,0.79,0.0,0.79,OVER,SS  Ezequiel Duran shows OVER value at 0.0 H. TC projection: 0.8 — edge: 0.79. Marginal conviction based on usage rate and defensive matchup.
3B  Miguel Vargas,Chicago White Sox,mlb,H,Houston_Astros_at_Chicago_White_Sox,0.78,0.0,0.78,OVER,Targeting 3B  Miguel Vargas OVER 0.0 H. Model projects 0.8 (0.78 edge). Recent trends and opponent weakness support this play.
RF  Jo Adell,Los Angeles Angels,mlb,H,Los_Angeles_Angels_at_San_Francisco_Giants,0.78,0.0,0.78,OVER,Targeting RF  Jo Adell OVER 0.0 H. Model projects 0.8 (0.78 edge). Recent trends and opponent weakness support this play.
SS  Zach Neto,Los Angeles Angels,mlb,H,Los_Angeles_Angels_at_San_Francisco_Giants,0.78,0.0,0.78,OVER,SS  Zach Neto shows OVER value at 0.0 H. TC projection: 0.8 — edge: 0.78. Marginal conviction based on usage rate and defensive matchup.
LF  Cody Bellinger,New York Yankees,mlb,H,New_York_Yankees_at_Philadelphia_Phillies,0.78,0.0,0.78,OVER,LF  Cody Bellinger shows OVER value at 0.0 H. TC projection: 0.8 — edge: 0.78. Marginal conviction based on usage rate and defensive matchup.
1B  Bryce Harper,Philadelphia Phillies,mlb,H,New_York_Yankees_at_Philadelphia_Phillies,0.78,0.0,0.78,OVER,1B  Bryce Harper shows OVER value at 0.0 H. TC projection: 0.8 — edge: 0.78. Marginal conviction based on usage rate and defensive matchup.
SS  Willy Adames,San Francisco Giants,mlb,H,Los_Angeles_Angels_at_San_Francisco_Giants,0.77,0.0,0.77,OVER,SS  Willy Adames shows OVER value at 0.0 H. TC projection: 0.8 — edge: 0.77. Marginal conviction based on usage rate and defensive matchup.
SS  Francisco Lindor,New York Mets,mlb,H,Los_Angeles_Dodgers_at_New_York_Mets,0.77,0.0,0.77,OVER,"Marginal +EV opportunity: SS  Francisco Lindor is projected for 0.8 H vs a line of 0.0, giving a OVER edge of 0.77. Based on recent form, opponent matchup, and game context."
2B  Bryson Stott,Philadelphia Phillies,mlb,H,New_York_Yankees_at_Philadelphia_Phillies,0.77,0.0,0.77,OVER,Targeting 2B  Bryson Stott OVER 0.0 H. Model projects 0.8 (0.77 edge). Recent trends and opponent weakness support this play.
RF  Jac Caglianone,Kansas City Royals,mlb,H,Kansas_City_Royals_at_Detroit_Tigers,0.76,0.0,0.76,OVER,Targeting RF  Jac Caglianone OVER 0.0 H. Model projects 0.8 (0.76 edge). Recent trends and opponent weakness support this play.
SS  Mookie Betts,Los Angeles Dodgers,mlb,H,Los_Angeles_Dodgers_at_New_York_Mets,0.76,0.0,0.76,OVER,"Marginal +EV opportunity: SS  Mookie Betts is projected for 0.8 H vs a line of 0.0, giving a OVER edge of 0.76. Based on recent form, opponent matchup, and game context."
1B  Jake Burger,Texas Rangers,mlb,H,Seattle_Mariners_at_Texas_Rangers,0.76,0.0,0.76,OVER,"Marginal +EV opportunity: 1B  Jake Burger is projected for 0.8 H vs a line of 0.0, giving a OVER edge of 0.76. Based on recent form, opponent matchup, and game context."
RF  Nathan Lukes,Toronto Blue Jays,mlb,H,Toronto_Blue_Jays_at_Boston_Red_Sox,0.76,0.0,0.76,OVER,"Marginal +EV opportunity: RF  Nathan Lukes is projected for 0.8 H vs a line of 0.0, giving a OVER edge of 0.76. Based on recent form, opponent matchup, and game context."
3B  Denzer Guzman,Los Angeles Angels,mlb,H,Los_Angeles_Angels_at_San_Francisco_Giants,0.75,0.0,0.75,OVER,"Marginal +EV opportunity: 3B  Denzer Guzman is projected for 0.8 H vs a line of 0.0, giving a OVER edge of 0.75. Based on recent form, opponent matchup, and game context."
1B  Paul Goldschmidt,New York Yankees,mlb,H,New_York_Yankees_at_Philadelphia_Phillies,0.74,0.0,0.74,OVER,Targeting 1B  Paul Goldschmidt OVER 0.0 H. Model projects 0.7 (0.74 edge). Recent trends and opponent weakness support this play.
LF  Kyle Stowers,Miami Marlins,mlb,H,San_Diego_Padres_at_Miami_Marlins,0.74,0.0,0.74,OVER,Targeting LF  Kyle Stowers OVER 0.0 H. Model projects 0.7 (0.74 edge). Recent trends and opponent weakness support this play.
2B  Cole Young,Seattle Mariners,mlb,H,Seattle_Mariners_at_Texas_Rangers,0.74,0.0,0.74,OVER,Targeting 2B  Cole Young OVER 0.0 H. Model projects 0.7 (0.74 edge). Recent trends and opponent weakness support this play.
2B  Nicky Lopez,Texas Rangers,mlb,H,Seattle_Mariners_at_Texas_Rangers,0.74,0.0,0.74,OVER,Targeting 2B  Nicky Lopez OVER 0.0 H. Model projects 0.7 (0.74 edge). Recent trends and opponent weakness support this play.
DH  George Springer,Toronto Blue Jays,mlb,H,Toronto_Blue_Jays_at_Boston_Red_Sox,0.74,0.0,0.74,OVER,"Marginal +EV opportunity: DH  George Springer is projected for 0.7 H vs a line of 0.0, giving a OVER edge of 0.74. Based on recent form, opponent matchup, and game context."
2B  Anthony Seigler,Boston Red Sox,mlb,H,Toronto_Blue_Jays_at_Boston_Red_Sox,0.74,0.0,0.74,OVER,"Marginal +EV opportunity: 2B  Anthony Seigler is projected for 0.7 H vs a line of 0.0, giving a OVER edge of 0.74. Based on recent form, opponent matchup, and game context."
LF  Wade Meckler,Los Angeles Angels,mlb,H,Los_Angeles_Angels_at_San_Francisco_Giants,0.73,0.0,0.73,OVER,LF  Wade Meckler shows OVER value at 0.0 H. TC projection: 0.7 — edge: 0.73. Marginal conviction based on usage rate and defensive matchup.
C   Francisco Alvarez,New York Mets,mlb,H,Los_Angeles_Dodgers_at_New_York_Mets,0.73,0.0,0.73,OVER,C   Francisco Alvarez shows OVER value at 0.0 H. TC projection: 0.7 — edge: 0.73. Marginal conviction based on usage rate and defensive matchup.
3B  Alec Bohm,Philadelphia Phillies,mlb,H,New_York_Yankees_at_Philadelphia_Phillies,0.73,0.0,0.73,OVER,3B  Alec Bohm shows OVER value at 0.0 H. TC projection: 0.7 — edge: 0.73. Marginal conviction based on usage rate and defensive matchup.
3B  Max Muncy,Los Angeles Dodgers,mlb,H,Los_Angeles_Dodgers_at_New_York_Mets,0.72,0.0,0.72,OVER,3B  Max Muncy shows OVER value at 0.0 H. TC projection: 0.7 — edge: 0.72. Marginal conviction based on usage rate and defensive matchup.
CF  Jackson Merrill,San Diego Padres,mlb,H,San_Diego_Padres_at_Miami_Marlins,0.72,0.0,0.72,OVER,Targeting CF  Jackson Merrill OVER 0.0 H. Model projects 0.7 (0.72 edge). Recent trends and opponent weakness support this play.
SS  Colson Montgomery,Chicago White Sox,mlb,H,Houston_Astros_at_Chicago_White_Sox,0.71,0.0,0.71,OVER,"Marginal +EV opportunity: SS  Colson Montgomery is projected for 0.7 H vs a line of 0.0, giving a OVER edge of 0.71. Based on recent form, opponent matchup, and game context."
1B  Vinnie Pasquantino,Kansas City Royals,mlb,H,Kansas_City_Royals_at_Detroit_Tigers,0.71,0.0,0.71,OVER,Targeting 1B  Vinnie Pasquantino OVER 0.0 H. Model projects 0.7 (0.71 edge). Recent trends and opponent weakness support this play.
RF  Kyle Tucker,Los Angeles Dodgers,mlb,H,Los_Angeles_Dodgers_at_New_York_Mets,0.71,0.0,0.71,OVER,"Marginal +EV opportunity: RF  Kyle Tucker is projected for 0.7 H vs a line of 0.0, giving a OVER edge of 0.71. Based on recent form, opponent matchup, and game context."
LF  Teoscar Hernández,Los Angeles Dodgers,mlb,H,Los_Angeles_Dodgers_at_New_York_Mets,0.71,0.0,0.71,OVER,LF  Teoscar Hernández shows OVER value at 0.0 H. TC projection: 0.7 — edge: 0.71. Marginal conviction based on usage rate and defensive matchup.
RF  Jasson Domínguez,New York Yankees,mlb,H,New_York_Yankees_at_Philadelphia_Phillies,0.71,0.0,0.71,OVER,"Marginal +EV opportunity: RF  Jasson Domínguez is projected for 0.7 H vs a line of 0.0, giving a OVER edge of 0.71. Based on recent form, opponent matchup, and game context."
1B  Munetaka Murakami,Chicago White Sox,mlb,H,Houston_Astros_at_Chicago_White_Sox,0.7,0.0,0.7,OVER,1B  Munetaka Murakami shows OVER value at 0.0 H. TC projection: 0.7 — edge: 0.70. Marginal conviction based on usage rate and defensive matchup.
1B  Munetaka Murakami,Chicago White Sox,mlb,BB,Houston_Astros_at_Chicago_White_Sox,0.7,0.0,0.7,OVER,Targeting 1B  Munetaka Murakami OVER 0.0 BB. Model projects 0.7 (0.70 edge). Recent trends and opponent weakness support this play.
C   Carter Jensen,Kansas City Royals,mlb,H,Kansas_City_Royals_at_Detroit_Tigers,0.7,0.0,0.7,OVER,C   Carter Jensen shows OVER value at 0.0 H. TC projection: 0.7 — edge: 0.70. Marginal conviction based on usage rate and defensive matchup.
CF  Mike Trout,Los Angeles Angels,mlb,H,Los_Angeles_Angels_at_San_Francisco_Giants,0.7,0.0,0.7,OVER,Targeting CF  Mike Trout OVER 0.0 H. Model projects 0.7 (0.70 edge). Recent trends and opponent weakness support this play.
CF  Mike Trout,Los Angeles Angels,mlb,BB,Los_Angeles_Angels_at_San_Francisco_Giants,0.7,0.0,0.7,OVER,"Marginal +EV opportunity: CF  Mike Trout is projected for 0.7 BB vs a line of 0.0, giving a OVER edge of 0.70. Based on recent form, opponent matchup, and game context."
2B  Vaughn Grissom,Los Angeles Angels,mlb,H,Los_Angeles_Angels_at_San_Francisco_Giants,0.7,0.0,0.7,OVER,Targeting 2B  Vaughn Grissom OVER 0.0 H. Model projects 0.7 (0.70 edge). Recent trends and opponent weakness support this play.
1B  Ty France,San Diego Padres,mlb,H,San_Diego_Padres_at_Miami_Marlins,0.7,0.0,0.7,OVER,1B  Ty France shows OVER value at 0.0 H. TC projection: 0.7 — edge: 0.70. Marginal conviction based on usage rate and defensive matchup.
3B  Javier Sanoja,Miami Marlins,mlb,H,San_Diego_Padres_at_Miami_Marlins,0.7,0.0,0.7,OVER,Targeting 3B  Javier Sanoja OVER 0.0 H. Model projects 0.7 (0.70 edge). Recent trends and opponent weakness support this play.
CF  Tristan Peters,Chicago White Sox,mlb,H,Houston_Astros_at_Chicago_White_Sox,0.69,0.0,0.69,OVER,Targeting CF  Tristan Peters OVER 0.0 H. Model projects 0.7 (0.69 edge). Recent trends and opponent weakness support this play.
DH  Masataka Yoshida,Boston Red Sox,mlb,H,Toronto_Blue_Jays_at_Boston_Red_Sox,0.69,0.0,0.69,OVER,"Marginal +EV opportunity: DH  Masataka Yoshida is projected for 0.7 H vs a line of 0.0, giving a OVER edge of 0.69. Based on recent form, opponent matchup, and game context."
2B  Michael Massey,Kansas City Royals,mlb,H,Kansas_City_Royals_at_Detroit_Tigers,0.68,0.0,0.68,OVER,2B  Michael Massey shows OVER value at 0.0 H. TC projection: 0.7 — edge: 0.68. Marginal conviction based on usage rate and defensive matchup.
DH  Salvador Perez,Kansas City Royals,mlb,H,Kansas_City_Royals_at_Detroit_Tigers,0.68,0.0,0.68,OVER,DH  Salvador Perez shows OVER value at 0.0 H. TC projection: 0.7 — edge: 0.68. Marginal conviction based on usage rate and defensive matchup.
3B  Caleb Durbin,Boston Red Sox,mlb,H,Toronto_Blue_Jays_at_Boston_Red_Sox,0.68,0.0,0.68,OVER,"Marginal +EV opportunity: 3B  Caleb Durbin is projected for 0.7 H vs a line of 0.0, giving a OVER edge of 0.68. Based on recent form, opponent matchup, and game context."
SS  José Caballero,New York Yankees,mlb,H,New_York_Yankees_at_Philadelphia_Phillies,0.67,0.0,0.67,OVER,SS  José Caballero shows OVER value at 0.0 H. TC projection: 0.7 — edge: 0.67. Marginal conviction based on usage rate and defensive matchup.
LF  Heriberto Hernández,Miami Marlins,mlb,H,San_Diego_Padres_at_Miami_Marlins,0.67,0.0,0.67,OVER,"Marginal +EV opportunity: LF  Heriberto Hernández is projected for 0.7 H vs a line of 0.0, giving a OVER edge of 0.67. Based on recent form, opponent matchup, and game context."
3B  Kazuma Okamoto,Toronto Blue Jays,mlb,H,Toronto_Blue_Jays_at_Boston_Red_Sox,0.67,0.0,0.67,OVER,Targeting 3B  Kazuma Okamoto OVER 0.0 H. Model projects 0.7 (0.67 edge). Recent trends and opponent weakness support this play.
2B  Marcus Semien,New York Mets,mlb,H,Los_Angeles_Dodgers_at_New_York_Mets,0.66,0.0,0.66,OVER,2B  Marcus Semien shows OVER value at 0.0 H. TC projection: 0.7 — edge: 0.66. Marginal conviction based on usage rate and defensive matchup.
2B  Jazz Chisholm Jr.,New York Yankees,mlb,H,New_York_Yankees_at_Philadelphia_Phillies,0.66,0.0,0.66,OVER,Targeting 2B  Jazz Chisholm Jr. OVER 0.0 H. Model projects 0.7 (0.66 edge). Recent trends and opponent weakness support this play.
CF  Justin Crawford,Philadelphia Phillies,mlb,H,New_York_Yankees_at_Philadelphia_Phillies,0.66,0.0,0.66,OVER,CF  Justin Crawford shows OVER value at 0.0 H. TC projection: 0.7 — edge: 0.66. Marginal conviction based on usage rate and defensive matchup.
CF  Daulton Varsho,Toronto Blue Jays,mlb,H,Toronto_Blue_Jays_at_Boston_Red_Sox,0.66,0.0,0.66,OVER,Targeting CF  Daulton Varsho OVER 0.0 H. Model projects 0.7 (0.66 edge). Recent trends and opponent weakness support this play.
LF  Yohendrick Piñango,Toronto Blue Jays,mlb,H,Toronto_Blue_Jays_at_Boston_Red_Sox,0.66,0.0,0.66,OVER,Targeting LF  Yohendrick Piñango OVER 0.0 H. Model projects 0.7 (0.66 edge). Recent trends and opponent weakness support this play.
1B  Munetaka Murakami,Chicago White Sox,mlb,R,Houston_Astros_at_Chicago_White_Sox,0.64,0.0,0.64,OVER,Targeting 1B  Munetaka Murakami OVER 0.0 R. Model projects 0.6 (0.64 edge). Recent trends and opponent weakness support this play.
LF  Isaac Collins,Kansas City Royals,mlb,H,Kansas_City_Royals_at_Detroit_Tigers,0.64,0.0,0.64,OVER,Targeting LF  Isaac Collins OVER 0.0 H. Model projects 0.6 (0.64 edge). Recent trends and opponent weakness support this play.
LF  Juan Soto,New York Mets,mlb,BB,Los_Angeles_Dodgers_at_New_York_Mets,0.64,0.0,0.64,OVER,"Marginal +EV opportunity: LF  Juan Soto is projected for 0.6 BB vs a line of 0.0, giving a OVER edge of 0.64. Based on recent form, opponent matchup, and game context."
CF  Luis Robert Jr.,New York Mets,mlb,H,Los_Angeles_Dodgers_at_New_York_Mets,0.64,0.0,0.64,OVER,CF  Luis Robert Jr. shows OVER value at 0.0 H. TC projection: 0.6 — edge: 0.64. Marginal conviction based on usage rate and defensive matchup.
CF  Trent Grisham,New York Yankees,mlb,H,New_York_Yankees_at_Philadelphia_Phillies,0.64,0.0,0.64,OVER,Targeting CF  Trent Grisham OVER 0.0 H. Model projects 0.6 (0.64 edge). Recent trends and opponent weakness support this play.
SS  Xander Bogaerts,San Diego Padres,mlb,H,San_Diego_Padres_at_Miami_Marlins,0.64,0.0,0.64,OVER,"Marginal +EV opportunity: SS  Xander Bogaerts is projected for 0.6 H vs a line of 0.0, giving a OVER edge of 0.64. Based on recent form, opponent matchup, and game context."
SS  J.P. Crawford,Seattle Mariners,mlb,H,Seattle_Mariners_at_Texas_Rangers,0.64,0.0,0.64,OVER,"Marginal +EV opportunity: SS  J.P. Crawford is projected for 0.6 H vs a line of 0.0, giving a OVER edge of 0.64. Based on recent form, opponent matchup, and game context."
LF  Jarren Duran,Boston Red Sox,mlb,H,Toronto_Blue_Jays_at_Boston_Red_Sox,0.64,0.0,0.64,OVER,"Marginal +EV opportunity: LF  Jarren Duran is projected for 0.6 H vs a line of 0.0, giving a OVER edge of 0.64. Based on recent form, opponent matchup, and game context."
2B  Hao-Yu Lee,Detroit Tigers,mlb,H,Kansas_City_Royals_at_Detroit_Tigers,0.63,0.0,0.63,OVER,Targeting 2B  Hao-Yu Lee OVER 0.0 H. Model projects 0.6 (0.63 edge). Recent trends and opponent weakness support this play.
C   Daniel Susac,San Francisco Giants,mlb,H,Los_Angeles_Angels_at_San_Francisco_Giants,0.63,0.0,0.63,OVER,C   Daniel Susac shows OVER value at 0.0 H. TC projection: 0.6 — edge: 0.63. Marginal conviction based on usage rate and defensive matchup.
C   J.T. Realmuto,Philadelphia Phillies,mlb,H,New_York_Yankees_at_Philadelphia_Phillies,0.63,0.0,0.63,OVER,"Marginal +EV opportunity: C   J.T. Realmuto is projected for 0.6 H vs a line of 0.0, giving a OVER edge of 0.63. Based on recent form, opponent matchup, and game context."
LF  Griffin Conine,Miami Marlins,mlb,H,San_Diego_Padres_at_Miami_Marlins,0.63,0.0,0.63,OVER,Targeting LF  Griffin Conine OVER 0.0 H. Model projects 0.6 (0.63 edge). Recent trends and opponent weakness support this play.
3B  Nick Loftin,Kansas City Royals,mlb,H,Kansas_City_Royals_at_Detroit_Tigers,0.62,0.0,0.62,OVER,"Marginal +EV opportunity: 3B  Nick Loftin is projected for 0.6 H vs a line of 0.0, giving a OVER edge of 0.62. Based on recent form, opponent matchup, and game context."
3B  Colt Keith,Detroit Tigers,mlb,H,Kansas_City_Royals_at_Detroit_Tigers,0.62,0.0,0.62,OVER,3B  Colt Keith shows OVER value at 0.0 H. TC projection: 0.6 — edge: 0.62. Marginal conviction based on usage rate and defensive matchup.
DH  Jorge Soler,Los Angeles Angels,mlb,H,Los_Angeles_Angels_at_San_Francisco_Giants,0.62,0.0,0.62,OVER,Targeting DH  Jorge Soler OVER 0.0 H. Model projects 0.6 (0.62 edge). Recent trends and opponent weakness support this play.
SS  Anthony Volpe,New York Yankees,mlb,H,New_York_Yankees_at_Philadelphia_Phillies,0.62,0.0,0.62,OVER,"Marginal +EV opportunity: SS  Anthony Volpe is projected for 0.6 H vs a line of 0.0, giving a OVER edge of 0.62. Based on recent form, opponent matchup, and game context."
C   Luis Campusano,San Diego Padres,mlb,H,San_Diego_Padres_at_Miami_Marlins,0.62,0.0,0.62,OVER,C   Luis Campusano shows OVER value at 0.0 H. TC projection: 0.6 — edge: 0.62. Marginal conviction based on usage rate and defensive matchup.
3B  Luis Rengifo,San Diego Padres,mlb,H,San_Diego_Padres_at_Miami_Marlins,0.62,0.0,0.62,OVER,"Marginal +EV opportunity: 3B  Luis Rengifo is projected for 0.6 H vs a line of 0.0, giving a OVER edge of 0.62. Based on recent form, opponent matchup, and game context."
3B  Manny Machado,San Diego Padres,mlb,H,San_Diego_Padres_at_Miami_Marlins,0.62,0.0,0.62,OVER,"Marginal +EV opportunity: 3B  Manny Machado is projected for 0.6 H vs a line of 0.0, giving a OVER edge of 0.62. Based on recent form, opponent matchup, and game context."
C   Joe Mack,Miami Marlins,mlb,H,San_Diego_Padres_at_Miami_Marlins,0.62,0.0,0.62,OVER,Targeting C   Joe Mack OVER 0.0 H. Model projects 0.6 (0.62 edge). Recent trends and opponent weakness support this play.
SS  Tsung-Che Cheng,Boston Red Sox,mlb,H,Toronto_Blue_Jays_at_Boston_Red_Sox,0.62,0.0,0.62,OVER,SS  Tsung-Che Cheng shows OVER value at 0.0 H. TC projection: 0.6 — edge: 0.62. Marginal conviction based on usage rate and defensive matchup.
C   Dillon Dingler,Detroit Tigers,mlb,RBI,Kansas_City_Royals_at_Detroit_Tigers,0.61,0.0,0.61,OVER,"Marginal +EV opportunity: C   Dillon Dingler is projected for 0.6 RBI vs a line of 0.0, giving a OVER edge of 0.61. Based on recent form, opponent matchup, and game context."
1B  Spencer Torkelson,Detroit Tigers,mlb,H,Kansas_City_Royals_at_Detroit_Tigers,0.61,0.0,0.61,OVER,Targeting 1B  Spencer Torkelson OVER 0.0 H. Model projects 0.6 (0.61 edge). Recent trends and opponent weakness support this play.
2B  Oswald Peraza,Los Angeles Angels,mlb,H,Los_Angeles_Angels_at_San_Francisco_Giants,0.61,0.0,0.61,OVER,Targeting 2B  Oswald Peraza OVER 0.0 H. Model projects 0.6 (0.61 edge). Recent trends and opponent weakness support this play.
3B  Brett Baty,New York Mets,mlb,H,Los_Angeles_Dodgers_at_New_York_Mets,0.61,0.0,0.61,OVER,"Marginal +EV opportunity: 3B  Brett Baty is projected for 0.6 H vs a line of 0.0, giving a OVER edge of 0.61. Based on recent form, opponent matchup, and game context."
1B  Ben Rice,New York Yankees,mlb,RBI,New_York_Yankees_at_Philadelphia_Phillies,0.61,0.0,0.61,OVER,1B  Ben Rice shows OVER value at 0.0 RBI. TC projection: 0.6 — edge: 0.61. Marginal conviction based on usage rate and defensive matchup.
LF  Alejandro Osuna,Texas Rangers,mlb,H,Seattle_Mariners_at_Texas_Rangers,0.61,0.0,0.61,OVER,Targeting LF  Alejandro Osuna OVER 0.0 H. Model projects 0.6 (0.61 edge). Recent trends and opponent weakness support this play.
DH  Joc Pederson,Texas Rangers,mlb,H,Seattle_Mariners_at_Texas_Rangers,0.61,0.0,0.61,OVER,"Marginal +EV opportunity: DH  Joc Pederson is projected for 0.6 H vs a line of 0.0, giving a OVER edge of 0.61. Based on recent form, opponent matchup, and game context."
C   Connor Wong,Boston Red Sox,mlb,H,Toronto_Blue_Jays_at_Boston_Red_Sox,0.61,0.0,0.61,OVER,"Marginal +EV opportunity: C   Connor Wong is projected for 0.6 H vs a line of 0.0, giving a OVER edge of 0.61. Based on recent form, opponent matchup, and game context."
1B  Willson Contreras,Boston Red Sox,mlb,RBI,Toronto_Blue_Jays_at_Boston_Red_Sox,0.61,0.0,0.61,OVER,1B  Willson Contreras shows OVER value at 0.0 RBI. TC projection: 0.6 — edge: 0.61. Marginal conviction based on usage rate and defensive matchup.
C   Jesus Rodriguez,San Francisco Giants,mlb,H,Los_Angeles_Angels_at_San_Francisco_Giants,0.6,0.0,0.6,OVER,C   Jesus Rodriguez shows OVER value at 0.0 H. TC projection: 0.6 — edge: 0.60. Marginal conviction based on usage rate and defensive matchup.
C   Dalton Rushing,Los Angeles Dodgers,mlb,H,Los_Angeles_Dodgers_at_New_York_Mets,0.6,0.0,0.6,OVER,C   Dalton Rushing shows OVER value at 0.0 H. TC projection: 0.6 — edge: 0.60. Marginal conviction based on usage rate and defensive matchup.
SS  Trea Turner,Philadelphia Phillies,mlb,R,New_York_Yankees_at_Philadelphia_Phillies,0.6,0.0,0.6,OVER,Targeting SS  Trea Turner OVER 0.0 R. Model projects 0.6 (0.60 edge). Recent trends and opponent weakness support this play.
DH  Dominic Canzone,Seattle Mariners,mlb,H,Seattle_Mariners_at_Texas_Rangers,0.6,0.0,0.6,OVER,DH  Dominic Canzone shows OVER value at 0.0 H. TC projection: 0.6 — edge: 0.60. Marginal conviction based on usage rate and defensive matchup.
C   Alejandro Kirk,Toronto Blue Jays,mlb,H,Toronto_Blue_Jays_at_Boston_Red_Sox,0.6,0.0,0.6,OVER,Targeting C   Alejandro Kirk OVER 0.0 H. Model projects 0.6 (0.60 edge). Recent trends and opponent weakness support this play.
3B  Miguel Vargas,Chicago White Sox,mlb,R,Houston_Astros_at_Chicago_White_Sox,0.59,0.0,0.59,OVER,3B  Miguel Vargas shows OVER value at 0.0 R. TC projection: 0.6 — edge: 0.59. Marginal conviction based on usage rate and defensive matchup.
CF  Mike Trout,Los Angeles Angels,mlb,R,Los_Angeles_Angels_at_San_Francisco_Giants,0.59,0.0,0.59,OVER,CF  Mike Trout shows OVER value at 0.0 R. TC projection: 0.6 — edge: 0.59. Marginal conviction based on usage rate and defensive matchup.
1B  Jared Young,New York Mets,mlb,H,Los_Angeles_Dodgers_at_New_York_Mets,0.59,0.0,0.59,OVER,1B  Jared Young shows OVER value at 0.0 H. TC projection: 0.6 — edge: 0.59. Marginal conviction based on usage rate and defensive matchup.
RF  Starling Marte,Kansas City Royals,mlb,H,Kansas_City_Royals_at_Detroit_Tigers,0.58,0.0,0.58,OVER,RF  Starling Marte shows OVER value at 0.0 H. TC projection: 0.6 — edge: 0.58. Marginal conviction based on usage rate and defensive matchup.
2B  Gleyber Torres,Detroit Tigers,mlb,BB,Kansas_City_Royals_at_Detroit_Tigers,0.58,0.0,0.58,OVER,"Marginal +EV opportunity: 2B  Gleyber Torres is projected for 0.6 BB vs a line of 0.0, giving a OVER edge of 0.58. Based on recent form, opponent matchup, and game context."
CF  Jakob Marsee,Miami Marlins,mlb,H,San_Diego_Padres_at_Miami_Marlins,0.58,0.0,0.58,OVER,Targeting CF  Jakob Marsee OVER 0.0 H. Model projects 0.6 (0.58 edge). Recent trends and opponent weakness support this play.
SS  Andrés Giménez,Toronto Blue Jays,mlb,H,Toronto_Blue_Jays_at_Boston_Red_Sox,0.58,0.0,0.58,OVER,"Marginal +EV opportunity: SS  Andrés Giménez is projected for 0.6 H vs a line of 0.0, giving a OVER edge of 0.58. Based on recent form, opponent matchup, and game context."
SS  Andruw Monasterio,Boston Red Sox,mlb,H,Toronto_Blue_Jays_at_Boston_Red_Sox,0.58,0.0,0.58,OVER,SS  Andruw Monasterio shows OVER value at 0.0 H. TC projection: 0.6 — edge: 0.58. Marginal conviction based on usage rate and defensive matchup.
DH  Romy Gonzalez,Boston Red Sox,mlb,H,Toronto_Blue_Jays_at_Boston_Red_Sox,0.58,0.0,0.58,OVER,"Marginal +EV opportunity: DH  Romy Gonzalez is projected for 0.6 H vs a line of 0.0, giving a OVER edge of 0.58. Based on recent form, opponent matchup, and game context."
CF  Lane Thomas,Kansas City Royals,mlb,H,Kansas_City_Royals_at_Detroit_Tigers,0.57,0.0,0.57,OVER,Targeting CF  Lane Thomas OVER 0.0 H. Model projects 0.6 (0.57 edge). Recent trends and opponent weakness support this play.
SS  Zach Neto,Los Angeles Angels,mlb,R,Los_Angeles_Angels_at_San_Francisco_Giants,0.57,0.0,0.57,OVER,SS  Zach Neto shows OVER value at 0.0 R. TC projection: 0.6 — edge: 0.57. Marginal conviction based on usage rate and defensive matchup.
1B  Ben Rice,New York Yankees,mlb,R,New_York_Yankees_at_Philadelphia_Phillies,0.57,0.0,0.57,OVER,1B  Ben Rice shows OVER value at 0.0 R. TC projection: 0.6 — edge: 0.57. Marginal conviction based on usage rate and defensive matchup.
C   Liam Hicks,Miami Marlins,mlb,RBI,San_Diego_Padres_at_Miami_Marlins,0.57,0.0,0.57,OVER,"Marginal +EV opportunity: C   Liam Hicks is projected for 0.6 RBI vs a line of 0.0, giving a OVER edge of 0.57. Based on recent form, opponent matchup, and game context."
LF  Sam Antonacci,Chicago White Sox,mlb,R,Houston_Astros_at_Chicago_White_Sox,0.56,0.0,0.56,OVER,"Marginal +EV opportunity: LF  Sam Antonacci is projected for 0.6 R vs a line of 0.0, giving a OVER edge of 0.56. Based on recent form, opponent matchup, and game context."
CF  Andy Pages,Los Angeles Dodgers,mlb,RBI,Los_Angeles_Dodgers_at_New_York_Mets,0.56,0.0,0.56,OVER,"Marginal +EV opportunity: CF  Andy Pages is projected for 0.6 RBI vs a line of 0.0, giving a OVER edge of 0.56. Based on recent form, opponent matchup, and game context."
TWP Shohei Ohtani,Los Angeles Dodgers,mlb,R,Los_Angeles_Dodgers_at_New_York_Mets,0.56,0.0,0.56,OVER,Targeting TWP Shohei Ohtani OVER 0.0 R. Model projects 0.6 (0.56 edge). Recent trends and opponent weakness support this play.
1B  Gavin Sheets,San Diego Padres,mlb,H,San_Diego_Padres_at_Miami_Marlins,0.56,0.0,0.56,OVER,"Marginal +EV opportunity: 1B  Gavin Sheets is projected for 0.6 H vs a line of 0.0, giving a OVER edge of 0.56. Based on recent form, opponent matchup, and game context."
C   Brandon Valenzuela,Toronto Blue Jays,mlb,H,Toronto_Blue_Jays_at_Boston_Red_Sox,0.56,0.0,0.56,OVER,"Marginal +EV opportunity: C   Brandon Valenzuela is projected for 0.6 H vs a line of 0.0, giving a OVER edge of 0.56. Based on recent form, opponent matchup, and game context."
1B  Munetaka Murakami,Chicago White Sox,mlb,RBI,Houston_Astros_at_Chicago_White_Sox,0.55,0.0,0.55,OVER,Targeting 1B  Munetaka Murakami OVER 0.0 RBI. Model projects 0.6 (0.55 edge). Recent trends and opponent weakness support this play.
SS  Kevin McGonigle,Detroit Tigers,mlb,BB,Kansas_City_Royals_at_Detroit_Tigers,0.55,0.0,0.55,OVER,Targeting SS  Kevin McGonigle OVER 0.0 BB. Model projects 0.6 (0.55 edge). Recent trends and opponent weakness support this play.
DH  Jorge Polanco,New York Mets,mlb,H,Los_Angeles_Dodgers_at_New_York_Mets,0.55,0.0,0.55,OVER,"Marginal +EV opportunity: DH  Jorge Polanco is projected for 0.6 H vs a line of 0.0, giving a OVER edge of 0.55. Based on recent form, opponent matchup, and game context."
RF  Luke Raley,Seattle Mariners,mlb,H,Seattle_Mariners_at_Texas_Rangers,0.55,0.0,0.55,OVER,RF  Luke Raley shows OVER value at 0.0 H. TC projection: 0.6 — edge: 0.55. Marginal conviction based on usage rate and defensive matchup.
LF  Randy Arozarena,Seattle Mariners,mlb,R,Seattle_Mariners_at_Texas_Rangers,0.55,0.0,0.55,OVER,LF  Randy Arozarena shows OVER value at 0.0 R. TC projection: 0.6 — edge: 0.55. Marginal conviction based on usage rate and defensive matchup.
2B  Justin Foscue,Texas Rangers,mlb,H,Seattle_Mariners_at_Texas_Rangers,0.55,0.0,0.55,OVER,2B  Justin Foscue shows OVER value at 0.0 H. TC projection: 0.6 — edge: 0.55. Marginal conviction based on usage rate and defensive matchup.
3B  Josh Rojas,Kansas City Royals,mlb,H,Kansas_City_Royals_at_Detroit_Tigers,0.54,0.0,0.54,OVER,Targeting 3B  Josh Rojas OVER 0.0 H. Model projects 0.5 (0.54 edge). Recent trends and opponent weakness support this play.
C   Logan O'Hoppe,Los Angeles Angels,mlb,H,Los_Angeles_Angels_at_San_Francisco_Giants,0.54,0.0,0.54,OVER,"Marginal +EV opportunity: C   Logan O'Hoppe is projected for 0.5 H vs a line of 0.0, giving a OVER edge of 0.54. Based on recent form, opponent matchup, and game context."
LF  Juan Soto,New York Mets,mlb,RBI,Los_Angeles_Dodgers_at_New_York_Mets,0.54,0.0,0.54,OVER,Targeting LF  Juan Soto OVER 0.0 RBI. Model projects 0.5 (0.54 edge). Recent trends and opponent weakness support this play.
C   Luis Torrens,New York Mets,mlb,H,Los_Angeles_Dodgers_at_New_York_Mets,0.54,0.0,0.54,OVER,C   Luis Torrens shows OVER value at 0.0 H. TC projection: 0.5 — edge: 0.54. Marginal conviction based on usage rate and defensive matchup.
DH  Kyle Schwarber,Philadelphia Phillies,mlb,BB,New_York_Yankees_at_Philadelphia_Phillies,0.54,0.0,0.54,OVER,Targeting DH  Kyle Schwarber OVER 0.0 BB. Model projects 0.5 (0.54 edge). Recent trends and opponent weakness support this play.
2B  Jake Cronenworth,San Diego Padres,mlb,H,San_Diego_Padres_at_Miami_Marlins,0.54,0.0,0.54,OVER,"Marginal +EV opportunity: 2B  Jake Cronenworth is projected for 0.5 H vs a line of 0.0, giving a OVER edge of 0.54. Based on recent form, opponent matchup, and game context."
SS  Otto Lopez,Miami Marlins,mlb,R,San_Diego_Padres_at_Miami_Marlins,0.54,0.0,0.54,OVER,Targeting SS  Otto Lopez OVER 0.0 R. Model projects 0.5 (0.54 edge). Recent trends and opponent weakness support this play.
C   Elias Díaz,Texas Rangers,mlb,H,Seattle_Mariners_at_Texas_Rangers,0.54,0.0,0.54,OVER,C   Elias Díaz shows OVER value at 0.0 H. TC projection: 0.5 — edge: 0.54. Marginal conviction based on usage rate and defensive matchup.
1B  Jake Burger,Texas Rangers,mlb,RBI,Seattle_Mariners_at_Texas_Rangers,0.54,0.0,0.54,OVER,"Marginal +EV opportunity: 1B  Jake Burger is projected for 0.5 RBI vs a line of 0.0, giving a OVER edge of 0.54. Based on recent form, opponent matchup, and game context."
LF  Wyatt Langford,Texas Rangers,mlb,R,Seattle_Mariners_at_Texas_Rangers,0.54,0.0,0.54,OVER,"Marginal +EV opportunity: LF  Wyatt Langford is projected for 0.5 R vs a line of 0.0, giving a OVER edge of 0.54. Based on recent form, opponent matchup, and game context."
3B  Miguel Vargas,Chicago White Sox,mlb,RBI,Houston_Astros_at_Chicago_White_Sox,0.53,0.0,0.53,OVER,Targeting 3B  Miguel Vargas OVER 0.0 RBI. Model projects 0.5 (0.53 edge). Recent trends and opponent weakness support this play.
SS  Kevin McGonigle,Detroit Tigers,mlb,R,Kansas_City_Royals_at_Detroit_Tigers,0.53,0.0,0.53,OVER,SS  Kevin McGonigle shows OVER value at 0.0 R. TC projection: 0.5 — edge: 0.53. Marginal conviction based on usage rate and defensive matchup.
2B  Alex Freeland,Los Angeles Dodgers,mlb,H,Los_Angeles_Dodgers_at_New_York_Mets,0.53,0.0,0.53,OVER,Targeting 2B  Alex Freeland OVER 0.0 H. Model projects 0.5 (0.53 edge). Recent trends and opponent weakness support this play.
TWP Shohei Ohtani,Los Angeles Dodgers,mlb,BB,Los_Angeles_Dodgers_at_New_York_Mets,0.53,0.0,0.53,OVER,"Marginal +EV opportunity: TWP Shohei Ohtani is projected for 0.5 BB vs a line of 0.0, giving a OVER edge of 0.53. Based on recent form, opponent matchup, and game context."
1B  Bryce Harper,Philadelphia Phillies,mlb,BB,New_York_Yankees_at_Philadelphia_Phillies,0.53,0.0,0.53,OVER,1B  Bryce Harper shows OVER value at 0.0 BB. TC projection: 0.5 — edge: 0.53. Marginal conviction based on usage rate and defensive matchup.
2B  Edmundo Sosa,Philadelphia Phillies,mlb,H,New_York_Yankees_at_Philadelphia_Phillies,0.53,0.0,0.53,OVER,2B  Edmundo Sosa shows OVER value at 0.0 H. TC projection: 0.5 — edge: 0.53. Marginal conviction based on usage rate and defensive matchup.
DH  Kyle Schwarber,Philadelphia Phillies,mlb,R,New_York_Yankees_at_Philadelphia_Phillies,0.53,0.0,0.53,OVER,"Marginal +EV opportunity: DH  Kyle Schwarber is projected for 0.5 R vs a line of 0.0, giving a OVER edge of 0.53. Based on recent form, opponent matchup, and game context."
DH  Kyle Schwarber,Philadelphia Phillies,mlb,RBI,New_York_Yankees_at_Philadelphia_Phillies,0.53,0.0,0.53,OVER,"Marginal +EV opportunity: DH  Kyle Schwarber is projected for 0.5 RBI vs a line of 0.0, giving a OVER edge of 0.53. Based on recent form, opponent matchup, and game context."
RF  Kerry Carpenter,Detroit Tigers,mlb,H,Kansas_City_Royals_at_Detroit_Tigers,0.52,0.0,0.52,OVER,Targeting RF  Kerry Carpenter OVER 0.0 H. Model projects 0.5 (0.52 edge). Recent trends and opponent weakness support this play.
CF  Matt Vierling,Detroit Tigers,mlb,H,Kansas_City_Royals_at_Detroit_Tigers,0.52,0.0,0.52,OVER,Targeting CF  Matt Vierling OVER 0.0 H. Model projects 0.5 (0.52 edge). Recent trends and opponent weakness support this play.
2B  Zach McKinstry,Detroit Tigers,mlb,H,Kansas_City_Royals_at_Detroit_Tigers,0.52,0.0,0.52,OVER,Targeting 2B  Zach McKinstry OVER 0.0 H. Model projects 0.5 (0.52 edge). Recent trends and opponent weakness support this play.
3B  Amed Rosario,New York Yankees,mlb,H,New_York_Yankees_at_Philadelphia_Phillies,0.52,0.0,0.52,OVER,3B  Amed Rosario shows OVER value at 0.0 H. TC projection: 0.5 — edge: 0.52. Marginal conviction based on usage rate and defensive matchup.
CF  Cam Cauley,Texas Rangers,mlb,H,Seattle_Mariners_at_Texas_Rangers,0.52,0.0,0.52,OVER,Targeting CF  Cam Cauley OVER 0.0 H. Model projects 0.5 (0.52 edge). Recent trends and opponent weakness support this play.
3B  Kazuma Okamoto,Toronto Blue Jays,mlb,RBI,Toronto_Blue_Jays_at_Boston_Red_Sox,0.52,0.0,0.52,OVER,"Marginal +EV opportunity: 3B  Kazuma Okamoto is projected for 0.5 RBI vs a line of 0.0, giving a OVER edge of 0.52. Based on recent form, opponent matchup, and game context."
SS  Colson Montgomery,Chicago White Sox,mlb,RBI,Houston_Astros_at_Chicago_White_Sox,0.51,0.0,0.51,OVER,SS  Colson Montgomery shows OVER value at 0.0 RBI. TC projection: 0.5 — edge: 0.51. Marginal conviction based on usage rate and defensive matchup.
2B  Gleyber Torres,Detroit Tigers,mlb,R,Kansas_City_Royals_at_Detroit_Tigers,0.51,0.0,0.51,OVER,"Marginal +EV opportunity: 2B  Gleyber Torres is projected for 0.5 R vs a line of 0.0, giving a OVER edge of 0.51. Based on recent form, opponent matchup, and game context."
2B  Vaughn Grissom,Los Angeles Angels,mlb,RBI,Los_Angeles_Angels_at_San_Francisco_Giants,0.51,0.0,0.51,OVER,2B  Vaughn Grissom shows OVER value at 0.0 RBI. TC projection: 0.5 — edge: 0.51. Marginal conviction based on usage rate and defensive matchup.
CF  Drew Gilbert,San Francisco Giants,mlb,H,Los_Angeles_Angels_at_San_Francisco_Giants,0.51,0.0,0.51,OVER,Targeting CF  Drew Gilbert OVER 0.0 H. Model projects 0.5 (0.51 edge). Recent trends and opponent weakness support this play.
3B  Max Muncy,Los Angeles Dodgers,mlb,R,Los_Angeles_Dodgers_at_New_York_Mets,0.51,0.0,0.51,OVER,3B  Max Muncy shows OVER value at 0.0 R. TC projection: 0.5 — edge: 0.51. Marginal conviction based on usage rate and defensive matchup.
SS  Miguel Rojas,Los Angeles Dodgers,mlb,H,Los_Angeles_Dodgers_at_New_York_Mets,0.51,0.0,0.51,OVER,"Marginal +EV opportunity: SS  Miguel Rojas is projected for 0.5 H vs a line of 0.0, giving a OVER edge of 0.51. Based on recent form, opponent matchup, and game context."
TWP Shohei Ohtani,Los Angeles Dodgers,mlb,RBI,Los_Angeles_Dodgers_at_New_York_Mets,0.51,0.0,0.51,OVER,TWP Shohei Ohtani shows OVER value at 0.0 RBI. TC projection: 0.5 — edge: 0.51. Marginal conviction based on usage rate and defensive matchup.
LF  Tommy Edman,Los Angeles Dodgers,mlb,RBI,Los_Angeles_Dodgers_at_New_York_Mets,0.51,0.0,0.51,OVER,Targeting LF  Tommy Edman OVER 0.0 RBI. Model projects 0.5 (0.51 edge). Recent trends and opponent weakness support this play.
CF  Trent Grisham,New York Yankees,mlb,R,New_York_Yankees_at_Philadelphia_Phillies,0.51,0.0,0.51,OVER,CF  Trent Grisham shows OVER value at 0.0 R. TC projection: 0.5 — edge: 0.51. Marginal conviction based on usage rate and defensive matchup.
1B  Bryce Harper,Philadelphia Phillies,mlb,R,New_York_Yankees_at_Philadelphia_Phillies,0.51,0.0,0.51,OVER,1B  Bryce Harper shows OVER value at 0.0 R. TC projection: 0.5 — edge: 0.51. Marginal conviction based on usage rate and defensive matchup.
1B  Bryce Harper,Philadelphia Phillies,mlb,RBI,New_York_Yankees_at_Philadelphia_Phillies,0.51,0.0,0.51,OVER,1B  Bryce Harper shows OVER value at 0.0 RBI. TC projection: 0.5 — edge: 0.51. Marginal conviction based on usage rate and defensive matchup.
SS  Colt Emerson,Seattle Mariners,mlb,H,Seattle_Mariners_at_Texas_Rangers,0.51,0.0,0.51,OVER,SS  Colt Emerson shows OVER value at 0.0 H. TC projection: 0.5 — edge: 0.51. Marginal conviction based on usage rate and defensive matchup.
SS  J.P. Crawford,Seattle Mariners,mlb,BB,Seattle_Mariners_at_Texas_Rangers,0.51,0.0,0.51,OVER,"Marginal +EV opportunity: SS  J.P. Crawford is projected for 0.5 BB vs a line of 0.0, giving a OVER edge of 0.51. Based on recent form, opponent matchup, and game context."
C   Dillon Dingler,Detroit Tigers,mlb,R,Kansas_City_Royals_at_Detroit_Tigers,0.5,0.0,0.5,OVER,"Marginal +EV opportunity: C   Dillon Dingler is projected for 0.5 R vs a line of 0.0, giving a OVER edge of 0.50. Based on recent form, opponent matchup, and game context."
SS  Mookie Betts,Los Angeles Dodgers,mlb,R,Los_Angeles_Dodgers_at_New_York_Mets,0.5,0.0,0.5,OVER,Targeting SS  Mookie Betts OVER 0.0 R. Model projects 0.5 (0.50 edge). Recent trends and opponent weakness support this play.
C   Liam Hicks,Miami Marlins,mlb,R,San_Diego_Padres_at_Miami_Marlins,0.5,0.0,0.5,OVER,"Marginal +EV opportunity: C   Liam Hicks is projected for 0.5 R vs a line of 0.0, giving a OVER edge of 0.50. Based on recent form, opponent matchup, and game context."
C   Cal Raleigh,Seattle Mariners,mlb,H,Seattle_Mariners_at_Texas_Rangers,0.5,0.0,0.5,OVER,"Marginal +EV opportunity: C   Cal Raleigh is projected for 0.5 H vs a line of 0.0, giving a OVER edge of 0.50. Based on recent form, opponent matchup, and game context."
C   Carlos Narváez,Boston Red Sox,mlb,H,Toronto_Blue_Jays_at_Boston_Red_Sox,0.5,0.0,0.5,OVER,C   Carlos Narváez shows OVER value at 0.0 H. TC projection: 0.5 — edge: 0.50. Marginal conviction based on usage rate and defensive matchup.
3B  Miguel Vargas,Chicago White Sox,mlb,BB,Houston_Astros_at_Chicago_White_Sox,0.49,0.0,0.49,OVER,3B  Miguel Vargas shows OVER value at 0.0 BB. TC projection: 0.5 — edge: 0.49. Marginal conviction based on usage rate and defensive matchup.
LF  Josh Lowe,Los Angeles Angels,mlb,H,Los_Angeles_Angels_at_San_Francisco_Giants,0.49,0.0,0.49,OVER,Targeting LF  Josh Lowe OVER 0.0 H. Model projects 0.5 (0.49 edge). Recent trends and opponent weakness support this play.
C   Drew Cavanaugh,San Francisco Giants,mlb,H,Los_Angeles_Angels_at_San_Francisco_Giants,0.49,0.0,0.49,OVER,Targeting C   Drew Cavanaugh OVER 0.0 H. Model projects 0.5 (0.49 edge). Recent trends and opponent weakness support this play.
CF  Andy Pages,Los Angeles Dodgers,mlb,R,Los_Angeles_Dodgers_at_New_York_Mets,0.49,0.0,0.49,OVER,CF  Andy Pages shows OVER value at 0.0 R. TC projection: 0.5 — edge: 0.49. Marginal conviction based on usage rate and defensive matchup.
LF  Teoscar Hernández,Los Angeles Dodgers,mlb,R,Los_Angeles_Dodgers_at_New_York_Mets,0.49,0.0,0.49,OVER,Targeting LF  Teoscar Hernández OVER 0.0 R. Model projects 0.5 (0.49 edge). Recent trends and opponent weakness support this play.
3B  Manny Machado,San Diego Padres,mlb,RBI,San_Diego_Padres_at_Miami_Marlins,0.49,0.0,0.49,OVER,3B  Manny Machado shows OVER value at 0.0 RBI. TC projection: 0.5 — edge: 0.49. Marginal conviction based on usage rate and defensive matchup.
LF  Tommy Edman,Los Angeles Dodgers,mlb,R,Los_Angeles_Dodgers_at_New_York_Mets,0.48,0.0,0.48,OVER,"Marginal +EV opportunity: LF  Tommy Edman is projected for 0.5 R vs a line of 0.0, giving a OVER edge of 0.48. Based on recent form, opponent matchup, and game context."
LF  Juan Soto,New York Mets,mlb,R,Los_Angeles_Dodgers_at_New_York_Mets,0.48,0.0,0.48,OVER,"Marginal +EV opportunity: LF  Juan Soto is projected for 0.5 R vs a line of 0.0, giving a OVER edge of 0.48. Based on recent form, opponent matchup, and game context."
1B  Paul Goldschmidt,New York Yankees,mlb,RBI,New_York_Yankees_at_Philadelphia_Phillies,0.48,0.0,0.48,OVER,1B  Paul Goldschmidt shows OVER value at 0.0 RBI. TC projection: 0.5 — edge: 0.48. Marginal conviction based on usage rate and defensive matchup.
3B  Ryan McMahon,New York Yankees,mlb,H,New_York_Yankees_at_Philadelphia_Phillies,0.48,0.0,0.48,OVER,3B  Ryan McMahon shows OVER value at 0.0 H. TC projection: 0.5 — edge: 0.48. Marginal conviction based on usage rate and defensive matchup.
LF  Brandon Marsh,Philadelphia Phillies,mlb,R,New_York_Yankees_at_Philadelphia_Phillies,0.48,0.0,0.48,OVER,"Marginal +EV opportunity: LF  Brandon Marsh is projected for 0.5 R vs a line of 0.0, giving a OVER edge of 0.48. Based on recent form, opponent matchup, and game context."
LF  Kyle Stowers,Miami Marlins,mlb,RBI,San_Diego_Padres_at_Miami_Marlins,0.48,0.0,0.48,OVER,Targeting LF  Kyle Stowers OVER 0.0 RBI. Model projects 0.5 (0.48 edge). Recent trends and opponent weakness support this play.
SS  Ezequiel Duran,Texas Rangers,mlb,RBI,Seattle_Mariners_at_Texas_Rangers,0.48,0.0,0.48,OVER,SS  Ezequiel Duran shows OVER value at 0.0 RBI. TC projection: 0.5 — edge: 0.48. Marginal conviction based on usage rate and defensive matchup.
LF  Jarren Duran,Boston Red Sox,mlb,RBI,Toronto_Blue_Jays_at_Boston_Red_Sox,0.48,0.0,0.48,OVER,"Marginal +EV opportunity: LF  Jarren Duran is projected for 0.5 RBI vs a line of 0.0, giving a OVER edge of 0.48. Based on recent form, opponent matchup, and game context."
1B  Willson Contreras,Boston Red Sox,mlb,R,Toronto_Blue_Jays_at_Boston_Red_Sox,0.48,0.0,0.48,OVER,1B  Willson Contreras shows OVER value at 0.0 R. TC projection: 0.5 — edge: 0.48. Marginal conviction based on usage rate and defensive matchup.
DH  Randal Grichuk,Chicago White Sox,mlb,H,Houston_Astros_at_Chicago_White_Sox,0.47,0.0,0.47,OVER,DH  Randal Grichuk shows OVER value at 0.0 H. TC projection: 0.5 — edge: 0.47. Marginal conviction based on usage rate and defensive matchup.
RF  Jo Adell,Los Angeles Angels,mlb,RBI,Los_Angeles_Angels_at_San_Francisco_Giants,0.47,0.0,0.47,OVER,Targeting RF  Jo Adell OVER 0.0 RBI. Model projects 0.5 (0.47 edge). Recent trends and opponent weakness support this play.
DH  Jorge Soler,Los Angeles Angels,mlb,RBI,Los_Angeles_Angels_at_San_Francisco_Giants,0.47,0.0,0.47,OVER,DH  Jorge Soler shows OVER value at 0.0 RBI. TC projection: 0.5 — edge: 0.47. Marginal conviction based on usage rate and defensive matchup.
LF  Casey Schmitt,San Francisco Giants,mlb,RBI,Los_Angeles_Angels_at_San_Francisco_Giants,0.47,0.0,0.47,OVER,LF  Casey Schmitt shows OVER value at 0.0 RBI. TC projection: 0.5 — edge: 0.47. Marginal conviction based on usage rate and defensive matchup.
RF  Kyle Tucker,Los Angeles Dodgers,mlb,R,Los_Angeles_Dodgers_at_New_York_Mets,0.47,0.0,0.47,OVER,Targeting RF  Kyle Tucker OVER 0.0 R. Model projects 0.5 (0.47 edge). Recent trends and opponent weakness support this play.
3B  Alec Bohm,Philadelphia Phillies,mlb,RBI,New_York_Yankees_at_Philadelphia_Phillies,0.47,0.0,0.47,OVER,Targeting 3B  Alec Bohm OVER 0.0 RBI. Model projects 0.5 (0.47 edge). Recent trends and opponent weakness support this play.
1B  Ty France,San Diego Padres,mlb,RBI,San_Diego_Padres_at_Miami_Marlins,0.47,0.0,0.47,OVER,1B  Ty France shows OVER value at 0.0 RBI. TC projection: 0.5 — edge: 0.47. Marginal conviction based on usage rate and defensive matchup.
3B  Leo Jiménez,Miami Marlins,mlb,H,San_Diego_Padres_at_Miami_Marlins,0.47,0.0,0.47,OVER,3B  Leo Jiménez shows OVER value at 0.0 H. TC projection: 0.5 — edge: 0.47. Marginal conviction based on usage rate and defensive matchup.
RF  Victor Robles,Seattle Mariners,mlb,H,Seattle_Mariners_at_Texas_Rangers,0.47,0.0,0.47,OVER,"Marginal +EV opportunity: RF  Victor Robles is projected for 0.5 H vs a line of 0.0, giving a OVER edge of 0.47. Based on recent form, opponent matchup, and game context."
CF  Evan Carter,Texas Rangers,mlb,H,Seattle_Mariners_at_Texas_Rangers,0.47,0.0,0.47,OVER,Targeting CF  Evan Carter OVER 0.0 H. Model projects 0.5 (0.47 edge). Recent trends and opponent weakness support this play.
LF  Wyatt Langford,Texas Rangers,mlb,RBI,Seattle_Mariners_at_Texas_Rangers,0.47,0.0,0.47,OVER,Targeting LF  Wyatt Langford OVER 0.0 RBI. Model projects 0.5 (0.47 edge). Recent trends and opponent weakness support this play.
SS  Luisangel Acuña,Chicago White Sox,mlb,H,Houston_Astros_at_Chicago_White_Sox,0.46,0.0,0.46,OVER,"Marginal +EV opportunity: SS  Luisangel Acuña is projected for 0.5 H vs a line of 0.0, giving a OVER edge of 0.46. Based on recent form, opponent matchup, and game context."
RF  Ben Malgeri,Detroit Tigers,mlb,H,Kansas_City_Royals_at_Detroit_Tigers,0.46,0.0,0.46,OVER,"Marginal +EV opportunity: RF  Ben Malgeri is projected for 0.5 H vs a line of 0.0, giving a OVER edge of 0.46. Based on recent form, opponent matchup, and game context."
RF  Jung Hoo Lee,San Francisco Giants,mlb,R,Los_Angeles_Angels_at_San_Francisco_Giants,0.46,0.0,0.46,OVER,"Marginal +EV opportunity: RF  Jung Hoo Lee is projected for 0.5 R vs a line of 0.0, giving a OVER edge of 0.46. Based on recent form, opponent matchup, and game context."
RF  Carson Benge,New York Mets,mlb,R,Los_Angeles_Dodgers_at_New_York_Mets,0.46,0.0,0.46,OVER,Targeting RF  Carson Benge OVER 0.0 R. Model projects 0.5 (0.46 edge). Recent trends and opponent weakness support this play.
CF  Trent Grisham,New York Yankees,mlb,BB,New_York_Yankees_at_Philadelphia_Phillies,0.46,0.0,0.46,OVER,"Marginal +EV opportunity: CF  Trent Grisham is projected for 0.5 BB vs a line of 0.0, giving a OVER edge of 0.46. Based on recent form, opponent matchup, and game context."
CF  Cam Cauley,Texas Rangers,mlb,R,Seattle_Mariners_at_Texas_Rangers,0.46,0.0,0.46,OVER,CF  Cam Cauley shows OVER value at 0.0 R. TC projection: 0.5 — edge: 0.46. Marginal conviction based on usage rate and defensive matchup.
RF  Wilyer Abreu,Boston Red Sox,mlb,R,Toronto_Blue_Jays_at_Boston_Red_Sox,0.46,0.0,0.46,OVER,Targeting RF  Wilyer Abreu OVER 0.0 R. Model projects 0.5 (0.46 edge). Recent trends and opponent weakness support this play.
C   Carter Jensen,Kansas City Royals,mlb,RBI,Kansas_City_Royals_at_Detroit_Tigers,0.45,0.0,0.45,OVER,"Marginal +EV opportunity: C   Carter Jensen is projected for 0.5 RBI vs a line of 0.0, giving a OVER edge of 0.45. Based on recent form, opponent matchup, and game context."
LF  Riley Greene,Detroit Tigers,mlb,R,Kansas_City_Royals_at_Detroit_Tigers,0.45,0.0,0.45,OVER,LF  Riley Greene shows OVER value at 0.0 R. TC projection: 0.5 — edge: 0.45. Marginal conviction based on usage rate and defensive matchup.
LF  Riley Greene,Detroit Tigers,mlb,BB,Kansas_City_Royals_at_Detroit_Tigers,0.45,0.0,0.45,OVER,"Marginal +EV opportunity: LF  Riley Greene is projected for 0.5 BB vs a line of 0.0, giving a OVER edge of 0.45. Based on recent form, opponent matchup, and game context."
DH  Bryce Eldridge,San Francisco Giants,mlb,BB,Los_Angeles_Angels_at_San_Francisco_Giants,0.45,0.0,0.45,OVER,Targeting DH  Bryce Eldridge OVER 0.0 BB. Model projects 0.5 (0.45 edge). Recent trends and opponent weakness support this play.
LF  Heliot Ramos,San Francisco Giants,mlb,R,Los_Angeles_Angels_at_San_Francisco_Giants,0.45,0.0,0.45,OVER,"Marginal +EV opportunity: LF  Heliot Ramos is projected for 0.5 R vs a line of 0.0, giving a OVER edge of 0.45. Based on recent form, opponent matchup, and game context."
1B  Rafael Devers,San Francisco Giants,mlb,RBI,Los_Angeles_Angels_at_San_Francisco_Giants,0.45,0.0,0.45,OVER,1B  Rafael Devers shows OVER value at 0.0 RBI. TC projection: 0.5 — edge: 0.45. Marginal conviction based on usage rate and defensive matchup.
SS  Willy Adames,San Francisco Giants,mlb,R,Los_Angeles_Angels_at_San_Francisco_Giants,0.45,0.0,0.45,OVER,Targeting SS  Willy Adames OVER 0.0 R. Model projects 0.5 (0.45 edge). Recent trends and opponent weakness support this play.
1B  Freddie Freeman,Los Angeles Dodgers,mlb,R,Los_Angeles_Dodgers_at_New_York_Mets,0.45,0.0,0.45,OVER,"Marginal +EV opportunity: 1B  Freddie Freeman is projected for 0.5 R vs a line of 0.0, giving a OVER edge of 0.45. Based on recent form, opponent matchup, and game context."
LF  Teoscar Hernández,Los Angeles Dodgers,mlb,RBI,Los_Angeles_Dodgers_at_New_York_Mets,0.45,0.0,0.45,OVER,LF  Teoscar Hernández shows OVER value at 0.0 RBI. TC projection: 0.5 — edge: 0.45. Marginal conviction based on usage rate and defensive matchup.
SS  Francisco Lindor,New York Mets,mlb,R,Los_Angeles_Dodgers_at_New_York_Mets,0.45,0.0,0.45,OVER,SS  Francisco Lindor shows OVER value at 0.0 R. TC projection: 0.5 — edge: 0.45. Marginal conviction based on usage rate and defensive matchup.
LF  Cody Bellinger,New York Yankees,mlb,BB,New_York_Yankees_at_Philadelphia_Phillies,0.45,0.0,0.45,OVER,Targeting LF  Cody Bellinger OVER 0.0 BB. Model projects 0.5 (0.45 edge). Recent trends and opponent weakness support this play.
RF  Gabriel Rincones Jr.,Philadelphia Phillies,mlb,H,New_York_Yankees_at_Philadelphia_Phillies,0.45,0.0,0.45,OVER,"Marginal +EV opportunity: RF  Gabriel Rincones Jr. is projected for 0.5 H vs a line of 0.0, giving a OVER edge of 0.45. Based on recent form, opponent matchup, and game context."
CF  Jakob Marsee,Miami Marlins,mlb,BB,San_Diego_Padres_at_Miami_Marlins,0.45,0.0,0.45,OVER,CF  Jakob Marsee shows OVER value at 0.0 BB. TC projection: 0.5 — edge: 0.45. Marginal conviction based on usage rate and defensive matchup.
C   Cal Raleigh,Seattle Mariners,mlb,BB,Seattle_Mariners_at_Texas_Rangers,0.45,0.0,0.45,OVER,Targeting C   Cal Raleigh OVER 0.0 BB. Model projects 0.5 (0.45 edge). Recent trends and opponent weakness support this play.
2B  Jazz Chisholm Jr.,New York Yankees,mlb,R,New_York_Yankees_at_Philadelphia_Phillies,0.44,0.0,0.44,OVER,2B  Jazz Chisholm Jr. shows OVER value at 0.0 R. TC projection: 0.4 — edge: 0.44. Marginal conviction based on usage rate and defensive matchup.
LF  Heriberto Hernández,Miami Marlins,mlb,RBI,San_Diego_Padres_at_Miami_Marlins,0.44,0.0,0.44,OVER,Targeting LF  Heriberto Hernández OVER 0.0 RBI. Model projects 0.4 (0.44 edge). Recent trends and opponent weakness support this play.
2B  Xavier Edwards,Miami Marlins,mlb,BB,San_Diego_Padres_at_Miami_Marlins,0.44,0.0,0.44,OVER,"Marginal +EV opportunity: 2B  Xavier Edwards is projected for 0.4 BB vs a line of 0.0, giving a OVER edge of 0.44. Based on recent form, opponent matchup, and game context."
1B  Vladimir Guerrero Jr.,Toronto Blue Jays,mlb,R,Toronto_Blue_Jays_at_Boston_Red_Sox,0.44,0.0,0.44,OVER,"Marginal +EV opportunity: 1B  Vladimir Guerrero Jr. is projected for 0.4 R vs a line of 0.0, giving a OVER edge of 0.44. Based on recent form, opponent matchup, and game context."
RF  Wilyer Abreu,Boston Red Sox,mlb,RBI,Toronto_Blue_Jays_at_Boston_Red_Sox,0.44,0.0,0.44,OVER,"Marginal +EV opportunity: RF  Wilyer Abreu is projected for 0.4 RBI vs a line of 0.0, giving a OVER edge of 0.44. Based on recent form, opponent matchup, and game context."
SS  Colson Montgomery,Chicago White Sox,mlb,R,Houston_Astros_at_Chicago_White_Sox,0.43,0.0,0.43,OVER,SS  Colson Montgomery shows OVER value at 0.0 R. TC projection: 0.4 — edge: 0.43. Marginal conviction based on usage rate and defensive matchup.
C   Edgar Quero,Chicago White Sox,mlb,H,Houston_Astros_at_Chicago_White_Sox,0.43,0.0,0.43,OVER,C   Edgar Quero shows OVER value at 0.0 H. TC projection: 0.4 — edge: 0.43. Marginal conviction based on usage rate and defensive matchup.
DH  Bryce Eldridge,San Francisco Giants,mlb,R,Los_Angeles_Angels_at_San_Francisco_Giants,0.43,0.0,0.43,OVER,DH  Bryce Eldridge shows OVER value at 0.0 R. TC projection: 0.4 — edge: 0.43. Marginal conviction based on usage rate and defensive matchup.
C   Jesus Rodriguez,San Francisco Giants,mlb,RBI,Los_Angeles_Angels_at_San_Francisco_Giants,0.43,0.0,0.43,OVER,C   Jesus Rodriguez shows OVER value at 0.0 RBI. TC projection: 0.4 — edge: 0.43. Marginal conviction based on usage rate and defensive matchup.
2B  Luis Arraez,San Francisco Giants,mlb,R,Los_Angeles_Angels_at_San_Francisco_Giants,0.43,0.0,0.43,OVER,2B  Luis Arraez shows OVER value at 0.0 R. TC projection: 0.4 — edge: 0.43. Marginal conviction based on usage rate and defensive matchup.
1B  Rafael Devers,San Francisco Giants,mlb,R,Los_Angeles_Angels_at_San_Francisco_Giants,0.43,0.0,0.43,OVER,1B  Rafael Devers shows OVER value at 0.0 R. TC projection: 0.4 — edge: 0.43. Marginal conviction based on usage rate and defensive matchup.
SS  Mookie Betts,Los Angeles Dodgers,mlb,RBI,Los_Angeles_Dodgers_at_New_York_Mets,0.43,0.0,0.43,OVER,SS  Mookie Betts shows OVER value at 0.0 RBI. TC projection: 0.4 — edge: 0.43. Marginal conviction based on usage rate and defensive matchup.
3B  Bo Bichette,New York Mets,mlb,R,Los_Angeles_Dodgers_at_New_York_Mets,0.43,0.0,0.43,OVER,"Marginal +EV opportunity: 3B  Bo Bichette is projected for 0.4 R vs a line of 0.0, giving a OVER edge of 0.43. Based on recent form, opponent matchup, and game context."
3B  Bo Bichette,New York Mets,mlb,RBI,Los_Angeles_Dodgers_at_New_York_Mets,0.43,0.0,0.43,OVER,"Marginal +EV opportunity: 3B  Bo Bichette is projected for 0.4 RBI vs a line of 0.0, giving a OVER edge of 0.43. Based on recent form, opponent matchup, and game context."
CF  Tyrone Taylor,New York Mets,mlb,H,Los_Angeles_Dodgers_at_New_York_Mets,0.43,0.0,0.43,OVER,"Marginal +EV opportunity: CF  Tyrone Taylor is projected for 0.4 H vs a line of 0.0, giving a OVER edge of 0.43. Based on recent form, opponent matchup, and game context."
LF  Cody Bellinger,New York Yankees,mlb,R,New_York_Yankees_at_Philadelphia_Phillies,0.43,0.0,0.43,OVER,Targeting LF  Cody Bellinger OVER 0.0 R. Model projects 0.4 (0.43 edge). Recent trends and opponent weakness support this play.
LF  Cody Bellinger,New York Yankees,mlb,RBI,New_York_Yankees_at_Philadelphia_Phillies,0.43,0.0,0.43,OVER,LF  Cody Bellinger shows OVER value at 0.0 RBI. TC projection: 0.4 — edge: 0.43. Marginal conviction based on usage rate and defensive matchup.
C   Joe Mack,Miami Marlins,mlb,RBI,San_Diego_Padres_at_Miami_Marlins,0.43,0.0,0.43,OVER,"Marginal +EV opportunity: C   Joe Mack is projected for 0.4 RBI vs a line of 0.0, giving a OVER edge of 0.43. Based on recent form, opponent matchup, and game context."
2B  Xavier Edwards,Miami Marlins,mlb,R,San_Diego_Padres_at_Miami_Marlins,0.43,0.0,0.43,OVER,"Marginal +EV opportunity: 2B  Xavier Edwards is projected for 0.4 R vs a line of 0.0, giving a OVER edge of 0.43. Based on recent form, opponent matchup, and game context."
CF  Julio Rodríguez,Seattle Mariners,mlb,R,Seattle_Mariners_at_Texas_Rangers,0.43,0.0,0.43,OVER,CF  Julio Rodríguez shows OVER value at 0.0 R. TC projection: 0.4 — edge: 0.43. Marginal conviction based on usage rate and defensive matchup.
3B  Josh Jung,Texas Rangers,mlb,R,Seattle_Mariners_at_Texas_Rangers,0.43,0.0,0.43,OVER,3B  Josh Jung shows OVER value at 0.0 R. TC projection: 0.4 — edge: 0.43. Marginal conviction based on usage rate and defensive matchup.
CF  Ceddanne Rafaela,Boston Red Sox,mlb,R,Toronto_Blue_Jays_at_Boston_Red_Sox,0.43,0.0,0.43,OVER,Targeting CF  Ceddanne Rafaela OVER 0.0 R. Model projects 0.4 (0.43 edge). Recent trends and opponent weakness support this play.
SS  Tsung-Che Cheng,Boston Red Sox,mlb,R,Toronto_Blue_Jays_at_Boston_Red_Sox,0.43,0.0,0.43,OVER,Targeting SS  Tsung-Che Cheng OVER 0.0 R. Model projects 0.4 (0.43 edge). Recent trends and opponent weakness support this play.
SS  Tyler Tolbert,Kansas City Royals,mlb,H,Kansas_City_Royals_at_Detroit_Tigers,0.42,0.0,0.42,OVER,"Marginal +EV opportunity: SS  Tyler Tolbert is projected for 0.4 H vs a line of 0.0, giving a OVER edge of 0.42. Based on recent form, opponent matchup, and game context."
LF  Riley Greene,Detroit Tigers,mlb,RBI,Kansas_City_Royals_at_Detroit_Tigers,0.42,0.0,0.42,OVER,Targeting LF  Riley Greene OVER 0.0 RBI. Model projects 0.4 (0.42 edge). Recent trends and opponent weakness support this play.
1B  Spencer Torkelson,Detroit Tigers,mlb,RBI,Kansas_City_Royals_at_Detroit_Tigers,0.42,0.0,0.42,OVER,1B  Spencer Torkelson shows OVER value at 0.0 RBI. TC projection: 0.4 — edge: 0.42. Marginal conviction based on usage rate and defensive matchup.
CF  Jose Siri,Los Angeles Angels,mlb,H,Los_Angeles_Angels_at_San_Francisco_Giants,0.42,0.0,0.42,OVER,Targeting CF  Jose Siri OVER 0.0 H. Model projects 0.4 (0.42 edge). Recent trends and opponent weakness support this play.
LF  Casey Schmitt,San Francisco Giants,mlb,R,Los_Angeles_Angels_at_San_Francisco_Giants,0.42,0.0,0.42,OVER,Targeting LF  Casey Schmitt OVER 0.0 R. Model projects 0.4 (0.42 edge). Recent trends and opponent weakness support this play.
LF  Heliot Ramos,San Francisco Giants,mlb,RBI,Los_Angeles_Angels_at_San_Francisco_Giants,0.42,0.0,0.42,OVER,"Marginal +EV opportunity: LF  Heliot Ramos is projected for 0.4 RBI vs a line of 0.0, giving a OVER edge of 0.42. Based on recent form, opponent matchup, and game context."
1B  Freddie Freeman,Los Angeles Dodgers,mlb,RBI,Los_Angeles_Dodgers_at_New_York_Mets,0.42,0.0,0.42,OVER,Targeting 1B  Freddie Freeman OVER 0.0 RBI. Model projects 0.4 (0.42 edge). Recent trends and opponent weakness support this play.
1B  Freddie Freeman,Los Angeles Dodgers,mlb,BB,Los_Angeles_Dodgers_at_New_York_Mets,0.42,0.0,0.42,OVER,"Marginal +EV opportunity: 1B  Freddie Freeman is projected for 0.4 BB vs a line of 0.0, giving a OVER edge of 0.42. Based on recent form, opponent matchup, and game context."
RF  Kyle Tucker,Los Angeles Dodgers,mlb,RBI,Los_Angeles_Dodgers_at_New_York_Mets,0.42,0.0,0.42,OVER,Targeting RF  Kyle Tucker OVER 0.0 RBI. Model projects 0.4 (0.42 edge). Recent trends and opponent weakness support this play.
RF  Kyle Tucker,Los Angeles Dodgers,mlb,BB,Los_Angeles_Dodgers_at_New_York_Mets,0.42,0.0,0.42,OVER,Targeting RF  Kyle Tucker OVER 0.0 BB. Model projects 0.4 (0.42 edge). Recent trends and opponent weakness support this play.
CF  Luis Robert Jr.,New York Mets,mlb,BB,Los_Angeles_Dodgers_at_New_York_Mets,0.42,0.0,0.42,OVER,"Marginal +EV opportunity: CF  Luis Robert Jr. is projected for 0.4 BB vs a line of 0.0, giving a OVER edge of 0.42. Based on recent form, opponent matchup, and game context."
1B  Ben Rice,New York Yankees,mlb,BB,New_York_Yankees_at_Philadelphia_Phillies,0.42,0.0,0.42,OVER,1B  Ben Rice shows OVER value at 0.0 BB. TC projection: 0.4 — edge: 0.42. Marginal conviction based on usage rate and defensive matchup.
SS  Max Schuemann,New York Yankees,mlb,R,New_York_Yankees_at_Philadelphia_Phillies,0.42,0.0,0.42,OVER,Targeting SS  Max Schuemann OVER 0.0 R. Model projects 0.4 (0.42 edge). Recent trends and opponent weakness support this play.
CF  Trent Grisham,New York Yankees,mlb,RBI,New_York_Yankees_at_Philadelphia_Phillies,0.42,0.0,0.42,OVER,CF  Trent Grisham shows OVER value at 0.0 RBI. TC projection: 0.4 — edge: 0.42. Marginal conviction based on usage rate and defensive matchup.
LF  Brandon Marsh,Philadelphia Phillies,mlb,RBI,New_York_Yankees_at_Philadelphia_Phillies,0.42,0.0,0.42,OVER,LF  Brandon Marsh shows OVER value at 0.0 RBI. TC projection: 0.4 — edge: 0.42. Marginal conviction based on usage rate and defensive matchup.
RF  Fernando Tatis Jr.,San Diego Padres,mlb,R,San_Diego_Padres_at_Miami_Marlins,0.42,0.0,0.42,OVER,RF  Fernando Tatis Jr. shows OVER value at 0.0 R. TC projection: 0.4 — edge: 0.42. Marginal conviction based on usage rate and defensive matchup.
3B  Manny Machado,San Diego Padres,mlb,R,San_Diego_Padres_at_Miami_Marlins,0.42,0.0,0.42,OVER,3B  Manny Machado shows OVER value at 0.0 R. TC projection: 0.4 — edge: 0.42. Marginal conviction based on usage rate and defensive matchup.
CF  Jakob Marsee,Miami Marlins,mlb,R,San_Diego_Padres_at_Miami_Marlins,0.42,0.0,0.42,OVER,Targeting CF  Jakob Marsee OVER 0.0 R. Model projects 0.4 (0.42 edge). Recent trends and opponent weakness support this play.
3B  Kazuma Okamoto,Toronto Blue Jays,mlb,R,Toronto_Blue_Jays_at_Boston_Red_Sox,0.42,0.0,0.42,OVER,3B  Kazuma Okamoto shows OVER value at 0.0 R. TC projection: 0.4 — edge: 0.42. Marginal conviction based on usage rate and defensive matchup.
2B  Anthony Seigler,Boston Red Sox,mlb,R,Toronto_Blue_Jays_at_Boston_Red_Sox,0.42,0.0,0.42,OVER,Targeting 2B  Anthony Seigler OVER 0.0 R. Model projects 0.4 (0.42 edge). Recent trends and opponent weakness support this play.
1B  Vinnie Pasquantino,Kansas City Royals,mlb,BB,Kansas_City_Royals_at_Detroit_Tigers,0.41,0.0,0.41,OVER,Targeting 1B  Vinnie Pasquantino OVER 0.0 BB. Model projects 0.4 (0.41 edge). Recent trends and opponent weakness support this play.
LF  Alex Call,Los Angeles Dodgers,mlb,H,Los_Angeles_Dodgers_at_New_York_Mets,0.41,0.0,0.41,OVER,"Marginal +EV opportunity: LF  Alex Call is projected for 0.4 H vs a line of 0.0, giving a OVER edge of 0.41. Based on recent form, opponent matchup, and game context."
C   Dalton Rushing,Los Angeles Dodgers,mlb,RBI,Los_Angeles_Dodgers_at_New_York_Mets,0.41,0.0,0.41,OVER,"Marginal +EV opportunity: C   Dalton Rushing is projected for 0.4 RBI vs a line of 0.0, giving a OVER edge of 0.41. Based on recent form, opponent matchup, and game context."
3B  Max Muncy,Los Angeles Dodgers,mlb,RBI,Los_Angeles_Dodgers_at_New_York_Mets,0.41,0.0,0.41,OVER,"Marginal +EV opportunity: 3B  Max Muncy is projected for 0.4 RBI vs a line of 0.0, giving a OVER edge of 0.41. Based on recent form, opponent matchup, and game context."
3B  Manny Machado,San Diego Padres,mlb,BB,San_Diego_Padres_at_Miami_Marlins,0.41,0.0,0.41,OVER,"Marginal +EV opportunity: 3B  Manny Machado is projected for 0.4 BB vs a line of 0.0, giving a OVER edge of 0.41. Based on recent form, opponent matchup, and game context."
C   Cal Raleigh,Seattle Mariners,mlb,RBI,Seattle_Mariners_at_Texas_Rangers,0.41,0.0,0.41,OVER,C   Cal Raleigh shows OVER value at 0.0 RBI. TC projection: 0.4 — edge: 0.41. Marginal conviction based on usage rate and defensive matchup.
3B  Caleb Durbin,Boston Red Sox,mlb,R,Toronto_Blue_Jays_at_Boston_Red_Sox,0.41,0.0,0.41,OVER,Targeting 3B  Caleb Durbin OVER 0.0 R. Model projects 0.4 (0.41 edge). Recent trends and opponent weakness support this play.
3B  Caleb Durbin,Boston Red Sox,mlb,RBI,Toronto_Blue_Jays_at_Boston_Red_Sox,0.41,0.0,0.41,OVER,Targeting 3B  Caleb Durbin OVER 0.0 RBI. Model projects 0.4 (0.41 edge). Recent trends and opponent weakness support this play.
RF  Jac Caglianone,Kansas City Royals,mlb,R,Kansas_City_Royals_at_Detroit_Tigers,0.4,0.0,0.4,OVER,"Marginal +EV opportunity: RF  Jac Caglianone is projected for 0.4 R vs a line of 0.0, giving a OVER edge of 0.40. Based on recent form, opponent matchup, and game context."
3B  Nick Loftin,Kansas City Royals,mlb,RBI,Kansas_City_Royals_at_Detroit_Tigers,0.4,0.0,0.4,OVER,3B  Nick Loftin shows OVER value at 0.0 RBI. TC projection: 0.4 — edge: 0.40. Marginal conviction based on usage rate and defensive matchup.
RF  Kerry Carpenter,Detroit Tigers,mlb,RBI,Kansas_City_Royals_at_Detroit_Tigers,0.4,0.0,0.4,OVER,"Marginal +EV opportunity: RF  Kerry Carpenter is projected for 0.4 RBI vs a line of 0.0, giving a OVER edge of 0.40. Based on recent form, opponent matchup, and game context."
SS  Willy Adames,San Francisco Giants,mlb,RBI,Los_Angeles_Angels_at_San_Francisco_Giants,0.4,0.0,0.4,OVER,SS  Willy Adames shows OVER value at 0.0 RBI. TC projection: 0.4 — edge: 0.40. Marginal conviction based on usage rate and defensive matchup.
C   Dalton Rushing,Los Angeles Dodgers,mlb,R,Los_Angeles_Dodgers_at_New_York_Mets,0.4,0.0,0.4,OVER,"Marginal +EV opportunity: C   Dalton Rushing is projected for 0.4 R vs a line of 0.0, giving a OVER edge of 0.40. Based on recent form, opponent matchup, and game context."
C   J.T. Realmuto,Philadelphia Phillies,mlb,RBI,New_York_Yankees_at_Philadelphia_Phillies,0.4,0.0,0.4,OVER,"Marginal +EV opportunity: C   J.T. Realmuto is projected for 0.4 RBI vs a line of 0.0, giving a OVER edge of 0.40. Based on recent form, opponent matchup, and game context."
LF  Kyle Stowers,Miami Marlins,mlb,R,San_Diego_Padres_at_Miami_Marlins,0.4,0.0,0.4,OVER,"Marginal +EV opportunity: LF  Kyle Stowers is projected for 0.4 R vs a line of 0.0, giving a OVER edge of 0.40. Based on recent form, opponent matchup, and game context."
SS  Otto Lopez,Miami Marlins,mlb,RBI,San_Diego_Padres_at_Miami_Marlins,0.4,0.0,0.4,OVER,Targeting SS  Otto Lopez OVER 0.0 RBI. Model projects 0.4 (0.40 edge). Recent trends and opponent weakness support this play.
SS  Ezequiel Duran,Texas Rangers,mlb,R,Seattle_Mariners_at_Texas_Rangers,0.4,0.0,0.4,OVER,SS  Ezequiel Duran shows OVER value at 0.0 R. TC projection: 0.4 — edge: 0.40. Marginal conviction based on usage rate and defensive matchup.
LF  Jarren Duran,Boston Red Sox,mlb,R,Toronto_Blue_Jays_at_Boston_Red_Sox,0.4,0.0,0.4,OVER,"Marginal +EV opportunity: LF  Jarren Duran is projected for 0.4 R vs a line of 0.0, giving a OVER edge of 0.40. Based on recent form, opponent matchup, and game context."
CF  Mike Trout,Los Angeles Angels,mlb,RBI,Los_Angeles_Angels_at_San_Francisco_Giants,0.39,0.0,0.39,OVER,"Marginal +EV opportunity: CF  Mike Trout is projected for 0.4 RBI vs a line of 0.0, giving a OVER edge of 0.39. Based on recent form, opponent matchup, and game context."
3B  Amed Rosario,New York Yankees,mlb,RBI,New_York_Yankees_at_Philadelphia_Phillies,0.39,0.0,0.39,OVER,"Marginal +EV opportunity: 3B  Amed Rosario is projected for 0.4 RBI vs a line of 0.0, giving a OVER edge of 0.39. Based on recent form, opponent matchup, and game context."
C   Austin Wells,New York Yankees,mlb,H,New_York_Yankees_at_Philadelphia_Phillies,0.39,0.0,0.39,OVER,"Marginal +EV opportunity: C   Austin Wells is projected for 0.4 H vs a line of 0.0, giving a OVER edge of 0.39. Based on recent form, opponent matchup, and game context."
1B  Paul Goldschmidt,New York Yankees,mlb,R,New_York_Yankees_at_Philadelphia_Phillies,0.39,0.0,0.39,OVER,1B  Paul Goldschmidt shows OVER value at 0.0 R. TC projection: 0.4 — edge: 0.39. Marginal conviction based on usage rate and defensive matchup.
RF  Derek Hill,Philadelphia Phillies,mlb,H,New_York_Yankees_at_Philadelphia_Phillies,0.39,0.0,0.39,OVER,Targeting RF  Derek Hill OVER 0.0 H. Model projects 0.4 (0.39 edge). Recent trends and opponent weakness support this play.
2B  Edmundo Sosa,Philadelphia Phillies,mlb,RBI,New_York_Yankees_at_Philadelphia_Phillies,0.39,0.0,0.39,OVER,"Marginal +EV opportunity: 2B  Edmundo Sosa is projected for 0.4 RBI vs a line of 0.0, giving a OVER edge of 0.39. Based on recent form, opponent matchup, and game context."
CF  Jackson Merrill,San Diego Padres,mlb,R,San_Diego_Padres_at_Miami_Marlins,0.39,0.0,0.39,OVER,CF  Jackson Merrill shows OVER value at 0.0 R. TC projection: 0.4 — edge: 0.39. Marginal conviction based on usage rate and defensive matchup.
LF  Griffin Conine,Miami Marlins,mlb,R,San_Diego_Padres_at_Miami_Marlins,0.39,0.0,0.39,OVER,Targeting LF  Griffin Conine OVER 0.0 R. Model projects 0.4 (0.39 edge). Recent trends and opponent weakness support this play.
LF  Griffin Conine,Miami Marlins,mlb,RBI,San_Diego_Padres_at_Miami_Marlins,0.39,0.0,0.39,OVER,"Marginal +EV opportunity: LF  Griffin Conine is projected for 0.4 RBI vs a line of 0.0, giving a OVER edge of 0.39. Based on recent form, opponent matchup, and game context."
2B  Cole Young,Seattle Mariners,mlb,R,Seattle_Mariners_at_Texas_Rangers,0.39,0.0,0.39,OVER,Targeting 2B  Cole Young OVER 0.0 R. Model projects 0.4 (0.39 edge). Recent trends and opponent weakness support this play.
2B  Cole Young,Seattle Mariners,mlb,RBI,Seattle_Mariners_at_Texas_Rangers,0.39,0.0,0.39,OVER,Targeting 2B  Cole Young OVER 0.0 RBI. Model projects 0.4 (0.39 edge). Recent trends and opponent weakness support this play.
SS  J.P. Crawford,Seattle Mariners,mlb,R,Seattle_Mariners_at_Texas_Rangers,0.39,0.0,0.39,OVER,"Marginal +EV opportunity: SS  J.P. Crawford is projected for 0.4 R vs a line of 0.0, giving a OVER edge of 0.39. Based on recent form, opponent matchup, and game context."
CF  Julio Rodríguez,Seattle Mariners,mlb,RBI,Seattle_Mariners_at_Texas_Rangers,0.39,0.0,0.39,OVER,CF  Julio Rodríguez shows OVER value at 0.0 RBI. TC projection: 0.4 — edge: 0.39. Marginal conviction based on usage rate and defensive matchup.
C   Mitch Garver,Seattle Mariners,mlb,H,Seattle_Mariners_at_Texas_Rangers,0.39,0.0,0.39,OVER,"Marginal +EV opportunity: C   Mitch Garver is projected for 0.4 H vs a line of 0.0, giving a OVER edge of 0.39. Based on recent form, opponent matchup, and game context."
LF  Randy Arozarena,Seattle Mariners,mlb,RBI,Seattle_Mariners_at_Texas_Rangers,0.39,0.0,0.39,OVER,LF  Randy Arozarena shows OVER value at 0.0 RBI. TC projection: 0.4 — edge: 0.39. Marginal conviction based on usage rate and defensive matchup.
DH  George Springer,Toronto Blue Jays,mlb,R,Toronto_Blue_Jays_at_Boston_Red_Sox,0.39,0.0,0.39,OVER,"Marginal +EV opportunity: DH  George Springer is projected for 0.4 R vs a line of 0.0, giving a OVER edge of 0.39. Based on recent form, opponent matchup, and game context."
2B  Luis Urías,Toronto Blue Jays,mlb,H,Toronto_Blue_Jays_at_Boston_Red_Sox,0.39,0.0,0.39,OVER,"Marginal +EV opportunity: 2B  Luis Urías is projected for 0.4 H vs a line of 0.0, giving a OVER edge of 0.39. Based on recent form, opponent matchup, and game context."
C   Carter Jensen,Kansas City Royals,mlb,R,Kansas_City_Royals_at_Detroit_Tigers,0.38,0.0,0.38,OVER,"Marginal +EV opportunity: C   Carter Jensen is projected for 0.4 R vs a line of 0.0, giving a OVER edge of 0.38. Based on recent form, opponent matchup, and game context."
SS  Zach Neto,Los Angeles Angels,mlb,RBI,Los_Angeles_Angels_at_San_Francisco_Giants,0.38,0.0,0.38,OVER,SS  Zach Neto shows OVER value at 0.0 RBI. TC projection: 0.4 — edge: 0.38. Marginal conviction based on usage rate and defensive matchup.
C   Drew Cavanaugh,San Francisco Giants,mlb,BB,Los_Angeles_Angels_at_San_Francisco_Giants,0.38,0.0,0.38,OVER,"Marginal +EV opportunity: C   Drew Cavanaugh is projected for 0.4 BB vs a line of 0.0, giving a OVER edge of 0.38. Based on recent form, opponent matchup, and game context."
3B  Max Muncy,Los Angeles Dodgers,mlb,BB,Los_Angeles_Dodgers_at_New_York_Mets,0.38,0.0,0.38,OVER,Targeting 3B  Max Muncy OVER 0.0 BB. Model projects 0.4 (0.38 edge). Recent trends and opponent weakness support this play.
2B  Bryson Stott,Philadelphia Phillies,mlb,RBI,New_York_Yankees_at_Philadelphia_Phillies,0.38,0.0,0.38,OVER,2B  Bryson Stott shows OVER value at 0.0 RBI. TC projection: 0.4 — edge: 0.38. Marginal conviction based on usage rate and defensive matchup.
RF  Fernando Tatis Jr.,San Diego Padres,mlb,RBI,San_Diego_Padres_at_Miami_Marlins,0.38,0.0,0.38,OVER,"Marginal +EV opportunity: RF  Fernando Tatis Jr. is projected for 0.4 RBI vs a line of 0.0, giving a OVER edge of 0.38. Based on recent form, opponent matchup, and game context."
C   Luis Campusano,San Diego Padres,mlb,R,San_Diego_Padres_at_Miami_Marlins,0.38,0.0,0.38,OVER,"Marginal +EV opportunity: C   Luis Campusano is projected for 0.4 R vs a line of 0.0, giving a OVER edge of 0.38. Based on recent form, opponent matchup, and game context."
C   Luis Campusano,San Diego Padres,mlb,BB,San_Diego_Padres_at_Miami_Marlins,0.38,0.0,0.38,OVER,"Marginal +EV opportunity: C   Luis Campusano is projected for 0.4 BB vs a line of 0.0, giving a OVER edge of 0.38. Based on recent form, opponent matchup, and game context."
SS  Xander Bogaerts,San Diego Padres,mlb,BB,San_Diego_Padres_at_Miami_Marlins,0.38,0.0,0.38,OVER,"Marginal +EV opportunity: SS  Xander Bogaerts is projected for 0.4 BB vs a line of 0.0, giving a OVER edge of 0.38. Based on recent form, opponent matchup, and game context."
C   Joe Mack,Miami Marlins,mlb,R,San_Diego_Padres_at_Miami_Marlins,0.38,0.0,0.38,OVER,C   Joe Mack shows OVER value at 0.0 R. TC projection: 0.4 — edge: 0.38. Marginal conviction based on usage rate and defensive matchup.
DH  Dominic Canzone,Seattle Mariners,mlb,RBI,Seattle_Mariners_at_Texas_Rangers,0.38,0.0,0.38,OVER,Targeting DH  Dominic Canzone OVER 0.0 RBI. Model projects 0.4 (0.38 edge). Recent trends and opponent weakness support this play.
DH  Joc Pederson,Texas Rangers,mlb,R,Seattle_Mariners_at_Texas_Rangers,0.38,0.0,0.38,OVER,DH  Joc Pederson shows OVER value at 0.0 R. TC projection: 0.4 — edge: 0.38. Marginal conviction based on usage rate and defensive matchup.
CF  Ceddanne Rafaela,Boston Red Sox,mlb,RBI,Toronto_Blue_Jays_at_Boston_Red_Sox,0.38,0.0,0.38,OVER,CF  Ceddanne Rafaela shows OVER value at 0.0 RBI. TC projection: 0.4 — edge: 0.38. Marginal conviction based on usage rate and defensive matchup.
DH  Salvador Perez,Kansas City Royals,mlb,RBI,Kansas_City_Royals_at_Detroit_Tigers,0.37,0.0,0.37,OVER,DH  Salvador Perez shows OVER value at 0.0 RBI. TC projection: 0.4 — edge: 0.37. Marginal conviction based on usage rate and defensive matchup.
SS  Tyler Tolbert,Kansas City Royals,mlb,R,Kansas_City_Royals_at_Detroit_Tigers,0.37,0.0,0.37,OVER,Targeting SS  Tyler Tolbert OVER 0.0 R. Model projects 0.4 (0.37 edge). Recent trends and opponent weakness support this play.
C   Jake Rogers,Detroit Tigers,mlb,H,Kansas_City_Royals_at_Detroit_Tigers,0.37,0.0,0.37,OVER,"Marginal +EV opportunity: C   Jake Rogers is projected for 0.4 H vs a line of 0.0, giving a OVER edge of 0.37. Based on recent form, opponent matchup, and game context."
1B  Spencer Torkelson,Detroit Tigers,mlb,R,Kansas_City_Royals_at_Detroit_Tigers,0.37,0.0,0.37,OVER,Targeting 1B  Spencer Torkelson OVER 0.0 R. Model projects 0.4 (0.37 edge). Recent trends and opponent weakness support this play.
1B  Spencer Torkelson,Detroit Tigers,mlb,BB,Kansas_City_Royals_at_Detroit_Tigers,0.37,0.0,0.37,OVER,Targeting 1B  Spencer Torkelson OVER 0.0 BB. Model projects 0.4 (0.37 edge). Recent trends and opponent weakness support this play.
SS  Zach Neto,Los Angeles Angels,mlb,BB,Los_Angeles_Angels_at_San_Francisco_Giants,0.37,0.0,0.37,OVER,SS  Zach Neto shows OVER value at 0.0 BB. TC projection: 0.4 — edge: 0.37. Marginal conviction based on usage rate and defensive matchup.
CF  A.J. Ewing,New York Mets,mlb,R,Los_Angeles_Dodgers_at_New_York_Mets,0.37,0.0,0.37,OVER,CF  A.J. Ewing shows OVER value at 0.0 R. TC projection: 0.4 — edge: 0.37. Marginal conviction based on usage rate and defensive matchup.
2B  Jazz Chisholm Jr.,New York Yankees,mlb,RBI,New_York_Yankees_at_Philadelphia_Phillies,0.37,0.0,0.37,OVER,"Marginal +EV opportunity: 2B  Jazz Chisholm Jr. is projected for 0.4 RBI vs a line of 0.0, giving a OVER edge of 0.37. Based on recent form, opponent matchup, and game context."
CF  Jackson Merrill,San Diego Padres,mlb,RBI,San_Diego_Padres_at_Miami_Marlins,0.37,0.0,0.37,OVER,"Marginal +EV opportunity: CF  Jackson Merrill is projected for 0.4 RBI vs a line of 0.0, giving a OVER edge of 0.37. Based on recent form, opponent matchup, and game context."
2B  Sung-Mun Song,San Diego Padres,mlb,H,San_Diego_Padres_at_Miami_Marlins,0.37,0.0,0.37,OVER,2B  Sung-Mun Song shows OVER value at 0.0 H. TC projection: 0.4 — edge: 0.37. Marginal conviction based on usage rate and defensive matchup.
3B  Graham Pauley,Miami Marlins,mlb,H,San_Diego_Padres_at_Miami_Marlins,0.37,0.0,0.37,OVER,Targeting 3B  Graham Pauley OVER 0.0 H. Model projects 0.4 (0.37 edge). Recent trends and opponent weakness support this play.
RF  Luke Raley,Seattle Mariners,mlb,RBI,Seattle_Mariners_at_Texas_Rangers,0.37,0.0,0.37,OVER,"Marginal +EV opportunity: RF  Luke Raley is projected for 0.4 RBI vs a line of 0.0, giving a OVER edge of 0.37. Based on recent form, opponent matchup, and game context."
C   Mitch Garver,Seattle Mariners,mlb,BB,Seattle_Mariners_at_Texas_Rangers,0.37,0.0,0.37,OVER,Targeting C   Mitch Garver OVER 0.0 BB. Model projects 0.4 (0.37 edge). Recent trends and opponent weakness support this play.
RF  Brandon Nimmo,Texas Rangers,mlb,R,Seattle_Mariners_at_Texas_Rangers,0.37,0.0,0.37,OVER,RF  Brandon Nimmo shows OVER value at 0.0 R. TC projection: 0.4 — edge: 0.37. Marginal conviction based on usage rate and defensive matchup.
1B  Jake Burger,Texas Rangers,mlb,R,Seattle_Mariners_at_Texas_Rangers,0.37,0.0,0.37,OVER,Targeting 1B  Jake Burger OVER 0.0 R. Model projects 0.4 (0.37 edge). Recent trends and opponent weakness support this play.
2B  Ernie Clement,Toronto Blue Jays,mlb,R,Toronto_Blue_Jays_at_Boston_Red_Sox,0.37,0.0,0.37,OVER,"Marginal +EV opportunity: 2B  Ernie Clement is projected for 0.4 R vs a line of 0.0, giving a OVER edge of 0.37. Based on recent form, opponent matchup, and game context."
1B  Vladimir Guerrero Jr.,Toronto Blue Jays,mlb,BB,Toronto_Blue_Jays_at_Boston_Red_Sox,0.37,0.0,0.37,OVER,1B  Vladimir Guerrero Jr. shows OVER value at 0.0 BB. TC projection: 0.4 — edge: 0.37. Marginal conviction based on usage rate and defensive matchup.
LF  Isaac Collins,Kansas City Royals,mlb,BB,Kansas_City_Royals_at_Detroit_Tigers,0.36,0.0,0.36,OVER,"Marginal +EV opportunity: LF  Isaac Collins is projected for 0.4 BB vs a line of 0.0, giving a OVER edge of 0.36. Based on recent form, opponent matchup, and game context."
1B  Vinnie Pasquantino,Kansas City Royals,mlb,R,Kansas_City_Royals_at_Detroit_Tigers,0.36,0.0,0.36,OVER,Targeting 1B  Vinnie Pasquantino OVER 0.0 R. Model projects 0.4 (0.36 edge). Recent trends and opponent weakness support this play.
1B  Vinnie Pasquantino,Kansas City Royals,mlb,RBI,Kansas_City_Royals_at_Detroit_Tigers,0.36,0.0,0.36,OVER,Targeting 1B  Vinnie Pasquantino OVER 0.0 RBI. Model projects 0.4 (0.36 edge). Recent trends and opponent weakness support this play.
3B  Denzer Guzman,Los Angeles Angels,mlb,RBI,Los_Angeles_Angels_at_San_Francisco_Giants,0.36,0.0,0.36,OVER,3B  Denzer Guzman shows OVER value at 0.0 RBI. TC projection: 0.4 — edge: 0.36. Marginal conviction based on usage rate and defensive matchup.
RF  Jo Adell,Los Angeles Angels,mlb,R,Los_Angeles_Angels_at_San_Francisco_Giants,0.36,0.0,0.36,OVER,"Marginal +EV opportunity: RF  Jo Adell is projected for 0.4 R vs a line of 0.0, giving a OVER edge of 0.36. Based on recent form, opponent matchup, and game context."
DH  Jorge Soler,Los Angeles Angels,mlb,R,Los_Angeles_Angels_at_San_Francisco_Giants,0.36,0.0,0.36,OVER,"Marginal +EV opportunity: DH  Jorge Soler is projected for 0.4 R vs a line of 0.0, giving a OVER edge of 0.36. Based on recent form, opponent matchup, and game context."
SS  Francisco Lindor,New York Mets,mlb,BB,Los_Angeles_Dodgers_at_New_York_Mets,0.36,0.0,0.36,OVER,Targeting SS  Francisco Lindor OVER 0.0 BB. Model projects 0.4 (0.36 edge). Recent trends and opponent weakness support this play.
SS  Anthony Volpe,New York Yankees,mlb,BB,New_York_Yankees_at_Philadelphia_Phillies,0.36,0.0,0.36,OVER,SS  Anthony Volpe shows OVER value at 0.0 BB. TC projection: 0.4 — edge: 0.36. Marginal conviction based on usage rate and defensive matchup.
2B  Bryson Stott,Philadelphia Phillies,mlb,R,New_York_Yankees_at_Philadelphia_Phillies,0.36,0.0,0.36,OVER,2B  Bryson Stott shows OVER value at 0.0 R. TC projection: 0.4 — edge: 0.36. Marginal conviction based on usage rate and defensive matchup.
RF  Esteury Ruiz,Miami Marlins,mlb,H,San_Diego_Padres_at_Miami_Marlins,0.36,0.0,0.36,OVER,"Marginal +EV opportunity: RF  Esteury Ruiz is projected for 0.4 H vs a line of 0.0, giving a OVER edge of 0.36. Based on recent form, opponent matchup, and game context."
3B  Javier Sanoja,Miami Marlins,mlb,RBI,San_Diego_Padres_at_Miami_Marlins,0.36,0.0,0.36,OVER,"Marginal +EV opportunity: 3B  Javier Sanoja is projected for 0.4 RBI vs a line of 0.0, giving a OVER edge of 0.36. Based on recent form, opponent matchup, and game context."
3B  Weston Wilson,Seattle Mariners,mlb,H,Seattle_Mariners_at_Texas_Rangers,0.36,0.0,0.36,OVER,Targeting 3B  Weston Wilson OVER 0.0 H. Model projects 0.4 (0.36 edge). Recent trends and opponent weakness support this play.
CF  Evan Carter,Texas Rangers,mlb,BB,Seattle_Mariners_at_Texas_Rangers,0.36,0.0,0.36,OVER,CF  Evan Carter shows OVER value at 0.0 BB. TC projection: 0.4 — edge: 0.36. Marginal conviction based on usage rate and defensive matchup.
DH  George Springer,Toronto Blue Jays,mlb,BB,Toronto_Blue_Jays_at_Boston_Red_Sox,0.36,0.0,0.36,OVER,"Marginal +EV opportunity: DH  George Springer is projected for 0.4 BB vs a line of 0.0, giving a OVER edge of 0.36. Based on recent form, opponent matchup, and game context."
1B  Vladimir Guerrero Jr.,Toronto Blue Jays,mlb,RBI,Toronto_Blue_Jays_at_Boston_Red_Sox,0.36,0.0,0.36,OVER,Targeting 1B  Vladimir Guerrero Jr. OVER 0.0 RBI. Model projects 0.4 (0.36 edge). Recent trends and opponent weakness support this play.
RF  Wilyer Abreu,Boston Red Sox,mlb,BB,Toronto_Blue_Jays_at_Boston_Red_Sox,0.36,0.0,0.36,OVER,RF  Wilyer Abreu shows OVER value at 0.0 BB. TC projection: 0.4 — edge: 0.36. Marginal conviction based on usage rate and defensive matchup.
CF  Lane Thomas,Kansas City Royals,mlb,BB,Kansas_City_Royals_at_Detroit_Tigers,0.35,0.0,0.35,OVER,Targeting CF  Lane Thomas OVER 0.0 BB. Model projects 0.3 (0.35 edge). Recent trends and opponent weakness support this play.
2B  Michael Massey,Kansas City Royals,mlb,R,Kansas_City_Royals_at_Detroit_Tigers,0.35,0.0,0.35,OVER,Targeting 2B  Michael Massey OVER 0.0 R. Model projects 0.3 (0.35 edge). Recent trends and opponent weakness support this play.
3B  Nick Loftin,Kansas City Royals,mlb,R,Kansas_City_Royals_at_Detroit_Tigers,0.35,0.0,0.35,OVER,"Marginal +EV opportunity: 3B  Nick Loftin is projected for 0.3 R vs a line of 0.0, giving a OVER edge of 0.35. Based on recent form, opponent matchup, and game context."
1B  Nolan Schanuel,Los Angeles Angels,mlb,RBI,Los_Angeles_Angels_at_San_Francisco_Giants,0.35,0.0,0.35,OVER,1B  Nolan Schanuel shows OVER value at 0.0 RBI. TC projection: 0.3 — edge: 0.35. Marginal conviction based on usage rate and defensive matchup.
C   Tyler Heineman,Los Angeles Angels,mlb,H,Los_Angeles_Angels_at_San_Francisco_Giants,0.35,0.0,0.35,OVER,Targeting C   Tyler Heineman OVER 0.0 H. Model projects 0.3 (0.35 edge). Recent trends and opponent weakness support this play.
CF  Grant McCray,San Francisco Giants,mlb,R,Los_Angeles_Angels_at_San_Francisco_Giants,0.35,0.0,0.35,OVER,CF  Grant McCray shows OVER value at 0.0 R. TC projection: 0.3 — edge: 0.35. Marginal conviction based on usage rate and defensive matchup.
CF  Grant McCray,San Francisco Giants,mlb,SB,Los_Angeles_Angels_at_San_Francisco_Giants,0.35,0.0,0.35,OVER,"Marginal +EV opportunity: CF  Grant McCray is projected for 0.3 SB vs a line of 0.0, giving a OVER edge of 0.35. Based on recent form, opponent matchup, and game context."
RF  Carson Benge,New York Mets,mlb,RBI,Los_Angeles_Dodgers_at_New_York_Mets,0.35,0.0,0.35,OVER,RF  Carson Benge shows OVER value at 0.0 RBI. TC projection: 0.3 — edge: 0.35. Marginal conviction based on usage rate and defensive matchup.
CF  Luis Robert Jr.,New York Mets,mlb,R,Los_Angeles_Dodgers_at_New_York_Mets,0.35,0.0,0.35,OVER,"Marginal +EV opportunity: CF  Luis Robert Jr. is projected for 0.3 R vs a line of 0.0, giving a OVER edge of 0.35. Based on recent form, opponent matchup, and game context."
SS  José Caballero,New York Yankees,mlb,RBI,New_York_Yankees_at_Philadelphia_Phillies,0.35,0.0,0.35,OVER,Targeting SS  José Caballero OVER 0.0 RBI. Model projects 0.3 (0.35 edge). Recent trends and opponent weakness support this play.
SS  Trea Turner,Philadelphia Phillies,mlb,RBI,New_York_Yankees_at_Philadelphia_Phillies,0.35,0.0,0.35,OVER,SS  Trea Turner shows OVER value at 0.0 RBI. TC projection: 0.3 — edge: 0.35. Marginal conviction based on usage rate and defensive matchup.
1B  Gavin Sheets,San Diego Padres,mlb,RBI,San_Diego_Padres_at_Miami_Marlins,0.35,0.0,0.35,OVER,Targeting 1B  Gavin Sheets OVER 0.0 RBI. Model projects 0.3 (0.35 edge). Recent trends and opponent weakness support this play.
SS  Xander Bogaerts,San Diego Padres,mlb,R,San_Diego_Padres_at_Miami_Marlins,0.35,0.0,0.35,OVER,SS  Xander Bogaerts shows OVER value at 0.0 R. TC projection: 0.3 — edge: 0.35. Marginal conviction based on usage rate and defensive matchup.
LF  Randy Arozarena,Seattle Mariners,mlb,BB,Seattle_Mariners_at_Texas_Rangers,0.35,0.0,0.35,OVER,Targeting LF  Randy Arozarena OVER 0.0 BB. Model projects 0.3 (0.35 edge). Recent trends and opponent weakness support this play.
RF  Brandon Nimmo,Texas Rangers,mlb,RBI,Seattle_Mariners_at_Texas_Rangers,0.35,0.0,0.35,OVER,Targeting RF  Brandon Nimmo OVER 0.0 RBI. Model projects 0.3 (0.35 edge). Recent trends and opponent weakness support this play.
DH  Romy Gonzalez,Boston Red Sox,mlb,RBI,Toronto_Blue_Jays_at_Boston_Red_Sox,0.35,0.0,0.35,OVER,Targeting DH  Romy Gonzalez OVER 0.0 RBI. Model projects 0.3 (0.35 edge). Recent trends and opponent weakness support this play.
C   Drew Romo,Chicago White Sox,mlb,H,Houston_Astros_at_Chicago_White_Sox,0.34,0.0,0.34,OVER,C   Drew Romo shows OVER value at 0.0 H. TC projection: 0.3 — edge: 0.34. Marginal conviction based on usage rate and defensive matchup.
CF  Tristan Peters,Chicago White Sox,mlb,R,Houston_Astros_at_Chicago_White_Sox,0.34,0.0,0.34,OVER,"Marginal +EV opportunity: CF  Tristan Peters is projected for 0.3 R vs a line of 0.0, giving a OVER edge of 0.34. Based on recent form, opponent matchup, and game context."
CF  Lane Thomas,Kansas City Royals,mlb,RBI,Kansas_City_Royals_at_Detroit_Tigers,0.34,0.0,0.34,OVER,Targeting CF  Lane Thomas OVER 0.0 RBI. Model projects 0.3 (0.34 edge). Recent trends and opponent weakness support this play.
3B  Colt Keith,Detroit Tigers,mlb,R,Kansas_City_Royals_at_Detroit_Tigers,0.34,0.0,0.34,OVER,"Marginal +EV opportunity: 3B  Colt Keith is projected for 0.3 R vs a line of 0.0, giving a OVER edge of 0.34. Based on recent form, opponent matchup, and game context."
2B  Gleyber Torres,Detroit Tigers,mlb,RBI,Kansas_City_Royals_at_Detroit_Tigers,0.34,0.0,0.34,OVER,2B  Gleyber Torres shows OVER value at 0.0 RBI. TC projection: 0.3 — edge: 0.34. Marginal conviction based on usage rate and defensive matchup.
DH  Jorge Soler,Los Angeles Angels,mlb,BB,Los_Angeles_Angels_at_San_Francisco_Giants,0.34,0.0,0.34,OVER,"Marginal +EV opportunity: DH  Jorge Soler is projected for 0.3 BB vs a line of 0.0, giving a OVER edge of 0.34. Based on recent form, opponent matchup, and game context."
LF  Wade Meckler,Los Angeles Angels,mlb,R,Los_Angeles_Angels_at_San_Francisco_Giants,0.34,0.0,0.34,OVER,"Marginal +EV opportunity: LF  Wade Meckler is projected for 0.3 R vs a line of 0.0, giving a OVER edge of 0.34. Based on recent form, opponent matchup, and game context."
1B  Rafael Devers,San Francisco Giants,mlb,BB,Los_Angeles_Angels_at_San_Francisco_Giants,0.34,0.0,0.34,OVER,Targeting 1B  Rafael Devers OVER 0.0 BB. Model projects 0.3 (0.34 edge). Recent trends and opponent weakness support this play.
CF  A.J. Ewing,New York Mets,mlb,RBI,Los_Angeles_Dodgers_at_New_York_Mets,0.34,0.0,0.34,OVER,"Marginal +EV opportunity: CF  A.J. Ewing is projected for 0.3 RBI vs a line of 0.0, giving a OVER edge of 0.34. Based on recent form, opponent matchup, and game context."
3B  Brett Baty,New York Mets,mlb,R,Los_Angeles_Dodgers_at_New_York_Mets,0.34,0.0,0.34,OVER,"Marginal +EV opportunity: 3B  Brett Baty is projected for 0.3 R vs a line of 0.0, giving a OVER edge of 0.34. Based on recent form, opponent matchup, and game context."
C   Ali Sánchez,New York Yankees,mlb,H,New_York_Yankees_at_Philadelphia_Phillies,0.34,0.0,0.34,OVER,"Marginal +EV opportunity: C   Ali Sánchez is projected for 0.3 H vs a line of 0.0, giving a OVER edge of 0.34. Based on recent form, opponent matchup, and game context."
SS  José Caballero,New York Yankees,mlb,R,New_York_Yankees_at_Philadelphia_Phillies,0.34,0.0,0.34,OVER,SS  José Caballero shows OVER value at 0.0 R. TC projection: 0.3 — edge: 0.34. Marginal conviction based on usage rate and defensive matchup.
1B  Gavin Sheets,San Diego Padres,mlb,BB,San_Diego_Padres_at_Miami_Marlins,0.34,0.0,0.34,OVER,Targeting 1B  Gavin Sheets OVER 0.0 BB. Model projects 0.3 (0.34 edge). Recent trends and opponent weakness support this play.
RF  Esteury Ruiz,Miami Marlins,mlb,R,San_Diego_Padres_at_Miami_Marlins,0.34,0.0,0.34,OVER,Targeting RF  Esteury Ruiz OVER 0.0 R. Model projects 0.3 (0.34 edge). Recent trends and opponent weakness support this play.
SS  Colt Emerson,Seattle Mariners,mlb,RBI,Seattle_Mariners_at_Texas_Rangers,0.34,0.0,0.34,OVER,SS  Colt Emerson shows OVER value at 0.0 RBI. TC projection: 0.3 — edge: 0.34. Marginal conviction based on usage rate and defensive matchup.
1B  Josh Naylor,Seattle Mariners,mlb,R,Seattle_Mariners_at_Texas_Rangers,0.34,0.0,0.34,OVER,Targeting 1B  Josh Naylor OVER 0.0 R. Model projects 0.3 (0.34 edge). Recent trends and opponent weakness support this play.
CF  Evan Carter,Texas Rangers,mlb,R,Seattle_Mariners_at_Texas_Rangers,0.34,0.0,0.34,OVER,CF  Evan Carter shows OVER value at 0.0 R. TC projection: 0.3 — edge: 0.34. Marginal conviction based on usage rate and defensive matchup.
DH  Joc Pederson,Texas Rangers,mlb,RBI,Seattle_Mariners_at_Texas_Rangers,0.34,0.0,0.34,OVER,"Marginal +EV opportunity: DH  Joc Pederson is projected for 0.3 RBI vs a line of 0.0, giving a OVER edge of 0.34. Based on recent form, opponent matchup, and game context."
DH  Joc Pederson,Texas Rangers,mlb,BB,Seattle_Mariners_at_Texas_Rangers,0.34,0.0,0.34,OVER,Targeting DH  Joc Pederson OVER 0.0 BB. Model projects 0.3 (0.34 edge). Recent trends and opponent weakness support this play.
DH  Masataka Yoshida,Boston Red Sox,mlb,R,Toronto_Blue_Jays_at_Boston_Red_Sox,0.34,0.0,0.34,OVER,"Marginal +EV opportunity: DH  Masataka Yoshida is projected for 0.3 R vs a line of 0.0, giving a OVER edge of 0.34. Based on recent form, opponent matchup, and game context."
1B  Willson Contreras,Boston Red Sox,mlb,BB,Toronto_Blue_Jays_at_Boston_Red_Sox,0.34,0.0,0.34,OVER,"Marginal +EV opportunity: 1B  Willson Contreras is projected for 0.3 BB vs a line of 0.0, giving a OVER edge of 0.34. Based on recent form, opponent matchup, and game context."
CF  Tristan Peters,Chicago White Sox,mlb,RBI,Houston_Astros_at_Chicago_White_Sox,0.33,0.0,0.33,OVER,CF  Tristan Peters shows OVER value at 0.0 RBI. TC projection: 0.3 — edge: 0.33. Marginal conviction based on usage rate and defensive matchup.
LF  Isaac Collins,Kansas City Royals,mlb,R,Kansas_City_Royals_at_Detroit_Tigers,0.33,0.0,0.33,OVER,"Marginal +EV opportunity: LF  Isaac Collins is projected for 0.3 R vs a line of 0.0, giving a OVER edge of 0.33. Based on recent form, opponent matchup, and game context."
2B  Michael Massey,Kansas City Royals,mlb,RBI,Kansas_City_Royals_at_Detroit_Tigers,0.33,0.0,0.33,OVER,"Marginal +EV opportunity: 2B  Michael Massey is projected for 0.3 RBI vs a line of 0.0, giving a OVER edge of 0.33. Based on recent form, opponent matchup, and game context."
DH  Bryce Eldridge,San Francisco Giants,mlb,RBI,Los_Angeles_Angels_at_San_Francisco_Giants,0.33,0.0,0.33,OVER,"Marginal +EV opportunity: DH  Bryce Eldridge is projected for 0.3 RBI vs a line of 0.0, giving a OVER edge of 0.33. Based on recent form, opponent matchup, and game context."
2B  Luis Arraez,San Francisco Giants,mlb,RBI,Los_Angeles_Angels_at_San_Francisco_Giants,0.33,0.0,0.33,OVER,Targeting 2B  Luis Arraez OVER 0.0 RBI. Model projects 0.3 (0.33 edge). Recent trends and opponent weakness support this play.
CF  A.J. Ewing,New York Mets,mlb,BB,Los_Angeles_Dodgers_at_New_York_Mets,0.33,0.0,0.33,OVER,Targeting CF  A.J. Ewing OVER 0.0 BB. Model projects 0.3 (0.33 edge). Recent trends and opponent weakness support this play.
C   J.T. Realmuto,Philadelphia Phillies,mlb,R,New_York_Yankees_at_Philadelphia_Phillies,0.33,0.0,0.33,OVER,Targeting C   J.T. Realmuto OVER 0.0 R. Model projects 0.3 (0.33 edge). Recent trends and opponent weakness support this play.
RF  Fernando Tatis Jr.,San Diego Padres,mlb,BB,San_Diego_Padres_at_Miami_Marlins,0.33,0.0,0.33,OVER,Targeting RF  Fernando Tatis Jr. OVER 0.0 BB. Model projects 0.3 (0.33 edge). Recent trends and opponent weakness support this play.
1B  Gavin Sheets,San Diego Padres,mlb,R,San_Diego_Padres_at_Miami_Marlins,0.33,0.0,0.33,OVER,"Marginal +EV opportunity: 1B  Gavin Sheets is projected for 0.3 R vs a line of 0.0, giving a OVER edge of 0.33. Based on recent form, opponent matchup, and game context."
LF  Kyle Stowers,Miami Marlins,mlb,BB,San_Diego_Padres_at_Miami_Marlins,0.33,0.0,0.33,OVER,Targeting LF  Kyle Stowers OVER 0.0 BB. Model projects 0.3 (0.33 edge). Recent trends and opponent weakness support this play.
C   Liam Hicks,Miami Marlins,mlb,BB,San_Diego_Padres_at_Miami_Marlins,0.33,0.0,0.33,OVER,"Marginal +EV opportunity: C   Liam Hicks is projected for 0.3 BB vs a line of 0.0, giving a OVER edge of 0.33. Based on recent form, opponent matchup, and game context."
C   Elias Díaz,Texas Rangers,mlb,RBI,Seattle_Mariners_at_Texas_Rangers,0.33,0.0,0.33,OVER,"Marginal +EV opportunity: C   Elias Díaz is projected for 0.3 RBI vs a line of 0.0, giving a OVER edge of 0.33. Based on recent form, opponent matchup, and game context."
3B  Josh Jung,Texas Rangers,mlb,RBI,Seattle_Mariners_at_Texas_Rangers,0.33,0.0,0.33,OVER,"Marginal +EV opportunity: 3B  Josh Jung is projected for 0.3 RBI vs a line of 0.0, giving a OVER edge of 0.33. Based on recent form, opponent matchup, and game context."
SS  Andrés Giménez,Toronto Blue Jays,mlb,RBI,Toronto_Blue_Jays_at_Boston_Red_Sox,0.33,0.0,0.33,OVER,Targeting SS  Andrés Giménez OVER 0.0 RBI. Model projects 0.3 (0.33 edge). Recent trends and opponent weakness support this play.
CF  Daulton Varsho,Toronto Blue Jays,mlb,R,Toronto_Blue_Jays_at_Boston_Red_Sox,0.33,0.0,0.33,OVER,Targeting CF  Daulton Varsho OVER 0.0 R. Model projects 0.3 (0.33 edge). Recent trends and opponent weakness support this play.
DH  Randal Grichuk,Chicago White Sox,mlb,RBI,Houston_Astros_at_Chicago_White_Sox,0.32,0.0,0.32,OVER,Targeting DH  Randal Grichuk OVER 0.0 RBI. Model projects 0.3 (0.32 edge). Recent trends and opponent weakness support this play.
LF  Sam Antonacci,Chicago White Sox,mlb,RBI,Houston_Astros_at_Chicago_White_Sox,0.32,0.0,0.32,OVER,Targeting LF  Sam Antonacci OVER 0.0 RBI. Model projects 0.3 (0.32 edge). Recent trends and opponent weakness support this play.
RF  Jac Caglianone,Kansas City Royals,mlb,RBI,Kansas_City_Royals_at_Detroit_Tigers,0.32,0.0,0.32,OVER,"Marginal +EV opportunity: RF  Jac Caglianone is projected for 0.3 RBI vs a line of 0.0, giving a OVER edge of 0.32. Based on recent form, opponent matchup, and game context."
C   Jake Rogers,Detroit Tigers,mlb,BB,Kansas_City_Royals_at_Detroit_Tigers,0.32,0.0,0.32,OVER,Targeting C   Jake Rogers OVER 0.0 BB. Model projects 0.3 (0.32 edge). Recent trends and opponent weakness support this play.
CF  Jose Siri,Los Angeles Angels,mlb,R,Los_Angeles_Angels_at_San_Francisco_Giants,0.32,0.0,0.32,OVER,Targeting CF  Jose Siri OVER 0.0 R. Model projects 0.3 (0.32 edge). Recent trends and opponent weakness support this play.
1B  Nolan Schanuel,Los Angeles Angels,mlb,R,Los_Angeles_Angels_at_San_Francisco_Giants,0.32,0.0,0.32,OVER,Targeting 1B  Nolan Schanuel OVER 0.0 R. Model projects 0.3 (0.32 edge). Recent trends and opponent weakness support this play.
2B  Vaughn Grissom,Los Angeles Angels,mlb,R,Los_Angeles_Angels_at_San_Francisco_Giants,0.32,0.0,0.32,OVER,2B  Vaughn Grissom shows OVER value at 0.0 R. TC projection: 0.3 — edge: 0.32. Marginal conviction based on usage rate and defensive matchup.
C   Francisco Alvarez,New York Mets,mlb,RBI,Los_Angeles_Dodgers_at_New_York_Mets,0.32,0.0,0.32,OVER,Targeting C   Francisco Alvarez OVER 0.0 RBI. Model projects 0.3 (0.32 edge). Recent trends and opponent weakness support this play.
2B  Marcus Semien,New York Mets,mlb,R,Los_Angeles_Dodgers_at_New_York_Mets,0.32,0.0,0.32,OVER,"Marginal +EV opportunity: 2B  Marcus Semien is projected for 0.3 R vs a line of 0.0, giving a OVER edge of 0.32. Based on recent form, opponent matchup, and game context."
C   Austin Wells,New York Yankees,mlb,BB,New_York_Yankees_at_Philadelphia_Phillies,0.32,0.0,0.32,OVER,Targeting C   Austin Wells OVER 0.0 BB. Model projects 0.3 (0.32 edge). Recent trends and opponent weakness support this play.
RF  Jasson Domínguez,New York Yankees,mlb,R,New_York_Yankees_at_Philadelphia_Phillies,0.32,0.0,0.32,OVER,Targeting RF  Jasson Domínguez OVER 0.0 R. Model projects 0.3 (0.32 edge). Recent trends and opponent weakness support this play.
2B  Jazz Chisholm Jr.,New York Yankees,mlb,BB,New_York_Yankees_at_Philadelphia_Phillies,0.32,0.0,0.32,OVER,Targeting 2B  Jazz Chisholm Jr. OVER 0.0 BB. Model projects 0.3 (0.32 edge). Recent trends and opponent weakness support this play.
SS  Max Schuemann,New York Yankees,mlb,H,New_York_Yankees_at_Philadelphia_Phillies,0.32,0.0,0.32,OVER,SS  Max Schuemann shows OVER value at 0.0 H. TC projection: 0.3 — edge: 0.32. Marginal conviction based on usage rate and defensive matchup.
C   Freddy Fermin,San Diego Padres,mlb,H,San_Diego_Padres_at_Miami_Marlins,0.32,0.0,0.32,OVER,Targeting C   Freddy Fermin OVER 0.0 H. Model projects 0.3 (0.32 edge). Recent trends and opponent weakness support this play.
2B  Jake Cronenworth,San Diego Padres,mlb,R,San_Diego_Padres_at_Miami_Marlins,0.32,0.0,0.32,OVER,2B  Jake Cronenworth shows OVER value at 0.0 R. TC projection: 0.3 — edge: 0.32. Marginal conviction based on usage rate and defensive matchup.
C   Luis Campusano,San Diego Padres,mlb,RBI,San_Diego_Padres_at_Miami_Marlins,0.32,0.0,0.32,OVER,Targeting C   Luis Campusano OVER 0.0 RBI. Model projects 0.3 (0.32 edge). Recent trends and opponent weakness support this play.
3B  Luis Rengifo,San Diego Padres,mlb,R,San_Diego_Padres_at_Miami_Marlins,0.32,0.0,0.32,OVER,"Marginal +EV opportunity: 3B  Luis Rengifo is projected for 0.3 R vs a line of 0.0, giving a OVER edge of 0.32. Based on recent form, opponent matchup, and game context."
3B  Luis Rengifo,San Diego Padres,mlb,RBI,San_Diego_Padres_at_Miami_Marlins,0.32,0.0,0.32,OVER,Targeting 3B  Luis Rengifo OVER 0.0 RBI. Model projects 0.3 (0.32 edge). Recent trends and opponent weakness support this play.
1B  Ty France,San Diego Padres,mlb,R,San_Diego_Padres_at_Miami_Marlins,0.32,0.0,0.32,OVER,"Marginal +EV opportunity: 1B  Ty France is projected for 0.3 R vs a line of 0.0, giving a OVER edge of 0.32. Based on recent form, opponent matchup, and game context."
SS  Xander Bogaerts,San Diego Padres,mlb,RBI,San_Diego_Padres_at_Miami_Marlins,0.32,0.0,0.32,OVER,Targeting SS  Xander Bogaerts OVER 0.0 RBI. Model projects 0.3 (0.32 edge). Recent trends and opponent weakness support this play.
DH  Dominic Canzone,Seattle Mariners,mlb,R,Seattle_Mariners_at_Texas_Rangers,0.32,0.0,0.32,OVER,Targeting DH  Dominic Canzone OVER 0.0 R. Model projects 0.3 (0.32 edge). Recent trends and opponent weakness support this play.
1B  Josh Naylor,Seattle Mariners,mlb,RBI,Seattle_Mariners_at_Texas_Rangers,0.32,0.0,0.32,OVER,"Marginal +EV opportunity: 1B  Josh Naylor is projected for 0.3 RBI vs a line of 0.0, giving a OVER edge of 0.32. Based on recent form, opponent matchup, and game context."
2B  Justin Foscue,Texas Rangers,mlb,RBI,Seattle_Mariners_at_Texas_Rangers,0.32,0.0,0.32,OVER,"Marginal +EV opportunity: 2B  Justin Foscue is projected for 0.3 RBI vs a line of 0.0, giving a OVER edge of 0.32. Based on recent form, opponent matchup, and game context."
LF  Davis Schneider,Toronto Blue Jays,mlb,BB,Toronto_Blue_Jays_at_Boston_Red_Sox,0.32,0.0,0.32,OVER,Targeting LF  Davis Schneider OVER 0.0 BB. Model projects 0.3 (0.32 edge). Recent trends and opponent weakness support this play.
3B  Kazuma Okamoto,Toronto Blue Jays,mlb,BB,Toronto_Blue_Jays_at_Boston_Red_Sox,0.32,0.0,0.32,OVER,"Marginal +EV opportunity: 3B  Kazuma Okamoto is projected for 0.3 BB vs a line of 0.0, giving a OVER edge of 0.32. Based on recent form, opponent matchup, and game context."
RF  Myles Straw,Toronto Blue Jays,mlb,H,Toronto_Blue_Jays_at_Boston_Red_Sox,0.32,0.0,0.32,OVER,"Marginal +EV opportunity: RF  Myles Straw is projected for 0.3 H vs a line of 0.0, giving a OVER edge of 0.32. Based on recent form, opponent matchup, and game context."
SS  Colson Montgomery,Chicago White Sox,mlb,BB,Houston_Astros_at_Chicago_White_Sox,0.31,0.0,0.31,OVER,"Marginal +EV opportunity: SS  Colson Montgomery is projected for 0.3 BB vs a line of 0.0, giving a OVER edge of 0.31. Based on recent form, opponent matchup, and game context."
DH  Salvador Perez,Kansas City Royals,mlb,R,Kansas_City_Royals_at_Detroit_Tigers,0.31,0.0,0.31,OVER,Targeting DH  Salvador Perez OVER 0.0 R. Model projects 0.3 (0.31 edge). Recent trends and opponent weakness support this play.
1B  Nolan Schanuel,Los Angeles Angels,mlb,BB,Los_Angeles_Angels_at_San_Francisco_Giants,0.31,0.0,0.31,OVER,"Marginal +EV opportunity: 1B  Nolan Schanuel is projected for 0.3 BB vs a line of 0.0, giving a OVER edge of 0.31. Based on recent form, opponent matchup, and game context."
RF  Jung Hoo Lee,San Francisco Giants,mlb,RBI,Los_Angeles_Angels_at_San_Francisco_Giants,0.31,0.0,0.31,OVER,RF  Jung Hoo Lee shows OVER value at 0.0 RBI. TC projection: 0.3 — edge: 0.31. Marginal conviction based on usage rate and defensive matchup.
LF  Teoscar Hernández,Los Angeles Dodgers,mlb,BB,Los_Angeles_Dodgers_at_New_York_Mets,0.31,0.0,0.31,OVER,LF  Teoscar Hernández shows OVER value at 0.0 BB. TC projection: 0.3 — edge: 0.31. Marginal conviction based on usage rate and defensive matchup.
2B  Marcus Semien,New York Mets,mlb,RBI,Los_Angeles_Dodgers_at_New_York_Mets,0.31,0.0,0.31,OVER,2B  Marcus Semien shows OVER value at 0.0 RBI. TC projection: 0.3 — edge: 0.31. Marginal conviction based on usage rate and defensive matchup.
SS  Anthony Volpe,New York Yankees,mlb,R,New_York_Yankees_at_Philadelphia_Phillies,0.31,0.0,0.31,OVER,Targeting SS  Anthony Volpe OVER 0.0 R. Model projects 0.3 (0.31 edge). Recent trends and opponent weakness support this play.
2B  Xavier Edwards,Miami Marlins,mlb,RBI,San_Diego_Padres_at_Miami_Marlins,0.31,0.0,0.31,OVER,Targeting 2B  Xavier Edwards OVER 0.0 RBI. Model projects 0.3 (0.31 edge). Recent trends and opponent weakness support this play.
C   Mitch Garver,Seattle Mariners,mlb,R,Seattle_Mariners_at_Texas_Rangers,0.31,0.0,0.31,OVER,"Marginal +EV opportunity: C   Mitch Garver is projected for 0.3 R vs a line of 0.0, giving a OVER edge of 0.31. Based on recent form, opponent matchup, and game context."
LF  Alejandro Osuna,Texas Rangers,mlb,R,Seattle_Mariners_at_Texas_Rangers,0.31,0.0,0.31,OVER,Targeting LF  Alejandro Osuna OVER 0.0 R. Model projects 0.3 (0.31 edge). Recent trends and opponent weakness support this play.
3B  Josh Jung,Texas Rangers,mlb,BB,Seattle_Mariners_at_Texas_Rangers,0.31,0.0,0.31,OVER,"Marginal +EV opportunity: 3B  Josh Jung is projected for 0.3 BB vs a line of 0.0, giving a OVER edge of 0.31. Based on recent form, opponent matchup, and game context."
C   Alejandro Kirk,Toronto Blue Jays,mlb,RBI,Toronto_Blue_Jays_at_Boston_Red_Sox,0.31,0.0,0.31,OVER,Targeting C   Alejandro Kirk OVER 0.0 RBI. Model projects 0.3 (0.31 edge). Recent trends and opponent weakness support this play.
C   Alejandro Kirk,Toronto Blue Jays,mlb,BB,Toronto_Blue_Jays_at_Boston_Red_Sox,0.31,0.0,0.31,OVER,Targeting C   Alejandro Kirk OVER 0.0 BB. Model projects 0.3 (0.31 edge). Recent trends and opponent weakness support this play.
DH  George Springer,Toronto Blue Jays,mlb,RBI,Toronto_Blue_Jays_at_Boston_Red_Sox,0.31,0.0,0.31,OVER,"Marginal +EV opportunity: DH  George Springer is projected for 0.3 RBI vs a line of 0.0, giving a OVER edge of 0.31. Based on recent form, opponent matchup, and game context."
LF  Yohendrick Piñango,Toronto Blue Jays,mlb,RBI,Toronto_Blue_Jays_at_Boston_Red_Sox,0.31,0.0,0.31,OVER,Targeting LF  Yohendrick Piñango OVER 0.0 RBI. Model projects 0.3 (0.31 edge). Recent trends and opponent weakness support this play.
SS  Tsung-Che Cheng,Boston Red Sox,mlb,RBI,Toronto_Blue_Jays_at_Boston_Red_Sox,0.31,0.0,0.31,OVER,"Marginal +EV opportunity: SS  Tsung-Che Cheng is projected for 0.3 RBI vs a line of 0.0, giving a OVER edge of 0.31. Based on recent form, opponent matchup, and game context."
DH  Randal Grichuk,Chicago White Sox,mlb,R,Houston_Astros_at_Chicago_White_Sox,0.3,0.0,0.3,OVER,"Marginal +EV opportunity: DH  Randal Grichuk is projected for 0.3 R vs a line of 0.0, giving a OVER edge of 0.30. Based on recent form, opponent matchup, and game context."
C   Carter Jensen,Kansas City Royals,mlb,BB,Kansas_City_Royals_at_Detroit_Tigers,0.3,0.0,0.3,OVER,Targeting C   Carter Jensen OVER 0.0 BB. Model projects 0.3 (0.30 edge). Recent trends and opponent weakness support this play.
LF  Isaac Collins,Kansas City Royals,mlb,RBI,Kansas_City_Royals_at_Detroit_Tigers,0.3,0.0,0.3,OVER,"Marginal +EV opportunity: LF  Isaac Collins is projected for 0.3 RBI vs a line of 0.0, giving a OVER edge of 0.30. Based on recent form, opponent matchup, and game context."
RF  Kerry Carpenter,Detroit Tigers,mlb,R,Kansas_City_Royals_at_Detroit_Tigers,0.3,0.0,0.3,OVER,Targeting RF  Kerry Carpenter OVER 0.0 R. Model projects 0.3 (0.30 edge). Recent trends and opponent weakness support this play.
SS  Kevin McGonigle,Detroit Tigers,mlb,RBI,Kansas_City_Royals_at_Detroit_Tigers,0.3,0.0,0.3,OVER,SS  Kevin McGonigle shows OVER value at 0.0 RBI. TC projection: 0.3 — edge: 0.30. Marginal conviction based on usage rate and defensive matchup.
CF  Matt Vierling,Detroit Tigers,mlb,RBI,Kansas_City_Royals_at_Detroit_Tigers,0.3,0.0,0.3,OVER,CF  Matt Vierling shows OVER value at 0.0 RBI. TC projection: 0.3 — edge: 0.30. Marginal conviction based on usage rate and defensive matchup.
CF  Jose Siri,Los Angeles Angels,mlb,RBI,Los_Angeles_Angels_at_San_Francisco_Giants,0.3,0.0,0.3,OVER,"Marginal +EV opportunity: CF  Jose Siri is projected for 0.3 RBI vs a line of 0.0, giving a OVER edge of 0.30. Based on recent form, opponent matchup, and game context."
LF  Wade Meckler,Los Angeles Angels,mlb,RBI,Los_Angeles_Angels_at_San_Francisco_Giants,0.3,0.0,0.3,OVER,LF  Wade Meckler shows OVER value at 0.0 RBI. TC projection: 0.3 — edge: 0.30. Marginal conviction based on usage rate and defensive matchup.
C   Daniel Susac,San Francisco Giants,mlb,RBI,Los_Angeles_Angels_at_San_Francisco_Giants,0.3,0.0,0.3,OVER,"Marginal +EV opportunity: C   Daniel Susac is projected for 0.3 RBI vs a line of 0.0, giving a OVER edge of 0.30. Based on recent form, opponent matchup, and game context."
SS  Francisco Lindor,New York Mets,mlb,RBI,Los_Angeles_Dodgers_at_New_York_Mets,0.3,0.0,0.3,OVER,Targeting SS  Francisco Lindor OVER 0.0 RBI. Model projects 0.3 (0.30 edge). Recent trends and opponent weakness support this play.
C   Luis Torrens,New York Mets,mlb,R,Los_Angeles_Dodgers_at_New_York_Mets,0.3,0.0,0.3,OVER,C   Luis Torrens shows OVER value at 0.0 R. TC projection: 0.3 — edge: 0.30. Marginal conviction based on usage rate and defensive matchup.
RF  Esteury Ruiz,Miami Marlins,mlb,SB,San_Diego_Padres_at_Miami_Marlins,0.3,0.0,0.3,OVER,RF  Esteury Ruiz shows OVER value at 0.0 SB. TC projection: 0.3 — edge: 0.30. Marginal conviction based on usage rate and defensive matchup.
LF  Heriberto Hernández,Miami Marlins,mlb,R,San_Diego_Padres_at_Miami_Marlins,0.3,0.0,0.3,OVER,LF  Heriberto Hernández shows OVER value at 0.0 R. TC projection: 0.3 — edge: 0.30. Marginal conviction based on usage rate and defensive matchup.
2B  Zach McKinstry,Detroit Tigers,mlb,BB,Kansas_City_Royals_at_Detroit_Tigers,0.29,0.0,0.29,OVER,2B  Zach McKinstry shows OVER value at 0.0 BB. TC projection: 0.3 — edge: 0.29. Marginal conviction based on usage rate and defensive matchup.
3B  Denzer Guzman,Los Angeles Angels,mlb,R,Los_Angeles_Angels_at_San_Francisco_Giants,0.29,0.0,0.29,OVER,Targeting 3B  Denzer Guzman OVER 0.0 R. Model projects 0.3 (0.29 edge). Recent trends and opponent weakness support this play.
LF  Josh Lowe,Los Angeles Angels,mlb,RBI,Los_Angeles_Angels_at_San_Francisco_Giants,0.29,0.0,0.29,OVER,"Marginal +EV opportunity: LF  Josh Lowe is projected for 0.3 RBI vs a line of 0.0, giving a OVER edge of 0.29. Based on recent form, opponent matchup, and game context."
CF  Andy Pages,Los Angeles Dodgers,mlb,BB,Los_Angeles_Dodgers_at_New_York_Mets,0.29,0.0,0.29,OVER,Targeting CF  Andy Pages OVER 0.0 BB. Model projects 0.3 (0.29 edge). Recent trends and opponent weakness support this play.
C   Dalton Rushing,Los Angeles Dodgers,mlb,BB,Los_Angeles_Dodgers_at_New_York_Mets,0.29,0.0,0.29,OVER,Targeting C   Dalton Rushing OVER 0.0 BB. Model projects 0.3 (0.29 edge). Recent trends and opponent weakness support this play.
SS  Mookie Betts,Los Angeles Dodgers,mlb,BB,Los_Angeles_Dodgers_at_New_York_Mets,0.29,0.0,0.29,OVER,SS  Mookie Betts shows OVER value at 0.0 BB. TC projection: 0.3 — edge: 0.29. Marginal conviction based on usage rate and defensive matchup.
3B  Brett Baty,New York Mets,mlb,RBI,Los_Angeles_Dodgers_at_New_York_Mets,0.29,0.0,0.29,OVER,"Marginal +EV opportunity: 3B  Brett Baty is projected for 0.3 RBI vs a line of 0.0, giving a OVER edge of 0.29. Based on recent form, opponent matchup, and game context."
1B  Jared Young,New York Mets,mlb,RBI,Los_Angeles_Dodgers_at_New_York_Mets,0.29,0.0,0.29,OVER,1B  Jared Young shows OVER value at 0.0 RBI. TC projection: 0.3 — edge: 0.29. Marginal conviction based on usage rate and defensive matchup.
CF  Luis Robert Jr.,New York Mets,mlb,RBI,Los_Angeles_Dodgers_at_New_York_Mets,0.29,0.0,0.29,OVER,"Marginal +EV opportunity: CF  Luis Robert Jr. is projected for 0.3 RBI vs a line of 0.0, giving a OVER edge of 0.29. Based on recent form, opponent matchup, and game context."
3B  Amed Rosario,New York Yankees,mlb,R,New_York_Yankees_at_Philadelphia_Phillies,0.29,0.0,0.29,OVER,Targeting 3B  Amed Rosario OVER 0.0 R. Model projects 0.3 (0.29 edge). Recent trends and opponent weakness support this play.
3B  Alec Bohm,Philadelphia Phillies,mlb,R,New_York_Yankees_at_Philadelphia_Phillies,0.29,0.0,0.29,OVER,"Marginal +EV opportunity: 3B  Alec Bohm is projected for 0.3 R vs a line of 0.0, giving a OVER edge of 0.29. Based on recent form, opponent matchup, and game context."
DH  Kyle Schwarber,Philadelphia Phillies,mlb,HR,New_York_Yankees_at_Philadelphia_Phillies,0.29,0.0,0.29,OVER,DH  Kyle Schwarber shows OVER value at 0.0 HR. TC projection: 0.3 — edge: 0.29. Marginal conviction based on usage rate and defensive matchup.
LF  Heriberto Hernández,Miami Marlins,mlb,BB,San_Diego_Padres_at_Miami_Marlins,0.29,0.0,0.29,OVER,"Marginal +EV opportunity: LF  Heriberto Hernández is projected for 0.3 BB vs a line of 0.0, giving a OVER edge of 0.29. Based on recent form, opponent matchup, and game context."
SS  Colt Emerson,Seattle Mariners,mlb,R,Seattle_Mariners_at_Texas_Rangers,0.29,0.0,0.29,OVER,"Marginal +EV opportunity: SS  Colt Emerson is projected for 0.3 R vs a line of 0.0, giving a OVER edge of 0.29. Based on recent form, opponent matchup, and game context."
RF  Brandon Nimmo,Texas Rangers,mlb,BB,Seattle_Mariners_at_Texas_Rangers,0.29,0.0,0.29,OVER,"Marginal +EV opportunity: RF  Brandon Nimmo is projected for 0.3 BB vs a line of 0.0, giving a OVER edge of 0.29. Based on recent form, opponent matchup, and game context."
C   Brandon Valenzuela,Toronto Blue Jays,mlb,RBI,Toronto_Blue_Jays_at_Boston_Red_Sox,0.29,0.0,0.29,OVER,"Marginal +EV opportunity: C   Brandon Valenzuela is projected for 0.3 RBI vs a line of 0.0, giving a OVER edge of 0.29. Based on recent form, opponent matchup, and game context."
C   Brandon Valenzuela,Toronto Blue Jays,mlb,BB,Toronto_Blue_Jays_at_Boston_Red_Sox,0.29,0.0,0.29,OVER,"Marginal +EV opportunity: C   Brandon Valenzuela is projected for 0.3 BB vs a line of 0.0, giving a OVER edge of 0.29. Based on recent form, opponent matchup, and game context."
RF  Nathan Lukes,Toronto Blue Jays,mlb,R,Toronto_Blue_Jays_at_Boston_Red_Sox,0.29,0.0,0.29,OVER,"Marginal +EV opportunity: RF  Nathan Lukes is projected for 0.3 R vs a line of 0.0, giving a OVER edge of 0.29. Based on recent form, opponent matchup, and game context."
2B  Anthony Seigler,Boston Red Sox,mlb,BB,Toronto_Blue_Jays_at_Boston_Red_Sox,0.29,0.0,0.29,OVER,2B  Anthony Seigler shows OVER value at 0.0 BB. TC projection: 0.3 — edge: 0.29. Marginal conviction based on usage rate and defensive matchup.
DH  Romy Gonzalez,Boston Red Sox,mlb,R,Toronto_Blue_Jays_at_Boston_Red_Sox,0.29,0.0,0.29,OVER,DH  Romy Gonzalez shows OVER value at 0.0 R. TC projection: 0.3 — edge: 0.29. Marginal conviction based on usage rate and defensive matchup.
2B  Hao-Yu Lee,Detroit Tigers,mlb,RBI,Kansas_City_Royals_at_Detroit_Tigers,0.28,0.0,0.28,OVER,Targeting 2B  Hao-Yu Lee OVER 0.0 RBI. Model projects 0.3 (0.28 edge). Recent trends and opponent weakness support this play.
2B  Alex Freeland,Los Angeles Dodgers,mlb,R,Los_Angeles_Dodgers_at_New_York_Mets,0.28,0.0,0.28,OVER,"Marginal +EV opportunity: 2B  Alex Freeland is projected for 0.3 R vs a line of 0.0, giving a OVER edge of 0.28. Based on recent form, opponent matchup, and game context."
C   Francisco Alvarez,New York Mets,mlb,R,Los_Angeles_Dodgers_at_New_York_Mets,0.28,0.0,0.28,OVER,"Marginal +EV opportunity: C   Francisco Alvarez is projected for 0.3 R vs a line of 0.0, giving a OVER edge of 0.28. Based on recent form, opponent matchup, and game context."
1B  Jared Young,New York Mets,mlb,R,Los_Angeles_Dodgers_at_New_York_Mets,0.28,0.0,0.28,OVER,"Marginal +EV opportunity: 1B  Jared Young is projected for 0.3 R vs a line of 0.0, giving a OVER edge of 0.28. Based on recent form, opponent matchup, and game context."
3B  Luis Rengifo,San Diego Padres,mlb,BB,San_Diego_Padres_at_Miami_Marlins,0.28,0.0,0.28,OVER,"Marginal +EV opportunity: 3B  Luis Rengifo is projected for 0.3 BB vs a line of 0.0, giving a OVER edge of 0.28. Based on recent form, opponent matchup, and game context."
2B  Sung-Mun Song,San Diego Padres,mlb,R,San_Diego_Padres_at_Miami_Marlins,0.28,0.0,0.28,OVER,"Marginal +EV opportunity: 2B  Sung-Mun Song is projected for 0.3 R vs a line of 0.0, giving a OVER edge of 0.28. Based on recent form, opponent matchup, and game context."
C   Cal Raleigh,Seattle Mariners,mlb,R,Seattle_Mariners_at_Texas_Rangers,0.28,0.0,0.28,OVER,Targeting C   Cal Raleigh OVER 0.0 R. Model projects 0.3 (0.28 edge). Recent trends and opponent weakness support this play.
SS  J.P. Crawford,Seattle Mariners,mlb,RBI,Seattle_Mariners_at_Texas_Rangers,0.28,0.0,0.28,OVER,"Marginal +EV opportunity: SS  J.P. Crawford is projected for 0.3 RBI vs a line of 0.0, giving a OVER edge of 0.28. Based on recent form, opponent matchup, and game context."
LF  Alejandro Osuna,Texas Rangers,mlb,RBI,Seattle_Mariners_at_Texas_Rangers,0.28,0.0,0.28,OVER,Targeting LF  Alejandro Osuna OVER 0.0 RBI. Model projects 0.3 (0.28 edge). Recent trends and opponent weakness support this play.
C   Brandon Valenzuela,Toronto Blue Jays,mlb,R,Toronto_Blue_Jays_at_Boston_Red_Sox,0.28,0.0,0.28,OVER,"Marginal +EV opportunity: C   Brandon Valenzuela is projected for 0.3 R vs a line of 0.0, giving a OVER edge of 0.28. Based on recent form, opponent matchup, and game context."
SS  Andruw Monasterio,Boston Red Sox,mlb,R,Toronto_Blue_Jays_at_Boston_Red_Sox,0.28,0.0,0.28,OVER,"Marginal +EV opportunity: SS  Andruw Monasterio is projected for 0.3 R vs a line of 0.0, giving a OVER edge of 0.28. Based on recent form, opponent matchup, and game context."
C   Connor Wong,Boston Red Sox,mlb,RBI,Toronto_Blue_Jays_at_Boston_Red_Sox,0.28,0.0,0.28,OVER,"Marginal +EV opportunity: C   Connor Wong is projected for 0.3 RBI vs a line of 0.0, giving a OVER edge of 0.28. Based on recent form, opponent matchup, and game context."
C   Connor Wong,Boston Red Sox,mlb,BB,Toronto_Blue_Jays_at_Boston_Red_Sox,0.28,0.0,0.28,OVER,"Marginal +EV opportunity: C   Connor Wong is projected for 0.3 BB vs a line of 0.0, giving a OVER edge of 0.28. Based on recent form, opponent matchup, and game context."
C   Drew Romo,Chicago White Sox,mlb,BB,Houston_Astros_at_Chicago_White_Sox,0.27,0.0,0.27,OVER,Targeting C   Drew Romo OVER 0.0 BB. Model projects 0.3 (0.27 edge). Recent trends and opponent weakness support this play.
CF  Lane Thomas,Kansas City Royals,mlb,R,Kansas_City_Royals_at_Detroit_Tigers,0.27,0.0,0.27,OVER,"Marginal +EV opportunity: CF  Lane Thomas is projected for 0.3 R vs a line of 0.0, giving a OVER edge of 0.27. Based on recent form, opponent matchup, and game context."
3B  Nick Loftin,Kansas City Royals,mlb,BB,Kansas_City_Royals_at_Detroit_Tigers,0.27,0.0,0.27,OVER,3B  Nick Loftin shows OVER value at 0.0 BB. TC projection: 0.3 — edge: 0.27. Marginal conviction based on usage rate and defensive matchup.
C   Jake Rogers,Detroit Tigers,mlb,R,Kansas_City_Royals_at_Detroit_Tigers,0.27,0.0,0.27,OVER,C   Jake Rogers shows OVER value at 0.0 R. TC projection: 0.3 — edge: 0.27. Marginal conviction based on usage rate and defensive matchup.
C   Logan O'Hoppe,Los Angeles Angels,mlb,RBI,Los_Angeles_Angels_at_San_Francisco_Giants,0.27,0.0,0.27,OVER,C   Logan O'Hoppe shows OVER value at 0.0 RBI. TC projection: 0.3 — edge: 0.27. Marginal conviction based on usage rate and defensive matchup.
LF  Wade Meckler,Los Angeles Angels,mlb,BB,Los_Angeles_Angels_at_San_Francisco_Giants,0.27,0.0,0.27,OVER,LF  Wade Meckler shows OVER value at 0.0 BB. TC projection: 0.3 — edge: 0.27. Marginal conviction based on usage rate and defensive matchup.
LF  Alex Call,Los Angeles Dodgers,mlb,R,Los_Angeles_Dodgers_at_New_York_Mets,0.27,0.0,0.27,OVER,Targeting LF  Alex Call OVER 0.0 R. Model projects 0.3 (0.27 edge). Recent trends and opponent weakness support this play.
3B  Brett Baty,New York Mets,mlb,BB,Los_Angeles_Dodgers_at_New_York_Mets,0.27,0.0,0.27,OVER,"Marginal +EV opportunity: 3B  Brett Baty is projected for 0.3 BB vs a line of 0.0, giving a OVER edge of 0.27. Based on recent form, opponent matchup, and game context."
SS  Max Schuemann,New York Yankees,mlb,BB,New_York_Yankees_at_Philadelphia_Phillies,0.27,0.0,0.27,OVER,SS  Max Schuemann shows OVER value at 0.0 BB. TC projection: 0.3 — edge: 0.27. Marginal conviction based on usage rate and defensive matchup.
2B  Jake Cronenworth,San Diego Padres,mlb,BB,San_Diego_Padres_at_Miami_Marlins,0.27,0.0,0.27,OVER,"Marginal +EV opportunity: 2B  Jake Cronenworth is projected for 0.3 BB vs a line of 0.0, giving a OVER edge of 0.27. Based on recent form, opponent matchup, and game context."
C   Rodolfo Durán,San Diego Padres,mlb,H,San_Diego_Padres_at_Miami_Marlins,0.27,0.0,0.27,OVER,C   Rodolfo Durán shows OVER value at 0.0 H. TC projection: 0.3 — edge: 0.27. Marginal conviction based on usage rate and defensive matchup.
2B  Sung-Mun Song,San Diego Padres,mlb,RBI,San_Diego_Padres_at_Miami_Marlins,0.27,0.0,0.27,OVER,Targeting 2B  Sung-Mun Song OVER 0.0 RBI. Model projects 0.3 (0.27 edge). Recent trends and opponent weakness support this play.
1B  Josh Naylor,Seattle Mariners,mlb,BB,Seattle_Mariners_at_Texas_Rangers,0.27,0.0,0.27,OVER,Targeting 1B  Josh Naylor OVER 0.0 BB. Model projects 0.3 (0.27 edge). Recent trends and opponent weakness support this play.
CF  Julio Rodríguez,Seattle Mariners,mlb,BB,Seattle_Mariners_at_Texas_Rangers,0.27,0.0,0.27,OVER,CF  Julio Rodríguez shows OVER value at 0.0 BB. TC projection: 0.3 — edge: 0.27. Marginal conviction based on usage rate and defensive matchup.
1B  Jake Burger,Texas Rangers,mlb,BB,Seattle_Mariners_at_Texas_Rangers,0.27,0.0,0.27,OVER,1B  Jake Burger shows OVER value at 0.0 BB. TC projection: 0.3 — edge: 0.27. Marginal conviction based on usage rate and defensive matchup.
2B  Nicky Lopez,Texas Rangers,mlb,R,Seattle_Mariners_at_Texas_Rangers,0.27,0.0,0.27,OVER,Targeting 2B  Nicky Lopez OVER 0.0 R. Model projects 0.3 (0.27 edge). Recent trends and opponent weakness support this play.
LF  Davis Schneider,Toronto Blue Jays,mlb,R,Toronto_Blue_Jays_at_Boston_Red_Sox,0.27,0.0,0.27,OVER,Targeting LF  Davis Schneider OVER 0.0 R. Model projects 0.3 (0.27 edge). Recent trends and opponent weakness support this play.
2B  Ernie Clement,Toronto Blue Jays,mlb,RBI,Toronto_Blue_Jays_at_Boston_Red_Sox,0.27,0.0,0.27,OVER,"Marginal +EV opportunity: 2B  Ernie Clement is projected for 0.3 RBI vs a line of 0.0, giving a OVER edge of 0.27. Based on recent form, opponent matchup, and game context."
1B  Munetaka Murakami,Chicago White Sox,mlb,HR,Houston_Astros_at_Chicago_White_Sox,0.26,0.0,0.26,OVER,1B  Munetaka Murakami shows OVER value at 0.0 HR. TC projection: 0.3 — edge: 0.26. Marginal conviction based on usage rate and defensive matchup.
LF  Sam Antonacci,Chicago White Sox,mlb,BB,Houston_Astros_at_Chicago_White_Sox,0.26,0.0,0.26,OVER,LF  Sam Antonacci shows OVER value at 0.0 BB. TC projection: 0.3 — edge: 0.26. Marginal conviction based on usage rate and defensive matchup.
2B  Alex Freeland,Los Angeles Dodgers,mlb,BB,Los_Angeles_Dodgers_at_New_York_Mets,0.26,0.0,0.26,OVER,Targeting 2B  Alex Freeland OVER 0.0 BB. Model projects 0.3 (0.26 edge). Recent trends and opponent weakness support this play.
RF  Carson Benge,New York Mets,mlb,BB,Los_Angeles_Dodgers_at_New_York_Mets,0.26,0.0,0.26,OVER,RF  Carson Benge shows OVER value at 0.0 BB. TC projection: 0.3 — edge: 0.26. Marginal conviction based on usage rate and defensive matchup.
C   Francisco Alvarez,New York Mets,mlb,BB,Los_Angeles_Dodgers_at_New_York_Mets,0.26,0.0,0.26,OVER,C   Francisco Alvarez shows OVER value at 0.0 BB. TC projection: 0.3 — edge: 0.26. Marginal conviction based on usage rate and defensive matchup.
C   Luis Torrens,New York Mets,mlb,RBI,Los_Angeles_Dodgers_at_New_York_Mets,0.26,0.0,0.26,OVER,"Marginal +EV opportunity: C   Luis Torrens is projected for 0.3 RBI vs a line of 0.0, giving a OVER edge of 0.26. Based on recent form, opponent matchup, and game context."
CF  Tyrone Taylor,New York Mets,mlb,RBI,Los_Angeles_Dodgers_at_New_York_Mets,0.26,0.0,0.26,OVER,CF  Tyrone Taylor shows OVER value at 0.0 RBI. TC projection: 0.3 — edge: 0.26. Marginal conviction based on usage rate and defensive matchup.
SS  Anthony Volpe,New York Yankees,mlb,RBI,New_York_Yankees_at_Philadelphia_Phillies,0.26,0.0,0.26,OVER,Targeting SS  Anthony Volpe OVER 0.0 RBI. Model projects 0.3 (0.26 edge). Recent trends and opponent weakness support this play.
1B  Ben Rice,New York Yankees,mlb,HR,New_York_Yankees_at_Philadelphia_Phillies,0.26,0.0,0.26,OVER,1B  Ben Rice shows OVER value at 0.0 HR. TC projection: 0.3 — edge: 0.26. Marginal conviction based on usage rate and defensive matchup.
3B  Ryan McMahon,New York Yankees,mlb,RBI,New_York_Yankees_at_Philadelphia_Phillies,0.26,0.0,0.26,OVER,3B  Ryan McMahon shows OVER value at 0.0 RBI. TC projection: 0.3 — edge: 0.26. Marginal conviction based on usage rate and defensive matchup.
RF  Derek Hill,Philadelphia Phillies,mlb,R,New_York_Yankees_at_Philadelphia_Phillies,0.26,0.0,0.26,OVER,Targeting RF  Derek Hill OVER 0.0 R. Model projects 0.3 (0.26 edge). Recent trends and opponent weakness support this play.
2B  Edmundo Sosa,Philadelphia Phillies,mlb,R,New_York_Yankees_at_Philadelphia_Phillies,0.26,0.0,0.26,OVER,Targeting 2B  Edmundo Sosa OVER 0.0 R. Model projects 0.3 (0.26 edge). Recent trends and opponent weakness support this play.
CF  Justin Crawford,Philadelphia Phillies,mlb,R,New_York_Yankees_at_Philadelphia_Phillies,0.26,0.0,0.26,OVER,Targeting CF  Justin Crawford OVER 0.0 R. Model projects 0.3 (0.26 edge). Recent trends and opponent weakness support this play.
LF  Griffin Conine,Miami Marlins,mlb,BB,San_Diego_Padres_at_Miami_Marlins,0.26,0.0,0.26,OVER,LF  Griffin Conine shows OVER value at 0.0 BB. TC projection: 0.3 — edge: 0.26. Marginal conviction based on usage rate and defensive matchup.
3B  Javier Sanoja,Miami Marlins,mlb,R,San_Diego_Padres_at_Miami_Marlins,0.26,0.0,0.26,OVER,Targeting 3B  Javier Sanoja OVER 0.0 R. Model projects 0.3 (0.26 edge). Recent trends and opponent weakness support this play.
3B  Leo Jiménez,Miami Marlins,mlb,R,San_Diego_Padres_at_Miami_Marlins,0.26,0.0,0.26,OVER,Targeting 3B  Leo Jiménez OVER 0.0 R. Model projects 0.3 (0.26 edge). Recent trends and opponent weakness support this play.
RF  Luke Raley,Seattle Mariners,mlb,R,Seattle_Mariners_at_Texas_Rangers,0.26,0.0,0.26,OVER,"Marginal +EV opportunity: RF  Luke Raley is projected for 0.3 R vs a line of 0.0, giving a OVER edge of 0.26. Based on recent form, opponent matchup, and game context."
C   Mitch Garver,Seattle Mariners,mlb,RBI,Seattle_Mariners_at_Texas_Rangers,0.26,0.0,0.26,OVER,Targeting C   Mitch Garver OVER 0.0 RBI. Model projects 0.3 (0.26 edge). Recent trends and opponent weakness support this play.
CF  Evan Carter,Texas Rangers,mlb,RBI,Seattle_Mariners_at_Texas_Rangers,0.26,0.0,0.26,OVER,CF  Evan Carter shows OVER value at 0.0 RBI. TC projection: 0.3 — edge: 0.26. Marginal conviction based on usage rate and defensive matchup.
C   Carlos Narváez,Boston Red Sox,mlb,R,Toronto_Blue_Jays_at_Boston_Red_Sox,0.26,0.0,0.26,OVER,C   Carlos Narváez shows OVER value at 0.0 R. TC projection: 0.3 — edge: 0.26. Marginal conviction based on usage rate and defensive matchup.
C   Connor Wong,Boston Red Sox,mlb,R,Toronto_Blue_Jays_at_Boston_Red_Sox,0.26,0.0,0.26,OVER,Targeting C   Connor Wong OVER 0.0 R. Model projects 0.3 (0.26 edge). Recent trends and opponent weakness support this play.
LF  Jarren Duran,Boston Red Sox,mlb,BB,Toronto_Blue_Jays_at_Boston_Red_Sox,0.26,0.0,0.26,OVER,"Marginal +EV opportunity: LF  Jarren Duran is projected for 0.3 BB vs a line of 0.0, giving a OVER edge of 0.26. Based on recent form, opponent matchup, and game context."
DH  Masataka Yoshida,Boston Red Sox,mlb,BB,Toronto_Blue_Jays_at_Boston_Red_Sox,0.26,0.0,0.26,OVER,"Marginal +EV opportunity: DH  Masataka Yoshida is projected for 0.3 BB vs a line of 0.0, giving a OVER edge of 0.26. Based on recent form, opponent matchup, and game context."
C   Drew Romo,Chicago White Sox,mlb,RBI,Houston_Astros_at_Chicago_White_Sox,0.25,0.0,0.25,OVER,C   Drew Romo shows OVER value at 0.0 RBI. TC projection: 0.2 — edge: 0.25. Marginal conviction based on usage rate and defensive matchup.
3B  Josh Rojas,Kansas City Royals,mlb,RBI,Kansas_City_Royals_at_Detroit_Tigers,0.25,0.0,0.25,OVER,Targeting 3B  Josh Rojas OVER 0.0 RBI. Model projects 0.2 (0.25 edge). Recent trends and opponent weakness support this play.
SS  Tyler Tolbert,Kansas City Royals,mlb,SB,Kansas_City_Royals_at_Detroit_Tigers,0.25,0.0,0.25,OVER,"Marginal +EV opportunity: SS  Tyler Tolbert is projected for 0.2 SB vs a line of 0.0, giving a OVER edge of 0.25. Based on recent form, opponent matchup, and game context."
CF  James Outman,Detroit Tigers,mlb,H,Kansas_City_Royals_at_Detroit_Tigers,0.25,0.0,0.25,OVER,"Marginal +EV opportunity: CF  James Outman is projected for 0.2 H vs a line of 0.0, giving a OVER edge of 0.25. Based on recent form, opponent matchup, and game context."
2B  Oswald Peraza,Los Angeles Angels,mlb,R,Los_Angeles_Angels_at_San_Francisco_Giants,0.25,0.0,0.25,OVER,Targeting 2B  Oswald Peraza OVER 0.0 R. Model projects 0.2 (0.25 edge). Recent trends and opponent weakness support this play.
CF  Drew Gilbert,San Francisco Giants,mlb,R,Los_Angeles_Angels_at_San_Francisco_Giants,0.25,0.0,0.25,OVER,"Marginal +EV opportunity: CF  Drew Gilbert is projected for 0.2 R vs a line of 0.0, giving a OVER edge of 0.25. Based on recent form, opponent matchup, and game context."
LF  Alex Call,Los Angeles Dodgers,mlb,BB,Los_Angeles_Dodgers_at_New_York_Mets,0.25,0.0,0.25,OVER,LF  Alex Call shows OVER value at 0.0 BB. TC projection: 0.2 — edge: 0.25. Marginal conviction based on usage rate and defensive matchup.
3B  Bo Bichette,New York Mets,mlb,BB,Los_Angeles_Dodgers_at_New_York_Mets,0.25,0.0,0.25,OVER,3B  Bo Bichette shows OVER value at 0.0 BB. TC projection: 0.2 — edge: 0.25. Marginal conviction based on usage rate and defensive matchup.
2B  Marcus Semien,New York Mets,mlb,BB,Los_Angeles_Dodgers_at_New_York_Mets,0.25,0.0,0.25,OVER,2B  Marcus Semien shows OVER value at 0.0 BB. TC projection: 0.2 — edge: 0.25. Marginal conviction based on usage rate and defensive matchup.
3B  Ryan McMahon,New York Yankees,mlb,R,New_York_Yankees_at_Philadelphia_Phillies,0.25,0.0,0.25,OVER,Targeting 3B  Ryan McMahon OVER 0.0 R. Model projects 0.2 (0.25 edge). Recent trends and opponent weakness support this play.
C   Brian Navarreto,Miami Marlins,mlb,H,San_Diego_Padres_at_Miami_Marlins,0.25,0.0,0.25,OVER,"Marginal +EV opportunity: C   Brian Navarreto is projected for 0.2 H vs a line of 0.0, giving a OVER edge of 0.25. Based on recent form, opponent matchup, and game context."
C   Brian Navarreto,Miami Marlins,mlb,R,San_Diego_Padres_at_Miami_Marlins,0.25,0.0,0.25,OVER,Targeting C   Brian Navarreto OVER 0.0 R. Model projects 0.2 (0.25 edge). Recent trends and opponent weakness support this play.
3B  Graham Pauley,Miami Marlins,mlb,RBI,San_Diego_Padres_at_Miami_Marlins,0.25,0.0,0.25,OVER,3B  Graham Pauley shows OVER value at 0.0 RBI. TC projection: 0.2 — edge: 0.25. Marginal conviction based on usage rate and defensive matchup.
DH  Dominic Canzone,Seattle Mariners,mlb,BB,Seattle_Mariners_at_Texas_Rangers,0.25,0.0,0.25,OVER,Targeting DH  Dominic Canzone OVER 0.0 BB. Model projects 0.2 (0.25 edge). Recent trends and opponent weakness support this play.
2B  Justin Foscue,Texas Rangers,mlb,R,Seattle_Mariners_at_Texas_Rangers,0.25,0.0,0.25,OVER,2B  Justin Foscue shows OVER value at 0.0 R. TC projection: 0.2 — edge: 0.25. Marginal conviction based on usage rate and defensive matchup.
2B  Nicky Lopez,Texas Rangers,mlb,RBI,Seattle_Mariners_at_Texas_Rangers,0.25,0.0,0.25,OVER,2B  Nicky Lopez shows OVER value at 0.0 RBI. TC projection: 0.2 — edge: 0.25. Marginal conviction based on usage rate and defensive matchup.
LF  Davis Schneider,Toronto Blue Jays,mlb,H,Toronto_Blue_Jays_at_Boston_Red_Sox,0.25,0.0,0.25,OVER,LF  Davis Schneider shows OVER value at 0.0 H. TC projection: 0.2 — edge: 0.25. Marginal conviction based on usage rate and defensive matchup.
RF  Myles Straw,Toronto Blue Jays,mlb,R,Toronto_Blue_Jays_at_Boston_Red_Sox,0.25,0.0,0.25,OVER,RF  Myles Straw shows OVER value at 0.0 R. TC projection: 0.2 — edge: 0.25. Marginal conviction based on usage rate and defensive matchup.
DH  Masataka Yoshida,Boston Red Sox,mlb,RBI,Toronto_Blue_Jays_at_Boston_Red_Sox,0.25,0.0,0.25,OVER,DH  Masataka Yoshida shows OVER value at 0.0 RBI. TC projection: 0.2 — edge: 0.25. Marginal conviction based on usage rate and defensive matchup.
SS  Tsung-Che Cheng,Boston Red Sox,mlb,BB,Toronto_Blue_Jays_at_Boston_Red_Sox,0.25,0.0,0.25,OVER,Targeting SS  Tsung-Che Cheng OVER 0.0 BB. Model projects 0.2 (0.25 edge). Recent trends and opponent weakness support this play.
RF  Starling Marte,Kansas City Royals,mlb,R,Kansas_City_Royals_at_Detroit_Tigers,0.24,0.0,0.24,OVER,Targeting RF  Starling Marte OVER 0.0 R. Model projects 0.2 (0.24 edge). Recent trends and opponent weakness support this play.
2B  Vaughn Grissom,Los Angeles Angels,mlb,BB,Los_Angeles_Angels_at_San_Francisco_Giants,0.24,0.0,0.24,OVER,"Marginal +EV opportunity: 2B  Vaughn Grissom is projected for 0.2 BB vs a line of 0.0, giving a OVER edge of 0.24. Based on recent form, opponent matchup, and game context."
SS  Willy Adames,San Francisco Giants,mlb,BB,Los_Angeles_Angels_at_San_Francisco_Giants,0.24,0.0,0.24,OVER,Targeting SS  Willy Adames OVER 0.0 BB. Model projects 0.2 (0.24 edge). Recent trends and opponent weakness support this play.
LF  Tommy Edman,Los Angeles Dodgers,mlb,BB,Los_Angeles_Dodgers_at_New_York_Mets,0.24,0.0,0.24,OVER,Targeting LF  Tommy Edman OVER 0.0 BB. Model projects 0.2 (0.24 edge). Recent trends and opponent weakness support this play.
DH  Jorge Polanco,New York Mets,mlb,BB,Los_Angeles_Dodgers_at_New_York_Mets,0.24,0.0,0.24,OVER,"Marginal +EV opportunity: DH  Jorge Polanco is projected for 0.2 BB vs a line of 0.0, giving a OVER edge of 0.24. Based on recent form, opponent matchup, and game context."
CF  Tyrone Taylor,New York Mets,mlb,R,Los_Angeles_Dodgers_at_New_York_Mets,0.24,0.0,0.24,OVER,Targeting CF  Tyrone Taylor OVER 0.0 R. Model projects 0.2 (0.24 edge). Recent trends and opponent weakness support this play.
C   Austin Wells,New York Yankees,mlb,R,New_York_Yankees_at_Philadelphia_Phillies,0.24,0.0,0.24,OVER,C   Austin Wells shows OVER value at 0.0 R. TC projection: 0.2 — edge: 0.24. Marginal conviction based on usage rate and defensive matchup.
RF  Jasson Domínguez,New York Yankees,mlb,RBI,New_York_Yankees_at_Philadelphia_Phillies,0.24,0.0,0.24,OVER,RF  Jasson Domínguez shows OVER value at 0.0 RBI. TC projection: 0.2 — edge: 0.24. Marginal conviction based on usage rate and defensive matchup.
2B  Bryson Stott,Philadelphia Phillies,mlb,BB,New_York_Yankees_at_Philadelphia_Phillies,0.24,0.0,0.24,OVER,2B  Bryson Stott shows OVER value at 0.0 BB. TC projection: 0.2 — edge: 0.24. Marginal conviction based on usage rate and defensive matchup.
RF  Gabriel Rincones Jr.,Philadelphia Phillies,mlb,R,New_York_Yankees_at_Philadelphia_Phillies,0.24,0.0,0.24,OVER,RF  Gabriel Rincones Jr. shows OVER value at 0.0 R. TC projection: 0.2 — edge: 0.24. Marginal conviction based on usage rate and defensive matchup.
RF  Gabriel Rincones Jr.,Philadelphia Phillies,mlb,RBI,New_York_Yankees_at_Philadelphia_Phillies,0.24,0.0,0.24,OVER,RF  Gabriel Rincones Jr. shows OVER value at 0.0 RBI. TC projection: 0.2 — edge: 0.24. Marginal conviction based on usage rate and defensive matchup.
C   Rafael Marchán,Philadelphia Phillies,mlb,H,New_York_Yankees_at_Philadelphia_Phillies,0.24,0.0,0.24,OVER,"Marginal +EV opportunity: C   Rafael Marchán is projected for 0.2 H vs a line of 0.0, giving a OVER edge of 0.24. Based on recent form, opponent matchup, and game context."
SS  Trea Turner,Philadelphia Phillies,mlb,BB,New_York_Yankees_at_Philadelphia_Phillies,0.24,0.0,0.24,OVER,Targeting SS  Trea Turner OVER 0.0 BB. Model projects 0.2 (0.24 edge). Recent trends and opponent weakness support this play.
CF  Jackson Merrill,San Diego Padres,mlb,BB,San_Diego_Padres_at_Miami_Marlins,0.24,0.0,0.24,OVER,"Marginal +EV opportunity: CF  Jackson Merrill is projected for 0.2 BB vs a line of 0.0, giving a OVER edge of 0.24. Based on recent form, opponent matchup, and game context."
SS  Otto Lopez,Miami Marlins,mlb,2B,San_Diego_Padres_at_Miami_Marlins,0.24,0.0,0.24,OVER,"Marginal +EV opportunity: SS  Otto Lopez is projected for 0.2 2B vs a line of 0.0, giving a OVER edge of 0.24. Based on recent form, opponent matchup, and game context."
3B  Weston Wilson,Seattle Mariners,mlb,R,Seattle_Mariners_at_Texas_Rangers,0.24,0.0,0.24,OVER,Targeting 3B  Weston Wilson OVER 0.0 R. Model projects 0.2 (0.24 edge). Recent trends and opponent weakness support this play.
SS  Ezequiel Duran,Texas Rangers,mlb,BB,Seattle_Mariners_at_Texas_Rangers,0.24,0.0,0.24,OVER,SS  Ezequiel Duran shows OVER value at 0.0 BB. TC projection: 0.2 — edge: 0.24. Marginal conviction based on usage rate and defensive matchup.
CF  Daulton Varsho,Toronto Blue Jays,mlb,BB,Toronto_Blue_Jays_at_Boston_Red_Sox,0.24,0.0,0.24,OVER,"Marginal +EV opportunity: CF  Daulton Varsho is projected for 0.2 BB vs a line of 0.0, giving a OVER edge of 0.24. Based on recent form, opponent matchup, and game context."
SS  Andruw Monasterio,Boston Red Sox,mlb,RBI,Toronto_Blue_Jays_at_Boston_Red_Sox,0.24,0.0,0.24,OVER,SS  Andruw Monasterio shows OVER value at 0.0 RBI. TC projection: 0.2 — edge: 0.24. Marginal conviction based on usage rate and defensive matchup.
C   Edgar Quero,Chicago White Sox,mlb,RBI,Houston_Astros_at_Chicago_White_Sox,0.23,0.0,0.23,OVER,"Marginal +EV opportunity: C   Edgar Quero is projected for 0.2 RBI vs a line of 0.0, giving a OVER edge of 0.23. Based on recent form, opponent matchup, and game context."
RF  Ben Malgeri,Detroit Tigers,mlb,RBI,Kansas_City_Royals_at_Detroit_Tigers,0.23,0.0,0.23,OVER,Targeting RF  Ben Malgeri OVER 0.0 RBI. Model projects 0.2 (0.23 edge). Recent trends and opponent weakness support this play.
RF  Ben Malgeri,Detroit Tigers,mlb,BB,Kansas_City_Royals_at_Detroit_Tigers,0.23,0.0,0.23,OVER,"Marginal +EV opportunity: RF  Ben Malgeri is projected for 0.2 BB vs a line of 0.0, giving a OVER edge of 0.23. Based on recent form, opponent matchup, and game context."
C   Dillon Dingler,Detroit Tigers,mlb,BB,Kansas_City_Royals_at_Detroit_Tigers,0.23,0.0,0.23,OVER,"Marginal +EV opportunity: C   Dillon Dingler is projected for 0.2 BB vs a line of 0.0, giving a OVER edge of 0.23. Based on recent form, opponent matchup, and game context."
CF  Matt Vierling,Detroit Tigers,mlb,R,Kansas_City_Royals_at_Detroit_Tigers,0.23,0.0,0.23,OVER,Targeting CF  Matt Vierling OVER 0.0 R. Model projects 0.2 (0.23 edge). Recent trends and opponent weakness support this play.
2B  Zach McKinstry,Detroit Tigers,mlb,R,Kansas_City_Royals_at_Detroit_Tigers,0.23,0.0,0.23,OVER,Targeting 2B  Zach McKinstry OVER 0.0 R. Model projects 0.2 (0.23 edge). Recent trends and opponent weakness support this play.
C   Logan O'Hoppe,Los Angeles Angels,mlb,R,Los_Angeles_Angels_at_San_Francisco_Giants,0.23,0.0,0.23,OVER,C   Logan O'Hoppe shows OVER value at 0.0 R. TC projection: 0.2 — edge: 0.23. Marginal conviction based on usage rate and defensive matchup.
CF  Drew Gilbert,San Francisco Giants,mlb,RBI,Los_Angeles_Angels_at_San_Francisco_Giants,0.23,0.0,0.23,OVER,Targeting CF  Drew Gilbert OVER 0.0 RBI. Model projects 0.2 (0.23 edge). Recent trends and opponent weakness support this play.
2B  Luis Arraez,San Francisco Giants,mlb,BB,Los_Angeles_Angels_at_San_Francisco_Giants,0.23,0.0,0.23,OVER,"Marginal +EV opportunity: 2B  Luis Arraez is projected for 0.2 BB vs a line of 0.0, giving a OVER edge of 0.23. Based on recent form, opponent matchup, and game context."
LF  Alex Call,Los Angeles Dodgers,mlb,RBI,Los_Angeles_Dodgers_at_New_York_Mets,0.23,0.0,0.23,OVER,Targeting LF  Alex Call OVER 0.0 RBI. Model projects 0.2 (0.23 edge). Recent trends and opponent weakness support this play.
2B  Jazz Chisholm Jr.,New York Yankees,mlb,SB,New_York_Yankees_at_Philadelphia_Phillies,0.23,0.0,0.23,OVER,2B  Jazz Chisholm Jr. shows OVER value at 0.0 SB. TC projection: 0.2 — edge: 0.23. Marginal conviction based on usage rate and defensive matchup.
C   J.T. Realmuto,Philadelphia Phillies,mlb,BB,New_York_Yankees_at_Philadelphia_Phillies,0.23,0.0,0.23,OVER,C   J.T. Realmuto shows OVER value at 0.0 BB. TC projection: 0.2 — edge: 0.23. Marginal conviction based on usage rate and defensive matchup.
2B  Sung-Mun Song,San Diego Padres,mlb,BB,San_Diego_Padres_at_Miami_Marlins,0.23,0.0,0.23,OVER,2B  Sung-Mun Song shows OVER value at 0.0 BB. TC projection: 0.2 — edge: 0.23. Marginal conviction based on usage rate and defensive matchup.
LF  Alejandro Osuna,Texas Rangers,mlb,BB,Seattle_Mariners_at_Texas_Rangers,0.23,0.0,0.23,OVER,LF  Alejandro Osuna shows OVER value at 0.0 BB. TC projection: 0.2 — edge: 0.23. Marginal conviction based on usage rate and defensive matchup.
CF  Cam Cauley,Texas Rangers,mlb,BB,Seattle_Mariners_at_Texas_Rangers,0.23,0.0,0.23,OVER,CF  Cam Cauley shows OVER value at 0.0 BB. TC projection: 0.2 — edge: 0.23. Marginal conviction based on usage rate and defensive matchup.
C   Elias Díaz,Texas Rangers,mlb,R,Seattle_Mariners_at_Texas_Rangers,0.23,0.0,0.23,OVER,C   Elias Díaz shows OVER value at 0.0 R. TC projection: 0.2 — edge: 0.23. Marginal conviction based on usage rate and defensive matchup.
LF  Wyatt Langford,Texas Rangers,mlb,BB,Seattle_Mariners_at_Texas_Rangers,0.23,0.0,0.23,OVER,LF  Wyatt Langford shows OVER value at 0.0 BB. TC projection: 0.2 — edge: 0.23. Marginal conviction based on usage rate and defensive matchup.
C   Alejandro Kirk,Toronto Blue Jays,mlb,R,Toronto_Blue_Jays_at_Boston_Red_Sox,0.23,0.0,0.23,OVER,C   Alejandro Kirk shows OVER value at 0.0 R. TC projection: 0.2 — edge: 0.23. Marginal conviction based on usage rate and defensive matchup.
CF  Daulton Varsho,Toronto Blue Jays,mlb,RBI,Toronto_Blue_Jays_at_Boston_Red_Sox,0.23,0.0,0.23,OVER,"Marginal +EV opportunity: CF  Daulton Varsho is projected for 0.2 RBI vs a line of 0.0, giving a OVER edge of 0.23. Based on recent form, opponent matchup, and game context."
DH  Romy Gonzalez,Boston Red Sox,mlb,BB,Toronto_Blue_Jays_at_Boston_Red_Sox,0.23,0.0,0.23,OVER,"Marginal +EV opportunity: DH  Romy Gonzalez is projected for 0.2 BB vs a line of 0.0, giving a OVER edge of 0.23. Based on recent form, opponent matchup, and game context."
SS  Colson Montgomery,Chicago White Sox,mlb,HR,Houston_Astros_at_Chicago_White_Sox,0.22,0.0,0.22,OVER,SS  Colson Montgomery shows OVER value at 0.0 HR. TC projection: 0.2 — edge: 0.22. Marginal conviction based on usage rate and defensive matchup.
SS  Luisangel Acuña,Chicago White Sox,mlb,R,Houston_Astros_at_Chicago_White_Sox,0.22,0.0,0.22,OVER,Targeting SS  Luisangel Acuña OVER 0.0 R. Model projects 0.2 (0.22 edge). Recent trends and opponent weakness support this play.
RF  Jac Caglianone,Kansas City Royals,mlb,BB,Kansas_City_Royals_at_Detroit_Tigers,0.22,0.0,0.22,OVER,"Marginal +EV opportunity: RF  Jac Caglianone is projected for 0.2 BB vs a line of 0.0, giving a OVER edge of 0.22. Based on recent form, opponent matchup, and game context."
3B  Colt Keith,Detroit Tigers,mlb,RBI,Kansas_City_Royals_at_Detroit_Tigers,0.22,0.0,0.22,OVER,Targeting 3B  Colt Keith OVER 0.0 RBI. Model projects 0.2 (0.22 edge). Recent trends and opponent weakness support this play.
C   Jake Rogers,Detroit Tigers,mlb,RBI,Kansas_City_Royals_at_Detroit_Tigers,0.22,0.0,0.22,OVER,Targeting C   Jake Rogers OVER 0.0 RBI. Model projects 0.2 (0.22 edge). Recent trends and opponent weakness support this play.
CF  James Outman,Detroit Tigers,mlb,R,Kansas_City_Royals_at_Detroit_Tigers,0.22,0.0,0.22,OVER,CF  James Outman shows OVER value at 0.0 R. TC projection: 0.2 — edge: 0.22. Marginal conviction based on usage rate and defensive matchup.
2B  Zach McKinstry,Detroit Tigers,mlb,RBI,Kansas_City_Royals_at_Detroit_Tigers,0.22,0.0,0.22,OVER,"Marginal +EV opportunity: 2B  Zach McKinstry is projected for 0.2 RBI vs a line of 0.0, giving a OVER edge of 0.22. Based on recent form, opponent matchup, and game context."
LF  Josh Lowe,Los Angeles Angels,mlb,R,Los_Angeles_Angels_at_San_Francisco_Giants,0.22,0.0,0.22,OVER,LF  Josh Lowe shows OVER value at 0.0 R. TC projection: 0.2 — edge: 0.22. Marginal conviction based on usage rate and defensive matchup.
2B  Oswald Peraza,Los Angeles Angels,mlb,RBI,Los_Angeles_Angels_at_San_Francisco_Giants,0.22,0.0,0.22,OVER,Targeting 2B  Oswald Peraza OVER 0.0 RBI. Model projects 0.2 (0.22 edge). Recent trends and opponent weakness support this play.
C   Jesus Rodriguez,San Francisco Giants,mlb,R,Los_Angeles_Angels_at_San_Francisco_Giants,0.22,0.0,0.22,OVER,C   Jesus Rodriguez shows OVER value at 0.0 R. TC projection: 0.2 — edge: 0.22. Marginal conviction based on usage rate and defensive matchup.
1B  Rafael Devers,San Francisco Giants,mlb,2B,Los_Angeles_Angels_at_San_Francisco_Giants,0.22,0.0,0.22,OVER,"Marginal +EV opportunity: 1B  Rafael Devers is projected for 0.2 2B vs a line of 0.0, giving a OVER edge of 0.22. Based on recent form, opponent matchup, and game context."
2B  Alex Freeland,Los Angeles Dodgers,mlb,RBI,Los_Angeles_Dodgers_at_New_York_Mets,0.22,0.0,0.22,OVER,Targeting 2B  Alex Freeland OVER 0.0 RBI. Model projects 0.2 (0.22 edge). Recent trends and opponent weakness support this play.
LF  Juan Soto,New York Mets,mlb,HR,Los_Angeles_Dodgers_at_New_York_Mets,0.22,0.0,0.22,OVER,"Marginal +EV opportunity: LF  Juan Soto is projected for 0.2 HR vs a line of 0.0, giving a OVER edge of 0.22. Based on recent form, opponent matchup, and game context."
SS  José Caballero,New York Yankees,mlb,SB,New_York_Yankees_at_Philadelphia_Phillies,0.22,0.0,0.22,OVER,SS  José Caballero shows OVER value at 0.0 SB. TC projection: 0.2 — edge: 0.22. Marginal conviction based on usage rate and defensive matchup.
1B  Paul Goldschmidt,New York Yankees,mlb,BB,New_York_Yankees_at_Philadelphia_Phillies,0.22,0.0,0.22,OVER,1B  Paul Goldschmidt shows OVER value at 0.0 BB. TC projection: 0.2 — edge: 0.22. Marginal conviction based on usage rate and defensive matchup.
3B  Alec Bohm,Philadelphia Phillies,mlb,BB,New_York_Yankees_at_Philadelphia_Phillies,0.22,0.0,0.22,OVER,3B  Alec Bohm shows OVER value at 0.0 BB. TC projection: 0.2 — edge: 0.22. Marginal conviction based on usage rate and defensive matchup.
C   Freddy Fermin,San Diego Padres,mlb,BB,San_Diego_Padres_at_Miami_Marlins,0.22,0.0,0.22,OVER,"Marginal +EV opportunity: C   Freddy Fermin is projected for 0.2 BB vs a line of 0.0, giving a OVER edge of 0.22. Based on recent form, opponent matchup, and game context."
CF  Jakob Marsee,Miami Marlins,mlb,RBI,San_Diego_Padres_at_Miami_Marlins,0.22,0.0,0.22,OVER,"Marginal +EV opportunity: CF  Jakob Marsee is projected for 0.2 RBI vs a line of 0.0, giving a OVER edge of 0.22. Based on recent form, opponent matchup, and game context."
3B  Josh Jung,Texas Rangers,mlb,2B,Seattle_Mariners_at_Texas_Rangers,0.22,0.0,0.22,OVER,3B  Josh Jung shows OVER value at 0.0 2B. TC projection: 0.2 — edge: 0.22. Marginal conviction based on usage rate and defensive matchup.
RF  Nathan Lukes,Toronto Blue Jays,mlb,RBI,Toronto_Blue_Jays_at_Boston_Red_Sox,0.22,0.0,0.22,OVER,"Marginal +EV opportunity: RF  Nathan Lukes is projected for 0.2 RBI vs a line of 0.0, giving a OVER edge of 0.22. Based on recent form, opponent matchup, and game context."
2B  Anthony Seigler,Boston Red Sox,mlb,RBI,Toronto_Blue_Jays_at_Boston_Red_Sox,0.22,0.0,0.22,OVER,"Marginal +EV opportunity: 2B  Anthony Seigler is projected for 0.2 RBI vs a line of 0.0, giving a OVER edge of 0.22. Based on recent form, opponent matchup, and game context."
2B  Anthony Seigler,Boston Red Sox,mlb,2B,Toronto_Blue_Jays_at_Boston_Red_Sox,0.22,0.0,0.22,OVER,2B  Anthony Seigler shows OVER value at 0.0 2B. TC projection: 0.2 — edge: 0.22. Marginal conviction based on usage rate and defensive matchup.
CF  Ceddanne Rafaela,Boston Red Sox,mlb,2B,Toronto_Blue_Jays_at_Boston_Red_Sox,0.22,0.0,0.22,OVER,"Marginal +EV opportunity: CF  Ceddanne Rafaela is projected for 0.2 2B vs a line of 0.0, giving a OVER edge of 0.22. Based on recent form, opponent matchup, and game context."
C   Drew Romo,Chicago White Sox,mlb,R,Houston_Astros_at_Chicago_White_Sox,0.21,0.0,0.21,OVER,"Marginal +EV opportunity: C   Drew Romo is projected for 0.2 R vs a line of 0.0, giving a OVER edge of 0.21. Based on recent form, opponent matchup, and game context."
CF  Junior Perez,Chicago White Sox,mlb,H,Houston_Astros_at_Chicago_White_Sox,0.21,0.0,0.21,OVER,Targeting CF  Junior Perez OVER 0.0 H. Model projects 0.2 (0.21 edge). Recent trends and opponent weakness support this play.
3B  Miguel Vargas,Chicago White Sox,mlb,2B,Houston_Astros_at_Chicago_White_Sox,0.21,0.0,0.21,OVER,3B  Miguel Vargas shows OVER value at 0.0 2B. TC projection: 0.2 — edge: 0.21. Marginal conviction based on usage rate and defensive matchup.
3B  Josh Rojas,Kansas City Royals,mlb,R,Kansas_City_Royals_at_Detroit_Tigers,0.21,0.0,0.21,OVER,"Marginal +EV opportunity: 3B  Josh Rojas is projected for 0.2 R vs a line of 0.0, giving a OVER edge of 0.21. Based on recent form, opponent matchup, and game context."
2B  Hao-Yu Lee,Detroit Tigers,mlb,R,Kansas_City_Royals_at_Detroit_Tigers,0.21,0.0,0.21,OVER,"Marginal +EV opportunity: 2B  Hao-Yu Lee is projected for 0.2 R vs a line of 0.0, giving a OVER edge of 0.21. Based on recent form, opponent matchup, and game context."
CF  Drew Gilbert,San Francisco Giants,mlb,BB,Los_Angeles_Angels_at_San_Francisco_Giants,0.21,0.0,0.21,OVER,"Marginal +EV opportunity: CF  Drew Gilbert is projected for 0.2 BB vs a line of 0.0, giving a OVER edge of 0.21. Based on recent form, opponent matchup, and game context."
C   Eliezer Alfonzo,Los Angeles Dodgers,mlb,H,Los_Angeles_Dodgers_at_New_York_Mets,0.21,0.0,0.21,OVER,"Marginal +EV opportunity: C   Eliezer Alfonzo is projected for 0.2 H vs a line of 0.0, giving a OVER edge of 0.21. Based on recent form, opponent matchup, and game context."
1B  Freddie Freeman,Los Angeles Dodgers,mlb,2B,Los_Angeles_Dodgers_at_New_York_Mets,0.21,0.0,0.21,OVER,1B  Freddie Freeman shows OVER value at 0.0 2B. TC projection: 0.2 — edge: 0.21. Marginal conviction based on usage rate and defensive matchup.
SS  Miguel Rojas,Los Angeles Dodgers,mlb,RBI,Los_Angeles_Dodgers_at_New_York_Mets,0.21,0.0,0.21,OVER,SS  Miguel Rojas shows OVER value at 0.0 RBI. TC projection: 0.2 — edge: 0.21. Marginal conviction based on usage rate and defensive matchup.
CF  Justin Crawford,Philadelphia Phillies,mlb,RBI,New_York_Yankees_at_Philadelphia_Phillies,0.21,0.0,0.21,OVER,CF  Justin Crawford shows OVER value at 0.0 RBI. TC projection: 0.2 — edge: 0.21. Marginal conviction based on usage rate and defensive matchup.
C   Freddy Fermin,San Diego Padres,mlb,R,San_Diego_Padres_at_Miami_Marlins,0.21,0.0,0.21,OVER,C   Freddy Fermin shows OVER value at 0.0 R. TC projection: 0.2 — edge: 0.21. Marginal conviction based on usage rate and defensive matchup.
RF  Esteury Ruiz,Miami Marlins,mlb,BB,San_Diego_Padres_at_Miami_Marlins,0.21,0.0,0.21,OVER,"Marginal +EV opportunity: RF  Esteury Ruiz is projected for 0.2 BB vs a line of 0.0, giving a OVER edge of 0.21. Based on recent form, opponent matchup, and game context."
3B  Graham Pauley,Miami Marlins,mlb,R,San_Diego_Padres_at_Miami_Marlins,0.21,0.0,0.21,OVER,3B  Graham Pauley shows OVER value at 0.0 R. TC projection: 0.2 — edge: 0.21. Marginal conviction based on usage rate and defensive matchup.
3B  Leo Jiménez,Miami Marlins,mlb,BB,San_Diego_Padres_at_Miami_Marlins,0.21,0.0,0.21,OVER,"Marginal +EV opportunity: 3B  Leo Jiménez is projected for 0.2 BB vs a line of 0.0, giving a OVER edge of 0.21. Based on recent form, opponent matchup, and game context."
2B  Cole Young,Seattle Mariners,mlb,BB,Seattle_Mariners_at_Texas_Rangers,0.21,0.0,0.21,OVER,"Marginal +EV opportunity: 2B  Cole Young is projected for 0.2 BB vs a line of 0.0, giving a OVER edge of 0.21. Based on recent form, opponent matchup, and game context."
SS  Colt Emerson,Seattle Mariners,mlb,BB,Seattle_Mariners_at_Texas_Rangers,0.21,0.0,0.21,OVER,Targeting SS  Colt Emerson OVER 0.0 BB. Model projects 0.2 (0.21 edge). Recent trends and opponent weakness support this play.
3B  Weston Wilson,Seattle Mariners,mlb,RBI,Seattle_Mariners_at_Texas_Rangers,0.21,0.0,0.21,OVER,3B  Weston Wilson shows OVER value at 0.0 RBI. TC projection: 0.2 — edge: 0.21. Marginal conviction based on usage rate and defensive matchup.
SS  Andrés Giménez,Toronto Blue Jays,mlb,R,Toronto_Blue_Jays_at_Boston_Red_Sox,0.21,0.0,0.21,OVER,SS  Andrés Giménez shows OVER value at 0.0 R. TC projection: 0.2 — edge: 0.21. Marginal conviction based on usage rate and defensive matchup.
SS  Andruw Monasterio,Boston Red Sox,mlb,2B,Toronto_Blue_Jays_at_Boston_Red_Sox,0.21,0.0,0.21,OVER,SS  Andruw Monasterio shows OVER value at 0.0 2B. TC projection: 0.2 — edge: 0.21. Marginal conviction based on usage rate and defensive matchup.
3B  Caleb Durbin,Boston Red Sox,mlb,BB,Toronto_Blue_Jays_at_Boston_Red_Sox,0.21,0.0,0.21,OVER,3B  Caleb Durbin shows OVER value at 0.0 BB. TC projection: 0.2 — edge: 0.21. Marginal conviction based on usage rate and defensive matchup.
OF  Jahmai Jones,Boston Red Sox,mlb,H,Toronto_Blue_Jays_at_Boston_Red_Sox,0.21,0.0,0.21,OVER,Targeting OF  Jahmai Jones OVER 0.0 H. Model projects 0.2 (0.21 edge). Recent trends and opponent weakness support this play.
C   Edgar Quero,Chicago White Sox,mlb,BB,Houston_Astros_at_Chicago_White_Sox,0.2,0.0,0.2,OVER,Targeting C   Edgar Quero OVER 0.0 BB. Model projects 0.2 (0.20 edge). Recent trends and opponent weakness support this play.
C   Carter Jensen,Kansas City Royals,mlb,2B,Kansas_City_Royals_at_Detroit_Tigers,0.2,0.0,0.2,OVER,"Marginal +EV opportunity: C   Carter Jensen is projected for 0.2 2B vs a line of 0.0, giving a OVER edge of 0.20. Based on recent form, opponent matchup, and game context."
C   Dillon Dingler,Detroit Tigers,mlb,HR,Kansas_City_Royals_at_Detroit_Tigers,0.2,0.0,0.2,OVER,"Marginal +EV opportunity: C   Dillon Dingler is projected for 0.2 HR vs a line of 0.0, giving a OVER edge of 0.20. Based on recent form, opponent matchup, and game context."
C   Dillon Dingler,Detroit Tigers,mlb,2B,Kansas_City_Royals_at_Detroit_Tigers,0.2,0.0,0.2,OVER,C   Dillon Dingler shows OVER value at 0.0 2B. TC projection: 0.2 — edge: 0.20. Marginal conviction based on usage rate and defensive matchup.
RF  Kerry Carpenter,Detroit Tigers,mlb,BB,Kansas_City_Royals_at_Detroit_Tigers,0.2,0.0,0.2,OVER,Targeting RF  Kerry Carpenter OVER 0.0 BB. Model projects 0.2 (0.20 edge). Recent trends and opponent weakness support this play.
C   Logan O'Hoppe,Los Angeles Angels,mlb,BB,Los_Angeles_Angels_at_San_Francisco_Giants,0.2,0.0,0.2,OVER,C   Logan O'Hoppe shows OVER value at 0.0 BB. TC projection: 0.2 — edge: 0.20. Marginal conviction based on usage rate and defensive matchup.
2B  Luis Arraez,San Francisco Giants,mlb,2B,Los_Angeles_Angels_at_San_Francisco_Giants,0.2,0.0,0.2,OVER,2B  Luis Arraez shows OVER value at 0.0 2B. TC projection: 0.2 — edge: 0.20. Marginal conviction based on usage rate and defensive matchup.
SS  Willy Adames,San Francisco Giants,mlb,2B,Los_Angeles_Angels_at_San_Francisco_Giants,0.2,0.0,0.2,OVER,SS  Willy Adames shows OVER value at 0.0 2B. TC projection: 0.2 — edge: 0.20. Marginal conviction based on usage rate and defensive matchup.
SS  Miguel Rojas,Los Angeles Dodgers,mlb,R,Los_Angeles_Dodgers_at_New_York_Mets,0.2,0.0,0.2,OVER,"Marginal +EV opportunity: SS  Miguel Rojas is projected for 0.2 R vs a line of 0.0, giving a OVER edge of 0.20. Based on recent form, opponent matchup, and game context."
1B  Jared Young,New York Mets,mlb,BB,Los_Angeles_Dodgers_at_New_York_Mets,0.2,0.0,0.2,OVER,"Marginal +EV opportunity: 1B  Jared Young is projected for 0.2 BB vs a line of 0.0, giving a OVER edge of 0.20. Based on recent form, opponent matchup, and game context."
RF  Jasson Domínguez,New York Yankees,mlb,2B,New_York_Yankees_at_Philadelphia_Phillies,0.2,0.0,0.2,OVER,"Marginal +EV opportunity: RF  Jasson Domínguez is projected for 0.2 2B vs a line of 0.0, giving a OVER edge of 0.20. Based on recent form, opponent matchup, and game context."
RF  Fernando Tatis Jr.,San Diego Padres,mlb,SB,San_Diego_Padres_at_Miami_Marlins,0.2,0.0,0.2,OVER,Targeting RF  Fernando Tatis Jr. OVER 0.0 SB. Model projects 0.2 (0.20 edge). Recent trends and opponent weakness support this play.
3B  Javier Sanoja,Miami Marlins,mlb,2B,San_Diego_Padres_at_Miami_Marlins,0.2,0.0,0.2,OVER,3B  Javier Sanoja shows OVER value at 0.0 2B. TC projection: 0.2 — edge: 0.20. Marginal conviction based on usage rate and defensive matchup.
RF  Brandon Nimmo,Texas Rangers,mlb,2B,Seattle_Mariners_at_Texas_Rangers,0.2,0.0,0.2,OVER,RF  Brandon Nimmo shows OVER value at 0.0 2B. TC projection: 0.2 — edge: 0.20. Marginal conviction based on usage rate and defensive matchup.
LF  Davis Schneider,Toronto Blue Jays,mlb,RBI,Toronto_Blue_Jays_at_Boston_Red_Sox,0.2,0.0,0.2,OVER,Targeting LF  Davis Schneider OVER 0.0 RBI. Model projects 0.2 (0.20 edge). Recent trends and opponent weakness support this play.
1B  Willson Contreras,Boston Red Sox,mlb,HR,Toronto_Blue_Jays_at_Boston_Red_Sox,0.2,0.0,0.2,OVER,1B  Willson Contreras shows OVER value at 0.0 HR. TC projection: 0.2 — edge: 0.20. Marginal conviction based on usage rate and defensive matchup.
C   Edgar Quero,Chicago White Sox,mlb,R,Houston_Astros_at_Chicago_White_Sox,0.19,0.0,0.19,OVER,"Marginal +EV opportunity: C   Edgar Quero is projected for 0.2 R vs a line of 0.0, giving a OVER edge of 0.19. Based on recent form, opponent matchup, and game context."
CF  Tristan Peters,Chicago White Sox,mlb,2B,Houston_Astros_at_Chicago_White_Sox,0.19,0.0,0.19,OVER,CF  Tristan Peters shows OVER value at 0.0 2B. TC projection: 0.2 — edge: 0.19. Marginal conviction based on usage rate and defensive matchup.
3B  Nick Loftin,Kansas City Royals,mlb,2B,Kansas_City_Royals_at_Detroit_Tigers,0.19,0.0,0.19,OVER,"Marginal +EV opportunity: 3B  Nick Loftin is projected for 0.2 2B vs a line of 0.0, giving a OVER edge of 0.19. Based on recent form, opponent matchup, and game context."
CF  Matt Vierling,Detroit Tigers,mlb,BB,Kansas_City_Royals_at_Detroit_Tigers,0.19,0.0,0.19,OVER,CF  Matt Vierling shows OVER value at 0.0 BB. TC projection: 0.2 — edge: 0.19. Marginal conviction based on usage rate and defensive matchup.
DH  Bryce Eldridge,San Francisco Giants,mlb,2B,Los_Angeles_Angels_at_San_Francisco_Giants,0.19,0.0,0.19,OVER,"Marginal +EV opportunity: DH  Bryce Eldridge is projected for 0.2 2B vs a line of 0.0, giving a OVER edge of 0.19. Based on recent form, opponent matchup, and game context."
2B  Christian Koss,San Francisco Giants,mlb,H,Los_Angeles_Angels_at_San_Francisco_Giants,0.19,0.0,0.19,OVER,2B  Christian Koss shows OVER value at 0.0 H. TC projection: 0.2 — edge: 0.19. Marginal conviction based on usage rate and defensive matchup.
RF  Jung Hoo Lee,San Francisco Giants,mlb,2B,Los_Angeles_Angels_at_San_Francisco_Giants,0.19,0.0,0.19,OVER,"Marginal +EV opportunity: RF  Jung Hoo Lee is projected for 0.2 2B vs a line of 0.0, giving a OVER edge of 0.19. Based on recent form, opponent matchup, and game context."
TWP Shohei Ohtani,Los Angeles Dodgers,mlb,HR,Los_Angeles_Dodgers_at_New_York_Mets,0.19,0.0,0.19,OVER,Targeting TWP Shohei Ohtani OVER 0.0 HR. Model projects 0.2 (0.19 edge). Recent trends and opponent weakness support this play.
RF  Derek Hill,Philadelphia Phillies,mlb,RBI,New_York_Yankees_at_Philadelphia_Phillies,0.19,0.0,0.19,OVER,Targeting RF  Derek Hill OVER 0.0 RBI. Model projects 0.2 (0.19 edge). Recent trends and opponent weakness support this play.
2B  Jake Cronenworth,San Diego Padres,mlb,RBI,San_Diego_Padres_at_Miami_Marlins,0.19,0.0,0.19,OVER,2B  Jake Cronenworth shows OVER value at 0.0 RBI. TC projection: 0.2 — edge: 0.19. Marginal conviction based on usage rate and defensive matchup.
C   Luis Campusano,San Diego Padres,mlb,2B,San_Diego_Padres_at_Miami_Marlins,0.19,0.0,0.19,OVER,C   Luis Campusano shows OVER value at 0.0 2B. TC projection: 0.2 — edge: 0.19. Marginal conviction based on usage rate and defensive matchup.
2B  Sung-Mun Song,San Diego Padres,mlb,SB,San_Diego_Padres_at_Miami_Marlins,0.19,0.0,0.19,OVER,"Marginal +EV opportunity: 2B  Sung-Mun Song is projected for 0.2 SB vs a line of 0.0, giving a OVER edge of 0.19. Based on recent form, opponent matchup, and game context."
LF  Kyle Stowers,Miami Marlins,mlb,2B,San_Diego_Padres_at_Miami_Marlins,0.19,0.0,0.19,OVER,Targeting LF  Kyle Stowers OVER 0.0 2B. Model projects 0.2 (0.19 edge). Recent trends and opponent weakness support this play.
SS  Otto Lopez,Miami Marlins,mlb,BB,San_Diego_Padres_at_Miami_Marlins,0.19,0.0,0.19,OVER,Targeting SS  Otto Lopez OVER 0.0 BB. Model projects 0.2 (0.19 edge). Recent trends and opponent weakness support this play.
LF  Wyatt Langford,Texas Rangers,mlb,HR,Seattle_Mariners_at_Texas_Rangers,0.19,0.0,0.19,OVER,Targeting LF  Wyatt Langford OVER 0.0 HR. Model projects 0.2 (0.19 edge). Recent trends and opponent weakness support this play.
2B  Ernie Clement,Toronto Blue Jays,mlb,2B,Toronto_Blue_Jays_at_Boston_Red_Sox,0.19,0.0,0.19,OVER,"Marginal +EV opportunity: 2B  Ernie Clement is projected for 0.2 2B vs a line of 0.0, giving a OVER edge of 0.19. Based on recent form, opponent matchup, and game context."
LF  Yohendrick Piñango,Toronto Blue Jays,mlb,R,Toronto_Blue_Jays_at_Boston_Red_Sox,0.19,0.0,0.19,OVER,LF  Yohendrick Piñango shows OVER value at 0.0 R. TC projection: 0.2 — edge: 0.19. Marginal conviction based on usage rate and defensive matchup.
C   Carlos Narváez,Boston Red Sox,mlb,BB,Toronto_Blue_Jays_at_Boston_Red_Sox,0.19,0.0,0.19,OVER,Targeting C   Carlos Narváez OVER 0.0 BB. Model projects 0.2 (0.19 edge). Recent trends and opponent weakness support this play.
SS  Luisangel Acuña,Chicago White Sox,mlb,SB,Houston_Astros_at_Chicago_White_Sox,0.18,0.0,0.18,OVER,"Marginal +EV opportunity: SS  Luisangel Acuña is projected for 0.2 SB vs a line of 0.0, giving a OVER edge of 0.18. Based on recent form, opponent matchup, and game context."
3B  Miguel Vargas,Chicago White Sox,mlb,HR,Houston_Astros_at_Chicago_White_Sox,0.18,0.0,0.18,OVER,3B  Miguel Vargas shows OVER value at 0.0 HR. TC projection: 0.2 — edge: 0.18. Marginal conviction based on usage rate and defensive matchup.
CF  Tristan Peters,Chicago White Sox,mlb,BB,Houston_Astros_at_Chicago_White_Sox,0.18,0.0,0.18,OVER,"Marginal +EV opportunity: CF  Tristan Peters is projected for 0.2 BB vs a line of 0.0, giving a OVER edge of 0.18. Based on recent form, opponent matchup, and game context."
2B  Michael Massey,Kansas City Royals,mlb,2B,Kansas_City_Royals_at_Detroit_Tigers,0.18,0.0,0.18,OVER,"Marginal +EV opportunity: 2B  Michael Massey is projected for 0.2 2B vs a line of 0.0, giving a OVER edge of 0.18. Based on recent form, opponent matchup, and game context."
LF  Riley Greene,Detroit Tigers,mlb,2B,Kansas_City_Royals_at_Detroit_Tigers,0.18,0.0,0.18,OVER,LF  Riley Greene shows OVER value at 0.0 2B. TC projection: 0.2 — edge: 0.18. Marginal conviction based on usage rate and defensive matchup.
3B  Denzer Guzman,Los Angeles Angels,mlb,BB,Los_Angeles_Angels_at_San_Francisco_Giants,0.18,0.0,0.18,OVER,Targeting 3B  Denzer Guzman OVER 0.0 BB. Model projects 0.2 (0.18 edge). Recent trends and opponent weakness support this play.
CF  Mike Trout,Los Angeles Angels,mlb,HR,Los_Angeles_Angels_at_San_Francisco_Giants,0.18,0.0,0.18,OVER,Targeting CF  Mike Trout OVER 0.0 HR. Model projects 0.2 (0.18 edge). Recent trends and opponent weakness support this play.
LF  Casey Schmitt,San Francisco Giants,mlb,HR,Los_Angeles_Angels_at_San_Francisco_Giants,0.18,0.0,0.18,OVER,Targeting LF  Casey Schmitt OVER 0.0 HR. Model projects 0.2 (0.18 edge). Recent trends and opponent weakness support this play.
LF  Heliot Ramos,San Francisco Giants,mlb,2B,Los_Angeles_Angels_at_San_Francisco_Giants,0.18,0.0,0.18,OVER,Targeting LF  Heliot Ramos OVER 0.0 2B. Model projects 0.2 (0.18 edge). Recent trends and opponent weakness support this play.
CF  Andy Pages,Los Angeles Dodgers,mlb,2B,Los_Angeles_Dodgers_at_New_York_Mets,0.18,0.0,0.18,OVER,Targeting CF  Andy Pages OVER 0.0 2B. Model projects 0.2 (0.18 edge). Recent trends and opponent weakness support this play.
3B  Max Muncy,Los Angeles Dodgers,mlb,HR,Los_Angeles_Dodgers_at_New_York_Mets,0.18,0.0,0.18,OVER,3B  Max Muncy shows OVER value at 0.0 HR. TC projection: 0.2 — edge: 0.18. Marginal conviction based on usage rate and defensive matchup.
3B  Ryan McMahon,New York Yankees,mlb,BB,New_York_Yankees_at_Philadelphia_Phillies,0.18,0.0,0.18,OVER,3B  Ryan McMahon shows OVER value at 0.0 BB. TC projection: 0.2 — edge: 0.18. Marginal conviction based on usage rate and defensive matchup.
LF  Brandon Marsh,Philadelphia Phillies,mlb,BB,New_York_Yankees_at_Philadelphia_Phillies,0.18,0.0,0.18,OVER,Targeting LF  Brandon Marsh OVER 0.0 BB. Model projects 0.2 (0.18 edge). Recent trends and opponent weakness support this play.
1B  Bryce Harper,Philadelphia Phillies,mlb,HR,New_York_Yankees_at_Philadelphia_Phillies,0.18,0.0,0.18,OVER,Targeting 1B  Bryce Harper OVER 0.0 HR. Model projects 0.2 (0.18 edge). Recent trends and opponent weakness support this play.
3B  Manny Machado,San Diego Padres,mlb,HR,San_Diego_Padres_at_Miami_Marlins,0.18,0.0,0.18,OVER,3B  Manny Machado shows OVER value at 0.0 HR. TC projection: 0.2 — edge: 0.18. Marginal conviction based on usage rate and defensive matchup.
C   Rodolfo Durán,San Diego Padres,mlb,R,San_Diego_Padres_at_Miami_Marlins,0.18,0.0,0.18,OVER,"Marginal +EV opportunity: C   Rodolfo Durán is projected for 0.2 R vs a line of 0.0, giving a OVER edge of 0.18. Based on recent form, opponent matchup, and game context."
C   Rodolfo Durán,San Diego Padres,mlb,RBI,San_Diego_Padres_at_Miami_Marlins,0.18,0.0,0.18,OVER,"Marginal +EV opportunity: C   Rodolfo Durán is projected for 0.2 RBI vs a line of 0.0, giving a OVER edge of 0.18. Based on recent form, opponent matchup, and game context."
3B  Graham Pauley,Miami Marlins,mlb,2B,San_Diego_Padres_at_Miami_Marlins,0.18,0.0,0.18,OVER,Targeting 3B  Graham Pauley OVER 0.0 2B. Model projects 0.2 (0.18 edge). Recent trends and opponent weakness support this play.
C   Joe Mack,Miami Marlins,mlb,BB,San_Diego_Padres_at_Miami_Marlins,0.18,0.0,0.18,OVER,Targeting C   Joe Mack OVER 0.0 BB. Model projects 0.2 (0.18 edge). Recent trends and opponent weakness support this play.
1B  Josh Naylor,Seattle Mariners,mlb,SB,Seattle_Mariners_at_Texas_Rangers,0.18,0.0,0.18,OVER,Targeting 1B  Josh Naylor OVER 0.0 SB. Model projects 0.2 (0.18 edge). Recent trends and opponent weakness support this play.
LF  Randy Arozarena,Seattle Mariners,mlb,2B,Seattle_Mariners_at_Texas_Rangers,0.18,0.0,0.18,OVER,"Marginal +EV opportunity: LF  Randy Arozarena is projected for 0.2 2B vs a line of 0.0, giving a OVER edge of 0.18. Based on recent form, opponent matchup, and game context."
RF  Victor Robles,Seattle Mariners,mlb,R,Seattle_Mariners_at_Texas_Rangers,0.18,0.0,0.18,OVER,RF  Victor Robles shows OVER value at 0.0 R. TC projection: 0.2 — edge: 0.18. Marginal conviction based on usage rate and defensive matchup.
SS  Ezequiel Duran,Texas Rangers,mlb,2B,Seattle_Mariners_at_Texas_Rangers,0.18,0.0,0.18,OVER,SS  Ezequiel Duran shows OVER value at 0.0 2B. TC projection: 0.2 — edge: 0.18. Marginal conviction based on usage rate and defensive matchup.
3B  Kazuma Okamoto,Toronto Blue Jays,mlb,HR,Toronto_Blue_Jays_at_Boston_Red_Sox,0.18,0.0,0.18,OVER,"Marginal +EV opportunity: 3B  Kazuma Okamoto is projected for 0.2 HR vs a line of 0.0, giving a OVER edge of 0.18. Based on recent form, opponent matchup, and game context."
SS  Andruw Monasterio,Boston Red Sox,mlb,BB,Toronto_Blue_Jays_at_Boston_Red_Sox,0.18,0.0,0.18,OVER,Targeting SS  Andruw Monasterio OVER 0.0 BB. Model projects 0.2 (0.18 edge). Recent trends and opponent weakness support this play.
RF  Wilyer Abreu,Boston Red Sox,mlb,2B,Toronto_Blue_Jays_at_Boston_Red_Sox,0.18,0.0,0.18,OVER,RF  Wilyer Abreu shows OVER value at 0.0 2B. TC projection: 0.2 — edge: 0.18. Marginal conviction based on usage rate and defensive matchup.
CF  Junior Perez,Chicago White Sox,mlb,RBI,Houston_Astros_at_Chicago_White_Sox,0.17,0.0,0.17,OVER,"Marginal +EV opportunity: CF  Junior Perez is projected for 0.2 RBI vs a line of 0.0, giving a OVER edge of 0.17. Based on recent form, opponent matchup, and game context."
CF  James Outman,Detroit Tigers,mlb,RBI,Kansas_City_Royals_at_Detroit_Tigers,0.17,0.0,0.17,OVER,Targeting CF  James Outman OVER 0.0 RBI. Model projects 0.2 (0.17 edge). Recent trends and opponent weakness support this play.
SS  Kevin McGonigle,Detroit Tigers,mlb,2B,Kansas_City_Royals_at_Detroit_Tigers,0.17,0.0,0.17,OVER,"Marginal +EV opportunity: SS  Kevin McGonigle is projected for 0.2 2B vs a line of 0.0, giving a OVER edge of 0.17. Based on recent form, opponent matchup, and game context."
1B  Nolan Schanuel,Los Angeles Angels,mlb,2B,Los_Angeles_Angels_at_San_Francisco_Giants,0.17,0.0,0.17,OVER,Targeting 1B  Nolan Schanuel OVER 0.0 2B. Model projects 0.2 (0.17 edge). Recent trends and opponent weakness support this play.
2B  Vaughn Grissom,Los Angeles Angels,mlb,2B,Los_Angeles_Angels_at_San_Francisco_Giants,0.17,0.0,0.17,OVER,"Marginal +EV opportunity: 2B  Vaughn Grissom is projected for 0.2 2B vs a line of 0.0, giving a OVER edge of 0.17. Based on recent form, opponent matchup, and game context."
SS  Zach Neto,Los Angeles Angels,mlb,2B,Los_Angeles_Angels_at_San_Francisco_Giants,0.17,0.0,0.17,OVER,Targeting SS  Zach Neto OVER 0.0 2B. Model projects 0.2 (0.17 edge). Recent trends and opponent weakness support this play.
1B  Rafael Devers,San Francisco Giants,mlb,HR,Los_Angeles_Angels_at_San_Francisco_Giants,0.17,0.0,0.17,OVER,"Marginal +EV opportunity: 1B  Rafael Devers is projected for 0.2 HR vs a line of 0.0, giving a OVER edge of 0.17. Based on recent form, opponent matchup, and game context."
LF  Cody Bellinger,New York Yankees,mlb,2B,New_York_Yankees_at_Philadelphia_Phillies,0.17,0.0,0.17,OVER,"Marginal +EV opportunity: LF  Cody Bellinger is projected for 0.2 2B vs a line of 0.0, giving a OVER edge of 0.17. Based on recent form, opponent matchup, and game context."
1B  Paul Goldschmidt,New York Yankees,mlb,HR,New_York_Yankees_at_Philadelphia_Phillies,0.17,0.0,0.17,OVER,1B  Paul Goldschmidt shows OVER value at 0.0 HR. TC projection: 0.2 — edge: 0.17. Marginal conviction based on usage rate and defensive matchup.
2B  Bryson Stott,Philadelphia Phillies,mlb,2B,New_York_Yankees_at_Philadelphia_Phillies,0.17,0.0,0.17,OVER,2B  Bryson Stott shows OVER value at 0.0 2B. TC projection: 0.2 — edge: 0.17. Marginal conviction based on usage rate and defensive matchup.
CF  Jackson Merrill,San Diego Padres,mlb,SB,San_Diego_Padres_at_Miami_Marlins,0.17,0.0,0.17,OVER,CF  Jackson Merrill shows OVER value at 0.0 SB. TC projection: 0.2 — edge: 0.17. Marginal conviction based on usage rate and defensive matchup.
RF  Jase Bowen,San Diego Padres,mlb,H,San_Diego_Padres_at_Miami_Marlins,0.17,0.0,0.17,OVER,"Marginal +EV opportunity: RF  Jase Bowen is projected for 0.2 H vs a line of 0.0, giving a OVER edge of 0.17. Based on recent form, opponent matchup, and game context."
RF  Jase Bowen,San Diego Padres,mlb,R,San_Diego_Padres_at_Miami_Marlins,0.17,0.0,0.17,OVER,Targeting RF  Jase Bowen OVER 0.0 R. Model projects 0.2 (0.17 edge). Recent trends and opponent weakness support this play.
1B  Ty France,San Diego Padres,mlb,HR,San_Diego_Padres_at_Miami_Marlins,0.17,0.0,0.17,OVER,Targeting 1B  Ty France OVER 0.0 HR. Model projects 0.2 (0.17 edge). Recent trends and opponent weakness support this play.
LF  Griffin Conine,Miami Marlins,mlb,HR,San_Diego_Padres_at_Miami_Marlins,0.17,0.0,0.17,OVER,"Marginal +EV opportunity: LF  Griffin Conine is projected for 0.2 HR vs a line of 0.0, giving a OVER edge of 0.17. Based on recent form, opponent matchup, and game context."
CF  Jakob Marsee,Miami Marlins,mlb,SB,San_Diego_Padres_at_Miami_Marlins,0.17,0.0,0.17,OVER,CF  Jakob Marsee shows OVER value at 0.0 SB. TC projection: 0.2 — edge: 0.17. Marginal conviction based on usage rate and defensive matchup.
3B  Leo Jiménez,Miami Marlins,mlb,RBI,San_Diego_Padres_at_Miami_Marlins,0.17,0.0,0.17,OVER,Targeting 3B  Leo Jiménez OVER 0.0 RBI. Model projects 0.2 (0.17 edge). Recent trends and opponent weakness support this play.
LF  Randy Arozarena,Seattle Mariners,mlb,SB,Seattle_Mariners_at_Texas_Rangers,0.17,0.0,0.17,OVER,LF  Randy Arozarena shows OVER value at 0.0 SB. TC projection: 0.2 — edge: 0.17. Marginal conviction based on usage rate and defensive matchup.
3B  Weston Wilson,Seattle Mariners,mlb,BB,Seattle_Mariners_at_Texas_Rangers,0.17,0.0,0.17,OVER,Targeting 3B  Weston Wilson OVER 0.0 BB. Model projects 0.2 (0.17 edge). Recent trends and opponent weakness support this play.
C   Austin Wynns,Texas Rangers,mlb,H,Seattle_Mariners_at_Texas_Rangers,0.17,0.0,0.17,OVER,Targeting C   Austin Wynns OVER 0.0 H. Model projects 0.2 (0.17 edge). Recent trends and opponent weakness support this play.
2B  Justin Foscue,Texas Rangers,mlb,BB,Seattle_Mariners_at_Texas_Rangers,0.17,0.0,0.17,OVER,Targeting 2B  Justin Foscue OVER 0.0 BB. Model projects 0.2 (0.17 edge). Recent trends and opponent weakness support this play.
3B  Caleb Durbin,Boston Red Sox,mlb,2B,Toronto_Blue_Jays_at_Boston_Red_Sox,0.17,0.0,0.17,OVER,3B  Caleb Durbin shows OVER value at 0.0 2B. TC projection: 0.2 — edge: 0.17. Marginal conviction based on usage rate and defensive matchup.
1B  Willson Contreras,Boston Red Sox,mlb,2B,Toronto_Blue_Jays_at_Boston_Red_Sox,0.17,0.0,0.17,OVER,1B  Willson Contreras shows OVER value at 0.0 2B. TC projection: 0.2 — edge: 0.17. Marginal conviction based on usage rate and defensive matchup.
RF  Starling Marte,Kansas City Royals,mlb,RBI,Kansas_City_Royals_at_Detroit_Tigers,0.16,0.0,0.16,OVER,"Marginal +EV opportunity: RF  Starling Marte is projected for 0.2 RBI vs a line of 0.0, giving a OVER edge of 0.16. Based on recent form, opponent matchup, and game context."
1B  Spencer Torkelson,Detroit Tigers,mlb,HR,Kansas_City_Royals_at_Detroit_Tigers,0.16,0.0,0.16,OVER,1B  Spencer Torkelson shows OVER value at 0.0 HR. TC projection: 0.2 — edge: 0.16. Marginal conviction based on usage rate and defensive matchup.
SS  Zach Neto,Los Angeles Angels,mlb,HR,Los_Angeles_Angels_at_San_Francisco_Giants,0.16,0.0,0.16,OVER,Targeting SS  Zach Neto OVER 0.0 HR. Model projects 0.2 (0.16 edge). Recent trends and opponent weakness support this play.
LF  Casey Schmitt,San Francisco Giants,mlb,2B,Los_Angeles_Angels_at_San_Francisco_Giants,0.16,0.0,0.16,OVER,Targeting LF  Casey Schmitt OVER 0.0 2B. Model projects 0.2 (0.16 edge). Recent trends and opponent weakness support this play.
LF  Heliot Ramos,San Francisco Giants,mlb,BB,Los_Angeles_Angels_at_San_Francisco_Giants,0.16,0.0,0.16,OVER,LF  Heliot Ramos shows OVER value at 0.0 BB. TC projection: 0.2 — edge: 0.16. Marginal conviction based on usage rate and defensive matchup.
C   Jesus Rodriguez,San Francisco Giants,mlb,BB,Los_Angeles_Angels_at_San_Francisco_Giants,0.16,0.0,0.16,OVER,C   Jesus Rodriguez shows OVER value at 0.0 BB. TC projection: 0.2 — edge: 0.16. Marginal conviction based on usage rate and defensive matchup.
SS  Willy Adames,San Francisco Giants,mlb,HR,Los_Angeles_Angels_at_San_Francisco_Giants,0.16,0.0,0.16,OVER,Targeting SS  Willy Adames OVER 0.0 HR. Model projects 0.2 (0.16 edge). Recent trends and opponent weakness support this play.
RF  Kyle Tucker,Los Angeles Dodgers,mlb,2B,Los_Angeles_Dodgers_at_New_York_Mets,0.16,0.0,0.16,OVER,"Marginal +EV opportunity: RF  Kyle Tucker is projected for 0.2 2B vs a line of 0.0, giving a OVER edge of 0.16. Based on recent form, opponent matchup, and game context."
SS  Mookie Betts,Los Angeles Dodgers,mlb,HR,Los_Angeles_Dodgers_at_New_York_Mets,0.16,0.0,0.16,OVER,Targeting SS  Mookie Betts OVER 0.0 HR. Model projects 0.2 (0.16 edge). Recent trends and opponent weakness support this play.
DH  Jorge Polanco,New York Mets,mlb,R,Los_Angeles_Dodgers_at_New_York_Mets,0.16,0.0,0.16,OVER,"Marginal +EV opportunity: DH  Jorge Polanco is projected for 0.2 R vs a line of 0.0, giving a OVER edge of 0.16. Based on recent form, opponent matchup, and game context."
DH  Jorge Polanco,New York Mets,mlb,RBI,Los_Angeles_Dodgers_at_New_York_Mets,0.16,0.0,0.16,OVER,DH  Jorge Polanco shows OVER value at 0.0 RBI. TC projection: 0.2 — edge: 0.16. Marginal conviction based on usage rate and defensive matchup.
DH  Jorge Polanco,New York Mets,mlb,2B,Los_Angeles_Dodgers_at_New_York_Mets,0.16,0.0,0.16,OVER,DH  Jorge Polanco shows OVER value at 0.0 2B. TC projection: 0.2 — edge: 0.16. Marginal conviction based on usage rate and defensive matchup.
3B  Amed Rosario,New York Yankees,mlb,BB,New_York_Yankees_at_Philadelphia_Phillies,0.16,0.0,0.16,OVER,Targeting 3B  Amed Rosario OVER 0.0 BB. Model projects 0.2 (0.16 edge). Recent trends and opponent weakness support this play.
SS  José Caballero,New York Yankees,mlb,BB,New_York_Yankees_at_Philadelphia_Phillies,0.16,0.0,0.16,OVER,Targeting SS  José Caballero OVER 0.0 BB. Model projects 0.2 (0.16 edge). Recent trends and opponent weakness support this play.
1B  Bryce Harper,Philadelphia Phillies,mlb,2B,New_York_Yankees_at_Philadelphia_Phillies,0.16,0.0,0.16,OVER,Targeting 1B  Bryce Harper OVER 0.0 2B. Model projects 0.2 (0.16 edge). Recent trends and opponent weakness support this play.
CF  Justin Crawford,Philadelphia Phillies,mlb,BB,New_York_Yankees_at_Philadelphia_Phillies,0.16,0.0,0.16,OVER,"Marginal +EV opportunity: CF  Justin Crawford is projected for 0.2 BB vs a line of 0.0, giving a OVER edge of 0.16. Based on recent form, opponent matchup, and game context."
C   Rafael Marchán,Philadelphia Phillies,mlb,RBI,New_York_Yankees_at_Philadelphia_Phillies,0.16,0.0,0.16,OVER,Targeting C   Rafael Marchán OVER 0.0 RBI. Model projects 0.2 (0.16 edge). Recent trends and opponent weakness support this play.
SS  Trea Turner,Philadelphia Phillies,mlb,2B,New_York_Yankees_at_Philadelphia_Phillies,0.16,0.0,0.16,OVER,Targeting SS  Trea Turner OVER 0.0 2B. Model projects 0.2 (0.16 edge). Recent trends and opponent weakness support this play.
RF  Fernando Tatis Jr.,San Diego Padres,mlb,2B,San_Diego_Padres_at_Miami_Marlins,0.16,0.0,0.16,OVER,Targeting RF  Fernando Tatis Jr. OVER 0.0 2B. Model projects 0.2 (0.16 edge). Recent trends and opponent weakness support this play.
C   Rodolfo Durán,San Diego Padres,mlb,BB,San_Diego_Padres_at_Miami_Marlins,0.16,0.0,0.16,OVER,Targeting C   Rodolfo Durán OVER 0.0 BB. Model projects 0.2 (0.16 edge). Recent trends and opponent weakness support this play.
SS  Otto Lopez,Miami Marlins,mlb,SB,San_Diego_Padres_at_Miami_Marlins,0.16,0.0,0.16,OVER,"Marginal +EV opportunity: SS  Otto Lopez is projected for 0.2 SB vs a line of 0.0, giving a OVER edge of 0.16. Based on recent form, opponent matchup, and game context."
DH  Joc Pederson,Texas Rangers,mlb,HR,Seattle_Mariners_at_Texas_Rangers,0.16,0.0,0.16,OVER,"Marginal +EV opportunity: DH  Joc Pederson is projected for 0.2 HR vs a line of 0.0, giving a OVER edge of 0.16. Based on recent form, opponent matchup, and game context."
LF  Wyatt Langford,Texas Rangers,mlb,2B,Seattle_Mariners_at_Texas_Rangers,0.16,0.0,0.16,OVER,Targeting LF  Wyatt Langford OVER 0.0 2B. Model projects 0.2 (0.16 edge). Recent trends and opponent weakness support this play.
CF  Daulton Varsho,Toronto Blue Jays,mlb,2B,Toronto_Blue_Jays_at_Boston_Red_Sox,0.16,0.0,0.16,OVER,Targeting CF  Daulton Varsho OVER 0.0 2B. Model projects 0.2 (0.16 edge). Recent trends and opponent weakness support this play.
RF  Nathan Lukes,Toronto Blue Jays,mlb,BB,Toronto_Blue_Jays_at_Boston_Red_Sox,0.16,0.0,0.16,OVER,"Marginal +EV opportunity: RF  Nathan Lukes is projected for 0.2 BB vs a line of 0.0, giving a OVER edge of 0.16. Based on recent form, opponent matchup, and game context."
LF  Yohendrick Piñango,Toronto Blue Jays,mlb,BB,Toronto_Blue_Jays_at_Boston_Red_Sox,0.16,0.0,0.16,OVER,LF  Yohendrick Piñango shows OVER value at 0.0 BB. TC projection: 0.2 — edge: 0.16. Marginal conviction based on usage rate and defensive matchup.
CF  Ceddanne Rafaela,Boston Red Sox,mlb,BB,Toronto_Blue_Jays_at_Boston_Red_Sox,0.16,0.0,0.16,OVER,"Marginal +EV opportunity: CF  Ceddanne Rafaela is projected for 0.2 BB vs a line of 0.0, giving a OVER edge of 0.16. Based on recent form, opponent matchup, and game context."
OF  Jahmai Jones,Boston Red Sox,mlb,BB,Toronto_Blue_Jays_at_Boston_Red_Sox,0.16,0.0,0.16,OVER,Targeting OF  Jahmai Jones OVER 0.0 BB. Model projects 0.2 (0.16 edge). Recent trends and opponent weakness support this play.
SS  Colson Montgomery,Chicago White Sox,mlb,2B,Houston_Astros_at_Chicago_White_Sox,0.15,0.0,0.15,OVER,Targeting SS  Colson Montgomery OVER 0.0 2B. Model projects 0.1 (0.15 edge). Recent trends and opponent weakness support this play.
SS  Luisangel Acuña,Chicago White Sox,mlb,RBI,Houston_Astros_at_Chicago_White_Sox,0.15,0.0,0.15,OVER,Targeting SS  Luisangel Acuña OVER 0.0 RBI. Model projects 0.1 (0.15 edge). Recent trends and opponent weakness support this play.
LF  Isaac Collins,Kansas City Royals,mlb,2B,Kansas_City_Royals_at_Detroit_Tigers,0.15,0.0,0.15,OVER,"Marginal +EV opportunity: LF  Isaac Collins is projected for 0.1 2B vs a line of 0.0, giving a OVER edge of 0.15. Based on recent form, opponent matchup, and game context."
RF  Jac Caglianone,Kansas City Royals,mlb,2B,Kansas_City_Royals_at_Detroit_Tigers,0.15,0.0,0.15,OVER,RF  Jac Caglianone shows OVER value at 0.0 2B. TC projection: 0.1 — edge: 0.15. Marginal conviction based on usage rate and defensive matchup.
CF  Lane Thomas,Kansas City Royals,mlb,2B,Kansas_City_Royals_at_Detroit_Tigers,0.15,0.0,0.15,OVER,"Marginal +EV opportunity: CF  Lane Thomas is projected for 0.1 2B vs a line of 0.0, giving a OVER edge of 0.15. Based on recent form, opponent matchup, and game context."
2B  Michael Massey,Kansas City Royals,mlb,BB,Kansas_City_Royals_at_Detroit_Tigers,0.15,0.0,0.15,OVER,2B  Michael Massey shows OVER value at 0.0 BB. TC projection: 0.1 — edge: 0.15. Marginal conviction based on usage rate and defensive matchup.
1B  Spencer Torkelson,Detroit Tigers,mlb,2B,Kansas_City_Royals_at_Detroit_Tigers,0.15,0.0,0.15,OVER,Targeting 1B  Spencer Torkelson OVER 0.0 2B. Model projects 0.1 (0.15 edge). Recent trends and opponent weakness support this play.
DH  Jorge Soler,Los Angeles Angels,mlb,2B,Los_Angeles_Angels_at_San_Francisco_Giants,0.15,0.0,0.15,OVER,Targeting DH  Jorge Soler OVER 0.0 2B. Model projects 0.1 (0.15 edge). Recent trends and opponent weakness support this play.
C   Tyler Heineman,Los Angeles Angels,mlb,R,Los_Angeles_Angels_at_San_Francisco_Giants,0.15,0.0,0.15,OVER,C   Tyler Heineman shows OVER value at 0.0 R. TC projection: 0.1 — edge: 0.15. Marginal conviction based on usage rate and defensive matchup.
LF  Tommy Edman,Los Angeles Dodgers,mlb,2B,Los_Angeles_Dodgers_at_New_York_Mets,0.15,0.0,0.15,OVER,LF  Tommy Edman shows OVER value at 0.0 2B. TC projection: 0.1 — edge: 0.15. Marginal conviction based on usage rate and defensive matchup.
CF  A.J. Ewing,New York Mets,mlb,2B,Los_Angeles_Dodgers_at_New_York_Mets,0.15,0.0,0.15,OVER,Targeting CF  A.J. Ewing OVER 0.0 2B. Model projects 0.1 (0.15 edge). Recent trends and opponent weakness support this play.
CF  A.J. Ewing,New York Mets,mlb,SB,Los_Angeles_Dodgers_at_New_York_Mets,0.15,0.0,0.15,OVER,Targeting CF  A.J. Ewing OVER 0.0 SB. Model projects 0.1 (0.15 edge). Recent trends and opponent weakness support this play.
C   Luis Torrens,New York Mets,mlb,2B,Los_Angeles_Dodgers_at_New_York_Mets,0.15,0.0,0.15,OVER,C   Luis Torrens shows OVER value at 0.0 2B. TC projection: 0.1 — edge: 0.15. Marginal conviction based on usage rate and defensive matchup.
C   Luis Torrens,New York Mets,mlb,BB,Los_Angeles_Dodgers_at_New_York_Mets,0.15,0.0,0.15,OVER,C   Luis Torrens shows OVER value at 0.0 BB. TC projection: 0.1 — edge: 0.15. Marginal conviction based on usage rate and defensive matchup.
C   Ali Sánchez,New York Yankees,mlb,RBI,New_York_Yankees_at_Philadelphia_Phillies,0.15,0.0,0.15,OVER,C   Ali Sánchez shows OVER value at 0.0 RBI. TC projection: 0.1 — edge: 0.15. Marginal conviction based on usage rate and defensive matchup.
C   Austin Wells,New York Yankees,mlb,RBI,New_York_Yankees_at_Philadelphia_Phillies,0.15,0.0,0.15,OVER,Targeting C   Austin Wells OVER 0.0 RBI. Model projects 0.1 (0.15 edge). Recent trends and opponent weakness support this play.
1B  Ben Rice,New York Yankees,mlb,2B,New_York_Yankees_at_Philadelphia_Phillies,0.15,0.0,0.15,OVER,Targeting 1B  Ben Rice OVER 0.0 2B. Model projects 0.1 (0.15 edge). Recent trends and opponent weakness support this play.
SS  Max Schuemann,New York Yankees,mlb,RBI,New_York_Yankees_at_Philadelphia_Phillies,0.15,0.0,0.15,OVER,SS  Max Schuemann shows OVER value at 0.0 RBI. TC projection: 0.1 — edge: 0.15. Marginal conviction based on usage rate and defensive matchup.
2B  Bryson Stott,Philadelphia Phillies,mlb,SB,New_York_Yankees_at_Philadelphia_Phillies,0.15,0.0,0.15,OVER,Targeting 2B  Bryson Stott OVER 0.0 SB. Model projects 0.1 (0.15 edge). Recent trends and opponent weakness support this play.
SS  Trea Turner,Philadelphia Phillies,mlb,SB,New_York_Yankees_at_Philadelphia_Phillies,0.15,0.0,0.15,OVER,"Marginal +EV opportunity: SS  Trea Turner is projected for 0.1 SB vs a line of 0.0, giving a OVER edge of 0.15. Based on recent form, opponent matchup, and game context."
C   Freddy Fermin,San Diego Padres,mlb,RBI,San_Diego_Padres_at_Miami_Marlins,0.15,0.0,0.15,OVER,C   Freddy Fermin shows OVER value at 0.0 RBI. TC projection: 0.1 — edge: 0.15. Marginal conviction based on usage rate and defensive matchup.
LF  Heriberto Hernández,Miami Marlins,mlb,HR,San_Diego_Padres_at_Miami_Marlins,0.15,0.0,0.15,OVER,LF  Heriberto Hernández shows OVER value at 0.0 HR. TC projection: 0.1 — edge: 0.15. Marginal conviction based on usage rate and defensive matchup.
1B  Buddy Kennedy,Seattle Mariners,mlb,R,Seattle_Mariners_at_Texas_Rangers,0.15,0.0,0.15,OVER,Targeting 1B  Buddy Kennedy OVER 0.0 R. Model projects 0.1 (0.15 edge). Recent trends and opponent weakness support this play.
1B  Buddy Kennedy,Seattle Mariners,mlb,BB,Seattle_Mariners_at_Texas_Rangers,0.15,0.0,0.15,OVER,"Marginal +EV opportunity: 1B  Buddy Kennedy is projected for 0.1 BB vs a line of 0.0, giving a OVER edge of 0.15. Based on recent form, opponent matchup, and game context."
1B  Jake Burger,Texas Rangers,mlb,HR,Seattle_Mariners_at_Texas_Rangers,0.15,0.0,0.15,OVER,"Marginal +EV opportunity: 1B  Jake Burger is projected for 0.1 HR vs a line of 0.0, giving a OVER edge of 0.15. Based on recent form, opponent matchup, and game context."
DH  George Springer,Toronto Blue Jays,mlb,2B,Toronto_Blue_Jays_at_Boston_Red_Sox,0.15,0.0,0.15,OVER,"Marginal +EV opportunity: DH  George Springer is projected for 0.1 2B vs a line of 0.0, giving a OVER edge of 0.15. Based on recent form, opponent matchup, and game context."
2B  Luis Urías,Toronto Blue Jays,mlb,R,Toronto_Blue_Jays_at_Boston_Red_Sox,0.15,0.0,0.15,OVER,"Marginal +EV opportunity: 2B  Luis Urías is projected for 0.1 R vs a line of 0.0, giving a OVER edge of 0.15. Based on recent form, opponent matchup, and game context."
2B  Luis Urías,Toronto Blue Jays,mlb,RBI,Toronto_Blue_Jays_at_Boston_Red_Sox,0.15,0.0,0.15,OVER,2B  Luis Urías shows OVER value at 0.0 RBI. TC projection: 0.1 — edge: 0.15. Marginal conviction based on usage rate and defensive matchup.
2B  Luis Urías,Toronto Blue Jays,mlb,BB,Toronto_Blue_Jays_at_Boston_Red_Sox,0.15,0.0,0.15,OVER,2B  Luis Urías shows OVER value at 0.0 BB. TC projection: 0.1 — edge: 0.15. Marginal conviction based on usage rate and defensive matchup.
RF  Myles Straw,Toronto Blue Jays,mlb,RBI,Toronto_Blue_Jays_at_Boston_Red_Sox,0.15,0.0,0.15,OVER,Targeting RF  Myles Straw OVER 0.0 RBI. Model projects 0.1 (0.15 edge). Recent trends and opponent weakness support this play.
C   Connor Wong,Boston Red Sox,mlb,2B,Toronto_Blue_Jays_at_Boston_Red_Sox,0.15,0.0,0.15,OVER,"Marginal +EV opportunity: C   Connor Wong is projected for 0.1 2B vs a line of 0.0, giving a OVER edge of 0.15. Based on recent form, opponent matchup, and game context."
LF  Sam Antonacci,Chicago White Sox,mlb,SB,Houston_Astros_at_Chicago_White_Sox,0.14,0.0,0.14,OVER,LF  Sam Antonacci shows OVER value at 0.0 SB. TC projection: 0.1 — edge: 0.14. Marginal conviction based on usage rate and defensive matchup.
RF  Jac Caglianone,Kansas City Royals,mlb,HR,Kansas_City_Royals_at_Detroit_Tigers,0.14,0.0,0.14,OVER,RF  Jac Caglianone shows OVER value at 0.0 HR. TC projection: 0.1 — edge: 0.14. Marginal conviction based on usage rate and defensive matchup.
DH  Salvador Perez,Kansas City Royals,mlb,BB,Kansas_City_Royals_at_Detroit_Tigers,0.14,0.0,0.14,OVER,DH  Salvador Perez shows OVER value at 0.0 BB. TC projection: 0.1 — edge: 0.14. Marginal conviction based on usage rate and defensive matchup.
RF  Starling Marte,Kansas City Royals,mlb,BB,Kansas_City_Royals_at_Detroit_Tigers,0.14,0.0,0.14,OVER,"Marginal +EV opportunity: RF  Starling Marte is projected for 0.1 BB vs a line of 0.0, giving a OVER edge of 0.14. Based on recent form, opponent matchup, and game context."
3B  Colt Keith,Detroit Tigers,mlb,BB,Kansas_City_Royals_at_Detroit_Tigers,0.14,0.0,0.14,OVER,3B  Colt Keith shows OVER value at 0.0 BB. TC projection: 0.1 — edge: 0.14. Marginal conviction based on usage rate and defensive matchup.
RF  Kerry Carpenter,Detroit Tigers,mlb,HR,Kansas_City_Royals_at_Detroit_Tigers,0.14,0.0,0.14,OVER,RF  Kerry Carpenter shows OVER value at 0.0 HR. TC projection: 0.1 — edge: 0.14. Marginal conviction based on usage rate and defensive matchup.
LF  Josh Lowe,Los Angeles Angels,mlb,BB,Los_Angeles_Angels_at_San_Francisco_Giants,0.14,0.0,0.14,OVER,Targeting LF  Josh Lowe OVER 0.0 BB. Model projects 0.1 (0.14 edge). Recent trends and opponent weakness support this play.
CF  Mike Trout,Los Angeles Angels,mlb,2B,Los_Angeles_Angels_at_San_Francisco_Giants,0.14,0.0,0.14,OVER,CF  Mike Trout shows OVER value at 0.0 2B. TC projection: 0.1 — edge: 0.14. Marginal conviction based on usage rate and defensive matchup.
LF  Wade Meckler,Los Angeles Angels,mlb,2B,Los_Angeles_Angels_at_San_Francisco_Giants,0.14,0.0,0.14,OVER,LF  Wade Meckler shows OVER value at 0.0 2B. TC projection: 0.1 — edge: 0.14. Marginal conviction based on usage rate and defensive matchup.
DH  Bryce Eldridge,San Francisco Giants,mlb,HR,Los_Angeles_Angels_at_San_Francisco_Giants,0.14,0.0,0.14,OVER,"Marginal +EV opportunity: DH  Bryce Eldridge is projected for 0.1 HR vs a line of 0.0, giving a OVER edge of 0.14. Based on recent form, opponent matchup, and game context."
RF  Jung Hoo Lee,San Francisco Giants,mlb,BB,Los_Angeles_Angels_at_San_Francisco_Giants,0.14,0.0,0.14,OVER,"Marginal +EV opportunity: RF  Jung Hoo Lee is projected for 0.1 BB vs a line of 0.0, giving a OVER edge of 0.14. Based on recent form, opponent matchup, and game context."
CF  Andy Pages,Los Angeles Dodgers,mlb,HR,Los_Angeles_Dodgers_at_New_York_Mets,0.14,0.0,0.14,OVER,CF  Andy Pages shows OVER value at 0.0 HR. TC projection: 0.1 — edge: 0.14. Marginal conviction based on usage rate and defensive matchup.
C   Dalton Rushing,Los Angeles Dodgers,mlb,HR,Los_Angeles_Dodgers_at_New_York_Mets,0.14,0.0,0.14,OVER,C   Dalton Rushing shows OVER value at 0.0 HR. TC projection: 0.1 — edge: 0.14. Marginal conviction based on usage rate and defensive matchup.
C   Dalton Rushing,Los Angeles Dodgers,mlb,2B,Los_Angeles_Dodgers_at_New_York_Mets,0.14,0.0,0.14,OVER,"Marginal +EV opportunity: C   Dalton Rushing is projected for 0.1 2B vs a line of 0.0, giving a OVER edge of 0.14. Based on recent form, opponent matchup, and game context."
3B  Max Muncy,Los Angeles Dodgers,mlb,2B,Los_Angeles_Dodgers_at_New_York_Mets,0.14,0.0,0.14,OVER,"Marginal +EV opportunity: 3B  Max Muncy is projected for 0.1 2B vs a line of 0.0, giving a OVER edge of 0.14. Based on recent form, opponent matchup, and game context."
TWP Shohei Ohtani,Los Angeles Dodgers,mlb,2B,Los_Angeles_Dodgers_at_New_York_Mets,0.14,0.0,0.14,OVER,"Marginal +EV opportunity: TWP Shohei Ohtani is projected for 0.1 2B vs a line of 0.0, giving a OVER edge of 0.14. Based on recent form, opponent matchup, and game context."
RF  Carson Benge,New York Mets,mlb,SB,Los_Angeles_Dodgers_at_New_York_Mets,0.14,0.0,0.14,OVER,"Marginal +EV opportunity: RF  Carson Benge is projected for 0.1 SB vs a line of 0.0, giving a OVER edge of 0.14. Based on recent form, opponent matchup, and game context."
C   Francisco Alvarez,New York Mets,mlb,HR,Los_Angeles_Dodgers_at_New_York_Mets,0.14,0.0,0.14,OVER,C   Francisco Alvarez shows OVER value at 0.0 HR. TC projection: 0.1 — edge: 0.14. Marginal conviction based on usage rate and defensive matchup.
RF  Jasson Domínguez,New York Yankees,mlb,BB,New_York_Yankees_at_Philadelphia_Phillies,0.14,0.0,0.14,OVER,"Marginal +EV opportunity: RF  Jasson Domínguez is projected for 0.1 BB vs a line of 0.0, giving a OVER edge of 0.14. Based on recent form, opponent matchup, and game context."
2B  Jazz Chisholm Jr.,New York Yankees,mlb,HR,New_York_Yankees_at_Philadelphia_Phillies,0.14,0.0,0.14,OVER,"Marginal +EV opportunity: 2B  Jazz Chisholm Jr. is projected for 0.1 HR vs a line of 0.0, giving a OVER edge of 0.14. Based on recent form, opponent matchup, and game context."
CF  Trent Grisham,New York Yankees,mlb,2B,New_York_Yankees_at_Philadelphia_Phillies,0.14,0.0,0.14,OVER,Targeting CF  Trent Grisham OVER 0.0 2B. Model projects 0.1 (0.14 edge). Recent trends and opponent weakness support this play.
LF  Brandon Marsh,Philadelphia Phillies,mlb,HR,New_York_Yankees_at_Philadelphia_Phillies,0.14,0.0,0.14,OVER,"Marginal +EV opportunity: LF  Brandon Marsh is projected for 0.1 HR vs a line of 0.0, giving a OVER edge of 0.14. Based on recent form, opponent matchup, and game context."
RF  Gabriel Rincones Jr.,Philadelphia Phillies,mlb,2B,New_York_Yankees_at_Philadelphia_Phillies,0.14,0.0,0.14,OVER,"Marginal +EV opportunity: RF  Gabriel Rincones Jr. is projected for 0.1 2B vs a line of 0.0, giving a OVER edge of 0.14. Based on recent form, opponent matchup, and game context."
C   J.T. Realmuto,Philadelphia Phillies,mlb,2B,New_York_Yankees_at_Philadelphia_Phillies,0.14,0.0,0.14,OVER,C   J.T. Realmuto shows OVER value at 0.0 2B. TC projection: 0.1 — edge: 0.14. Marginal conviction based on usage rate and defensive matchup.
C   Rafael Marchán,Philadelphia Phillies,mlb,R,New_York_Yankees_at_Philadelphia_Phillies,0.14,0.0,0.14,OVER,"Marginal +EV opportunity: C   Rafael Marchán is projected for 0.1 R vs a line of 0.0, giving a OVER edge of 0.14. Based on recent form, opponent matchup, and game context."
1B  Ty France,San Diego Padres,mlb,BB,San_Diego_Padres_at_Miami_Marlins,0.14,0.0,0.14,OVER,"Marginal +EV opportunity: 1B  Ty France is projected for 0.1 BB vs a line of 0.0, giving a OVER edge of 0.14. Based on recent form, opponent matchup, and game context."
RF  Esteury Ruiz,Miami Marlins,mlb,RBI,San_Diego_Padres_at_Miami_Marlins,0.14,0.0,0.14,OVER,Targeting RF  Esteury Ruiz OVER 0.0 RBI. Model projects 0.1 (0.14 edge). Recent trends and opponent weakness support this play.
3B  Javier Sanoja,Miami Marlins,mlb,BB,San_Diego_Padres_at_Miami_Marlins,0.14,0.0,0.14,OVER,Targeting 3B  Javier Sanoja OVER 0.0 BB. Model projects 0.1 (0.14 edge). Recent trends and opponent weakness support this play.
DH  Dominic Canzone,Seattle Mariners,mlb,HR,Seattle_Mariners_at_Texas_Rangers,0.14,0.0,0.14,OVER,Targeting DH  Dominic Canzone OVER 0.0 HR. Model projects 0.1 (0.14 edge). Recent trends and opponent weakness support this play.
CF  Julio Rodríguez,Seattle Mariners,mlb,HR,Seattle_Mariners_at_Texas_Rangers,0.14,0.0,0.14,OVER,CF  Julio Rodríguez shows OVER value at 0.0 HR. TC projection: 0.1 — edge: 0.14. Marginal conviction based on usage rate and defensive matchup.
CF  Julio Rodríguez,Seattle Mariners,mlb,2B,Seattle_Mariners_at_Texas_Rangers,0.14,0.0,0.14,OVER,Targeting CF  Julio Rodríguez OVER 0.0 2B. Model projects 0.1 (0.14 edge). Recent trends and opponent weakness support this play.
RF  Luke Raley,Seattle Mariners,mlb,HR,Seattle_Mariners_at_Texas_Rangers,0.14,0.0,0.14,OVER,RF  Luke Raley shows OVER value at 0.0 HR. TC projection: 0.1 — edge: 0.14. Marginal conviction based on usage rate and defensive matchup.
C   Elias Díaz,Texas Rangers,mlb,2B,Seattle_Mariners_at_Texas_Rangers,0.14,0.0,0.14,OVER,C   Elias Díaz shows OVER value at 0.0 2B. TC projection: 0.1 — edge: 0.14. Marginal conviction based on usage rate and defensive matchup.
1B  Vladimir Guerrero Jr.,Toronto Blue Jays,mlb,2B,Toronto_Blue_Jays_at_Boston_Red_Sox,0.14,0.0,0.14,OVER,"Marginal +EV opportunity: 1B  Vladimir Guerrero Jr. is projected for 0.1 2B vs a line of 0.0, giving a OVER edge of 0.14. Based on recent form, opponent matchup, and game context."
C   Carlos Narváez,Boston Red Sox,mlb,RBI,Toronto_Blue_Jays_at_Boston_Red_Sox,0.14,0.0,0.14,OVER,C   Carlos Narváez shows OVER value at 0.0 RBI. TC projection: 0.1 — edge: 0.14. Marginal conviction based on usage rate and defensive matchup.
DH  Masataka Yoshida,Boston Red Sox,mlb,2B,Toronto_Blue_Jays_at_Boston_Red_Sox,0.14,0.0,0.14,OVER,"Marginal +EV opportunity: DH  Masataka Yoshida is projected for 0.1 2B vs a line of 0.0, giving a OVER edge of 0.14. Based on recent form, opponent matchup, and game context."
DH  Randal Grichuk,Chicago White Sox,mlb,2B,Houston_Astros_at_Chicago_White_Sox,0.13,0.0,0.13,OVER,"Marginal +EV opportunity: DH  Randal Grichuk is projected for 0.1 2B vs a line of 0.0, giving a OVER edge of 0.13. Based on recent form, opponent matchup, and game context."
LF  Sam Antonacci,Chicago White Sox,mlb,2B,Houston_Astros_at_Chicago_White_Sox,0.13,0.0,0.13,OVER,"Marginal +EV opportunity: LF  Sam Antonacci is projected for 0.1 2B vs a line of 0.0, giving a OVER edge of 0.13. Based on recent form, opponent matchup, and game context."
LF  Riley Greene,Detroit Tigers,mlb,HR,Kansas_City_Royals_at_Detroit_Tigers,0.13,0.0,0.13,OVER,LF  Riley Greene shows OVER value at 0.0 HR. TC projection: 0.1 — edge: 0.13. Marginal conviction based on usage rate and defensive matchup.
C   Daniel Susac,San Francisco Giants,mlb,2B,Los_Angeles_Angels_at_San_Francisco_Giants,0.13,0.0,0.13,OVER,C   Daniel Susac shows OVER value at 0.0 2B. TC projection: 0.1 — edge: 0.13. Marginal conviction based on usage rate and defensive matchup.
C   Daniel Susac,San Francisco Giants,mlb,BB,Los_Angeles_Angels_at_San_Francisco_Giants,0.13,0.0,0.13,OVER,Targeting C   Daniel Susac OVER 0.0 BB. Model projects 0.1 (0.13 edge). Recent trends and opponent weakness support this play.
SS  Mookie Betts,Los Angeles Dodgers,mlb,2B,Los_Angeles_Dodgers_at_New_York_Mets,0.13,0.0,0.13,OVER,SS  Mookie Betts shows OVER value at 0.0 2B. TC projection: 0.1 — edge: 0.13. Marginal conviction based on usage rate and defensive matchup.
3B  Bo Bichette,New York Mets,mlb,2B,Los_Angeles_Dodgers_at_New_York_Mets,0.13,0.0,0.13,OVER,Targeting 3B  Bo Bichette OVER 0.0 2B. Model projects 0.1 (0.13 edge). Recent trends and opponent weakness support this play.
3B  Amed Rosario,New York Yankees,mlb,HR,New_York_Yankees_at_Philadelphia_Phillies,0.13,0.0,0.13,OVER,3B  Amed Rosario shows OVER value at 0.0 HR. TC projection: 0.1 — edge: 0.13. Marginal conviction based on usage rate and defensive matchup.
3B  Alec Bohm,Philadelphia Phillies,mlb,2B,New_York_Yankees_at_Philadelphia_Phillies,0.13,0.0,0.13,OVER,"Marginal +EV opportunity: 3B  Alec Bohm is projected for 0.1 2B vs a line of 0.0, giving a OVER edge of 0.13. Based on recent form, opponent matchup, and game context."
LF  Brandon Marsh,Philadelphia Phillies,mlb,2B,New_York_Yankees_at_Philadelphia_Phillies,0.13,0.0,0.13,OVER,Targeting LF  Brandon Marsh OVER 0.0 2B. Model projects 0.1 (0.13 edge). Recent trends and opponent weakness support this play.
1B  Gavin Sheets,San Diego Padres,mlb,2B,San_Diego_Padres_at_Miami_Marlins,0.13,0.0,0.13,OVER,1B  Gavin Sheets shows OVER value at 0.0 2B. TC projection: 0.1 — edge: 0.13. Marginal conviction based on usage rate and defensive matchup.
3B  Manny Machado,San Diego Padres,mlb,2B,San_Diego_Padres_at_Miami_Marlins,0.13,0.0,0.13,OVER,"Marginal +EV opportunity: 3B  Manny Machado is projected for 0.1 2B vs a line of 0.0, giving a OVER edge of 0.13. Based on recent form, opponent matchup, and game context."
1B  Ty France,San Diego Padres,mlb,2B,San_Diego_Padres_at_Miami_Marlins,0.13,0.0,0.13,OVER,"Marginal +EV opportunity: 1B  Ty France is projected for 0.1 2B vs a line of 0.0, giving a OVER edge of 0.13. Based on recent form, opponent matchup, and game context."
LF  Heriberto Hernández,Miami Marlins,mlb,2B,San_Diego_Padres_at_Miami_Marlins,0.13,0.0,0.13,OVER,"Marginal +EV opportunity: LF  Heriberto Hernández is projected for 0.1 2B vs a line of 0.0, giving a OVER edge of 0.13. Based on recent form, opponent matchup, and game context."
C   Joe Mack,Miami Marlins,mlb,HR,San_Diego_Padres_at_Miami_Marlins,0.13,0.0,0.13,OVER,"Marginal +EV opportunity: C   Joe Mack is projected for 0.1 HR vs a line of 0.0, giving a OVER edge of 0.13. Based on recent form, opponent matchup, and game context."
LF  Kyle Stowers,Miami Marlins,mlb,HR,San_Diego_Padres_at_Miami_Marlins,0.13,0.0,0.13,OVER,"Marginal +EV opportunity: LF  Kyle Stowers is projected for 0.1 HR vs a line of 0.0, giving a OVER edge of 0.13. Based on recent form, opponent matchup, and game context."
C   Liam Hicks,Miami Marlins,mlb,HR,San_Diego_Padres_at_Miami_Marlins,0.13,0.0,0.13,OVER,C   Liam Hicks shows OVER value at 0.0 HR. TC projection: 0.1 — edge: 0.13. Marginal conviction based on usage rate and defensive matchup.
RF  Victor Robles,Seattle Mariners,mlb,SB,Seattle_Mariners_at_Texas_Rangers,0.13,0.0,0.13,OVER,"Marginal +EV opportunity: RF  Victor Robles is projected for 0.1 SB vs a line of 0.0, giving a OVER edge of 0.13. Based on recent form, opponent matchup, and game context."
1B  Jake Burger,Texas Rangers,mlb,2B,Seattle_Mariners_at_Texas_Rangers,0.13,0.0,0.13,OVER,Targeting 1B  Jake Burger OVER 0.0 2B. Model projects 0.1 (0.13 edge). Recent trends and opponent weakness support this play.
SS  Andrés Giménez,Toronto Blue Jays,mlb,2B,Toronto_Blue_Jays_at_Boston_Red_Sox,0.13,0.0,0.13,OVER,Targeting SS  Andrés Giménez OVER 0.0 2B. Model projects 0.1 (0.13 edge). Recent trends and opponent weakness support this play.
RF  Myles Straw,Toronto Blue Jays,mlb,BB,Toronto_Blue_Jays_at_Boston_Red_Sox,0.13,0.0,0.13,OVER,"Marginal +EV opportunity: RF  Myles Straw is projected for 0.1 BB vs a line of 0.0, giving a OVER edge of 0.13. Based on recent form, opponent matchup, and game context."
LF  Yohendrick Piñango,Toronto Blue Jays,mlb,2B,Toronto_Blue_Jays_at_Boston_Red_Sox,0.13,0.0,0.13,OVER,Targeting LF  Yohendrick Piñango OVER 0.0 2B. Model projects 0.1 (0.13 edge). Recent trends and opponent weakness support this play.
OF  Jahmai Jones,Boston Red Sox,mlb,R,Toronto_Blue_Jays_at_Boston_Red_Sox,0.13,0.0,0.13,OVER,"Marginal +EV opportunity: OF  Jahmai Jones is projected for 0.1 R vs a line of 0.0, giving a OVER edge of 0.13. Based on recent form, opponent matchup, and game context."
OF  Jahmai Jones,Boston Red Sox,mlb,RBI,Toronto_Blue_Jays_at_Boston_Red_Sox,0.13,0.0,0.13,OVER,"Marginal +EV opportunity: OF  Jahmai Jones is projected for 0.1 RBI vs a line of 0.0, giving a OVER edge of 0.13. Based on recent form, opponent matchup, and game context."
LF  Jarren Duran,Boston Red Sox,mlb,SB,Toronto_Blue_Jays_at_Boston_Red_Sox,0.13,0.0,0.13,OVER,Targeting LF  Jarren Duran OVER 0.0 SB. Model projects 0.1 (0.13 edge). Recent trends and opponent weakness support this play.
RF  Wilyer Abreu,Boston Red Sox,mlb,HR,Toronto_Blue_Jays_at_Boston_Red_Sox,0.13,0.0,0.13,OVER,Targeting RF  Wilyer Abreu OVER 0.0 HR. Model projects 0.1 (0.13 edge). Recent trends and opponent weakness support this play.
C   Cal Raleigh,Seattle Mariners,mlb,HR,Seattle_Mariners_at_Texas_Rangers,0.12,0.0,0.12,OVER,Targeting C   Cal Raleigh OVER 0.0 HR. Model projects 0.1 (0.12 edge). Recent trends and opponent weakness support this play.
DH  Dominic Canzone,Seattle Mariners,mlb,2B,Seattle_Mariners_at_Texas_Rangers,0.12,0.0,0.12,OVER,DH  Dominic Canzone shows OVER value at 0.0 2B. TC projection: 0.1 — edge: 0.12. Marginal conviction based on usage rate and defensive matchup.
RF  Luke Raley,Seattle Mariners,mlb,BB,Seattle_Mariners_at_Texas_Rangers,0.12,0.0,0.12,OVER,Targeting RF  Luke Raley OVER 0.0 BB. Model projects 0.1 (0.12 edge). Recent trends and opponent weakness support this play.
C   Austin Wynns,Texas Rangers,mlb,R,Seattle_Mariners_at_Texas_Rangers,0.12,0.0,0.12,OVER,"Marginal +EV opportunity: C   Austin Wynns is projected for 0.1 R vs a line of 0.0, giving a OVER edge of 0.12. Based on recent form, opponent matchup, and game context."
C   Austin Wynns,Texas Rangers,mlb,BB,Seattle_Mariners_at_Texas_Rangers,0.12,0.0,0.12,OVER,Targeting C   Austin Wynns OVER 0.0 BB. Model projects 0.1 (0.12 edge). Recent trends and opponent weakness support this play.
CF  Cam Cauley,Texas Rangers,mlb,2B,Seattle_Mariners_at_Texas_Rangers,0.12,0.0,0.12,OVER,"Marginal +EV opportunity: CF  Cam Cauley is projected for 0.1 2B vs a line of 0.0, giving a OVER edge of 0.12. Based on recent form, opponent matchup, and game context."
2B  Justin Foscue,Texas Rangers,mlb,HR,Seattle_Mariners_at_Texas_Rangers,0.12,0.0,0.12,OVER,2B  Justin Foscue shows OVER value at 0.0 HR. TC projection: 0.1 — edge: 0.12. Marginal conviction based on usage rate and defensive matchup.
2B  Justin Foscue,Texas Rangers,mlb,2B,Seattle_Mariners_at_Texas_Rangers,0.12,0.0,0.12,OVER,2B  Justin Foscue shows OVER value at 0.0 2B. TC projection: 0.1 — edge: 0.12. Marginal conviction based on usage rate and defensive matchup.
LF  Wyatt Langford,Texas Rangers,mlb,SB,Seattle_Mariners_at_Texas_Rangers,0.12,0.0,0.12,OVER,LF  Wyatt Langford shows OVER value at 0.0 SB. TC projection: 0.1 — edge: 0.12. Marginal conviction based on usage rate and defensive matchup.
2B  Ernie Clement,Toronto Blue Jays,mlb,BB,Toronto_Blue_Jays_at_Boston_Red_Sox,0.12,0.0,0.12,OVER,Targeting 2B  Ernie Clement OVER 0.0 BB. Model projects 0.1 (0.12 edge). Recent trends and opponent weakness support this play.
DH  George Springer,Toronto Blue Jays,mlb,HR,Toronto_Blue_Jays_at_Boston_Red_Sox,0.12,0.0,0.12,OVER,"Marginal +EV opportunity: DH  George Springer is projected for 0.1 HR vs a line of 0.0, giving a OVER edge of 0.12. Based on recent form, opponent matchup, and game context."
CF  Ceddanne Rafaela,Boston Red Sox,mlb,SB,Toronto_Blue_Jays_at_Boston_Red_Sox,0.12,0.0,0.12,OVER,Targeting CF  Ceddanne Rafaela OVER 0.0 SB. Model projects 0.1 (0.12 edge). Recent trends and opponent weakness support this play.
LF  Jarren Duran,Boston Red Sox,mlb,HR,Toronto_Blue_Jays_at_Boston_Red_Sox,0.12,0.0,0.12,OVER,"Marginal +EV opportunity: LF  Jarren Duran is projected for 0.1 HR vs a line of 0.0, giving a OVER edge of 0.12. Based on recent form, opponent matchup, and game context."
DH  Romy Gonzalez,Boston Red Sox,mlb,2B,Toronto_Blue_Jays_at_Boston_Red_Sox,0.12,0.0,0.12,OVER,"Marginal +EV opportunity: DH  Romy Gonzalez is projected for 0.1 2B vs a line of 0.0, giving a OVER edge of 0.12. Based on recent form, opponent matchup, and game context."
SS  Colson Montgomery,Chicago White Sox,mlb,3B,Houston_Astros_at_Chicago_White_Sox,0.0,0.0,0.0,UNDER,SS  Colson Montgomery shows UNDER value at 0.0 3B. TC projection: 0.0 — edge: 0.00. Marginal conviction based on usage rate and defensive matchup.
C   Drew Romo,Chicago White Sox,mlb,3B,Houston_Astros_at_Chicago_White_Sox,0.0,0.0,0.0,UNDER,"Marginal +EV opportunity: C   Drew Romo is projected for 0.0 3B vs a line of 0.0, giving a UNDER edge of 0.00. Based on recent form, opponent matchup, and game context."
C   Edgar Quero,Chicago White Sox,mlb,3B,Houston_Astros_at_Chicago_White_Sox,0.0,0.0,0.0,UNDER,"Marginal +EV opportunity: C   Edgar Quero is projected for 0.0 3B vs a line of 0.0, giving a UNDER edge of 0.00. Based on recent form, opponent matchup, and game context."
CF  Junior Perez,Chicago White Sox,mlb,2B,Houston_Astros_at_Chicago_White_Sox,0.0,0.0,0.0,UNDER,CF  Junior Perez shows UNDER value at 0.0 2B. TC projection: 0.0 — edge: 0.00. Marginal conviction based on usage rate and defensive matchup.
CF  Junior Perez,Chicago White Sox,mlb,3B,Houston_Astros_at_Chicago_White_Sox,0.0,0.0,0.0,UNDER,"Marginal +EV opportunity: CF  Junior Perez is projected for 0.0 3B vs a line of 0.0, giving a UNDER edge of 0.00. Based on recent form, opponent matchup, and game context."
CF  Junior Perez,Chicago White Sox,mlb,SB,Houston_Astros_at_Chicago_White_Sox,0.0,0.0,0.0,UNDER,CF  Junior Perez shows UNDER value at 0.0 SB. TC projection: 0.0 — edge: 0.00. Marginal conviction based on usage rate and defensive matchup.
SS  Luisangel Acuña,Chicago White Sox,mlb,3B,Houston_Astros_at_Chicago_White_Sox,0.0,0.0,0.0,UNDER,SS  Luisangel Acuña shows UNDER value at 0.0 3B. TC projection: 0.0 — edge: 0.00. Marginal conviction based on usage rate and defensive matchup.
1B  Munetaka Murakami,Chicago White Sox,mlb,3B,Houston_Astros_at_Chicago_White_Sox,0.0,0.0,0.0,UNDER,Targeting 1B  Munetaka Murakami UNDER 0.0 3B. Model projects 0.0 (0.00 edge). Recent trends and opponent weakness support this play.
DH  Randal Grichuk,Chicago White Sox,mlb,SB,Houston_Astros_at_Chicago_White_Sox,0.0,0.0,0.0,UNDER,Targeting DH  Randal Grichuk UNDER 0.0 SB. Model projects 0.0 (0.00 edge). Recent trends and opponent weakness support this play.
P   Trevor Richards,Chicago White Sox,mlb,H,Houston_Astros_at_Chicago_White_Sox,0.0,0.0,0.0,UNDER,"Marginal +EV opportunity: P   Trevor Richards is projected for 0.0 H vs a line of 0.0, giving a UNDER edge of 0.00. Based on recent form, opponent matchup, and game context."
P   Trevor Richards,Chicago White Sox,mlb,R,Houston_Astros_at_Chicago_White_Sox,0.0,0.0,0.0,UNDER,"Marginal +EV opportunity: P   Trevor Richards is projected for 0.0 R vs a line of 0.0, giving a UNDER edge of 0.00. Based on recent form, opponent matchup, and game context."
P   Trevor Richards,Chicago White Sox,mlb,RBI,Houston_Astros_at_Chicago_White_Sox,0.0,0.0,0.0,UNDER,"Marginal +EV opportunity: P   Trevor Richards is projected for 0.0 RBI vs a line of 0.0, giving a UNDER edge of 0.00. Based on recent form, opponent matchup, and game context."
P   Trevor Richards,Chicago White Sox,mlb,HR,Houston_Astros_at_Chicago_White_Sox,0.0,0.0,0.0,UNDER,"Marginal +EV opportunity: P   Trevor Richards is projected for 0.0 HR vs a line of 0.0, giving a UNDER edge of 0.00. Based on recent form, opponent matchup, and game context."
P   Trevor Richards,Chicago White Sox,mlb,2B,Houston_Astros_at_Chicago_White_Sox,0.0,0.0,0.0,UNDER,P   Trevor Richards shows UNDER value at 0.0 2B. TC projection: 0.0 — edge: 0.00. Marginal conviction based on usage rate and defensive matchup.
P   Trevor Richards,Chicago White Sox,mlb,3B,Houston_Astros_at_Chicago_White_Sox,0.0,0.0,0.0,UNDER,"Marginal +EV opportunity: P   Trevor Richards is projected for 0.0 3B vs a line of 0.0, giving a UNDER edge of 0.00. Based on recent form, opponent matchup, and game context."
P   Trevor Richards,Chicago White Sox,mlb,BB,Houston_Astros_at_Chicago_White_Sox,0.0,0.0,0.0,UNDER,Targeting P   Trevor Richards UNDER 0.0 BB. Model projects 0.0 (0.00 edge). Recent trends and opponent weakness support this play.
P   Trevor Richards,Chicago White Sox,mlb,SB,Houston_Astros_at_Chicago_White_Sox,0.0,0.0,0.0,UNDER,"Marginal +EV opportunity: P   Trevor Richards is projected for 0.0 SB vs a line of 0.0, giving a UNDER edge of 0.00. Based on recent form, opponent matchup, and game context."
P   Alex Lange,Kansas City Royals,mlb,H,Kansas_City_Royals_at_Detroit_Tigers,0.0,0.0,0.0,UNDER,Targeting P   Alex Lange UNDER 0.0 H. Model projects 0.0 (0.00 edge). Recent trends and opponent weakness support this play.
P   Alex Lange,Kansas City Royals,mlb,R,Kansas_City_Royals_at_Detroit_Tigers,0.0,0.0,0.0,UNDER,P   Alex Lange shows UNDER value at 0.0 R. TC projection: 0.0 — edge: 0.00. Marginal conviction based on usage rate and defensive matchup.
P   Alex Lange,Kansas City Royals,mlb,RBI,Kansas_City_Royals_at_Detroit_Tigers,0.0,0.0,0.0,UNDER,P   Alex Lange shows UNDER value at 0.0 RBI. TC projection: 0.0 — edge: 0.00. Marginal conviction based on usage rate and defensive matchup.
P   Alex Lange,Kansas City Royals,mlb,HR,Kansas_City_Royals_at_Detroit_Tigers,0.0,0.0,0.0,UNDER,Targeting P   Alex Lange UNDER 0.0 HR. Model projects 0.0 (0.00 edge). Recent trends and opponent weakness support this play.
P   Alex Lange,Kansas City Royals,mlb,2B,Kansas_City_Royals_at_Detroit_Tigers,0.0,0.0,0.0,UNDER,P   Alex Lange shows UNDER value at 0.0 2B. TC projection: 0.0 — edge: 0.00. Marginal conviction based on usage rate and defensive matchup.
P   Alex Lange,Kansas City Royals,mlb,3B,Kansas_City_Royals_at_Detroit_Tigers,0.0,0.0,0.0,UNDER,P   Alex Lange shows UNDER value at 0.0 3B. TC projection: 0.0 — edge: 0.00. Marginal conviction based on usage rate and defensive matchup.
P   Alex Lange,Kansas City Royals,mlb,BB,Kansas_City_Royals_at_Detroit_Tigers,0.0,0.0,0.0,UNDER,"Marginal +EV opportunity: P   Alex Lange is projected for 0.0 BB vs a line of 0.0, giving a UNDER edge of 0.00. Based on recent form, opponent matchup, and game context."
P   Alex Lange,Kansas City Royals,mlb,SB,Kansas_City_Royals_at_Detroit_Tigers,0.0,0.0,0.0,UNDER,"Marginal +EV opportunity: P   Alex Lange is projected for 0.0 SB vs a line of 0.0, giving a UNDER edge of 0.00. Based on recent form, opponent matchup, and game context."
C   Carter Jensen,Kansas City Royals,mlb,3B,Kansas_City_Royals_at_Detroit_Tigers,0.0,0.0,0.0,UNDER,Targeting C   Carter Jensen UNDER 0.0 3B. Model projects 0.0 (0.00 edge). Recent trends and opponent weakness support this play.
3B  Josh Rojas,Kansas City Royals,mlb,3B,Kansas_City_Royals_at_Detroit_Tigers,0.0,0.0,0.0,UNDER,"Marginal +EV opportunity: 3B  Josh Rojas is projected for 0.0 3B vs a line of 0.0, giving a UNDER edge of 0.00. Based on recent form, opponent matchup, and game context."
3B  Josh Rojas,Kansas City Royals,mlb,SB,Kansas_City_Royals_at_Detroit_Tigers,0.0,0.0,0.0,UNDER,"Marginal +EV opportunity: 3B  Josh Rojas is projected for 0.0 SB vs a line of 0.0, giving a UNDER edge of 0.00. Based on recent form, opponent matchup, and game context."
CF  Lane Thomas,Kansas City Royals,mlb,3B,Kansas_City_Royals_at_Detroit_Tigers,0.0,0.0,0.0,UNDER,Targeting CF  Lane Thomas UNDER 0.0 3B. Model projects 0.0 (0.00 edge). Recent trends and opponent weakness support this play.
P   Lucas Erceg,Kansas City Royals,mlb,H,Kansas_City_Royals_at_Detroit_Tigers,0.0,0.0,0.0,UNDER,Targeting P   Lucas Erceg UNDER 0.0 H. Model projects 0.0 (0.00 edge). Recent trends and opponent weakness support this play.
P   Lucas Erceg,Kansas City Royals,mlb,R,Kansas_City_Royals_at_Detroit_Tigers,0.0,0.0,0.0,UNDER,"Marginal +EV opportunity: P   Lucas Erceg is projected for 0.0 R vs a line of 0.0, giving a UNDER edge of 0.00. Based on recent form, opponent matchup, and game context."
P   Lucas Erceg,Kansas City Royals,mlb,RBI,Kansas_City_Royals_at_Detroit_Tigers,0.0,0.0,0.0,UNDER,"Marginal +EV opportunity: P   Lucas Erceg is projected for 0.0 RBI vs a line of 0.0, giving a UNDER edge of 0.00. Based on recent form, opponent matchup, and game context."
P   Lucas Erceg,Kansas City Royals,mlb,HR,Kansas_City_Royals_at_Detroit_Tigers,0.0,0.0,0.0,UNDER,"Marginal +EV opportunity: P   Lucas Erceg is projected for 0.0 HR vs a line of 0.0, giving a UNDER edge of 0.00. Based on recent form, opponent matchup, and game context."
P   Lucas Erceg,Kansas City Royals,mlb,2B,Kansas_City_Royals_at_Detroit_Tigers,0.0,0.0,0.0,UNDER,P   Lucas Erceg shows UNDER value at 0.0 2B. TC projection: 0.0 — edge: 0.00. Marginal conviction based on usage rate and defensive matchup.
P   Lucas Erceg,Kansas City Royals,mlb,3B,Kansas_City_Royals_at_Detroit_Tigers,0.0,0.0,0.0,UNDER,Targeting P   Lucas Erceg UNDER 0.0 3B. Model projects 0.0 (0.00 edge). Recent trends and opponent weakness support this play.
P   Lucas Erceg,Kansas City Royals,mlb,BB,Kansas_City_Royals_at_Detroit_Tigers,0.0,0.0,0.0,UNDER,"Marginal +EV opportunity: P   Lucas Erceg is projected for 0.0 BB vs a line of 0.0, giving a UNDER edge of 0.00. Based on recent form, opponent matchup, and game context."
P   Lucas Erceg,Kansas City Royals,mlb,SB,Kansas_City_Royals_at_Detroit_Tigers,0.0,0.0,0.0,UNDER,Targeting P   Lucas Erceg UNDER 0.0 SB. Model projects 0.0 (0.00 edge). Recent trends and opponent weakness support this play.
2B  Michael Massey,Kansas City Royals,mlb,3B,Kansas_City_Royals_at_Detroit_Tigers,0.0,0.0,0.0,UNDER,Targeting 2B  Michael Massey UNDER 0.0 3B. Model projects 0.0 (0.00 edge). Recent trends and opponent weakness support this play.
DH  Salvador Perez,Kansas City Royals,mlb,3B,Kansas_City_Royals_at_Detroit_Tigers,0.0,0.0,0.0,UNDER,Targeting DH  Salvador Perez UNDER 0.0 3B. Model projects 0.0 (0.00 edge). Recent trends and opponent weakness support this play.
DH  Salvador Perez,Kansas City Royals,mlb,SB,Kansas_City_Royals_at_Detroit_Tigers,0.0,0.0,0.0,UNDER,"Marginal +EV opportunity: DH  Salvador Perez is projected for 0.0 SB vs a line of 0.0, giving a UNDER edge of 0.00. Based on recent form, opponent matchup, and game context."
RF  Starling Marte,Kansas City Royals,mlb,3B,Kansas_City_Royals_at_Detroit_Tigers,0.0,0.0,0.0,UNDER,RF  Starling Marte shows UNDER value at 0.0 3B. TC projection: 0.0 — edge: 0.00. Marginal conviction based on usage rate and defensive matchup.
SS  Tyler Tolbert,Kansas City Royals,mlb,3B,Kansas_City_Royals_at_Detroit_Tigers,0.0,0.0,0.0,UNDER,"Marginal +EV opportunity: SS  Tyler Tolbert is projected for 0.0 3B vs a line of 0.0, giving a UNDER edge of 0.00. Based on recent form, opponent matchup, and game context."
RF  Ben Malgeri,Detroit Tigers,mlb,HR,Kansas_City_Royals_at_Detroit_Tigers,0.0,0.0,0.0,UNDER,RF  Ben Malgeri shows UNDER value at 0.0 HR. TC projection: 0.0 — edge: 0.00. Marginal conviction based on usage rate and defensive matchup.
RF  Ben Malgeri,Detroit Tigers,mlb,3B,Kansas_City_Royals_at_Detroit_Tigers,0.0,0.0,0.0,UNDER,"Marginal +EV opportunity: RF  Ben Malgeri is projected for 0.0 3B vs a line of 0.0, giving a UNDER edge of 0.00. Based on recent form, opponent matchup, and game context."
RF  Ben Malgeri,Detroit Tigers,mlb,SB,Kansas_City_Royals_at_Detroit_Tigers,0.0,0.0,0.0,UNDER,RF  Ben Malgeri shows UNDER value at 0.0 SB. TC projection: 0.0 — edge: 0.00. Marginal conviction based on usage rate and defensive matchup.
C   Dillon Dingler,Detroit Tigers,mlb,SB,Kansas_City_Royals_at_Detroit_Tigers,0.0,0.0,0.0,UNDER,C   Dillon Dingler shows UNDER value at 0.0 SB. TC projection: 0.0 — edge: 0.00. Marginal conviction based on usage rate and defensive matchup.
2B  Gleyber Torres,Detroit Tigers,mlb,3B,Kansas_City_Royals_at_Detroit_Tigers,0.0,0.0,0.0,UNDER,Targeting 2B  Gleyber Torres UNDER 0.0 3B. Model projects 0.0 (0.00 edge). Recent trends and opponent weakness support this play.
2B  Gleyber Torres,Detroit Tigers,mlb,SB,Kansas_City_Royals_at_Detroit_Tigers,0.0,0.0,0.0,UNDER,2B  Gleyber Torres shows UNDER value at 0.0 SB. TC projection: 0.0 — edge: 0.00. Marginal conviction based on usage rate and defensive matchup.
P   Jacob Waguespack,Detroit Tigers,mlb,H,Kansas_City_Royals_at_Detroit_Tigers,0.0,0.0,0.0,UNDER,Targeting P   Jacob Waguespack UNDER 0.0 H. Model projects 0.0 (0.00 edge). Recent trends and opponent weakness support this play.
P   Jacob Waguespack,Detroit Tigers,mlb,R,Kansas_City_Royals_at_Detroit_Tigers,0.0,0.0,0.0,UNDER,"Marginal +EV opportunity: P   Jacob Waguespack is projected for 0.0 R vs a line of 0.0, giving a UNDER edge of 0.00. Based on recent form, opponent matchup, and game context."
P   Jacob Waguespack,Detroit Tigers,mlb,RBI,Kansas_City_Royals_at_Detroit_Tigers,0.0,0.0,0.0,UNDER,"Marginal +EV opportunity: P   Jacob Waguespack is projected for 0.0 RBI vs a line of 0.0, giving a UNDER edge of 0.00. Based on recent form, opponent matchup, and game context."
P   Jacob Waguespack,Detroit Tigers,mlb,HR,Kansas_City_Royals_at_Detroit_Tigers,0.0,0.0,0.0,UNDER,Targeting P   Jacob Waguespack UNDER 0.0 HR. Model projects 0.0 (0.00 edge). Recent trends and opponent weakness support this play.
P   Jacob Waguespack,Detroit Tigers,mlb,2B,Kansas_City_Royals_at_Detroit_Tigers,0.0,0.0,0.0,UNDER,P   Jacob Waguespack shows UNDER value at 0.0 2B. TC projection: 0.0 — edge: 0.00. Marginal conviction based on usage rate and defensive matchup.
P   Jacob Waguespack,Detroit Tigers,mlb,3B,Kansas_City_Royals_at_Detroit_Tigers,0.0,0.0,0.0,UNDER,"Marginal +EV opportunity: P   Jacob Waguespack is projected for 0.0 3B vs a line of 0.0, giving a UNDER edge of 0.00. Based on recent form, opponent matchup, and game context."
P   Jacob Waguespack,Detroit Tigers,mlb,BB,Kansas_City_Royals_at_Detroit_Tigers,0.0,0.0,0.0,UNDER,P   Jacob Waguespack shows UNDER value at 0.0 BB. TC projection: 0.0 — edge: 0.00. Marginal conviction based on usage rate and defensive matchup.
P   Jacob Waguespack,Detroit Tigers,mlb,SB,Kansas_City_Royals_at_Detroit_Tigers,0.0,0.0,0.0,UNDER,Targeting P   Jacob Waguespack UNDER 0.0 SB. Model projects 0.0 (0.00 edge). Recent trends and opponent weakness support this play.
P   Kenley Jansen,Detroit Tigers,mlb,H,Kansas_City_Royals_at_Detroit_Tigers,0.0,0.0,0.0,UNDER,"Marginal +EV opportunity: P   Kenley Jansen is projected for 0.0 H vs a line of 0.0, giving a UNDER edge of 0.00. Based on recent form, opponent matchup, and game context."
P   Kenley Jansen,Detroit Tigers,mlb,R,Kansas_City_Royals_at_Detroit_Tigers,0.0,0.0,0.0,UNDER,"Marginal +EV opportunity: P   Kenley Jansen is projected for 0.0 R vs a line of 0.0, giving a UNDER edge of 0.00. Based on recent form, opponent matchup, and game context."
P   Kenley Jansen,Detroit Tigers,mlb,RBI,Kansas_City_Royals_at_Detroit_Tigers,0.0,0.0,0.0,UNDER,"Marginal +EV opportunity: P   Kenley Jansen is projected for 0.0 RBI vs a line of 0.0, giving a UNDER edge of 0.00. Based on recent form, opponent matchup, and game context."
P   Kenley Jansen,Detroit Tigers,mlb,HR,Kansas_City_Royals_at_Detroit_Tigers,0.0,0.0,0.0,UNDER,P   Kenley Jansen shows UNDER value at 0.0 HR. TC projection: 0.0 — edge: 0.00. Marginal conviction based on usage rate and defensive matchup.
P   Kenley Jansen,Detroit Tigers,mlb,2B,Kansas_City_Royals_at_Detroit_Tigers,0.0,0.0,0.0,UNDER,Targeting P   Kenley Jansen UNDER 0.0 2B. Model projects 0.0 (0.00 edge). Recent trends and opponent weakness support this play.
P   Kenley Jansen,Detroit Tigers,mlb,3B,Kansas_City_Royals_at_Detroit_Tigers,0.0,0.0,0.0,UNDER,P   Kenley Jansen shows UNDER value at 0.0 3B. TC projection: 0.0 — edge: 0.00. Marginal conviction based on usage rate and defensive matchup.
P   Kenley Jansen,Detroit Tigers,mlb,BB,Kansas_City_Royals_at_Detroit_Tigers,0.0,0.0,0.0,UNDER,"Marginal +EV opportunity: P   Kenley Jansen is projected for 0.0 BB vs a line of 0.0, giving a UNDER edge of 0.00. Based on recent form, opponent matchup, and game context."
P   Kenley Jansen,Detroit Tigers,mlb,SB,Kansas_City_Royals_at_Detroit_Tigers,0.0,0.0,0.0,UNDER,"Marginal +EV opportunity: P   Kenley Jansen is projected for 0.0 SB vs a line of 0.0, giving a UNDER edge of 0.00. Based on recent form, opponent matchup, and game context."
RF  Kerry Carpenter,Detroit Tigers,mlb,SB,Kansas_City_Royals_at_Detroit_Tigers,0.0,0.0,0.0,UNDER,RF  Kerry Carpenter shows UNDER value at 0.0 SB. TC projection: 0.0 — edge: 0.00. Marginal conviction based on usage rate and defensive matchup.
1B  Spencer Torkelson,Detroit Tigers,mlb,3B,Kansas_City_Royals_at_Detroit_Tigers,0.0,0.0,0.0,UNDER,1B  Spencer Torkelson shows UNDER value at 0.0 3B. TC projection: 0.0 — edge: 0.00. Marginal conviction based on usage rate and defensive matchup.
1B  Spencer Torkelson,Detroit Tigers,mlb,SB,Kansas_City_Royals_at_Detroit_Tigers,0.0,0.0,0.0,UNDER,Targeting 1B  Spencer Torkelson UNDER 0.0 SB. Model projects 0.0 (0.00 edge). Recent trends and opponent weakness support this play.
3B  Denzer Guzman,Los Angeles Angels,mlb,3B,Los_Angeles_Angels_at_San_Francisco_Giants,0.0,0.0,0.0,UNDER,Targeting 3B  Denzer Guzman UNDER 0.0 3B. Model projects 0.0 (0.00 edge). Recent trends and opponent weakness support this play.
DH  Jorge Soler,Los Angeles Angels,mlb,SB,Los_Angeles_Angels_at_San_Francisco_Giants,0.0,0.0,0.0,UNDER,"Marginal +EV opportunity: DH  Jorge Soler is projected for 0.0 SB vs a line of 0.0, giving a UNDER edge of 0.00. Based on recent form, opponent matchup, and game context."
CF  Jose Siri,Los Angeles Angels,mlb,3B,Los_Angeles_Angels_at_San_Francisco_Giants,0.0,0.0,0.0,UNDER,CF  Jose Siri shows UNDER value at 0.0 3B. TC projection: 0.0 — edge: 0.00. Marginal conviction based on usage rate and defensive matchup.
LF  Josh Lowe,Los Angeles Angels,mlb,3B,Los_Angeles_Angels_at_San_Francisco_Giants,0.0,0.0,0.0,UNDER,"Marginal +EV opportunity: LF  Josh Lowe is projected for 0.0 3B vs a line of 0.0, giving a UNDER edge of 0.00. Based on recent form, opponent matchup, and game context."
C   Logan O'Hoppe,Los Angeles Angels,mlb,3B,Los_Angeles_Angels_at_San_Francisco_Giants,0.0,0.0,0.0,UNDER,C   Logan O'Hoppe shows UNDER value at 0.0 3B. TC projection: 0.0 — edge: 0.00. Marginal conviction based on usage rate and defensive matchup.
C   Logan O'Hoppe,Los Angeles Angels,mlb,SB,Los_Angeles_Angels_at_San_Francisco_Giants,0.0,0.0,0.0,UNDER,C   Logan O'Hoppe shows UNDER value at 0.0 SB. TC projection: 0.0 — edge: 0.00. Marginal conviction based on usage rate and defensive matchup.
CF  Mike Trout,Los Angeles Angels,mlb,3B,Los_Angeles_Angels_at_San_Francisco_Giants,0.0,0.0,0.0,UNDER,CF  Mike Trout shows UNDER value at 0.0 3B. TC projection: 0.0 — edge: 0.00. Marginal conviction based on usage rate and defensive matchup.
1B  Nolan Schanuel,Los Angeles Angels,mlb,3B,Los_Angeles_Angels_at_San_Francisco_Giants,0.0,0.0,0.0,UNDER,1B  Nolan Schanuel shows UNDER value at 0.0 3B. TC projection: 0.0 — edge: 0.00. Marginal conviction based on usage rate and defensive matchup.
1B  Nolan Schanuel,Los Angeles Angels,mlb,SB,Los_Angeles_Angels_at_San_Francisco_Giants,0.0,0.0,0.0,UNDER,"Marginal +EV opportunity: 1B  Nolan Schanuel is projected for 0.0 SB vs a line of 0.0, giving a UNDER edge of 0.00. Based on recent form, opponent matchup, and game context."
C   Tyler Heineman,Los Angeles Angels,mlb,3B,Los_Angeles_Angels_at_San_Francisco_Giants,0.0,0.0,0.0,UNDER,Targeting C   Tyler Heineman UNDER 0.0 3B. Model projects 0.0 (0.00 edge). Recent trends and opponent weakness support this play.
2B  Vaughn Grissom,Los Angeles Angels,mlb,3B,Los_Angeles_Angels_at_San_Francisco_Giants,0.0,0.0,0.0,UNDER,"Marginal +EV opportunity: 2B  Vaughn Grissom is projected for 0.0 3B vs a line of 0.0, giving a UNDER edge of 0.00. Based on recent form, opponent matchup, and game context."
2B  Vaughn Grissom,Los Angeles Angels,mlb,SB,Los_Angeles_Angels_at_San_Francisco_Giants,0.0,0.0,0.0,UNDER,Targeting 2B  Vaughn Grissom UNDER 0.0 SB. Model projects 0.0 (0.00 edge). Recent trends and opponent weakness support this play.
LF  Wade Meckler,Los Angeles Angels,mlb,3B,Los_Angeles_Angels_at_San_Francisco_Giants,0.0,0.0,0.0,UNDER,LF  Wade Meckler shows UNDER value at 0.0 3B. TC projection: 0.0 — edge: 0.00. Marginal conviction based on usage rate and defensive matchup.
DH  Bryce Eldridge,San Francisco Giants,mlb,3B,Los_Angeles_Angels_at_San_Francisco_Giants,0.0,0.0,0.0,UNDER,Targeting DH  Bryce Eldridge UNDER 0.0 3B. Model projects 0.0 (0.00 edge). Recent trends and opponent weakness support this play.
2B  Christian Koss,San Francisco Giants,mlb,RBI,Los_Angeles_Angels_at_San_Francisco_Giants,0.0,0.0,0.0,UNDER,"Marginal +EV opportunity: 2B  Christian Koss is projected for 0.0 RBI vs a line of 0.0, giving a UNDER edge of 0.00. Based on recent form, opponent matchup, and game context."
2B  Christian Koss,San Francisco Giants,mlb,HR,Los_Angeles_Angels_at_San_Francisco_Giants,0.0,0.0,0.0,UNDER,Targeting 2B  Christian Koss UNDER 0.0 HR. Model projects 0.0 (0.00 edge). Recent trends and opponent weakness support this play.
2B  Christian Koss,San Francisco Giants,mlb,3B,Los_Angeles_Angels_at_San_Francisco_Giants,0.0,0.0,0.0,UNDER,2B  Christian Koss shows UNDER value at 0.0 3B. TC projection: 0.0 — edge: 0.00. Marginal conviction based on usage rate and defensive matchup.
2B  Christian Koss,San Francisco Giants,mlb,SB,Los_Angeles_Angels_at_San_Francisco_Giants,0.0,0.0,0.0,UNDER,Targeting 2B  Christian Koss UNDER 0.0 SB. Model projects 0.0 (0.00 edge). Recent trends and opponent weakness support this play.
C   Daniel Susac,San Francisco Giants,mlb,HR,Los_Angeles_Angels_at_San_Francisco_Giants,0.0,0.0,0.0,UNDER,"Marginal +EV opportunity: C   Daniel Susac is projected for 0.0 HR vs a line of 0.0, giving a UNDER edge of 0.00. Based on recent form, opponent matchup, and game context."
C   Drew Cavanaugh,San Francisco Giants,mlb,HR,Los_Angeles_Angels_at_San_Francisco_Giants,0.0,0.0,0.0,UNDER,C   Drew Cavanaugh shows UNDER value at 0.0 HR. TC projection: 0.0 — edge: 0.00. Marginal conviction based on usage rate and defensive matchup.
C   Drew Cavanaugh,San Francisco Giants,mlb,2B,Los_Angeles_Angels_at_San_Francisco_Giants,0.0,0.0,0.0,UNDER,C   Drew Cavanaugh shows UNDER value at 0.0 2B. TC projection: 0.0 — edge: 0.00. Marginal conviction based on usage rate and defensive matchup.
C   Drew Cavanaugh,San Francisco Giants,mlb,3B,Los_Angeles_Angels_at_San_Francisco_Giants,0.0,0.0,0.0,UNDER,C   Drew Cavanaugh shows UNDER value at 0.0 3B. TC projection: 0.0 — edge: 0.00. Marginal conviction based on usage rate and defensive matchup.
C   Drew Cavanaugh,San Francisco Giants,mlb,SB,Los_Angeles_Angels_at_San_Francisco_Giants,0.0,0.0,0.0,UNDER,Targeting C   Drew Cavanaugh UNDER 0.0 SB. Model projects 0.0 (0.00 edge). Recent trends and opponent weakness support this play.
CF  Drew Gilbert,San Francisco Giants,mlb,SB,Los_Angeles_Angels_at_San_Francisco_Giants,0.0,0.0,0.0,UNDER,"Marginal +EV opportunity: CF  Drew Gilbert is projected for 0.0 SB vs a line of 0.0, giving a UNDER edge of 0.00. Based on recent form, opponent matchup, and game context."
P   Dylan Smith,San Francisco Giants,mlb,H,Los_Angeles_Angels_at_San_Francisco_Giants,0.0,0.0,0.0,UNDER,Targeting P   Dylan Smith UNDER 0.0 H. Model projects 0.0 (0.00 edge). Recent trends and opponent weakness support this play.
P   Dylan Smith,San Francisco Giants,mlb,R,Los_Angeles_Angels_at_San_Francisco_Giants,0.0,0.0,0.0,UNDER,P   Dylan Smith shows UNDER value at 0.0 R. TC projection: 0.0 — edge: 0.00. Marginal conviction based on usage rate and defensive matchup.
P   Dylan Smith,San Francisco Giants,mlb,RBI,Los_Angeles_Angels_at_San_Francisco_Giants,0.0,0.0,0.0,UNDER,P   Dylan Smith shows UNDER value at 0.0 RBI. TC projection: 0.0 — edge: 0.00. Marginal conviction based on usage rate and defensive matchup.
P   Dylan Smith,San Francisco Giants,mlb,HR,Los_Angeles_Angels_at_San_Francisco_Giants,0.0,0.0,0.0,UNDER,"Marginal +EV opportunity: P   Dylan Smith is projected for 0.0 HR vs a line of 0.0, giving a UNDER edge of 0.00. Based on recent form, opponent matchup, and game context."
P   Dylan Smith,San Francisco Giants,mlb,2B,Los_Angeles_Angels_at_San_Francisco_Giants,0.0,0.0,0.0,UNDER,P   Dylan Smith shows UNDER value at 0.0 2B. TC projection: 0.0 — edge: 0.00. Marginal conviction based on usage rate and defensive matchup.
P   Dylan Smith,San Francisco Giants,mlb,3B,Los_Angeles_Angels_at_San_Francisco_Giants,0.0,0.0,0.0,UNDER,"Marginal +EV opportunity: P   Dylan Smith is projected for 0.0 3B vs a line of 0.0, giving a UNDER edge of 0.00. Based on recent form, opponent matchup, and game context."
P   Dylan Smith,San Francisco Giants,mlb,BB,Los_Angeles_Angels_at_San_Francisco_Giants,0.0,0.0,0.0,UNDER,P   Dylan Smith shows UNDER value at 0.0 BB. TC projection: 0.0 — edge: 0.00. Marginal conviction based on usage rate and defensive matchup.
P   Dylan Smith,San Francisco Giants,mlb,SB,Los_Angeles_Angels_at_San_Francisco_Giants,0.0,0.0,0.0,UNDER,P   Dylan Smith shows UNDER value at 0.0 SB. TC projection: 0.0 — edge: 0.00. Marginal conviction based on usage rate and defensive matchup.
CF  Grant McCray,San Francisco Giants,mlb,H,Los_Angeles_Angels_at_San_Francisco_Giants,0.0,0.0,0.0,UNDER,"Marginal +EV opportunity: CF  Grant McCray is projected for 0.0 H vs a line of 0.0, giving a UNDER edge of 0.00. Based on recent form, opponent matchup, and game context."
CF  Grant McCray,San Francisco Giants,mlb,RBI,Los_Angeles_Angels_at_San_Francisco_Giants,0.0,0.0,0.0,UNDER,CF  Grant McCray shows UNDER value at 0.0 RBI. TC projection: 0.0 — edge: 0.00. Marginal conviction based on usage rate and defensive matchup.
CF  Grant McCray,San Francisco Giants,mlb,HR,Los_Angeles_Angels_at_San_Francisco_Giants,0.0,0.0,0.0,UNDER,"Marginal +EV opportunity: CF  Grant McCray is projected for 0.0 HR vs a line of 0.0, giving a UNDER edge of 0.00. Based on recent form, opponent matchup, and game context."
CF  Grant McCray,San Francisco Giants,mlb,2B,Los_Angeles_Angels_at_San_Francisco_Giants,0.0,0.0,0.0,UNDER,"Marginal +EV opportunity: CF  Grant McCray is projected for 0.0 2B vs a line of 0.0, giving a UNDER edge of 0.00. Based on recent form, opponent matchup, and game context."
CF  Grant McCray,San Francisco Giants,mlb,3B,Los_Angeles_Angels_at_San_Francisco_Giants,0.0,0.0,0.0,UNDER,Targeting CF  Grant McCray UNDER 0.0 3B. Model projects 0.0 (0.00 edge). Recent trends and opponent weakness support this play.
CF  Grant McCray,San Francisco Giants,mlb,BB,Los_Angeles_Angels_at_San_Francisco_Giants,0.0,0.0,0.0,UNDER,CF  Grant McCray shows UNDER value at 0.0 BB. TC projection: 0.0 — edge: 0.00. Marginal conviction based on usage rate and defensive matchup.
LF  Heliot Ramos,San Francisco Giants,mlb,SB,Los_Angeles_Angels_at_San_Francisco_Giants,0.0,0.0,0.0,UNDER,LF  Heliot Ramos shows UNDER value at 0.0 SB. TC projection: 0.0 — edge: 0.00. Marginal conviction based on usage rate and defensive matchup.
C   Jesus Rodriguez,San Francisco Giants,mlb,3B,Los_Angeles_Angels_at_San_Francisco_Giants,0.0,0.0,0.0,UNDER,Targeting C   Jesus Rodriguez UNDER 0.0 3B. Model projects 0.0 (0.00 edge). Recent trends and opponent weakness support this play.
P   Keaton Winn,San Francisco Giants,mlb,H,Los_Angeles_Angels_at_San_Francisco_Giants,0.0,0.0,0.0,UNDER,P   Keaton Winn shows UNDER value at 0.0 H. TC projection: 0.0 — edge: 0.00. Marginal conviction based on usage rate and defensive matchup.
P   Keaton Winn,San Francisco Giants,mlb,R,Los_Angeles_Angels_at_San_Francisco_Giants,0.0,0.0,0.0,UNDER,"Marginal +EV opportunity: P   Keaton Winn is projected for 0.0 R vs a line of 0.0, giving a UNDER edge of 0.00. Based on recent form, opponent matchup, and game context."
P   Keaton Winn,San Francisco Giants,mlb,RBI,Los_Angeles_Angels_at_San_Francisco_Giants,0.0,0.0,0.0,UNDER,"Marginal +EV opportunity: P   Keaton Winn is projected for 0.0 RBI vs a line of 0.0, giving a UNDER edge of 0.00. Based on recent form, opponent matchup, and game context."
P   Keaton Winn,San Francisco Giants,mlb,HR,Los_Angeles_Angels_at_San_Francisco_Giants,0.0,0.0,0.0,UNDER,P   Keaton Winn shows UNDER value at 0.0 HR. TC projection: 0.0 — edge: 0.00. Marginal conviction based on usage rate and defensive matchup.
P   Keaton Winn,San Francisco Giants,mlb,2B,Los_Angeles_Angels_at_San_Francisco_Giants,0.0,0.0,0.0,UNDER,P   Keaton Winn shows UNDER value at 0.0 2B. TC projection: 0.0 — edge: 0.00. Marginal conviction based on usage rate and defensive matchup.
P   Keaton Winn,San Francisco Giants,mlb,3B,Los_Angeles_Angels_at_San_Francisco_Giants,0.0,0.0,0.0,UNDER,P   Keaton Winn shows UNDER value at 0.0 3B. TC projection: 0.0 — edge: 0.00. Marginal conviction based on usage rate and defensive matchup.
P   Keaton Winn,San Francisco Giants,mlb,BB,Los_Angeles_Angels_at_San_Francisco_Giants,0.0,0.0,0.0,UNDER,P   Keaton Winn shows UNDER value at 0.0 BB. TC projection: 0.0 — edge: 0.00. Marginal conviction based on usage rate and defensive matchup.
P   Keaton Winn,San Francisco Giants,mlb,SB,Los_Angeles_Angels_at_San_Francisco_Giants,0.0,0.0,0.0,UNDER,"Marginal +EV opportunity: P   Keaton Winn is projected for 0.0 SB vs a line of 0.0, giving a UNDER edge of 0.00. Based on recent form, opponent matchup, and game context."
1B  Rafael Devers,San Francisco Giants,mlb,SB,Los_Angeles_Angels_at_San_Francisco_Giants,0.0,0.0,0.0,UNDER,"Marginal +EV opportunity: 1B  Rafael Devers is projected for 0.0 SB vs a line of 0.0, giving a UNDER edge of 0.00. Based on recent form, opponent matchup, and game context."
P   Sam Hentges,San Francisco Giants,mlb,H,Los_Angeles_Angels_at_San_Francisco_Giants,0.0,0.0,0.0,UNDER,"Marginal +EV opportunity: P   Sam Hentges is projected for 0.0 H vs a line of 0.0, giving a UNDER edge of 0.00. Based on recent form, opponent matchup, and game context."
P   Sam Hentges,San Francisco Giants,mlb,R,Los_Angeles_Angels_at_San_Francisco_Giants,0.0,0.0,0.0,UNDER,"Marginal +EV opportunity: P   Sam Hentges is projected for 0.0 R vs a line of 0.0, giving a UNDER edge of 0.00. Based on recent form, opponent matchup, and game context."
P   Sam Hentges,San Francisco Giants,mlb,RBI,Los_Angeles_Angels_at_San_Francisco_Giants,0.0,0.0,0.0,UNDER,"Marginal +EV opportunity: P   Sam Hentges is projected for 0.0 RBI vs a line of 0.0, giving a UNDER edge of 0.00. Based on recent form, opponent matchup, and game context."
P   Sam Hentges,San Francisco Giants,mlb,HR,Los_Angeles_Angels_at_San_Francisco_Giants,0.0,0.0,0.0,UNDER,Targeting P   Sam Hentges UNDER 0.0 HR. Model projects 0.0 (0.00 edge). Recent trends and opponent weakness support this play.
P   Sam Hentges,San Francisco Giants,mlb,2B,Los_Angeles_Angels_at_San_Francisco_Giants,0.0,0.0,0.0,UNDER,"Marginal +EV opportunity: P   Sam Hentges is projected for 0.0 2B vs a line of 0.0, giving a UNDER edge of 0.00. Based on recent form, opponent matchup, and game context."
P   Sam Hentges,San Francisco Giants,mlb,3B,Los_Angeles_Angels_at_San_Francisco_Giants,0.0,0.0,0.0,UNDER,"Marginal +EV opportunity: P   Sam Hentges is projected for 0.0 3B vs a line of 0.0, giving a UNDER edge of 0.00. Based on recent form, opponent matchup, and game context."
P   Sam Hentges,San Francisco Giants,mlb,BB,Los_Angeles_Angels_at_San_Francisco_Giants,0.0,0.0,0.0,UNDER,"Marginal +EV opportunity: P   Sam Hentges is projected for 0.0 BB vs a line of 0.0, giving a UNDER edge of 0.00. Based on recent form, opponent matchup, and game context."
P   Sam Hentges,San Francisco Giants,mlb,SB,Los_Angeles_Angels_at_San_Francisco_Giants,0.0,0.0,0.0,UNDER,Targeting P   Sam Hentges UNDER 0.0 SB. Model projects 0.0 (0.00 edge). Recent trends and opponent weakness support this play.
LF  Alex Call,Los Angeles Dodgers,mlb,3B,Los_Angeles_Dodgers_at_New_York_Mets,0.0,0.0,0.0,UNDER,"Marginal +EV opportunity: LF  Alex Call is projected for 0.0 3B vs a line of 0.0, giving a UNDER edge of 0.00. Based on recent form, opponent matchup, and game context."
2B  Alex Freeland,Los Angeles Dodgers,mlb,3B,Los_Angeles_Dodgers_at_New_York_Mets,0.0,0.0,0.0,UNDER,"Marginal +EV opportunity: 2B  Alex Freeland is projected for 0.0 3B vs a line of 0.0, giving a UNDER edge of 0.00. Based on recent form, opponent matchup, and game context."
P   Alex Vesia,Los Angeles Dodgers,mlb,H,Los_Angeles_Dodgers_at_New_York_Mets,0.0,0.0,0.0,UNDER,Targeting P   Alex Vesia UNDER 0.0 H. Model projects 0.0 (0.00 edge). Recent trends and opponent weakness support this play.
P   Alex Vesia,Los Angeles Dodgers,mlb,R,Los_Angeles_Dodgers_at_New_York_Mets,0.0,0.0,0.0,UNDER,"Marginal +EV opportunity: P   Alex Vesia is projected for 0.0 R vs a line of 0.0, giving a UNDER edge of 0.00. Based on recent form, opponent matchup, and game context."
P   Alex Vesia,Los Angeles Dodgers,mlb,RBI,Los_Angeles_Dodgers_at_New_York_Mets,0.0,0.0,0.0,UNDER,P   Alex Vesia shows UNDER value at 0.0 RBI. TC projection: 0.0 — edge: 0.00. Marginal conviction based on usage rate and defensive matchup.
P   Alex Vesia,Los Angeles Dodgers,mlb,HR,Los_Angeles_Dodgers_at_New_York_Mets,0.0,0.0,0.0,UNDER,Targeting P   Alex Vesia UNDER 0.0 HR. Model projects 0.0 (0.00 edge). Recent trends and opponent weakness support this play.
P   Alex Vesia,Los Angeles Dodgers,mlb,2B,Los_Angeles_Dodgers_at_New_York_Mets,0.0,0.0,0.0,UNDER,Targeting P   Alex Vesia UNDER 0.0 2B. Model projects 0.0 (0.00 edge). Recent trends and opponent weakness support this play.
P   Alex Vesia,Los Angeles Dodgers,mlb,3B,Los_Angeles_Dodgers_at_New_York_Mets,0.0,0.0,0.0,UNDER,"Marginal +EV opportunity: P   Alex Vesia is projected for 0.0 3B vs a line of 0.0, giving a UNDER edge of 0.00. Based on recent form, opponent matchup, and game context."
P   Alex Vesia,Los Angeles Dodgers,mlb,BB,Los_Angeles_Dodgers_at_New_York_Mets,0.0,0.0,0.0,UNDER,Targeting P   Alex Vesia UNDER 0.0 BB. Model projects 0.0 (0.00 edge). Recent trends and opponent weakness support this play.
P   Alex Vesia,Los Angeles Dodgers,mlb,SB,Los_Angeles_Dodgers_at_New_York_Mets,0.0,0.0,0.0,UNDER,"Marginal +EV opportunity: P   Alex Vesia is projected for 0.0 SB vs a line of 0.0, giving a UNDER edge of 0.00. Based on recent form, opponent matchup, and game context."
C   Dalton Rushing,Los Angeles Dodgers,mlb,3B,Los_Angeles_Dodgers_at_New_York_Mets,0.0,0.0,0.0,UNDER,"Marginal +EV opportunity: C   Dalton Rushing is projected for 0.0 3B vs a line of 0.0, giving a UNDER edge of 0.00. Based on recent form, opponent matchup, and game context."
C   Dalton Rushing,Los Angeles Dodgers,mlb,SB,Los_Angeles_Dodgers_at_New_York_Mets,0.0,0.0,0.0,UNDER,Targeting C   Dalton Rushing UNDER 0.0 SB. Model projects 0.0 (0.00 edge). Recent trends and opponent weakness support this play.
P   Edgardo Henriquez,Los Angeles Dodgers,mlb,H,Los_Angeles_Dodgers_at_New_York_Mets,0.0,0.0,0.0,UNDER,"Marginal +EV opportunity: P   Edgardo Henriquez is projected for 0.0 H vs a line of 0.0, giving a UNDER edge of 0.00. Based on recent form, opponent matchup, and game context."
P   Edgardo Henriquez,Los Angeles Dodgers,mlb,R,Los_Angeles_Dodgers_at_New_York_Mets,0.0,0.0,0.0,UNDER,P   Edgardo Henriquez shows UNDER value at 0.0 R. TC projection: 0.0 — edge: 0.00. Marginal conviction based on usage rate and defensive matchup.
P   Edgardo Henriquez,Los Angeles Dodgers,mlb,RBI,Los_Angeles_Dodgers_at_New_York_Mets,0.0,0.0,0.0,UNDER,Targeting P   Edgardo Henriquez UNDER 0.0 RBI. Model projects 0.0 (0.00 edge). Recent trends and opponent weakness support this play.
P   Edgardo Henriquez,Los Angeles Dodgers,mlb,HR,Los_Angeles_Dodgers_at_New_York_Mets,0.0,0.0,0.0,UNDER,P   Edgardo Henriquez shows UNDER value at 0.0 HR. TC projection: 0.0 — edge: 0.00. Marginal conviction based on usage rate and defensive matchup.
P   Edgardo Henriquez,Los Angeles Dodgers,mlb,2B,Los_Angeles_Dodgers_at_New_York_Mets,0.0,0.0,0.0,UNDER,P   Edgardo Henriquez shows UNDER value at 0.0 2B. TC projection: 0.0 — edge: 0.00. Marginal conviction based on usage rate and defensive matchup.
P   Edgardo Henriquez,Los Angeles Dodgers,mlb,3B,Los_Angeles_Dodgers_at_New_York_Mets,0.0,0.0,0.0,UNDER,"Marginal +EV opportunity: P   Edgardo Henriquez is projected for 0.0 3B vs a line of 0.0, giving a UNDER edge of 0.00. Based on recent form, opponent matchup, and game context."
P   Edgardo Henriquez,Los Angeles Dodgers,mlb,BB,Los_Angeles_Dodgers_at_New_York_Mets,0.0,0.0,0.0,UNDER,P   Edgardo Henriquez shows UNDER value at 0.0 BB. TC projection: 0.0 — edge: 0.00. Marginal conviction based on usage rate and defensive matchup.
P   Edgardo Henriquez,Los Angeles Dodgers,mlb,SB,Los_Angeles_Dodgers_at_New_York_Mets,0.0,0.0,0.0,UNDER,"Marginal +EV opportunity: P   Edgardo Henriquez is projected for 0.0 SB vs a line of 0.0, giving a UNDER edge of 0.00. Based on recent form, opponent matchup, and game context."
C   Eliezer Alfonzo,Los Angeles Dodgers,mlb,HR,Los_Angeles_Dodgers_at_New_York_Mets,0.0,0.0,0.0,UNDER,"Marginal +EV opportunity: C   Eliezer Alfonzo is projected for 0.0 HR vs a line of 0.0, giving a UNDER edge of 0.00. Based on recent form, opponent matchup, and game context."
C   Eliezer Alfonzo,Los Angeles Dodgers,mlb,3B,Los_Angeles_Dodgers_at_New_York_Mets,0.0,0.0,0.0,UNDER,"Marginal +EV opportunity: C   Eliezer Alfonzo is projected for 0.0 3B vs a line of 0.0, giving a UNDER edge of 0.00. Based on recent form, opponent matchup, and game context."
C   Eliezer Alfonzo,Los Angeles Dodgers,mlb,BB,Los_Angeles_Dodgers_at_New_York_Mets,0.0,0.0,0.0,UNDER,C   Eliezer Alfonzo shows UNDER value at 0.0 BB. TC projection: 0.0 — edge: 0.00. Marginal conviction based on usage rate and defensive matchup.
C   Eliezer Alfonzo,Los Angeles Dodgers,mlb,SB,Los_Angeles_Dodgers_at_New_York_Mets,0.0,0.0,0.0,UNDER,"Marginal +EV opportunity: C   Eliezer Alfonzo is projected for 0.0 SB vs a line of 0.0, giving a UNDER edge of 0.00. Based on recent form, opponent matchup, and game context."
P   Jack Dreyer,Los Angeles Dodgers,mlb,H,Los_Angeles_Dodgers_at_New_York_Mets,0.0,0.0,0.0,UNDER,Targeting P   Jack Dreyer UNDER 0.0 H. Model projects 0.0 (0.00 edge). Recent trends and opponent weakness support this play.
P   Jack Dreyer,Los Angeles Dodgers,mlb,R,Los_Angeles_Dodgers_at_New_York_Mets,0.0,0.0,0.0,UNDER,"Marginal +EV opportunity: P   Jack Dreyer is projected for 0.0 R vs a line of 0.0, giving a UNDER edge of 0.00. Based on recent form, opponent matchup, and game context."
P   Jack Dreyer,Los Angeles Dodgers,mlb,RBI,Los_Angeles_Dodgers_at_New_York_Mets,0.0,0.0,0.0,UNDER,"Marginal +EV opportunity: P   Jack Dreyer is projected for 0.0 RBI vs a line of 0.0, giving a UNDER edge of 0.00. Based on recent form, opponent matchup, and game context."
P   Jack Dreyer,Los Angeles Dodgers,mlb,HR,Los_Angeles_Dodgers_at_New_York_Mets,0.0,0.0,0.0,UNDER,P   Jack Dreyer shows UNDER value at 0.0 HR. TC projection: 0.0 — edge: 0.00. Marginal conviction based on usage rate and defensive matchup.
P   Jack Dreyer,Los Angeles Dodgers,mlb,2B,Los_Angeles_Dodgers_at_New_York_Mets,0.0,0.0,0.0,UNDER,"Marginal +EV opportunity: P   Jack Dreyer is projected for 0.0 2B vs a line of 0.0, giving a UNDER edge of 0.00. Based on recent form, opponent matchup, and game context."
P   Jack Dreyer,Los Angeles Dodgers,mlb,3B,Los_Angeles_Dodgers_at_New_York_Mets,0.0,0.0,0.0,UNDER,P   Jack Dreyer shows UNDER value at 0.0 3B. TC projection: 0.0 — edge: 0.00. Marginal conviction based on usage rate and defensive matchup.
P   Jack Dreyer,Los Angeles Dodgers,mlb,BB,Los_Angeles_Dodgers_at_New_York_Mets,0.0,0.0,0.0,UNDER,"Marginal +EV opportunity: P   Jack Dreyer is projected for 0.0 BB vs a line of 0.0, giving a UNDER edge of 0.00. Based on recent form, opponent matchup, and game context."
P   Jack Dreyer,Los Angeles Dodgers,mlb,SB,Los_Angeles_Dodgers_at_New_York_Mets,0.0,0.0,0.0,UNDER,"Marginal +EV opportunity: P   Jack Dreyer is projected for 0.0 SB vs a line of 0.0, giving a UNDER edge of 0.00. Based on recent form, opponent matchup, and game context."
SS  Miguel Rojas,Los Angeles Dodgers,mlb,3B,Los_Angeles_Dodgers_at_New_York_Mets,0.0,0.0,0.0,UNDER,"Marginal +EV opportunity: SS  Miguel Rojas is projected for 0.0 3B vs a line of 0.0, giving a UNDER edge of 0.00. Based on recent form, opponent matchup, and game context."
SS  Miguel Rojas,Los Angeles Dodgers,mlb,SB,Los_Angeles_Dodgers_at_New_York_Mets,0.0,0.0,0.0,UNDER,"Marginal +EV opportunity: SS  Miguel Rojas is projected for 0.0 SB vs a line of 0.0, giving a UNDER edge of 0.00. Based on recent form, opponent matchup, and game context."
SS  Mookie Betts,Los Angeles Dodgers,mlb,3B,Los_Angeles_Dodgers_at_New_York_Mets,0.0,0.0,0.0,UNDER,SS  Mookie Betts shows UNDER value at 0.0 3B. TC projection: 0.0 — edge: 0.00. Marginal conviction based on usage rate and defensive matchup.
LF  Teoscar Hernández,Los Angeles Dodgers,mlb,3B,Los_Angeles_Dodgers_at_New_York_Mets,0.0,0.0,0.0,UNDER,Targeting LF  Teoscar Hernández UNDER 0.0 3B. Model projects 0.0 (0.00 edge). Recent trends and opponent weakness support this play.
P   Devin Williams,New York Mets,mlb,H,Los_Angeles_Dodgers_at_New_York_Mets,0.0,0.0,0.0,UNDER,"Marginal +EV opportunity: P   Devin Williams is projected for 0.0 H vs a line of 0.0, giving a UNDER edge of 0.00. Based on recent form, opponent matchup, and game context."
P   Devin Williams,New York Mets,mlb,R,Los_Angeles_Dodgers_at_New_York_Mets,0.0,0.0,0.0,UNDER,Targeting P   Devin Williams UNDER 0.0 R. Model projects 0.0 (0.00 edge). Recent trends and opponent weakness support this play.
P   Devin Williams,New York Mets,mlb,RBI,Los_Angeles_Dodgers_at_New_York_Mets,0.0,0.0,0.0,UNDER,Targeting P   Devin Williams UNDER 0.0 RBI. Model projects 0.0 (0.00 edge). Recent trends and opponent weakness support this play.
P   Devin Williams,New York Mets,mlb,HR,Los_Angeles_Dodgers_at_New_York_Mets,0.0,0.0,0.0,UNDER,P   Devin Williams shows UNDER value at 0.0 HR. TC projection: 0.0 — edge: 0.00. Marginal conviction based on usage rate and defensive matchup.
P   Devin Williams,New York Mets,mlb,2B,Los_Angeles_Dodgers_at_New_York_Mets,0.0,0.0,0.0,UNDER,P   Devin Williams shows UNDER value at 0.0 2B. TC projection: 0.0 — edge: 0.00. Marginal conviction based on usage rate and defensive matchup.
P   Devin Williams,New York Mets,mlb,3B,Los_Angeles_Dodgers_at_New_York_Mets,0.0,0.0,0.0,UNDER,"Marginal +EV opportunity: P   Devin Williams is projected for 0.0 3B vs a line of 0.0, giving a UNDER edge of 0.00. Based on recent form, opponent matchup, and game context."
P   Devin Williams,New York Mets,mlb,BB,Los_Angeles_Dodgers_at_New_York_Mets,0.0,0.0,0.0,UNDER,"Marginal +EV opportunity: P   Devin Williams is projected for 0.0 BB vs a line of 0.0, giving a UNDER edge of 0.00. Based on recent form, opponent matchup, and game context."
P   Devin Williams,New York Mets,mlb,SB,Los_Angeles_Dodgers_at_New_York_Mets,0.0,0.0,0.0,UNDER,Targeting P   Devin Williams UNDER 0.0 SB. Model projects 0.0 (0.00 edge). Recent trends and opponent weakness support this play.
C   Francisco Alvarez,New York Mets,mlb,3B,Los_Angeles_Dodgers_at_New_York_Mets,0.0,0.0,0.0,UNDER,"Marginal +EV opportunity: C   Francisco Alvarez is projected for 0.0 3B vs a line of 0.0, giving a UNDER edge of 0.00. Based on recent form, opponent matchup, and game context."
C   Francisco Alvarez,New York Mets,mlb,SB,Los_Angeles_Dodgers_at_New_York_Mets,0.0,0.0,0.0,UNDER,C   Francisco Alvarez shows UNDER value at 0.0 SB. TC projection: 0.0 — edge: 0.00. Marginal conviction based on usage rate and defensive matchup.
1B  Jared Young,New York Mets,mlb,3B,Los_Angeles_Dodgers_at_New_York_Mets,0.0,0.0,0.0,UNDER,"Marginal +EV opportunity: 1B  Jared Young is projected for 0.0 3B vs a line of 0.0, giving a UNDER edge of 0.00. Based on recent form, opponent matchup, and game context."
1B  Jared Young,New York Mets,mlb,SB,Los_Angeles_Dodgers_at_New_York_Mets,0.0,0.0,0.0,UNDER,"Marginal +EV opportunity: 1B  Jared Young is projected for 0.0 SB vs a line of 0.0, giving a UNDER edge of 0.00. Based on recent form, opponent matchup, and game context."
DH  Jorge Polanco,New York Mets,mlb,3B,Los_Angeles_Dodgers_at_New_York_Mets,0.0,0.0,0.0,UNDER,Targeting DH  Jorge Polanco UNDER 0.0 3B. Model projects 0.0 (0.00 edge). Recent trends and opponent weakness support this play.
DH  Jorge Polanco,New York Mets,mlb,SB,Los_Angeles_Dodgers_at_New_York_Mets,0.0,0.0,0.0,UNDER,DH  Jorge Polanco shows UNDER value at 0.0 SB. TC projection: 0.0 — edge: 0.00. Marginal conviction based on usage rate and defensive matchup.
CF  Luis Robert Jr.,New York Mets,mlb,3B,Los_Angeles_Dodgers_at_New_York_Mets,0.0,0.0,0.0,UNDER,"Marginal +EV opportunity: CF  Luis Robert Jr. is projected for 0.0 3B vs a line of 0.0, giving a UNDER edge of 0.00. Based on recent form, opponent matchup, and game context."
C   Luis Torrens,New York Mets,mlb,3B,Los_Angeles_Dodgers_at_New_York_Mets,0.0,0.0,0.0,UNDER,"Marginal +EV opportunity: C   Luis Torrens is projected for 0.0 3B vs a line of 0.0, giving a UNDER edge of 0.00. Based on recent form, opponent matchup, and game context."
C   Luis Torrens,New York Mets,mlb,SB,Los_Angeles_Dodgers_at_New_York_Mets,0.0,0.0,0.0,UNDER,Targeting C   Luis Torrens UNDER 0.0 SB. Model projects 0.0 (0.00 edge). Recent trends and opponent weakness support this play.
P   Luke Weaver,New York Mets,mlb,H,Los_Angeles_Dodgers_at_New_York_Mets,0.0,0.0,0.0,UNDER,P   Luke Weaver shows UNDER value at 0.0 H. TC projection: 0.0 — edge: 0.00. Marginal conviction based on usage rate and defensive matchup.
P   Luke Weaver,New York Mets,mlb,R,Los_Angeles_Dodgers_at_New_York_Mets,0.0,0.0,0.0,UNDER,Targeting P   Luke Weaver UNDER 0.0 R. Model projects 0.0 (0.00 edge). Recent trends and opponent weakness support this play.
P   Luke Weaver,New York Mets,mlb,RBI,Los_Angeles_Dodgers_at_New_York_Mets,0.0,0.0,0.0,UNDER,P   Luke Weaver shows UNDER value at 0.0 RBI. TC projection: 0.0 — edge: 0.00. Marginal conviction based on usage rate and defensive matchup.
P   Luke Weaver,New York Mets,mlb,HR,Los_Angeles_Dodgers_at_New_York_Mets,0.0,0.0,0.0,UNDER,Targeting P   Luke Weaver UNDER 0.0 HR. Model projects 0.0 (0.00 edge). Recent trends and opponent weakness support this play.
P   Luke Weaver,New York Mets,mlb,2B,Los_Angeles_Dodgers_at_New_York_Mets,0.0,0.0,0.0,UNDER,Targeting P   Luke Weaver UNDER 0.0 2B. Model projects 0.0 (0.00 edge). Recent trends and opponent weakness support this play.
P   Luke Weaver,New York Mets,mlb,3B,Los_Angeles_Dodgers_at_New_York_Mets,0.0,0.0,0.0,UNDER,P   Luke Weaver shows UNDER value at 0.0 3B. TC projection: 0.0 — edge: 0.00. Marginal conviction based on usage rate and defensive matchup.
P   Luke Weaver,New York Mets,mlb,BB,Los_Angeles_Dodgers_at_New_York_Mets,0.0,0.0,0.0,UNDER,Targeting P   Luke Weaver UNDER 0.0 BB. Model projects 0.0 (0.00 edge). Recent trends and opponent weakness support this play.
P   Luke Weaver,New York Mets,mlb,SB,Los_Angeles_Dodgers_at_New_York_Mets,0.0,0.0,0.0,UNDER,P   Luke Weaver shows UNDER value at 0.0 SB. TC projection: 0.0 — edge: 0.00. Marginal conviction based on usage rate and defensive matchup.
CF  Tyrone Taylor,New York Mets,mlb,3B,Los_Angeles_Dodgers_at_New_York_Mets,0.0,0.0,0.0,UNDER,"Marginal +EV opportunity: CF  Tyrone Taylor is projected for 0.0 3B vs a line of 0.0, giving a UNDER edge of 0.00. Based on recent form, opponent matchup, and game context."
CF  Tyrone Taylor,New York Mets,mlb,SB,Los_Angeles_Dodgers_at_New_York_Mets,0.0,0.0,0.0,UNDER,Targeting CF  Tyrone Taylor UNDER 0.0 SB. Model projects 0.0 (0.00 edge). Recent trends and opponent weakness support this play.
C   Ali Sánchez,New York Yankees,mlb,HR,New_York_Yankees_at_Philadelphia_Phillies,0.0,0.0,0.0,UNDER,Targeting C   Ali Sánchez UNDER 0.0 HR. Model projects 0.0 (0.00 edge). Recent trends and opponent weakness support this play.
C   Ali Sánchez,New York Yankees,mlb,3B,New_York_Yankees_at_Philadelphia_Phillies,0.0,0.0,0.0,UNDER,"Marginal +EV opportunity: C   Ali Sánchez is projected for 0.0 3B vs a line of 0.0, giving a UNDER edge of 0.00. Based on recent form, opponent matchup, and game context."
C   Ali Sánchez,New York Yankees,mlb,SB,New_York_Yankees_at_Philadelphia_Phillies,0.0,0.0,0.0,UNDER,Targeting C   Ali Sánchez UNDER 0.0 SB. Model projects 0.0 (0.00 edge). Recent trends and opponent weakness support this play.
C   Austin Wells,New York Yankees,mlb,3B,New_York_Yankees_at_Philadelphia_Phillies,0.0,0.0,0.0,UNDER,C   Austin Wells shows UNDER value at 0.0 3B. TC projection: 0.0 — edge: 0.00. Marginal conviction based on usage rate and defensive matchup.
P   David Bednar,New York Yankees,mlb,H,New_York_Yankees_at_Philadelphia_Phillies,0.0,0.0,0.0,UNDER,"Marginal +EV opportunity: P   David Bednar is projected for 0.0 H vs a line of 0.0, giving a UNDER edge of 0.00. Based on recent form, opponent matchup, and game context."
P   David Bednar,New York Yankees,mlb,R,New_York_Yankees_at_Philadelphia_Phillies,0.0,0.0,0.0,UNDER,Targeting P   David Bednar UNDER 0.0 R. Model projects 0.0 (0.00 edge). Recent trends and opponent weakness support this play.
P   David Bednar,New York Yankees,mlb,RBI,New_York_Yankees_at_Philadelphia_Phillies,0.0,0.0,0.0,UNDER,P   David Bednar shows UNDER value at 0.0 RBI. TC projection: 0.0 — edge: 0.00. Marginal conviction based on usage rate and defensive matchup.
P   David Bednar,New York Yankees,mlb,HR,New_York_Yankees_at_Philadelphia_Phillies,0.0,0.0,0.0,UNDER,"Marginal +EV opportunity: P   David Bednar is projected for 0.0 HR vs a line of 0.0, giving a UNDER edge of 0.00. Based on recent form, opponent matchup, and game context."
P   David Bednar,New York Yankees,mlb,2B,New_York_Yankees_at_Philadelphia_Phillies,0.0,0.0,0.0,UNDER,P   David Bednar shows UNDER value at 0.0 2B. TC projection: 0.0 — edge: 0.00. Marginal conviction based on usage rate and defensive matchup.
P   David Bednar,New York Yankees,mlb,3B,New_York_Yankees_at_Philadelphia_Phillies,0.0,0.0,0.0,UNDER,Targeting P   David Bednar UNDER 0.0 3B. Model projects 0.0 (0.00 edge). Recent trends and opponent weakness support this play.
P   David Bednar,New York Yankees,mlb,BB,New_York_Yankees_at_Philadelphia_Phillies,0.0,0.0,0.0,UNDER,Targeting P   David Bednar UNDER 0.0 BB. Model projects 0.0 (0.00 edge). Recent trends and opponent weakness support this play.
P   David Bednar,New York Yankees,mlb,SB,New_York_Yankees_at_Philadelphia_Phillies,0.0,0.0,0.0,UNDER,"Marginal +EV opportunity: P   David Bednar is projected for 0.0 SB vs a line of 0.0, giving a UNDER edge of 0.00. Based on recent form, opponent matchup, and game context."
P   Fernando Cruz,New York Yankees,mlb,H,New_York_Yankees_at_Philadelphia_Phillies,0.0,0.0,0.0,UNDER,Targeting P   Fernando Cruz UNDER 0.0 H. Model projects 0.0 (0.00 edge). Recent trends and opponent weakness support this play.
P   Fernando Cruz,New York Yankees,mlb,R,New_York_Yankees_at_Philadelphia_Phillies,0.0,0.0,0.0,UNDER,Targeting P   Fernando Cruz UNDER 0.0 R. Model projects 0.0 (0.00 edge). Recent trends and opponent weakness support this play.
P   Fernando Cruz,New York Yankees,mlb,RBI,New_York_Yankees_at_Philadelphia_Phillies,0.0,0.0,0.0,UNDER,P   Fernando Cruz shows UNDER value at 0.0 RBI. TC projection: 0.0 — edge: 0.00. Marginal conviction based on usage rate and defensive matchup.
P   Fernando Cruz,New York Yankees,mlb,HR,New_York_Yankees_at_Philadelphia_Phillies,0.0,0.0,0.0,UNDER,Targeting P   Fernando Cruz UNDER 0.0 HR. Model projects 0.0 (0.00 edge). Recent trends and opponent weakness support this play.
P   Fernando Cruz,New York Yankees,mlb,2B,New_York_Yankees_at_Philadelphia_Phillies,0.0,0.0,0.0,UNDER,P   Fernando Cruz shows UNDER value at 0.0 2B. TC projection: 0.0 — edge: 0.00. Marginal conviction based on usage rate and defensive matchup.
P   Fernando Cruz,New York Yankees,mlb,3B,New_York_Yankees_at_Philadelphia_Phillies,0.0,0.0,0.0,UNDER,"Marginal +EV opportunity: P   Fernando Cruz is projected for 0.0 3B vs a line of 0.0, giving a UNDER edge of 0.00. Based on recent form, opponent matchup, and game context."
P   Fernando Cruz,New York Yankees,mlb,BB,New_York_Yankees_at_Philadelphia_Phillies,0.0,0.0,0.0,UNDER,Targeting P   Fernando Cruz UNDER 0.0 BB. Model projects 0.0 (0.00 edge). Recent trends and opponent weakness support this play.
P   Fernando Cruz,New York Yankees,mlb,SB,New_York_Yankees_at_Philadelphia_Phillies,0.0,0.0,0.0,UNDER,Targeting P   Fernando Cruz UNDER 0.0 SB. Model projects 0.0 (0.00 edge). Recent trends and opponent weakness support this play.
RF  Jasson Domínguez,New York Yankees,mlb,3B,New_York_Yankees_at_Philadelphia_Phillies,0.0,0.0,0.0,UNDER,"Marginal +EV opportunity: RF  Jasson Domínguez is projected for 0.0 3B vs a line of 0.0, giving a UNDER edge of 0.00. Based on recent form, opponent matchup, and game context."
SS  José Caballero,New York Yankees,mlb,3B,New_York_Yankees_at_Philadelphia_Phillies,0.0,0.0,0.0,UNDER,Targeting SS  José Caballero UNDER 0.0 3B. Model projects 0.0 (0.00 edge). Recent trends and opponent weakness support this play.
SS  Max Schuemann,New York Yankees,mlb,3B,New_York_Yankees_at_Philadelphia_Phillies,0.0,0.0,0.0,UNDER,Targeting SS  Max Schuemann UNDER 0.0 3B. Model projects 0.0 (0.00 edge). Recent trends and opponent weakness support this play.
P   Paul Blackburn,New York Yankees,mlb,H,New_York_Yankees_at_Philadelphia_Phillies,0.0,0.0,0.0,UNDER,P   Paul Blackburn shows UNDER value at 0.0 H. TC projection: 0.0 — edge: 0.00. Marginal conviction based on usage rate and defensive matchup.
P   Paul Blackburn,New York Yankees,mlb,R,New_York_Yankees_at_Philadelphia_Phillies,0.0,0.0,0.0,UNDER,P   Paul Blackburn shows UNDER value at 0.0 R. TC projection: 0.0 — edge: 0.00. Marginal conviction based on usage rate and defensive matchup.
P   Paul Blackburn,New York Yankees,mlb,RBI,New_York_Yankees_at_Philadelphia_Phillies,0.0,0.0,0.0,UNDER,P   Paul Blackburn shows UNDER value at 0.0 RBI. TC projection: 0.0 — edge: 0.00. Marginal conviction based on usage rate and defensive matchup.
P   Paul Blackburn,New York Yankees,mlb,HR,New_York_Yankees_at_Philadelphia_Phillies,0.0,0.0,0.0,UNDER,P   Paul Blackburn shows UNDER value at 0.0 HR. TC projection: 0.0 — edge: 0.00. Marginal conviction based on usage rate and defensive matchup.
P   Paul Blackburn,New York Yankees,mlb,2B,New_York_Yankees_at_Philadelphia_Phillies,0.0,0.0,0.0,UNDER,P   Paul Blackburn shows UNDER value at 0.0 2B. TC projection: 0.0 — edge: 0.00. Marginal conviction based on usage rate and defensive matchup.
P   Paul Blackburn,New York Yankees,mlb,3B,New_York_Yankees_at_Philadelphia_Phillies,0.0,0.0,0.0,UNDER,Targeting P   Paul Blackburn UNDER 0.0 3B. Model projects 0.0 (0.00 edge). Recent trends and opponent weakness support this play.
P   Paul Blackburn,New York Yankees,mlb,BB,New_York_Yankees_at_Philadelphia_Phillies,0.0,0.0,0.0,UNDER,P   Paul Blackburn shows UNDER value at 0.0 BB. TC projection: 0.0 — edge: 0.00. Marginal conviction based on usage rate and defensive matchup.
P   Paul Blackburn,New York Yankees,mlb,SB,New_York_Yankees_at_Philadelphia_Phillies,0.0,0.0,0.0,UNDER,Targeting P   Paul Blackburn UNDER 0.0 SB. Model projects 0.0 (0.00 edge). Recent trends and opponent weakness support this play.
3B  Ryan McMahon,New York Yankees,mlb,3B,New_York_Yankees_at_Philadelphia_Phillies,0.0,0.0,0.0,UNDER,3B  Ryan McMahon shows UNDER value at 0.0 3B. TC projection: 0.0 — edge: 0.00. Marginal conviction based on usage rate and defensive matchup.
3B  Alec Bohm,Philadelphia Phillies,mlb,3B,New_York_Yankees_at_Philadelphia_Phillies,0.0,0.0,0.0,UNDER,"Marginal +EV opportunity: 3B  Alec Bohm is projected for 0.0 3B vs a line of 0.0, giving a UNDER edge of 0.00. Based on recent form, opponent matchup, and game context."
P   Chase Shugart,Philadelphia Phillies,mlb,H,New_York_Yankees_at_Philadelphia_Phillies,0.0,0.0,0.0,UNDER,"Marginal +EV opportunity: P   Chase Shugart is projected for 0.0 H vs a line of 0.0, giving a UNDER edge of 0.00. Based on recent form, opponent matchup, and game context."
P   Chase Shugart,Philadelphia Phillies,mlb,R,New_York_Yankees_at_Philadelphia_Phillies,0.0,0.0,0.0,UNDER,Targeting P   Chase Shugart UNDER 0.0 R. Model projects 0.0 (0.00 edge). Recent trends and opponent weakness support this play.
P   Chase Shugart,Philadelphia Phillies,mlb,RBI,New_York_Yankees_at_Philadelphia_Phillies,0.0,0.0,0.0,UNDER,"Marginal +EV opportunity: P   Chase Shugart is projected for 0.0 RBI vs a line of 0.0, giving a UNDER edge of 0.00. Based on recent form, opponent matchup, and game context."
P   Chase Shugart,Philadelphia Phillies,mlb,HR,New_York_Yankees_at_Philadelphia_Phillies,0.0,0.0,0.0,UNDER,Targeting P   Chase Shugart UNDER 0.0 HR. Model projects 0.0 (0.00 edge). Recent trends and opponent weakness support this play.
P   Chase Shugart,Philadelphia Phillies,mlb,2B,New_York_Yankees_at_Philadelphia_Phillies,0.0,0.0,0.0,UNDER,Targeting P   Chase Shugart UNDER 0.0 2B. Model projects 0.0 (0.00 edge). Recent trends and opponent weakness support this play.
P   Chase Shugart,Philadelphia Phillies,mlb,3B,New_York_Yankees_at_Philadelphia_Phillies,0.0,0.0,0.0,UNDER,Targeting P   Chase Shugart UNDER 0.0 3B. Model projects 0.0 (0.00 edge). Recent trends and opponent weakness support this play.
P   Chase Shugart,Philadelphia Phillies,mlb,BB,New_York_Yankees_at_Philadelphia_Phillies,0.0,0.0,0.0,UNDER,"Marginal +EV opportunity: P   Chase Shugart is projected for 0.0 BB vs a line of 0.0, giving a UNDER edge of 0.00. Based on recent form, opponent matchup, and game context."
P   Chase Shugart,Philadelphia Phillies,mlb,SB,New_York_Yankees_at_Philadelphia_Phillies,0.0,0.0,0.0,UNDER,"Marginal +EV opportunity: P   Chase Shugart is projected for 0.0 SB vs a line of 0.0, giving a UNDER edge of 0.00. Based on recent form, opponent matchup, and game context."
RF  Derek Hill,Philadelphia Phillies,mlb,3B,New_York_Yankees_at_Philadelphia_Phillies,0.0,0.0,0.0,UNDER,"Marginal +EV opportunity: RF  Derek Hill is projected for 0.0 3B vs a line of 0.0, giving a UNDER edge of 0.00. Based on recent form, opponent matchup, and game context."
RF  Gabriel Rincones Jr.,Philadelphia Phillies,mlb,3B,New_York_Yankees_at_Philadelphia_Phillies,0.0,0.0,0.0,UNDER,Targeting RF  Gabriel Rincones Jr. UNDER 0.0 3B. Model projects 0.0 (0.00 edge). Recent trends and opponent weakness support this play.
RF  Gabriel Rincones Jr.,Philadelphia Phillies,mlb,SB,New_York_Yankees_at_Philadelphia_Phillies,0.0,0.0,0.0,UNDER,RF  Gabriel Rincones Jr. shows UNDER value at 0.0 SB. TC projection: 0.0 — edge: 0.00. Marginal conviction based on usage rate and defensive matchup.
C   J.T. Realmuto,Philadelphia Phillies,mlb,3B,New_York_Yankees_at_Philadelphia_Phillies,0.0,0.0,0.0,UNDER,C   J.T. Realmuto shows UNDER value at 0.0 3B. TC projection: 0.0 — edge: 0.00. Marginal conviction based on usage rate and defensive matchup.
P   Jhoan Duran,Philadelphia Phillies,mlb,H,New_York_Yankees_at_Philadelphia_Phillies,0.0,0.0,0.0,UNDER,P   Jhoan Duran shows UNDER value at 0.0 H. TC projection: 0.0 — edge: 0.00. Marginal conviction based on usage rate and defensive matchup.
P   Jhoan Duran,Philadelphia Phillies,mlb,R,New_York_Yankees_at_Philadelphia_Phillies,0.0,0.0,0.0,UNDER,P   Jhoan Duran shows UNDER value at 0.0 R. TC projection: 0.0 — edge: 0.00. Marginal conviction based on usage rate and defensive matchup.
P   Jhoan Duran,Philadelphia Phillies,mlb,RBI,New_York_Yankees_at_Philadelphia_Phillies,0.0,0.0,0.0,UNDER,Targeting P   Jhoan Duran UNDER 0.0 RBI. Model projects 0.0 (0.00 edge). Recent trends and opponent weakness support this play.
P   Jhoan Duran,Philadelphia Phillies,mlb,HR,New_York_Yankees_at_Philadelphia_Phillies,0.0,0.0,0.0,UNDER,"Marginal +EV opportunity: P   Jhoan Duran is projected for 0.0 HR vs a line of 0.0, giving a UNDER edge of 0.00. Based on recent form, opponent matchup, and game context."
P   Jhoan Duran,Philadelphia Phillies,mlb,2B,New_York_Yankees_at_Philadelphia_Phillies,0.0,0.0,0.0,UNDER,"Marginal +EV opportunity: P   Jhoan Duran is projected for 0.0 2B vs a line of 0.0, giving a UNDER edge of 0.00. Based on recent form, opponent matchup, and game context."
P   Jhoan Duran,Philadelphia Phillies,mlb,3B,New_York_Yankees_at_Philadelphia_Phillies,0.0,0.0,0.0,UNDER,"Marginal +EV opportunity: P   Jhoan Duran is projected for 0.0 3B vs a line of 0.0, giving a UNDER edge of 0.00. Based on recent form, opponent matchup, and game context."
P   Jhoan Duran,Philadelphia Phillies,mlb,BB,New_York_Yankees_at_Philadelphia_Phillies,0.0,0.0,0.0,UNDER,P   Jhoan Duran shows UNDER value at 0.0 BB. TC projection: 0.0 — edge: 0.00. Marginal conviction based on usage rate and defensive matchup.
P   Jhoan Duran,Philadelphia Phillies,mlb,SB,New_York_Yankees_at_Philadelphia_Phillies,0.0,0.0,0.0,UNDER,P   Jhoan Duran shows UNDER value at 0.0 SB. TC projection: 0.0 — edge: 0.00. Marginal conviction based on usage rate and defensive matchup.
P   Orion Kerkering,Philadelphia Phillies,mlb,H,New_York_Yankees_at_Philadelphia_Phillies,0.0,0.0,0.0,UNDER,Targeting P   Orion Kerkering UNDER 0.0 H. Model projects 0.0 (0.00 edge). Recent trends and opponent weakness support this play.
P   Orion Kerkering,Philadelphia Phillies,mlb,R,New_York_Yankees_at_Philadelphia_Phillies,0.0,0.0,0.0,UNDER,Targeting P   Orion Kerkering UNDER 0.0 R. Model projects 0.0 (0.00 edge). Recent trends and opponent weakness support this play.
P   Orion Kerkering,Philadelphia Phillies,mlb,RBI,New_York_Yankees_at_Philadelphia_Phillies,0.0,0.0,0.0,UNDER,Targeting P   Orion Kerkering UNDER 0.0 RBI. Model projects 0.0 (0.00 edge). Recent trends and opponent weakness support this play.
P   Orion Kerkering,Philadelphia Phillies,mlb,HR,New_York_Yankees_at_Philadelphia_Phillies,0.0,0.0,0.0,UNDER,P   Orion Kerkering shows UNDER value at 0.0 HR. TC projection: 0.0 — edge: 0.00. Marginal conviction based on usage rate and defensive matchup.
P   Orion Kerkering,Philadelphia Phillies,mlb,2B,New_York_Yankees_at_Philadelphia_Phillies,0.0,0.0,0.0,UNDER,"Marginal +EV opportunity: P   Orion Kerkering is projected for 0.0 2B vs a line of 0.0, giving a UNDER edge of 0.00. Based on recent form, opponent matchup, and game context."
P   Orion Kerkering,Philadelphia Phillies,mlb,3B,New_York_Yankees_at_Philadelphia_Phillies,0.0,0.0,0.0,UNDER,P   Orion Kerkering shows UNDER value at 0.0 3B. TC projection: 0.0 — edge: 0.00. Marginal conviction based on usage rate and defensive matchup.
P   Orion Kerkering,Philadelphia Phillies,mlb,BB,New_York_Yankees_at_Philadelphia_Phillies,0.0,0.0,0.0,UNDER,Targeting P   Orion Kerkering UNDER 0.0 BB. Model projects 0.0 (0.00 edge). Recent trends and opponent weakness support this play.
P   Orion Kerkering,Philadelphia Phillies,mlb,SB,New_York_Yankees_at_Philadelphia_Phillies,0.0,0.0,0.0,UNDER,Targeting P   Orion Kerkering UNDER 0.0 SB. Model projects 0.0 (0.00 edge). Recent trends and opponent weakness support this play.
C   Rafael Marchán,Philadelphia Phillies,mlb,2B,New_York_Yankees_at_Philadelphia_Phillies,0.0,0.0,0.0,UNDER,C   Rafael Marchán shows UNDER value at 0.0 2B. TC projection: 0.0 — edge: 0.00. Marginal conviction based on usage rate and defensive matchup.
C   Rafael Marchán,Philadelphia Phillies,mlb,3B,New_York_Yankees_at_Philadelphia_Phillies,0.0,0.0,0.0,UNDER,"Marginal +EV opportunity: C   Rafael Marchán is projected for 0.0 3B vs a line of 0.0, giving a UNDER edge of 0.00. Based on recent form, opponent matchup, and game context."
C   Rafael Marchán,Philadelphia Phillies,mlb,SB,New_York_Yankees_at_Philadelphia_Phillies,0.0,0.0,0.0,UNDER,"Marginal +EV opportunity: C   Rafael Marchán is projected for 0.0 SB vs a line of 0.0, giving a UNDER edge of 0.00. Based on recent form, opponent matchup, and game context."
SS  Trea Turner,Philadelphia Phillies,mlb,3B,New_York_Yankees_at_Philadelphia_Phillies,0.0,0.0,0.0,UNDER,Targeting SS  Trea Turner UNDER 0.0 3B. Model projects 0.0 (0.00 edge). Recent trends and opponent weakness support this play.
C   Freddy Fermin,San Diego Padres,mlb,3B,San_Diego_Padres_at_Miami_Marlins,0.0,0.0,0.0,UNDER,C   Freddy Fermin shows UNDER value at 0.0 3B. TC projection: 0.0 — edge: 0.00. Marginal conviction based on usage rate and defensive matchup.
C   Freddy Fermin,San Diego Padres,mlb,SB,San_Diego_Padres_at_Miami_Marlins,0.0,0.0,0.0,UNDER,"Marginal +EV opportunity: C   Freddy Fermin is projected for 0.0 SB vs a line of 0.0, giving a UNDER edge of 0.00. Based on recent form, opponent matchup, and game context."
1B  Gavin Sheets,San Diego Padres,mlb,3B,San_Diego_Padres_at_Miami_Marlins,0.0,0.0,0.0,UNDER,"Marginal +EV opportunity: 1B  Gavin Sheets is projected for 0.0 3B vs a line of 0.0, giving a UNDER edge of 0.00. Based on recent form, opponent matchup, and game context."
2B  Jake Cronenworth,San Diego Padres,mlb,3B,San_Diego_Padres_at_Miami_Marlins,0.0,0.0,0.0,UNDER,Targeting 2B  Jake Cronenworth UNDER 0.0 3B. Model projects 0.0 (0.00 edge). Recent trends and opponent weakness support this play.
RF  Jase Bowen,San Diego Padres,mlb,HR,San_Diego_Padres_at_Miami_Marlins,0.0,0.0,0.0,UNDER,Targeting RF  Jase Bowen UNDER 0.0 HR. Model projects 0.0 (0.00 edge). Recent trends and opponent weakness support this play.
RF  Jase Bowen,San Diego Padres,mlb,3B,San_Diego_Padres_at_Miami_Marlins,0.0,0.0,0.0,UNDER,RF  Jase Bowen shows UNDER value at 0.0 3B. TC projection: 0.0 — edge: 0.00. Marginal conviction based on usage rate and defensive matchup.
C   Luis Campusano,San Diego Padres,mlb,3B,San_Diego_Padres_at_Miami_Marlins,0.0,0.0,0.0,UNDER,Targeting C   Luis Campusano UNDER 0.0 3B. Model projects 0.0 (0.00 edge). Recent trends and opponent weakness support this play.
C   Luis Campusano,San Diego Padres,mlb,SB,San_Diego_Padres_at_Miami_Marlins,0.0,0.0,0.0,UNDER,C   Luis Campusano shows UNDER value at 0.0 SB. TC projection: 0.0 — edge: 0.00. Marginal conviction based on usage rate and defensive matchup.
3B  Luis Rengifo,San Diego Padres,mlb,3B,San_Diego_Padres_at_Miami_Marlins,0.0,0.0,0.0,UNDER,Targeting 3B  Luis Rengifo UNDER 0.0 3B. Model projects 0.0 (0.00 edge). Recent trends and opponent weakness support this play.
3B  Manny Machado,San Diego Padres,mlb,3B,San_Diego_Padres_at_Miami_Marlins,0.0,0.0,0.0,UNDER,"Marginal +EV opportunity: 3B  Manny Machado is projected for 0.0 3B vs a line of 0.0, giving a UNDER edge of 0.00. Based on recent form, opponent matchup, and game context."
P   Randy Vásquez,San Diego Padres,mlb,H,San_Diego_Padres_at_Miami_Marlins,0.0,0.0,0.0,UNDER,P   Randy Vásquez shows UNDER value at 0.0 H. TC projection: 0.0 — edge: 0.00. Marginal conviction based on usage rate and defensive matchup.
P   Randy Vásquez,San Diego Padres,mlb,R,San_Diego_Padres_at_Miami_Marlins,0.0,0.0,0.0,UNDER,P   Randy Vásquez shows UNDER value at 0.0 R. TC projection: 0.0 — edge: 0.00. Marginal conviction based on usage rate and defensive matchup.
P   Randy Vásquez,San Diego Padres,mlb,RBI,San_Diego_Padres_at_Miami_Marlins,0.0,0.0,0.0,UNDER,Targeting P   Randy Vásquez UNDER 0.0 RBI. Model projects 0.0 (0.00 edge). Recent trends and opponent weakness support this play.
P   Randy Vásquez,San Diego Padres,mlb,HR,San_Diego_Padres_at_Miami_Marlins,0.0,0.0,0.0,UNDER,Targeting P   Randy Vásquez UNDER 0.0 HR. Model projects 0.0 (0.00 edge). Recent trends and opponent weakness support this play.
P   Randy Vásquez,San Diego Padres,mlb,2B,San_Diego_Padres_at_Miami_Marlins,0.0,0.0,0.0,UNDER,P   Randy Vásquez shows UNDER value at 0.0 2B. TC projection: 0.0 — edge: 0.00. Marginal conviction based on usage rate and defensive matchup.
P   Randy Vásquez,San Diego Padres,mlb,3B,San_Diego_Padres_at_Miami_Marlins,0.0,0.0,0.0,UNDER,P   Randy Vásquez shows UNDER value at 0.0 3B. TC projection: 0.0 — edge: 0.00. Marginal conviction based on usage rate and defensive matchup.
P   Randy Vásquez,San Diego Padres,mlb,BB,San_Diego_Padres_at_Miami_Marlins,0.0,0.0,0.0,UNDER,"Marginal +EV opportunity: P   Randy Vásquez is projected for 0.0 BB vs a line of 0.0, giving a UNDER edge of 0.00. Based on recent form, opponent matchup, and game context."
P   Randy Vásquez,San Diego Padres,mlb,SB,San_Diego_Padres_at_Miami_Marlins,0.0,0.0,0.0,UNDER,"Marginal +EV opportunity: P   Randy Vásquez is projected for 0.0 SB vs a line of 0.0, giving a UNDER edge of 0.00. Based on recent form, opponent matchup, and game context."
C   Rodolfo Durán,San Diego Padres,mlb,3B,San_Diego_Padres_at_Miami_Marlins,0.0,0.0,0.0,UNDER,C   Rodolfo Durán shows UNDER value at 0.0 3B. TC projection: 0.0 — edge: 0.00. Marginal conviction based on usage rate and defensive matchup.
C   Rodolfo Durán,San Diego Padres,mlb,SB,San_Diego_Padres_at_Miami_Marlins,0.0,0.0,0.0,UNDER,"Marginal +EV opportunity: C   Rodolfo Durán is projected for 0.0 SB vs a line of 0.0, giving a UNDER edge of 0.00. Based on recent form, opponent matchup, and game context."
2B  Sung-Mun Song,San Diego Padres,mlb,3B,San_Diego_Padres_at_Miami_Marlins,0.0,0.0,0.0,UNDER,Targeting 2B  Sung-Mun Song UNDER 0.0 3B. Model projects 0.0 (0.00 edge). Recent trends and opponent weakness support this play.
P   Wandy Peralta,San Diego Padres,mlb,H,San_Diego_Padres_at_Miami_Marlins,0.0,0.0,0.0,UNDER,Targeting P   Wandy Peralta UNDER 0.0 H. Model projects 0.0 (0.00 edge). Recent trends and opponent weakness support this play.
P   Wandy Peralta,San Diego Padres,mlb,R,San_Diego_Padres_at_Miami_Marlins,0.0,0.0,0.0,UNDER,Targeting P   Wandy Peralta UNDER 0.0 R. Model projects 0.0 (0.00 edge). Recent trends and opponent weakness support this play.
P   Wandy Peralta,San Diego Padres,mlb,RBI,San_Diego_Padres_at_Miami_Marlins,0.0,0.0,0.0,UNDER,P   Wandy Peralta shows UNDER value at 0.0 RBI. TC projection: 0.0 — edge: 0.00. Marginal conviction based on usage rate and defensive matchup.
P   Wandy Peralta,San Diego Padres,mlb,HR,San_Diego_Padres_at_Miami_Marlins,0.0,0.0,0.0,UNDER,"Marginal +EV opportunity: P   Wandy Peralta is projected for 0.0 HR vs a line of 0.0, giving a UNDER edge of 0.00. Based on recent form, opponent matchup, and game context."
P   Wandy Peralta,San Diego Padres,mlb,2B,San_Diego_Padres_at_Miami_Marlins,0.0,0.0,0.0,UNDER,Targeting P   Wandy Peralta UNDER 0.0 2B. Model projects 0.0 (0.00 edge). Recent trends and opponent weakness support this play.
P   Wandy Peralta,San Diego Padres,mlb,3B,San_Diego_Padres_at_Miami_Marlins,0.0,0.0,0.0,UNDER,Targeting P   Wandy Peralta UNDER 0.0 3B. Model projects 0.0 (0.00 edge). Recent trends and opponent weakness support this play.
P   Wandy Peralta,San Diego Padres,mlb,BB,San_Diego_Padres_at_Miami_Marlins,0.0,0.0,0.0,UNDER,"Marginal +EV opportunity: P   Wandy Peralta is projected for 0.0 BB vs a line of 0.0, giving a UNDER edge of 0.00. Based on recent form, opponent matchup, and game context."
P   Wandy Peralta,San Diego Padres,mlb,SB,San_Diego_Padres_at_Miami_Marlins,0.0,0.0,0.0,UNDER,"Marginal +EV opportunity: P   Wandy Peralta is projected for 0.0 SB vs a line of 0.0, giving a UNDER edge of 0.00. Based on recent form, opponent matchup, and game context."
SS  Xander Bogaerts,San Diego Padres,mlb,3B,San_Diego_Padres_at_Miami_Marlins,0.0,0.0,0.0,UNDER,Targeting SS  Xander Bogaerts UNDER 0.0 3B. Model projects 0.0 (0.00 edge). Recent trends and opponent weakness support this play.
C   Brian Navarreto,Miami Marlins,mlb,RBI,San_Diego_Padres_at_Miami_Marlins,0.0,0.0,0.0,UNDER,C   Brian Navarreto shows UNDER value at 0.0 RBI. TC projection: 0.0 — edge: 0.00. Marginal conviction based on usage rate and defensive matchup.
C   Brian Navarreto,Miami Marlins,mlb,HR,San_Diego_Padres_at_Miami_Marlins,0.0,0.0,0.0,UNDER,Targeting C   Brian Navarreto UNDER 0.0 HR. Model projects 0.0 (0.00 edge). Recent trends and opponent weakness support this play.
C   Brian Navarreto,Miami Marlins,mlb,3B,San_Diego_Padres_at_Miami_Marlins,0.0,0.0,0.0,UNDER,"Marginal +EV opportunity: C   Brian Navarreto is projected for 0.0 3B vs a line of 0.0, giving a UNDER edge of 0.00. Based on recent form, opponent matchup, and game context."
C   Brian Navarreto,Miami Marlins,mlb,SB,San_Diego_Padres_at_Miami_Marlins,0.0,0.0,0.0,UNDER,Targeting C   Brian Navarreto UNDER 0.0 SB. Model projects 0.0 (0.00 edge). Recent trends and opponent weakness support this play.
P   Cade Gibson,Miami Marlins,mlb,H,San_Diego_Padres_at_Miami_Marlins,0.0,0.0,0.0,UNDER,Targeting P   Cade Gibson UNDER 0.0 H. Model projects 0.0 (0.00 edge). Recent trends and opponent weakness support this play.
P   Cade Gibson,Miami Marlins,mlb,R,San_Diego_Padres_at_Miami_Marlins,0.0,0.0,0.0,UNDER,Targeting P   Cade Gibson UNDER 0.0 R. Model projects 0.0 (0.00 edge). Recent trends and opponent weakness support this play.
P   Cade Gibson,Miami Marlins,mlb,RBI,San_Diego_Padres_at_Miami_Marlins,0.0,0.0,0.0,UNDER,P   Cade Gibson shows UNDER value at 0.0 RBI. TC projection: 0.0 — edge: 0.00. Marginal conviction based on usage rate and defensive matchup.
P   Cade Gibson,Miami Marlins,mlb,HR,San_Diego_Padres_at_Miami_Marlins,0.0,0.0,0.0,UNDER,"Marginal +EV opportunity: P   Cade Gibson is projected for 0.0 HR vs a line of 0.0, giving a UNDER edge of 0.00. Based on recent form, opponent matchup, and game context."
P   Cade Gibson,Miami Marlins,mlb,2B,San_Diego_Padres_at_Miami_Marlins,0.0,0.0,0.0,UNDER,Targeting P   Cade Gibson UNDER 0.0 2B. Model projects 0.0 (0.00 edge). Recent trends and opponent weakness support this play.
P   Cade Gibson,Miami Marlins,mlb,3B,San_Diego_Padres_at_Miami_Marlins,0.0,0.0,0.0,UNDER,"Marginal +EV opportunity: P   Cade Gibson is projected for 0.0 3B vs a line of 0.0, giving a UNDER edge of 0.00. Based on recent form, opponent matchup, and game context."
P   Cade Gibson,Miami Marlins,mlb,BB,San_Diego_Padres_at_Miami_Marlins,0.0,0.0,0.0,UNDER,Targeting P   Cade Gibson UNDER 0.0 BB. Model projects 0.0 (0.00 edge). Recent trends and opponent weakness support this play.
P   Cade Gibson,Miami Marlins,mlb,SB,San_Diego_Padres_at_Miami_Marlins,0.0,0.0,0.0,UNDER,Targeting P   Cade Gibson UNDER 0.0 SB. Model projects 0.0 (0.00 edge). Recent trends and opponent weakness support this play.
3B  Graham Pauley,Miami Marlins,mlb,3B,San_Diego_Padres_at_Miami_Marlins,0.0,0.0,0.0,UNDER,Targeting 3B  Graham Pauley UNDER 0.0 3B. Model projects 0.0 (0.00 edge). Recent trends and opponent weakness support this play.
LF  Griffin Conine,Miami Marlins,mlb,3B,San_Diego_Padres_at_Miami_Marlins,0.0,0.0,0.0,UNDER,Targeting LF  Griffin Conine UNDER 0.0 3B. Model projects 0.0 (0.00 edge). Recent trends and opponent weakness support this play.
C   Joe Mack,Miami Marlins,mlb,3B,San_Diego_Padres_at_Miami_Marlins,0.0,0.0,0.0,UNDER,Targeting C   Joe Mack UNDER 0.0 3B. Model projects 0.0 (0.00 edge). Recent trends and opponent weakness support this play.
C   Joe Mack,Miami Marlins,mlb,SB,San_Diego_Padres_at_Miami_Marlins,0.0,0.0,0.0,UNDER,"Marginal +EV opportunity: C   Joe Mack is projected for 0.0 SB vs a line of 0.0, giving a UNDER edge of 0.00. Based on recent form, opponent matchup, and game context."
3B  Leo Jiménez,Miami Marlins,mlb,3B,San_Diego_Padres_at_Miami_Marlins,0.0,0.0,0.0,UNDER,Targeting 3B  Leo Jiménez UNDER 0.0 3B. Model projects 0.0 (0.00 edge). Recent trends and opponent weakness support this play.
P   Pete Fairbanks,Miami Marlins,mlb,H,San_Diego_Padres_at_Miami_Marlins,0.0,0.0,0.0,UNDER,"Marginal +EV opportunity: P   Pete Fairbanks is projected for 0.0 H vs a line of 0.0, giving a UNDER edge of 0.00. Based on recent form, opponent matchup, and game context."
P   Pete Fairbanks,Miami Marlins,mlb,R,San_Diego_Padres_at_Miami_Marlins,0.0,0.0,0.0,UNDER,Targeting P   Pete Fairbanks UNDER 0.0 R. Model projects 0.0 (0.00 edge). Recent trends and opponent weakness support this play.
P   Pete Fairbanks,Miami Marlins,mlb,RBI,San_Diego_Padres_at_Miami_Marlins,0.0,0.0,0.0,UNDER,"Marginal +EV opportunity: P   Pete Fairbanks is projected for 0.0 RBI vs a line of 0.0, giving a UNDER edge of 0.00. Based on recent form, opponent matchup, and game context."
P   Pete Fairbanks,Miami Marlins,mlb,HR,San_Diego_Padres_at_Miami_Marlins,0.0,0.0,0.0,UNDER,Targeting P   Pete Fairbanks UNDER 0.0 HR. Model projects 0.0 (0.00 edge). Recent trends and opponent weakness support this play.
P   Pete Fairbanks,Miami Marlins,mlb,2B,San_Diego_Padres_at_Miami_Marlins,0.0,0.0,0.0,UNDER,Targeting P   Pete Fairbanks UNDER 0.0 2B. Model projects 0.0 (0.00 edge). Recent trends and opponent weakness support this play.
P   Pete Fairbanks,Miami Marlins,mlb,3B,San_Diego_Padres_at_Miami_Marlins,0.0,0.0,0.0,UNDER,"Marginal +EV opportunity: P   Pete Fairbanks is projected for 0.0 3B vs a line of 0.0, giving a UNDER edge of 0.00. Based on recent form, opponent matchup, and game context."
P   Pete Fairbanks,Miami Marlins,mlb,BB,San_Diego_Padres_at_Miami_Marlins,0.0,0.0,0.0,UNDER,P   Pete Fairbanks shows UNDER value at 0.0 BB. TC projection: 0.0 — edge: 0.00. Marginal conviction based on usage rate and defensive matchup.
P   Pete Fairbanks,Miami Marlins,mlb,SB,San_Diego_Padres_at_Miami_Marlins,0.0,0.0,0.0,UNDER,P   Pete Fairbanks shows UNDER value at 0.0 SB. TC projection: 0.0 — edge: 0.00. Marginal conviction based on usage rate and defensive matchup.
1B  Buddy Kennedy,Seattle Mariners,mlb,RBI,Seattle_Mariners_at_Texas_Rangers,0.0,0.0,0.0,UNDER,"Marginal +EV opportunity: 1B  Buddy Kennedy is projected for 0.0 RBI vs a line of 0.0, giving a UNDER edge of 0.00. Based on recent form, opponent matchup, and game context."
1B  Buddy Kennedy,Seattle Mariners,mlb,HR,Seattle_Mariners_at_Texas_Rangers,0.0,0.0,0.0,UNDER,Targeting 1B  Buddy Kennedy UNDER 0.0 HR. Model projects 0.0 (0.00 edge). Recent trends and opponent weakness support this play.
1B  Buddy Kennedy,Seattle Mariners,mlb,3B,Seattle_Mariners_at_Texas_Rangers,0.0,0.0,0.0,UNDER,"Marginal +EV opportunity: 1B  Buddy Kennedy is projected for 0.0 3B vs a line of 0.0, giving a UNDER edge of 0.00. Based on recent form, opponent matchup, and game context."
1B  Buddy Kennedy,Seattle Mariners,mlb,SB,Seattle_Mariners_at_Texas_Rangers,0.0,0.0,0.0,UNDER,1B  Buddy Kennedy shows UNDER value at 0.0 SB. TC projection: 0.0 — edge: 0.00. Marginal conviction based on usage rate and defensive matchup.
C   Cal Raleigh,Seattle Mariners,mlb,3B,Seattle_Mariners_at_Texas_Rangers,0.0,0.0,0.0,UNDER,"Marginal +EV opportunity: C   Cal Raleigh is projected for 0.0 3B vs a line of 0.0, giving a UNDER edge of 0.00. Based on recent form, opponent matchup, and game context."
P   Gabe Speier,Seattle Mariners,mlb,H,Seattle_Mariners_at_Texas_Rangers,0.0,0.0,0.0,UNDER,Targeting P   Gabe Speier UNDER 0.0 H. Model projects 0.0 (0.00 edge). Recent trends and opponent weakness support this play.
P   Gabe Speier,Seattle Mariners,mlb,R,Seattle_Mariners_at_Texas_Rangers,0.0,0.0,0.0,UNDER,P   Gabe Speier shows UNDER value at 0.0 R. TC projection: 0.0 — edge: 0.00. Marginal conviction based on usage rate and defensive matchup.
P   Gabe Speier,Seattle Mariners,mlb,RBI,Seattle_Mariners_at_Texas_Rangers,0.0,0.0,0.0,UNDER,"Marginal +EV opportunity: P   Gabe Speier is projected for 0.0 RBI vs a line of 0.0, giving a UNDER edge of 0.00. Based on recent form, opponent matchup, and game context."
P   Gabe Speier,Seattle Mariners,mlb,HR,Seattle_Mariners_at_Texas_Rangers,0.0,0.0,0.0,UNDER,Targeting P   Gabe Speier UNDER 0.0 HR. Model projects 0.0 (0.00 edge). Recent trends and opponent weakness support this play.
P   Gabe Speier,Seattle Mariners,mlb,2B,Seattle_Mariners_at_Texas_Rangers,0.0,0.0,0.0,UNDER,P   Gabe Speier shows UNDER value at 0.0 2B. TC projection: 0.0 — edge: 0.00. Marginal conviction based on usage rate and defensive matchup.
P   Gabe Speier,Seattle Mariners,mlb,3B,Seattle_Mariners_at_Texas_Rangers,0.0,0.0,0.0,UNDER,P   Gabe Speier shows UNDER value at 0.0 3B. TC projection: 0.0 — edge: 0.00. Marginal conviction based on usage rate and defensive matchup.
P   Gabe Speier,Seattle Mariners,mlb,BB,Seattle_Mariners_at_Texas_Rangers,0.0,0.0,0.0,UNDER,Targeting P   Gabe Speier UNDER 0.0 BB. Model projects 0.0 (0.00 edge). Recent trends and opponent weakness support this play.
P   Gabe Speier,Seattle Mariners,mlb,SB,Seattle_Mariners_at_Texas_Rangers,0.0,0.0,0.0,UNDER,P   Gabe Speier shows UNDER value at 0.0 SB. TC projection: 0.0 — edge: 0.00. Marginal conviction based on usage rate and defensive matchup.
SS  J.P. Crawford,Seattle Mariners,mlb,3B,Seattle_Mariners_at_Texas_Rangers,0.0,0.0,0.0,UNDER,SS  J.P. Crawford shows UNDER value at 0.0 3B. TC projection: 0.0 — edge: 0.00. Marginal conviction based on usage rate and defensive matchup.
1B  Josh Naylor,Seattle Mariners,mlb,3B,Seattle_Mariners_at_Texas_Rangers,0.0,0.0,0.0,UNDER,Targeting 1B  Josh Naylor UNDER 0.0 3B. Model projects 0.0 (0.00 edge). Recent trends and opponent weakness support this play.
CF  Julio Rodríguez,Seattle Mariners,mlb,3B,Seattle_Mariners_at_Texas_Rangers,0.0,0.0,0.0,UNDER,Targeting CF  Julio Rodríguez UNDER 0.0 3B. Model projects 0.0 (0.00 edge). Recent trends and opponent weakness support this play.
C   Mitch Garver,Seattle Mariners,mlb,3B,Seattle_Mariners_at_Texas_Rangers,0.0,0.0,0.0,UNDER,C   Mitch Garver shows UNDER value at 0.0 3B. TC projection: 0.0 — edge: 0.00. Marginal conviction based on usage rate and defensive matchup.
C   Mitch Garver,Seattle Mariners,mlb,SB,Seattle_Mariners_at_Texas_Rangers,0.0,0.0,0.0,UNDER,Targeting C   Mitch Garver UNDER 0.0 SB. Model projects 0.0 (0.00 edge). Recent trends and opponent weakness support this play.
RF  Victor Robles,Seattle Mariners,mlb,HR,Seattle_Mariners_at_Texas_Rangers,0.0,0.0,0.0,UNDER,"Marginal +EV opportunity: RF  Victor Robles is projected for 0.0 HR vs a line of 0.0, giving a UNDER edge of 0.00. Based on recent form, opponent matchup, and game context."
RF  Victor Robles,Seattle Mariners,mlb,3B,Seattle_Mariners_at_Texas_Rangers,0.0,0.0,0.0,UNDER,RF  Victor Robles shows UNDER value at 0.0 3B. TC projection: 0.0 — edge: 0.00. Marginal conviction based on usage rate and defensive matchup.
3B  Weston Wilson,Seattle Mariners,mlb,3B,Seattle_Mariners_at_Texas_Rangers,0.0,0.0,0.0,UNDER,Targeting 3B  Weston Wilson UNDER 0.0 3B. Model projects 0.0 (0.00 edge). Recent trends and opponent weakness support this play.
LF  Alejandro Osuna,Texas Rangers,mlb,3B,Seattle_Mariners_at_Texas_Rangers,0.0,0.0,0.0,UNDER,"Marginal +EV opportunity: LF  Alejandro Osuna is projected for 0.0 3B vs a line of 0.0, giving a UNDER edge of 0.00. Based on recent form, opponent matchup, and game context."
C   Austin Wynns,Texas Rangers,mlb,RBI,Seattle_Mariners_at_Texas_Rangers,0.0,0.0,0.0,UNDER,Targeting C   Austin Wynns UNDER 0.0 RBI. Model projects 0.0 (0.00 edge). Recent trends and opponent weakness support this play.
C   Austin Wynns,Texas Rangers,mlb,HR,Seattle_Mariners_at_Texas_Rangers,0.0,0.0,0.0,UNDER,"Marginal +EV opportunity: C   Austin Wynns is projected for 0.0 HR vs a line of 0.0, giving a UNDER edge of 0.00. Based on recent form, opponent matchup, and game context."
C   Austin Wynns,Texas Rangers,mlb,2B,Seattle_Mariners_at_Texas_Rangers,0.0,0.0,0.0,UNDER,"Marginal +EV opportunity: C   Austin Wynns is projected for 0.0 2B vs a line of 0.0, giving a UNDER edge of 0.00. Based on recent form, opponent matchup, and game context."
C   Austin Wynns,Texas Rangers,mlb,3B,Seattle_Mariners_at_Texas_Rangers,0.0,0.0,0.0,UNDER,"Marginal +EV opportunity: C   Austin Wynns is projected for 0.0 3B vs a line of 0.0, giving a UNDER edge of 0.00. Based on recent form, opponent matchup, and game context."
C   Austin Wynns,Texas Rangers,mlb,SB,Seattle_Mariners_at_Texas_Rangers,0.0,0.0,0.0,UNDER,C   Austin Wynns shows UNDER value at 0.0 SB. TC projection: 0.0 — edge: 0.00. Marginal conviction based on usage rate and defensive matchup.
CF  Cam Cauley,Texas Rangers,mlb,SB,Seattle_Mariners_at_Texas_Rangers,0.0,0.0,0.0,UNDER,"Marginal +EV opportunity: CF  Cam Cauley is projected for 0.0 SB vs a line of 0.0, giving a UNDER edge of 0.00. Based on recent form, opponent matchup, and game context."
C   Elias Díaz,Texas Rangers,mlb,3B,Seattle_Mariners_at_Texas_Rangers,0.0,0.0,0.0,UNDER,"Marginal +EV opportunity: C   Elias Díaz is projected for 0.0 3B vs a line of 0.0, giving a UNDER edge of 0.00. Based on recent form, opponent matchup, and game context."
C   Elias Díaz,Texas Rangers,mlb,SB,Seattle_Mariners_at_Texas_Rangers,0.0,0.0,0.0,UNDER,C   Elias Díaz shows UNDER value at 0.0 SB. TC projection: 0.0 — edge: 0.00. Marginal conviction based on usage rate and defensive matchup.
P   Jacob Latz,Texas Rangers,mlb,H,Seattle_Mariners_at_Texas_Rangers,0.0,0.0,0.0,UNDER,P   Jacob Latz shows UNDER value at 0.0 H. TC projection: 0.0 — edge: 0.00. Marginal conviction based on usage rate and defensive matchup.
P   Jacob Latz,Texas Rangers,mlb,R,Seattle_Mariners_at_Texas_Rangers,0.0,0.0,0.0,UNDER,P   Jacob Latz shows UNDER value at 0.0 R. TC projection: 0.0 — edge: 0.00. Marginal conviction based on usage rate and defensive matchup.
P   Jacob Latz,Texas Rangers,mlb,RBI,Seattle_Mariners_at_Texas_Rangers,0.0,0.0,0.0,UNDER,Targeting P   Jacob Latz UNDER 0.0 RBI. Model projects 0.0 (0.00 edge). Recent trends and opponent weakness support this play.
P   Jacob Latz,Texas Rangers,mlb,HR,Seattle_Mariners_at_Texas_Rangers,0.0,0.0,0.0,UNDER,Targeting P   Jacob Latz UNDER 0.0 HR. Model projects 0.0 (0.00 edge). Recent trends and opponent weakness support this play.
P   Jacob Latz,Texas Rangers,mlb,2B,Seattle_Mariners_at_Texas_Rangers,0.0,0.0,0.0,UNDER,Targeting P   Jacob Latz UNDER 0.0 2B. Model projects 0.0 (0.00 edge). Recent trends and opponent weakness support this play.
P   Jacob Latz,Texas Rangers,mlb,3B,Seattle_Mariners_at_Texas_Rangers,0.0,0.0,0.0,UNDER,P   Jacob Latz shows UNDER value at 0.0 3B. TC projection: 0.0 — edge: 0.00. Marginal conviction based on usage rate and defensive matchup.
P   Jacob Latz,Texas Rangers,mlb,BB,Seattle_Mariners_at_Texas_Rangers,0.0,0.0,0.0,UNDER,Targeting P   Jacob Latz UNDER 0.0 BB. Model projects 0.0 (0.00 edge). Recent trends and opponent weakness support this play.
P   Jacob Latz,Texas Rangers,mlb,SB,Seattle_Mariners_at_Texas_Rangers,0.0,0.0,0.0,UNDER,"Marginal +EV opportunity: P   Jacob Latz is projected for 0.0 SB vs a line of 0.0, giving a UNDER edge of 0.00. Based on recent form, opponent matchup, and game context."
1B  Jake Burger,Texas Rangers,mlb,3B,Seattle_Mariners_at_Texas_Rangers,0.0,0.0,0.0,UNDER,1B  Jake Burger shows UNDER value at 0.0 3B. TC projection: 0.0 — edge: 0.00. Marginal conviction based on usage rate and defensive matchup.
2B  Justin Foscue,Texas Rangers,mlb,3B,Seattle_Mariners_at_Texas_Rangers,0.0,0.0,0.0,UNDER,2B  Justin Foscue shows UNDER value at 0.0 3B. TC projection: 0.0 — edge: 0.00. Marginal conviction based on usage rate and defensive matchup.
2B  Justin Foscue,Texas Rangers,mlb,SB,Seattle_Mariners_at_Texas_Rangers,0.0,0.0,0.0,UNDER,"Marginal +EV opportunity: 2B  Justin Foscue is projected for 0.0 SB vs a line of 0.0, giving a UNDER edge of 0.00. Based on recent form, opponent matchup, and game context."
2B  Nicky Lopez,Texas Rangers,mlb,3B,Seattle_Mariners_at_Texas_Rangers,0.0,0.0,0.0,UNDER,2B  Nicky Lopez shows UNDER value at 0.0 3B. TC projection: 0.0 — edge: 0.00. Marginal conviction based on usage rate and defensive matchup.
C   Alejandro Kirk,Toronto Blue Jays,mlb,3B,Toronto_Blue_Jays_at_Boston_Red_Sox,0.0,0.0,0.0,UNDER,Targeting C   Alejandro Kirk UNDER 0.0 3B. Model projects 0.0 (0.00 edge). Recent trends and opponent weakness support this play.
C   Alejandro Kirk,Toronto Blue Jays,mlb,SB,Toronto_Blue_Jays_at_Boston_Red_Sox,0.0,0.0,0.0,UNDER,Targeting C   Alejandro Kirk UNDER 0.0 SB. Model projects 0.0 (0.00 edge). Recent trends and opponent weakness support this play.
C   Brandon Valenzuela,Toronto Blue Jays,mlb,3B,Toronto_Blue_Jays_at_Boston_Red_Sox,0.0,0.0,0.0,UNDER,Targeting C   Brandon Valenzuela UNDER 0.0 3B. Model projects 0.0 (0.00 edge). Recent trends and opponent weakness support this play.
LF  Davis Schneider,Toronto Blue Jays,mlb,3B,Toronto_Blue_Jays_at_Boston_Red_Sox,0.0,0.0,0.0,UNDER,LF  Davis Schneider shows UNDER value at 0.0 3B. TC projection: 0.0 — edge: 0.00. Marginal conviction based on usage rate and defensive matchup.
3B  Kazuma Okamoto,Toronto Blue Jays,mlb,3B,Toronto_Blue_Jays_at_Boston_Red_Sox,0.0,0.0,0.0,UNDER,Targeting 3B  Kazuma Okamoto UNDER 0.0 3B. Model projects 0.0 (0.00 edge). Recent trends and opponent weakness support this play.
3B  Kazuma Okamoto,Toronto Blue Jays,mlb,SB,Toronto_Blue_Jays_at_Boston_Red_Sox,0.0,0.0,0.0,UNDER,Targeting 3B  Kazuma Okamoto UNDER 0.0 SB. Model projects 0.0 (0.00 edge). Recent trends and opponent weakness support this play.
2B  Luis Urías,Toronto Blue Jays,mlb,3B,Toronto_Blue_Jays_at_Boston_Red_Sox,0.0,0.0,0.0,UNDER,Targeting 2B  Luis Urías UNDER 0.0 3B. Model projects 0.0 (0.00 edge). Recent trends and opponent weakness support this play.
2B  Luis Urías,Toronto Blue Jays,mlb,SB,Toronto_Blue_Jays_at_Boston_Red_Sox,0.0,0.0,0.0,UNDER,Targeting 2B  Luis Urías UNDER 0.0 SB. Model projects 0.0 (0.00 edge). Recent trends and opponent weakness support this play.
RF  Myles Straw,Toronto Blue Jays,mlb,3B,Toronto_Blue_Jays_at_Boston_Red_Sox,0.0,0.0,0.0,UNDER,Targeting RF  Myles Straw UNDER 0.0 3B. Model projects 0.0 (0.00 edge). Recent trends and opponent weakness support this play.
RF  Nathan Lukes,Toronto Blue Jays,mlb,3B,Toronto_Blue_Jays_at_Boston_Red_Sox,0.0,0.0,0.0,UNDER,"Marginal +EV opportunity: RF  Nathan Lukes is projected for 0.0 3B vs a line of 0.0, giving a UNDER edge of 0.00. Based on recent form, opponent matchup, and game context."
RF  Nathan Lukes,Toronto Blue Jays,mlb,SB,Toronto_Blue_Jays_at_Boston_Red_Sox,0.0,0.0,0.0,UNDER,Targeting RF  Nathan Lukes UNDER 0.0 SB. Model projects 0.0 (0.00 edge). Recent trends and opponent weakness support this play.
1B  Vladimir Guerrero Jr.,Toronto Blue Jays,mlb,3B,Toronto_Blue_Jays_at_Boston_Red_Sox,0.0,0.0,0.0,UNDER,1B  Vladimir Guerrero Jr. shows UNDER value at 0.0 3B. TC projection: 0.0 — edge: 0.00. Marginal conviction based on usage rate and defensive matchup.
LF  Yohendrick Piñango,Toronto Blue Jays,mlb,3B,Toronto_Blue_Jays_at_Boston_Red_Sox,0.0,0.0,0.0,UNDER,LF  Yohendrick Piñango shows UNDER value at 0.0 3B. TC projection: 0.0 — edge: 0.00. Marginal conviction based on usage rate and defensive matchup.
LF  Yohendrick Piñango,Toronto Blue Jays,mlb,SB,Toronto_Blue_Jays_at_Boston_Red_Sox,0.0,0.0,0.0,UNDER,LF  Yohendrick Piñango shows UNDER value at 0.0 SB. TC projection: 0.0 — edge: 0.00. Marginal conviction based on usage rate and defensive matchup.
2B  Anthony Seigler,Boston Red Sox,mlb,3B,Toronto_Blue_Jays_at_Boston_Red_Sox,0.0,0.0,0.0,UNDER,2B  Anthony Seigler shows UNDER value at 0.0 3B. TC projection: 0.0 — edge: 0.00. Marginal conviction based on usage rate and defensive matchup.
P   Aroldis Chapman,Boston Red Sox,mlb,H,Toronto_Blue_Jays_at_Boston_Red_Sox,0.0,0.0,0.0,UNDER,P   Aroldis Chapman shows UNDER value at 0.0 H. TC projection: 0.0 — edge: 0.00. Marginal conviction based on usage rate and defensive matchup.
P   Aroldis Chapman,Boston Red Sox,mlb,R,Toronto_Blue_Jays_at_Boston_Red_Sox,0.0,0.0,0.0,UNDER,Targeting P   Aroldis Chapman UNDER 0.0 R. Model projects 0.0 (0.00 edge). Recent trends and opponent weakness support this play.
P   Aroldis Chapman,Boston Red Sox,mlb,RBI,Toronto_Blue_Jays_at_Boston_Red_Sox,0.0,0.0,0.0,UNDER,"Marginal +EV opportunity: P   Aroldis Chapman is projected for 0.0 RBI vs a line of 0.0, giving a UNDER edge of 0.00. Based on recent form, opponent matchup, and game context."
P   Aroldis Chapman,Boston Red Sox,mlb,HR,Toronto_Blue_Jays_at_Boston_Red_Sox,0.0,0.0,0.0,UNDER,"Marginal +EV opportunity: P   Aroldis Chapman is projected for 0.0 HR vs a line of 0.0, giving a UNDER edge of 0.00. Based on recent form, opponent matchup, and game context."
P   Aroldis Chapman,Boston Red Sox,mlb,2B,Toronto_Blue_Jays_at_Boston_Red_Sox,0.0,0.0,0.0,UNDER,"Marginal +EV opportunity: P   Aroldis Chapman is projected for 0.0 2B vs a line of 0.0, giving a UNDER edge of 0.00. Based on recent form, opponent matchup, and game context."
P   Aroldis Chapman,Boston Red Sox,mlb,3B,Toronto_Blue_Jays_at_Boston_Red_Sox,0.0,0.0,0.0,UNDER,"Marginal +EV opportunity: P   Aroldis Chapman is projected for 0.0 3B vs a line of 0.0, giving a UNDER edge of 0.00. Based on recent form, opponent matchup, and game context."
P   Aroldis Chapman,Boston Red Sox,mlb,BB,Toronto_Blue_Jays_at_Boston_Red_Sox,0.0,0.0,0.0,UNDER,Targeting P   Aroldis Chapman UNDER 0.0 BB. Model projects 0.0 (0.00 edge). Recent trends and opponent weakness support this play.
P   Aroldis Chapman,Boston Red Sox,mlb,SB,Toronto_Blue_Jays_at_Boston_Red_Sox,0.0,0.0,0.0,UNDER,P   Aroldis Chapman shows UNDER value at 0.0 SB. TC projection: 0.0 — edge: 0.00. Marginal conviction based on usage rate and defensive matchup.
C   Carlos Narváez,Boston Red Sox,mlb,3B,Toronto_Blue_Jays_at_Boston_Red_Sox,0.0,0.0,0.0,UNDER,C   Carlos Narváez shows UNDER value at 0.0 3B. TC projection: 0.0 — edge: 0.00. Marginal conviction based on usage rate and defensive matchup.
C   Connor Wong,Boston Red Sox,mlb,3B,Toronto_Blue_Jays_at_Boston_Red_Sox,0.0,0.0,0.0,UNDER,Targeting C   Connor Wong UNDER 0.0 3B. Model projects 0.0 (0.00 edge). Recent trends and opponent weakness support this play.
P   Garrett Whitlock,Boston Red Sox,mlb,H,Toronto_Blue_Jays_at_Boston_Red_Sox,0.0,0.0,0.0,UNDER,"Marginal +EV opportunity: P   Garrett Whitlock is projected for 0.0 H vs a line of 0.0, giving a UNDER edge of 0.00. Based on recent form, opponent matchup, and game context."
P   Garrett Whitlock,Boston Red Sox,mlb,R,Toronto_Blue_Jays_at_Boston_Red_Sox,0.0,0.0,0.0,UNDER,P   Garrett Whitlock shows UNDER value at 0.0 R. TC projection: 0.0 — edge: 0.00. Marginal conviction based on usage rate and defensive matchup.
P   Garrett Whitlock,Boston Red Sox,mlb,RBI,Toronto_Blue_Jays_at_Boston_Red_Sox,0.0,0.0,0.0,UNDER,P   Garrett Whitlock shows UNDER value at 0.0 RBI. TC projection: 0.0 — edge: 0.00. Marginal conviction based on usage rate and defensive matchup.
P   Garrett Whitlock,Boston Red Sox,mlb,HR,Toronto_Blue_Jays_at_Boston_Red_Sox,0.0,0.0,0.0,UNDER,P   Garrett Whitlock shows UNDER value at 0.0 HR. TC projection: 0.0 — edge: 0.00. Marginal conviction based on usage rate and defensive matchup.
P   Garrett Whitlock,Boston Red Sox,mlb,2B,Toronto_Blue_Jays_at_Boston_Red_Sox,0.0,0.0,0.0,UNDER,"Marginal +EV opportunity: P   Garrett Whitlock is projected for 0.0 2B vs a line of 0.0, giving a UNDER edge of 0.00. Based on recent form, opponent matchup, and game context."
P   Garrett Whitlock,Boston Red Sox,mlb,3B,Toronto_Blue_Jays_at_Boston_Red_Sox,0.0,0.0,0.0,UNDER,"Marginal +EV opportunity: P   Garrett Whitlock is projected for 0.0 3B vs a line of 0.0, giving a UNDER edge of 0.00. Based on recent form, opponent matchup, and game context."
P   Garrett Whitlock,Boston Red Sox,mlb,BB,Toronto_Blue_Jays_at_Boston_Red_Sox,0.0,0.0,0.0,UNDER,Targeting P   Garrett Whitlock UNDER 0.0 BB. Model projects 0.0 (0.00 edge). Recent trends and opponent weakness support this play.
P   Garrett Whitlock,Boston Red Sox,mlb,SB,Toronto_Blue_Jays_at_Boston_Red_Sox,0.0,0.0,0.0,UNDER,P   Garrett Whitlock shows UNDER value at 0.0 SB. TC projection: 0.0 — edge: 0.00. Marginal conviction based on usage rate and defensive matchup.
OF  Jahmai Jones,Boston Red Sox,mlb,3B,Toronto_Blue_Jays_at_Boston_Red_Sox,0.0,0.0,0.0,UNDER,Targeting OF  Jahmai Jones UNDER 0.0 3B. Model projects 0.0 (0.00 edge). Recent trends and opponent weakness support this play.
OF  Jahmai Jones,Boston Red Sox,mlb,SB,Toronto_Blue_Jays_at_Boston_Red_Sox,0.0,0.0,0.0,UNDER,Targeting OF  Jahmai Jones UNDER 0.0 SB. Model projects 0.0 (0.00 edge). Recent trends and opponent weakness support this play.
SS  Tsung-Che Cheng,Boston Red Sox,mlb,HR,Toronto_Blue_Jays_at_Boston_Red_Sox,0.0,0.0,0.0,UNDER,Targeting SS  Tsung-Che Cheng UNDER 0.0 HR. Model projects 0.0 (0.00 edge). Recent trends and opponent weakness support this play.
SS  Tsung-Che Cheng,Boston Red Sox,mlb,3B,Toronto_Blue_Jays_at_Boston_Red_Sox,0.0,0.0,0.0,UNDER,"Marginal +EV opportunity: SS  Tsung-Che Cheng is projected for 0.0 3B vs a line of 0.0, giving a UNDER edge of 0.00. Based on recent form, opponent matchup, and game context."
SS  Tsung-Che Cheng,Boston Red Sox,mlb,SB,Toronto_Blue_Jays_at_Boston_Red_Sox,0.0,0.0,0.0,UNDER,"Marginal +EV opportunity: SS  Tsung-Che Cheng is projected for 0.0 SB vs a line of 0.0, giving a UNDER edge of 0.00. Based on recent form, opponent matchup, and game context."
