name,team,sport,stat,matchup,projection,line,edge,direction,reason
SS  Otto Lopez,Miami Marlins,mlb,H,San_Diego_Padres_at_Miami_Marlins,1.14,1.117,0.02299999999999991,OVER,SS  Otto Lopez shows OVER value at 1.1 H. TC projection: 1.1 — edge: 0.02. Marginal conviction based on usage rate and defensive matchup.
2B  Luis Arraez,San Francisco Giants,mlb,H,Los_Angeles_Angels_at_San_Francisco_Giants,1.11,1.088,0.02200000000000002,OVER,"Marginal +EV opportunity: 2B  Luis Arraez is projected for 1.1 H vs a line of 1.1, giving a OVER edge of 0.02. Based on recent form, opponent matchup, and game context."
1B  Tyler Locklear,Arizona Diamondbacks,mlb,H,Arizona_Diamondbacks_at_Washington_Nationals,1.0,0.98,0.020000000000000018,OVER,Targeting 1B  Tyler Locklear OVER 1.0 H. Model projects 1.0 (0.02 edge). Recent trends and opponent weakness support this play.
DH  Yandy Díaz,Tampa Bay Rays,mlb,H,Cleveland_Guardians_at_Tampa_Bay_Rays,1.02,1.04,-0.020000000000000018,UNDER,DH  Yandy Díaz shows UNDER value at 1.0 H. TC projection: 1.0 — edge: 0.02. Marginal conviction based on usage rate and defensive matchup.
RF  Jung Hoo Lee,San Francisco Giants,mlb,H,Los_Angeles_Angels_at_San_Francisco_Giants,0.98,1.0,-0.020000000000000018,UNDER,Targeting RF  Jung Hoo Lee UNDER 1.0 H. Model projects 1.0 (0.02 edge). Recent trends and opponent weakness support this play.
2B  Xavier Edwards,Miami Marlins,mlb,H,San_Diego_Padres_at_Miami_Marlins,0.93,0.911,0.019000000000000017,OVER,2B  Xavier Edwards shows OVER value at 0.9 H. TC projection: 0.9 — edge: 0.02. Marginal conviction based on usage rate and defensive matchup.
SS  CJ Abrams,Washington Nationals,mlb,H,Arizona_Diamondbacks_at_Washington_Nationals,0.94,0.959,-0.019000000000000017,UNDER,"Marginal +EV opportunity: SS  CJ Abrams is projected for 0.9 H vs a line of 1.0, giving a UNDER edge of 0.02. Based on recent form, opponent matchup, and game context."
2B  Ernie Clement,Toronto Blue Jays,mlb,H,Toronto_Blue_Jays_at_Boston_Red_Sox,0.94,0.959,-0.019000000000000017,UNDER,"Marginal +EV opportunity: 2B  Ernie Clement is projected for 0.9 H vs a line of 1.0, giving a UNDER edge of 0.02. Based on recent form, opponent matchup, and game context."
CF  Ceddanne Rafaela,Boston Red Sox,mlb,H,Toronto_Blue_Jays_at_Boston_Red_Sox,0.94,0.959,-0.019000000000000017,UNDER,"Marginal +EV opportunity: CF  Ceddanne Rafaela is projected for 0.9 H vs a line of 1.0, giving a UNDER edge of 0.02. Based on recent form, opponent matchup, and game context."
3B  Junior Caminero,Tampa Bay Rays,mlb,H,Cleveland_Guardians_at_Tampa_Bay_Rays,0.94,0.921,0.018999999999999906,OVER,"Marginal +EV opportunity: 3B  Junior Caminero is projected for 0.9 H vs a line of 0.9, giving a OVER edge of 0.02. Based on recent form, opponent matchup, and game context."
LF  Casey Schmitt,San Francisco Giants,mlb,H,Los_Angeles_Angels_at_San_Francisco_Giants,0.94,0.921,0.018999999999999906,OVER,Targeting LF  Casey Schmitt OVER 0.9 H. Model projects 0.9 (0.02 edge). Recent trends and opponent weakness support this play.
LF  Chandler Simpson,Tampa Bay Rays,mlb,H,Cleveland_Guardians_at_Tampa_Bay_Rays,0.93,0.949,-0.018999999999999906,UNDER,LF  Chandler Simpson shows UNDER value at 0.9 H. TC projection: 0.9 — edge: 0.02. Marginal conviction based on usage rate and defensive matchup.
C   Gabriel Moreno,Arizona Diamondbacks,mlb,H,Arizona_Diamondbacks_at_Washington_Nationals,0.9,0.882,0.018000000000000016,OVER,Targeting C   Gabriel Moreno OVER 0.9 H. Model projects 0.9 (0.02 edge). Recent trends and opponent weakness support this play.
RF  James Wood,Washington Nationals,mlb,H,Arizona_Diamondbacks_at_Washington_Nationals,0.9,0.882,0.018000000000000016,OVER,Targeting RF  James Wood OVER 0.9 H. Model projects 0.9 (0.02 edge). Recent trends and opponent weakness support this play.
LF  Heliot Ramos,San Francisco Giants,mlb,H,Los_Angeles_Angels_at_San_Francisco_Giants,0.88,0.862,0.018000000000000016,OVER,"Marginal +EV opportunity: LF  Heliot Ramos is projected for 0.9 H vs a line of 0.9, giving a OVER edge of 0.02. Based on recent form, opponent matchup, and game context."
LF  Brandon Marsh,Philadelphia Phillies,mlb,H,New_York_Yankees_at_Philadelphia_Phillies,0.92,0.902,0.018000000000000016,OVER,"Marginal +EV opportunity: LF  Brandon Marsh is projected for 0.9 H vs a line of 0.9, giving a OVER edge of 0.02. Based on recent form, opponent matchup, and game context."
RF  Fernando Tatis Jr.,San Diego Padres,mlb,H,San_Diego_Padres_at_Miami_Marlins,0.92,0.902,0.018000000000000016,OVER,"Marginal +EV opportunity: RF  Fernando Tatis Jr. is projected for 0.9 H vs a line of 0.9, giving a OVER edge of 0.02. Based on recent form, opponent matchup, and game context."
RF  Chase DeLauter,Cleveland Guardians,mlb,H,Cleveland_Guardians_at_Tampa_Bay_Rays,0.89,0.908,-0.018000000000000016,UNDER,RF  Chase DeLauter shows UNDER value at 0.9 H. TC projection: 0.9 — edge: 0.02. Marginal conviction based on usage rate and defensive matchup.
1B  Jonathan Aranda,Tampa Bay Rays,mlb,H,Cleveland_Guardians_at_Tampa_Bay_Rays,0.9,0.918,-0.018000000000000016,UNDER,1B  Jonathan Aranda shows UNDER value at 0.9 H. TC projection: 0.9 — edge: 0.02. Marginal conviction based on usage rate and defensive matchup.
C   Dillon Dingler,Detroit Tigers,mlb,H,Kansas_City_Royals_at_Detroit_Tigers,0.88,0.898,-0.018000000000000016,UNDER,Targeting C   Dillon Dingler UNDER 0.9 H. Model projects 0.9 (0.02 edge). Recent trends and opponent weakness support this play.
2B  Gleyber Torres,Detroit Tigers,mlb,H,Kansas_City_Royals_at_Detroit_Tigers,0.89,0.908,-0.018000000000000016,UNDER,"Marginal +EV opportunity: 2B  Gleyber Torres is projected for 0.9 H vs a line of 0.9, giving a UNDER edge of 0.02. Based on recent form, opponent matchup, and game context."
LF  Riley Greene,Detroit Tigers,mlb,H,Kansas_City_Royals_at_Detroit_Tigers,0.88,0.898,-0.018000000000000016,UNDER,"Marginal +EV opportunity: LF  Riley Greene is projected for 0.9 H vs a line of 0.9, giving a UNDER edge of 0.02. Based on recent form, opponent matchup, and game context."
1B  Willson Contreras,Boston Red Sox,mlb,H,Toronto_Blue_Jays_at_Boston_Red_Sox,0.89,0.908,-0.018000000000000016,UNDER,Targeting 1B  Willson Contreras UNDER 0.9 H. Model projects 0.9 (0.02 edge). Recent trends and opponent weakness support this play.
SS  Kevin McGonigle,Detroit Tigers,mlb,H,Kansas_City_Royals_at_Detroit_Tigers,0.92,0.938,-0.017999999999999905,UNDER,SS  Kevin McGonigle shows UNDER value at 0.9 H. TC projection: 0.9 — edge: 0.02. Marginal conviction based on usage rate and defensive matchup.
2B  Ketel Marte,Arizona Diamondbacks,mlb,H,Arizona_Diamondbacks_at_Washington_Nationals,0.87,0.853,0.017000000000000015,OVER,2B  Ketel Marte shows OVER value at 0.9 H. TC projection: 0.9 — edge: 0.02. Marginal conviction based on usage rate and defensive matchup.
1B  Nolan Schanuel,Los Angeles Angels,mlb,H,Los_Angeles_Angels_at_San_Francisco_Giants,0.87,0.853,0.017000000000000015,OVER,"Marginal +EV opportunity: 1B  Nolan Schanuel is projected for 0.9 H vs a line of 0.9, giving a OVER edge of 0.02. Based on recent form, opponent matchup, and game context."
1B  Ben Rice,New York Yankees,mlb,H,New_York_Yankees_at_Philadelphia_Phillies,0.85,0.833,0.017000000000000015,OVER,1B  Ben Rice shows OVER value at 0.8 H. TC projection: 0.8 — edge: 0.02. Marginal conviction based on usage rate and defensive matchup.
SS  Trea Turner,Philadelphia Phillies,mlb,H,New_York_Yankees_at_Philadelphia_Phillies,0.86,0.843,0.017000000000000015,OVER,Targeting SS  Trea Turner OVER 0.8 H. Model projects 0.9 (0.02 edge). Recent trends and opponent weakness support this play.
2B  Anthony Seigler,Boston Red Sox,mlb,H,Toronto_Blue_Jays_at_Boston_Red_Sox,0.84,0.823,0.017000000000000015,OVER,Targeting 2B  Anthony Seigler OVER 0.8 H. Model projects 0.8 (0.02 edge). Recent trends and opponent weakness support this play.
1B  Tyler Locklear,Arizona Diamondbacks,mlb,RBI,Arizona_Diamondbacks_at_Washington_Nationals,0.83,0.847,-0.017000000000000015,UNDER,"Marginal +EV opportunity: 1B  Tyler Locklear is projected for 0.8 RBI vs a line of 0.8, giving a UNDER edge of 0.02. Based on recent form, opponent matchup, and game context."
C   Liam Hicks,Miami Marlins,mlb,H,San_Diego_Padres_at_Miami_Marlins,0.86,0.877,-0.017000000000000015,UNDER,C   Liam Hicks shows UNDER value at 0.9 H. TC projection: 0.9 — edge: 0.02. Marginal conviction based on usage rate and defensive matchup.
RF  Wilyer Abreu,Boston Red Sox,mlb,H,Toronto_Blue_Jays_at_Boston_Red_Sox,0.85,0.867,-0.017000000000000015,UNDER,"Marginal +EV opportunity: RF  Wilyer Abreu is projected for 0.8 H vs a line of 0.9, giving a UNDER edge of 0.02. Based on recent form, opponent matchup, and game context."
RF  Corbin Carroll,Arizona Diamondbacks,mlb,H,Arizona_Diamondbacks_at_Washington_Nationals,0.78,0.764,0.016000000000000014,OVER,RF  Corbin Carroll shows OVER value at 0.8 H. TC projection: 0.8 — edge: 0.02. Marginal conviction based on usage rate and defensive matchup.
1B  Luis García Jr.,Washington Nationals,mlb,H,Arizona_Diamondbacks_at_Washington_Nationals,0.81,0.794,0.016000000000000014,OVER,Targeting 1B  Luis García Jr. OVER 0.8 H. Model projects 0.8 (0.02 edge). Recent trends and opponent weakness support this play.
SS  Brayan Rocchio,Cleveland Guardians,mlb,H,Cleveland_Guardians_at_Tampa_Bay_Rays,0.79,0.774,0.016000000000000014,OVER,Targeting SS  Brayan Rocchio OVER 0.8 H. Model projects 0.8 (0.02 edge). Recent trends and opponent weakness support this play.
SS  Zach Neto,Los Angeles Angels,mlb,H,Los_Angeles_Angels_at_San_Francisco_Giants,0.78,0.764,0.016000000000000014,OVER,SS  Zach Neto shows OVER value at 0.8 H. TC projection: 0.8 — edge: 0.02. Marginal conviction based on usage rate and defensive matchup.
LF  Cody Bellinger,New York Yankees,mlb,H,New_York_Yankees_at_Philadelphia_Phillies,0.78,0.764,0.016000000000000014,OVER,"Marginal +EV opportunity: LF  Cody Bellinger is projected for 0.8 H vs a line of 0.8, giving a OVER edge of 0.02. Based on recent form, opponent matchup, and game context."
1B  Bryce Harper,Philadelphia Phillies,mlb,H,New_York_Yankees_at_Philadelphia_Phillies,0.78,0.764,0.016000000000000014,OVER,"Marginal +EV opportunity: 1B  Bryce Harper is projected for 0.8 H vs a line of 0.8, giving a OVER edge of 0.02. Based on recent form, opponent matchup, and game context."
DH  Kyle Schwarber,Philadelphia Phillies,mlb,H,New_York_Yankees_at_Philadelphia_Phillies,0.81,0.794,0.016000000000000014,OVER,Targeting DH  Kyle Schwarber OVER 0.8 H. Model projects 0.8 (0.02 edge). Recent trends and opponent weakness support this play.
1B  Vladimir Guerrero Jr.,Toronto Blue Jays,mlb,H,Toronto_Blue_Jays_at_Boston_Red_Sox,0.81,0.794,0.016000000000000014,OVER,Targeting 1B  Vladimir Guerrero Jr. OVER 0.8 H. Model projects 0.8 (0.02 edge). Recent trends and opponent weakness support this play.
LF  Daylen Lile,Washington Nationals,mlb,H,Arizona_Diamondbacks_at_Washington_Nationals,0.82,0.836,-0.016000000000000014,UNDER,Targeting LF  Daylen Lile UNDER 0.8 H. Model projects 0.8 (0.02 edge). Recent trends and opponent weakness support this play.
RF  James Wood,Washington Nationals,mlb,R,Arizona_Diamondbacks_at_Washington_Nationals,0.78,0.796,-0.016000000000000014,UNDER,Targeting RF  James Wood UNDER 0.8 R. Model projects 0.8 (0.02 edge). Recent trends and opponent weakness support this play.
RF  Jo Adell,Los Angeles Angels,mlb,H,Los_Angeles_Angels_at_San_Francisco_Giants,0.78,0.796,-0.016000000000000014,UNDER,Targeting RF  Jo Adell UNDER 0.8 H. Model projects 0.8 (0.02 edge). Recent trends and opponent weakness support this play.
DH  Bryce Eldridge,San Francisco Giants,mlb,H,Los_Angeles_Angels_at_San_Francisco_Giants,0.81,0.826,-0.015999999999999903,UNDER,DH  Bryce Eldridge shows UNDER value at 0.8 H. TC projection: 0.8 — edge: 0.02. Marginal conviction based on usage rate and defensive matchup.
1B  Rafael Devers,San Francisco Giants,mlb,H,Los_Angeles_Angels_at_San_Francisco_Giants,0.8,0.816,-0.015999999999999903,UNDER,Targeting 1B  Rafael Devers UNDER 0.8 H. Model projects 0.8 (0.02 edge). Recent trends and opponent weakness support this play.
1B  Ildemaro Vargas,Arizona Diamondbacks,mlb,H,Arizona_Diamondbacks_at_Washington_Nationals,0.75,0.735,0.015000000000000013,OVER,1B  Ildemaro Vargas shows OVER value at 0.7 H. TC projection: 0.8 — edge: 0.02. Marginal conviction based on usage rate and defensive matchup.
3B  Curtis Mead,Washington Nationals,mlb,H,Arizona_Diamondbacks_at_Washington_Nationals,0.73,0.715,0.015000000000000013,OVER,3B  Curtis Mead shows OVER value at 0.7 H. TC projection: 0.7 — edge: 0.02. Marginal conviction based on usage rate and defensive matchup.
RF  Jac Caglianone,Kansas City Royals,mlb,H,Kansas_City_Royals_at_Detroit_Tigers,0.75,0.735,0.015000000000000013,OVER,"Marginal +EV opportunity: RF  Jac Caglianone is projected for 0.8 H vs a line of 0.7, giving a OVER edge of 0.02. Based on recent form, opponent matchup, and game context."
SS  Willy Adames,San Francisco Giants,mlb,H,Los_Angeles_Angels_at_San_Francisco_Giants,0.76,0.745,0.015000000000000013,OVER,"Marginal +EV opportunity: SS  Willy Adames is projected for 0.8 H vs a line of 0.7, giving a OVER edge of 0.02. Based on recent form, opponent matchup, and game context."
LF  Kyle Stowers,Miami Marlins,mlb,H,San_Diego_Padres_at_Miami_Marlins,0.75,0.735,0.015000000000000013,OVER,Targeting LF  Kyle Stowers OVER 0.7 H. Model projects 0.8 (0.02 edge). Recent trends and opponent weakness support this play.
DH  George Springer,Toronto Blue Jays,mlb,H,Toronto_Blue_Jays_at_Boston_Red_Sox,0.73,0.715,0.015000000000000013,OVER,"Marginal +EV opportunity: DH  George Springer is projected for 0.7 H vs a line of 0.7, giving a OVER edge of 0.02. Based on recent form, opponent matchup, and game context."
C   Keibert Ruiz,Washington Nationals,mlb,H,Arizona_Diamondbacks_at_Washington_Nationals,0.75,0.765,-0.015000000000000013,UNDER,Targeting C   Keibert Ruiz UNDER 0.8 H. Model projects 0.8 (0.02 edge). Recent trends and opponent weakness support this play.
3B  José Ramírez,Cleveland Guardians,mlb,H,Cleveland_Guardians_at_Tampa_Bay_Rays,0.74,0.755,-0.015000000000000013,UNDER,3B  José Ramírez shows UNDER value at 0.8 H. TC projection: 0.7 — edge: 0.02. Marginal conviction based on usage rate and defensive matchup.
2B  Travis Bazzana,Cleveland Guardians,mlb,H,Cleveland_Guardians_at_Tampa_Bay_Rays,0.74,0.755,-0.015000000000000013,UNDER,"Marginal +EV opportunity: 2B  Travis Bazzana is projected for 0.7 H vs a line of 0.8, giving a UNDER edge of 0.02. Based on recent form, opponent matchup, and game context."
3B  Denzer Guzman,Los Angeles Angels,mlb,H,Los_Angeles_Angels_at_San_Francisco_Giants,0.76,0.775,-0.015000000000000013,UNDER,"Marginal +EV opportunity: 3B  Denzer Guzman is projected for 0.8 H vs a line of 0.8, giving a UNDER edge of 0.02. Based on recent form, opponent matchup, and game context."
1B  Paul Goldschmidt,New York Yankees,mlb,H,New_York_Yankees_at_Philadelphia_Phillies,0.74,0.755,-0.015000000000000013,UNDER,"Marginal +EV opportunity: 1B  Paul Goldschmidt is projected for 0.7 H vs a line of 0.8, giving a UNDER edge of 0.02. Based on recent form, opponent matchup, and game context."
2B  Bryson Stott,Philadelphia Phillies,mlb,H,New_York_Yankees_at_Philadelphia_Phillies,0.76,0.775,-0.015000000000000013,UNDER,2B  Bryson Stott shows UNDER value at 0.8 H. TC projection: 0.8 — edge: 0.02. Marginal conviction based on usage rate and defensive matchup.
RF  Nathan Lukes,Toronto Blue Jays,mlb,H,Toronto_Blue_Jays_at_Boston_Red_Sox,0.76,0.775,-0.015000000000000013,UNDER,"Marginal +EV opportunity: RF  Nathan Lukes is projected for 0.8 H vs a line of 0.8, giving a UNDER edge of 0.02. Based on recent form, opponent matchup, and game context."
CF  Ryan Waldschmidt,Arizona Diamondbacks,mlb,H,Arizona_Diamondbacks_at_Washington_Nationals,0.71,0.696,0.014000000000000012,OVER,"Marginal +EV opportunity: CF  Ryan Waldschmidt is projected for 0.7 H vs a line of 0.7, giving a OVER edge of 0.01. Based on recent form, opponent matchup, and game context."
C   Nick Fortes,Tampa Bay Rays,mlb,H,Cleveland_Guardians_at_Tampa_Bay_Rays,0.71,0.696,0.014000000000000012,OVER,"Marginal +EV opportunity: C   Nick Fortes is projected for 0.7 H vs a line of 0.7, giving a OVER edge of 0.01. Based on recent form, opponent matchup, and game context."
LF  Wade Meckler,Los Angeles Angels,mlb,H,Los_Angeles_Angels_at_San_Francisco_Giants,0.71,0.696,0.014000000000000012,OVER,Targeting LF  Wade Meckler OVER 0.7 H. Model projects 0.7 (0.01 edge). Recent trends and opponent weakness support this play.
CF  Jackson Merrill,San Diego Padres,mlb,H,San_Diego_Padres_at_Miami_Marlins,0.72,0.706,0.014000000000000012,OVER,Targeting CF  Jackson Merrill OVER 0.7 H. Model projects 0.7 (0.01 edge). Recent trends and opponent weakness support this play.
1B  Ty France,San Diego Padres,mlb,H,San_Diego_Padres_at_Miami_Marlins,0.72,0.706,0.014000000000000012,OVER,1B  Ty France shows OVER value at 0.7 H. TC projection: 0.7 — edge: 0.01. Marginal conviction based on usage rate and defensive matchup.
LF  Heriberto Hernández,Miami Marlins,mlb,H,San_Diego_Padres_at_Miami_Marlins,0.68,0.666,0.014000000000000012,OVER,"Marginal +EV opportunity: LF  Heriberto Hernández is projected for 0.7 H vs a line of 0.7, giving a OVER edge of 0.01. Based on recent form, opponent matchup, and game context."
3B  Kazuma Okamoto,Toronto Blue Jays,mlb,H,Toronto_Blue_Jays_at_Boston_Red_Sox,0.68,0.666,0.014000000000000012,OVER,3B  Kazuma Okamoto shows OVER value at 0.7 H. TC projection: 0.7 — edge: 0.01. Marginal conviction based on usage rate and defensive matchup.
3B  Caleb Durbin,Boston Red Sox,mlb,H,Toronto_Blue_Jays_at_Boston_Red_Sox,0.68,0.666,0.014000000000000012,OVER,3B  Caleb Durbin shows OVER value at 0.7 H. TC projection: 0.7 — edge: 0.01. Marginal conviction based on usage rate and defensive matchup.
3B  Nolan Arenado,Arizona Diamondbacks,mlb,H,Arizona_Diamondbacks_at_Washington_Nationals,0.71,0.724,-0.014000000000000012,UNDER,3B  Nolan Arenado shows UNDER value at 0.7 H. TC projection: 0.7 — edge: 0.01. Marginal conviction based on usage rate and defensive matchup.
CF  Steven Kwan,Cleveland Guardians,mlb,H,Cleveland_Guardians_at_Tampa_Bay_Rays,0.69,0.704,-0.014000000000000012,UNDER,"Marginal +EV opportunity: CF  Steven Kwan is projected for 0.7 H vs a line of 0.7, giving a UNDER edge of 0.01. Based on recent form, opponent matchup, and game context."
RF  Jonny DeLuca,Tampa Bay Rays,mlb,H,Cleveland_Guardians_at_Tampa_Bay_Rays,0.7,0.714,-0.014000000000000012,UNDER,Targeting RF  Jonny DeLuca UNDER 0.7 H. Model projects 0.7 (0.01 edge). Recent trends and opponent weakness support this play.
1B  Vinnie Pasquantino,Kansas City Royals,mlb,H,Kansas_City_Royals_at_Detroit_Tigers,0.7,0.714,-0.014000000000000012,UNDER,1B  Vinnie Pasquantino shows UNDER value at 0.7 H. TC projection: 0.7 — edge: 0.01. Marginal conviction based on usage rate and defensive matchup.
CF  Mike Trout,Los Angeles Angels,mlb,H,Los_Angeles_Angels_at_San_Francisco_Giants,0.7,0.714,-0.014000000000000012,UNDER,Targeting CF  Mike Trout UNDER 0.7 H. Model projects 0.7 (0.01 edge). Recent trends and opponent weakness support this play.
CF  Mike Trout,Los Angeles Angels,mlb,BB,Los_Angeles_Angels_at_San_Francisco_Giants,0.72,0.734,-0.014000000000000012,UNDER,"Marginal +EV opportunity: CF  Mike Trout is projected for 0.7 BB vs a line of 0.7, giving a UNDER edge of 0.01. Based on recent form, opponent matchup, and game context."
RF  Jasson Domínguez,New York Yankees,mlb,H,New_York_Yankees_at_Philadelphia_Phillies,0.72,0.734,-0.014000000000000012,UNDER,RF  Jasson Domínguez shows UNDER value at 0.7 H. TC projection: 0.7 — edge: 0.01. Marginal conviction based on usage rate and defensive matchup.
3B  Alec Bohm,Philadelphia Phillies,mlb,H,New_York_Yankees_at_Philadelphia_Phillies,0.72,0.734,-0.014000000000000012,UNDER,"Marginal +EV opportunity: 3B  Alec Bohm is projected for 0.7 H vs a line of 0.7, giving a UNDER edge of 0.01. Based on recent form, opponent matchup, and game context."
RF  Dylan Crews,Washington Nationals,mlb,H,Arizona_Diamondbacks_at_Washington_Nationals,0.7,0.686,0.013999999999999901,OVER,RF  Dylan Crews shows OVER value at 0.7 H. TC projection: 0.7 — edge: 0.01. Marginal conviction based on usage rate and defensive matchup.
C   Carter Jensen,Kansas City Royals,mlb,H,Kansas_City_Royals_at_Detroit_Tigers,0.7,0.686,0.013999999999999901,OVER,"Marginal +EV opportunity: C   Carter Jensen is projected for 0.7 H vs a line of 0.7, giving a OVER edge of 0.01. Based on recent form, opponent matchup, and game context."
2B  Michael Massey,Kansas City Royals,mlb,H,Kansas_City_Royals_at_Detroit_Tigers,0.69,0.676,0.013999999999999901,OVER,"Marginal +EV opportunity: 2B  Michael Massey is projected for 0.7 H vs a line of 0.7, giving a OVER edge of 0.01. Based on recent form, opponent matchup, and game context."
2B  Vaughn Grissom,Los Angeles Angels,mlb,H,Los_Angeles_Angels_at_San_Francisco_Giants,0.7,0.686,0.013999999999999901,OVER,Targeting 2B  Vaughn Grissom OVER 0.7 H. Model projects 0.7 (0.01 edge). Recent trends and opponent weakness support this play.
3B  Javier Sanoja,Miami Marlins,mlb,H,San_Diego_Padres_at_Miami_Marlins,0.7,0.686,0.013999999999999901,OVER,3B  Javier Sanoja shows OVER value at 0.7 H. TC projection: 0.7 — edge: 0.01. Marginal conviction based on usage rate and defensive matchup.
SS  Geraldo Perdomo,Arizona Diamondbacks,mlb,H,Arizona_Diamondbacks_at_Washington_Nationals,0.68,0.694,-0.013999999999999901,UNDER,Targeting SS  Geraldo Perdomo UNDER 0.7 H. Model projects 0.7 (0.01 edge). Recent trends and opponent weakness support this play.
RF  James Wood,Washington Nationals,mlb,BB,Arizona_Diamondbacks_at_Washington_Nationals,0.68,0.694,-0.013999999999999901,UNDER,Targeting RF  James Wood UNDER 0.7 BB. Model projects 0.7 (0.01 edge). Recent trends and opponent weakness support this play.
DH  Salvador Perez,Kansas City Royals,mlb,H,Kansas_City_Royals_at_Detroit_Tigers,0.68,0.694,-0.013999999999999901,UNDER,"Marginal +EV opportunity: DH  Salvador Perez is projected for 0.7 H vs a line of 0.7, giving a UNDER edge of 0.01. Based on recent form, opponent matchup, and game context."
CF  Daulton Varsho,Toronto Blue Jays,mlb,H,Toronto_Blue_Jays_at_Boston_Red_Sox,0.68,0.694,-0.013999999999999901,UNDER,CF  Daulton Varsho shows UNDER value at 0.7 H. TC projection: 0.7 — edge: 0.01. Marginal conviction based on usage rate and defensive matchup.
DH  Masataka Yoshida,Boston Red Sox,mlb,H,Toronto_Blue_Jays_at_Boston_Red_Sox,0.68,0.694,-0.013999999999999901,UNDER,"Marginal +EV opportunity: DH  Masataka Yoshida is projected for 0.7 H vs a line of 0.7, giving a UNDER edge of 0.01. Based on recent form, opponent matchup, and game context."
1B  Tyler Locklear,Arizona Diamondbacks,mlb,R,Arizona_Diamondbacks_at_Washington_Nationals,0.67,0.657,0.013000000000000012,OVER,1B  Tyler Locklear shows OVER value at 0.7 R. TC projection: 0.7 — edge: 0.01. Marginal conviction based on usage rate and defensive matchup.
SS  CJ Abrams,Washington Nationals,mlb,RBI,Arizona_Diamondbacks_at_Washington_Nationals,0.66,0.647,0.013000000000000012,OVER,Targeting SS  CJ Abrams OVER 0.6 RBI. Model projects 0.7 (0.01 edge). Recent trends and opponent weakness support this play.
2B  Nasim Nuñez,Washington Nationals,mlb,H,Arizona_Diamondbacks_at_Washington_Nationals,0.66,0.647,0.013000000000000012,OVER,Targeting 2B  Nasim Nuñez OVER 0.6 H. Model projects 0.7 (0.01 edge). Recent trends and opponent weakness support this play.
2B  Ben Williamson,Tampa Bay Rays,mlb,H,Cleveland_Guardians_at_Tampa_Bay_Rays,0.65,0.637,0.013000000000000012,OVER,2B  Ben Williamson shows OVER value at 0.6 H. TC projection: 0.7 — edge: 0.01. Marginal conviction based on usage rate and defensive matchup.
2B  Hao-Yu Lee,Detroit Tigers,mlb,H,Kansas_City_Royals_at_Detroit_Tigers,0.64,0.627,0.013000000000000012,OVER,2B  Hao-Yu Lee shows OVER value at 0.6 H. TC projection: 0.6 — edge: 0.01. Marginal conviction based on usage rate and defensive matchup.
2B  Jazz Chisholm Jr.,New York Yankees,mlb,H,New_York_Yankees_at_Philadelphia_Phillies,0.66,0.647,0.013000000000000012,OVER,"Marginal +EV opportunity: 2B  Jazz Chisholm Jr. is projected for 0.7 H vs a line of 0.6, giving a OVER edge of 0.01. Based on recent form, opponent matchup, and game context."
SS  José Caballero,New York Yankees,mlb,H,New_York_Yankees_at_Philadelphia_Phillies,0.66,0.647,0.013000000000000012,OVER,SS  José Caballero shows OVER value at 0.6 H. TC projection: 0.7 — edge: 0.01. Marginal conviction based on usage rate and defensive matchup.
CF  Trent Grisham,New York Yankees,mlb,H,New_York_Yankees_at_Philadelphia_Phillies,0.63,0.617,0.013000000000000012,OVER,CF  Trent Grisham shows OVER value at 0.6 H. TC projection: 0.6 — edge: 0.01. Marginal conviction based on usage rate and defensive matchup.
CF  Justin Crawford,Philadelphia Phillies,mlb,H,New_York_Yankees_at_Philadelphia_Phillies,0.65,0.637,0.013000000000000012,OVER,Targeting CF  Justin Crawford OVER 0.6 H. Model projects 0.7 (0.01 edge). Recent trends and opponent weakness support this play.
LF  Yohendrick Piñango,Toronto Blue Jays,mlb,H,Toronto_Blue_Jays_at_Boston_Red_Sox,0.65,0.637,0.013000000000000012,OVER,Targeting LF  Yohendrick Piñango OVER 0.6 H. Model projects 0.7 (0.01 edge). Recent trends and opponent weakness support this play.
LF  Jarren Duran,Boston Red Sox,mlb,H,Toronto_Blue_Jays_at_Boston_Red_Sox,0.65,0.637,0.013000000000000012,OVER,"Marginal +EV opportunity: LF  Jarren Duran is projected for 0.7 H vs a line of 0.6, giving a OVER edge of 0.01. Based on recent form, opponent matchup, and game context."
1B  Luis García Jr.,Washington Nationals,mlb,RBI,Arizona_Diamondbacks_at_Washington_Nationals,0.63,0.643,-0.013000000000000012,UNDER,Targeting 1B  Luis García Jr. UNDER 0.6 RBI. Model projects 0.6 (0.01 edge). Recent trends and opponent weakness support this play.
LF  Angel Martínez,Cleveland Guardians,mlb,H,Cleveland_Guardians_at_Tampa_Bay_Rays,0.67,0.683,-0.013000000000000012,UNDER,LF  Angel Martínez shows UNDER value at 0.7 H. TC projection: 0.7 — edge: 0.01. Marginal conviction based on usage rate and defensive matchup.
LF  Isaac Collins,Kansas City Royals,mlb,H,Kansas_City_Royals_at_Detroit_Tigers,0.64,0.653,-0.013000000000000012,UNDER,Targeting LF  Isaac Collins UNDER 0.7 H. Model projects 0.6 (0.01 edge). Recent trends and opponent weakness support this play.
3B  Colt Keith,Detroit Tigers,mlb,H,Kansas_City_Royals_at_Detroit_Tigers,0.63,0.643,-0.013000000000000012,UNDER,"Marginal +EV opportunity: 3B  Colt Keith is projected for 0.6 H vs a line of 0.6, giving a UNDER edge of 0.01. Based on recent form, opponent matchup, and game context."
C   J.T. Realmuto,Philadelphia Phillies,mlb,H,New_York_Yankees_at_Philadelphia_Phillies,0.65,0.663,-0.013000000000000012,UNDER,"Marginal +EV opportunity: C   J.T. Realmuto is projected for 0.7 H vs a line of 0.7, giving a UNDER edge of 0.01. Based on recent form, opponent matchup, and game context."
3B  Manny Machado,San Diego Padres,mlb,H,San_Diego_Padres_at_Miami_Marlins,0.64,0.653,-0.013000000000000012,UNDER,3B  Manny Machado shows UNDER value at 0.7 H. TC projection: 0.6 — edge: 0.01. Marginal conviction based on usage rate and defensive matchup.
SS  Xander Bogaerts,San Diego Padres,mlb,H,San_Diego_Padres_at_Miami_Marlins,0.63,0.643,-0.013000000000000012,UNDER,"Marginal +EV opportunity: SS  Xander Bogaerts is projected for 0.6 H vs a line of 0.6, giving a UNDER edge of 0.01. Based on recent form, opponent matchup, and game context."
LF  Griffin Conine,Miami Marlins,mlb,H,San_Diego_Padres_at_Miami_Marlins,0.63,0.643,-0.013000000000000012,UNDER,LF  Griffin Conine shows UNDER value at 0.6 H. TC projection: 0.6 — edge: 0.01. Marginal conviction based on usage rate and defensive matchup.
C   James McCann,Arizona Diamondbacks,mlb,H,Arizona_Diamondbacks_at_Washington_Nationals,0.61,0.598,0.01200000000000001,OVER,Targeting C   James McCann OVER 0.6 H. Model projects 0.6 (0.01 edge). Recent trends and opponent weakness support this play.
CF  Jacob Young,Washington Nationals,mlb,H,Arizona_Diamondbacks_at_Washington_Nationals,0.61,0.598,0.01200000000000001,OVER,Targeting CF  Jacob Young OVER 0.6 H. Model projects 0.6 (0.01 edge). Recent trends and opponent weakness support this play.
3B  Gabriel Arias,Cleveland Guardians,mlb,H,Cleveland_Guardians_at_Tampa_Bay_Rays,0.61,0.598,0.01200000000000001,OVER,"Marginal +EV opportunity: 3B  Gabriel Arias is projected for 0.6 H vs a line of 0.6, giving a OVER edge of 0.01. Based on recent form, opponent matchup, and game context."
CF  Cedric Mullins,Tampa Bay Rays,mlb,H,Cleveland_Guardians_at_Tampa_Bay_Rays,0.6,0.588,0.01200000000000001,OVER,"Marginal +EV opportunity: CF  Cedric Mullins is projected for 0.6 H vs a line of 0.6, giving a OVER edge of 0.01. Based on recent form, opponent matchup, and game context."
RF  Ryan Vilade,Tampa Bay Rays,mlb,H,Cleveland_Guardians_at_Tampa_Bay_Rays,0.6,0.588,0.01200000000000001,OVER,"Marginal +EV opportunity: RF  Ryan Vilade is projected for 0.6 H vs a line of 0.6, giving a OVER edge of 0.01. Based on recent form, opponent matchup, and game context."
1B  Spencer Torkelson,Detroit Tigers,mlb,H,Kansas_City_Royals_at_Detroit_Tigers,0.61,0.598,0.01200000000000001,OVER,"Marginal +EV opportunity: 1B  Spencer Torkelson is projected for 0.6 H vs a line of 0.6, giving a OVER edge of 0.01. Based on recent form, opponent matchup, and game context."
DH  Jorge Soler,Los Angeles Angels,mlb,H,Los_Angeles_Angels_at_San_Francisco_Giants,0.62,0.608,0.01200000000000001,OVER,DH  Jorge Soler shows OVER value at 0.6 H. TC projection: 0.6 — edge: 0.01. Marginal conviction based on usage rate and defensive matchup.
2B  Oswald Peraza,Los Angeles Angels,mlb,H,Los_Angeles_Angels_at_San_Francisco_Giants,0.61,0.598,0.01200000000000001,OVER,"Marginal +EV opportunity: 2B  Oswald Peraza is projected for 0.6 H vs a line of 0.6, giving a OVER edge of 0.01. Based on recent form, opponent matchup, and game context."
SS  Zach Neto,Los Angeles Angels,mlb,R,Los_Angeles_Angels_at_San_Francisco_Giants,0.58,0.568,0.01200000000000001,OVER,Targeting SS  Zach Neto OVER 0.6 R. Model projects 0.6 (0.01 edge). Recent trends and opponent weakness support this play.
C   Daniel Susac,San Francisco Giants,mlb,H,Los_Angeles_Angels_at_San_Francisco_Giants,0.61,0.598,0.01200000000000001,OVER,C   Daniel Susac shows OVER value at 0.6 H. TC projection: 0.6 — edge: 0.01. Marginal conviction based on usage rate and defensive matchup.
C   Jesus Rodriguez,San Francisco Giants,mlb,H,Los_Angeles_Angels_at_San_Francisco_Giants,0.6,0.588,0.01200000000000001,OVER,C   Jesus Rodriguez shows OVER value at 0.6 H. TC projection: 0.6 — edge: 0.01. Marginal conviction based on usage rate and defensive matchup.
1B  Ben Rice,New York Yankees,mlb,RBI,New_York_Yankees_at_Philadelphia_Phillies,0.6,0.588,0.01200000000000001,OVER,1B  Ben Rice shows OVER value at 0.6 RBI. TC projection: 0.6 — edge: 0.01. Marginal conviction based on usage rate and defensive matchup.
3B  Luis Rengifo,San Diego Padres,mlb,H,San_Diego_Padres_at_Miami_Marlins,0.62,0.608,0.01200000000000001,OVER,Targeting 3B  Luis Rengifo OVER 0.6 H. Model projects 0.6 (0.01 edge). Recent trends and opponent weakness support this play.
CF  Jakob Marsee,Miami Marlins,mlb,H,San_Diego_Padres_at_Miami_Marlins,0.58,0.568,0.01200000000000001,OVER,Targeting CF  Jakob Marsee OVER 0.6 H. Model projects 0.6 (0.01 edge). Recent trends and opponent weakness support this play.
C   Joe Mack,Miami Marlins,mlb,H,San_Diego_Padres_at_Miami_Marlins,0.62,0.608,0.01200000000000001,OVER,C   Joe Mack shows OVER value at 0.6 H. TC projection: 0.6 — edge: 0.01. Marginal conviction based on usage rate and defensive matchup.
C   Alejandro Kirk,Toronto Blue Jays,mlb,H,Toronto_Blue_Jays_at_Boston_Red_Sox,0.61,0.598,0.01200000000000001,OVER,Targeting C   Alejandro Kirk OVER 0.6 H. Model projects 0.6 (0.01 edge). Recent trends and opponent weakness support this play.
SS  Andruw Monasterio,Boston Red Sox,mlb,H,Toronto_Blue_Jays_at_Boston_Red_Sox,0.59,0.578,0.01200000000000001,OVER,SS  Andruw Monasterio shows OVER value at 0.6 H. TC projection: 0.6 — edge: 0.01. Marginal conviction based on usage rate and defensive matchup.
DH  Romy Gonzalez,Boston Red Sox,mlb,H,Toronto_Blue_Jays_at_Boston_Red_Sox,0.6,0.588,0.01200000000000001,OVER,DH  Romy Gonzalez shows OVER value at 0.6 H. TC projection: 0.6 — edge: 0.01. Marginal conviction based on usage rate and defensive matchup.
SS  Tsung-Che Cheng,Boston Red Sox,mlb,H,Toronto_Blue_Jays_at_Boston_Red_Sox,0.62,0.608,0.01200000000000001,OVER,SS  Tsung-Che Cheng shows OVER value at 0.6 H. TC projection: 0.6 — edge: 0.01. Marginal conviction based on usage rate and defensive matchup.
RF  James Wood,Washington Nationals,mlb,RBI,Arizona_Diamondbacks_at_Washington_Nationals,0.58,0.592,-0.01200000000000001,UNDER,"Marginal +EV opportunity: RF  James Wood is projected for 0.6 RBI vs a line of 0.6, giving a UNDER edge of 0.01. Based on recent form, opponent matchup, and game context."
C   Austin Hedges,Cleveland Guardians,mlb,H,Cleveland_Guardians_at_Tampa_Bay_Rays,0.62,0.632,-0.01200000000000001,UNDER,"Marginal +EV opportunity: C   Austin Hedges is projected for 0.6 H vs a line of 0.6, giving a UNDER edge of 0.01. Based on recent form, opponent matchup, and game context."
SS  Taylor Walls,Tampa Bay Rays,mlb,H,Cleveland_Guardians_at_Tampa_Bay_Rays,0.58,0.592,-0.01200000000000001,UNDER,Targeting SS  Taylor Walls UNDER 0.6 H. Model projects 0.6 (0.01 edge). Recent trends and opponent weakness support this play.
3B  Nick Loftin,Kansas City Royals,mlb,H,Kansas_City_Royals_at_Detroit_Tigers,0.62,0.632,-0.01200000000000001,UNDER,3B  Nick Loftin shows UNDER value at 0.6 H. TC projection: 0.6 — edge: 0.01. Marginal conviction based on usage rate and defensive matchup.
C   Dillon Dingler,Detroit Tigers,mlb,RBI,Kansas_City_Royals_at_Detroit_Tigers,0.6,0.612,-0.01200000000000001,UNDER,Targeting C   Dillon Dingler UNDER 0.6 RBI. Model projects 0.6 (0.01 edge). Recent trends and opponent weakness support this play.
2B  Gleyber Torres,Detroit Tigers,mlb,BB,Kansas_City_Royals_at_Detroit_Tigers,0.61,0.622,-0.01200000000000001,UNDER,2B  Gleyber Torres shows UNDER value at 0.6 BB. TC projection: 0.6 — edge: 0.01. Marginal conviction based on usage rate and defensive matchup.
CF  Mike Trout,Los Angeles Angels,mlb,R,Los_Angeles_Angels_at_San_Francisco_Giants,0.58,0.592,-0.01200000000000001,UNDER,Targeting CF  Mike Trout UNDER 0.6 R. Model projects 0.6 (0.01 edge). Recent trends and opponent weakness support this play.
SS  Anthony Volpe,New York Yankees,mlb,H,New_York_Yankees_at_Philadelphia_Phillies,0.61,0.622,-0.01200000000000001,UNDER,Targeting SS  Anthony Volpe UNDER 0.6 H. Model projects 0.6 (0.01 edge). Recent trends and opponent weakness support this play.
SS  Trea Turner,Philadelphia Phillies,mlb,R,New_York_Yankees_at_Philadelphia_Phillies,0.59,0.602,-0.01200000000000001,UNDER,SS  Trea Turner shows UNDER value at 0.6 R. TC projection: 0.6 — edge: 0.01. Marginal conviction based on usage rate and defensive matchup.
C   Luis Campusano,San Diego Padres,mlb,H,San_Diego_Padres_at_Miami_Marlins,0.6,0.612,-0.01200000000000001,UNDER,Targeting C   Luis Campusano UNDER 0.6 H. Model projects 0.6 (0.01 edge). Recent trends and opponent weakness support this play.
SS  Andrés Giménez,Toronto Blue Jays,mlb,H,Toronto_Blue_Jays_at_Boston_Red_Sox,0.58,0.592,-0.01200000000000001,UNDER,SS  Andrés Giménez shows UNDER value at 0.6 H. TC projection: 0.6 — edge: 0.01. Marginal conviction based on usage rate and defensive matchup.
C   Connor Wong,Boston Red Sox,mlb,H,Toronto_Blue_Jays_at_Boston_Red_Sox,0.61,0.622,-0.01200000000000001,UNDER,Targeting C   Connor Wong UNDER 0.6 H. Model projects 0.6 (0.01 edge). Recent trends and opponent weakness support this play.
1B  Willson Contreras,Boston Red Sox,mlb,RBI,Toronto_Blue_Jays_at_Boston_Red_Sox,0.6,0.612,-0.01200000000000001,UNDER,1B  Willson Contreras shows UNDER value at 0.6 RBI. TC projection: 0.6 — edge: 0.01. Marginal conviction based on usage rate and defensive matchup.
3B  Josh Rojas,Kansas City Royals,mlb,H,Kansas_City_Royals_at_Detroit_Tigers,0.54,0.529,0.01100000000000001,OVER,Targeting 3B  Josh Rojas OVER 0.5 H. Model projects 0.5 (0.01 edge). Recent trends and opponent weakness support this play.
SS  Kevin McGonigle,Detroit Tigers,mlb,BB,Kansas_City_Royals_at_Detroit_Tigers,0.55,0.539,0.01100000000000001,OVER,"Marginal +EV opportunity: SS  Kevin McGonigle is projected for 0.6 BB vs a line of 0.5, giving a OVER edge of 0.01. Based on recent form, opponent matchup, and game context."
C   Logan O'Hoppe,Los Angeles Angels,mlb,H,Los_Angeles_Angels_at_San_Francisco_Giants,0.54,0.529,0.01100000000000001,OVER,C   Logan O'Hoppe shows OVER value at 0.5 H. TC projection: 0.5 — edge: 0.01. Marginal conviction based on usage rate and defensive matchup.
1B  Ben Rice,New York Yankees,mlb,R,New_York_Yankees_at_Philadelphia_Phillies,0.56,0.549,0.01100000000000001,OVER,"Marginal +EV opportunity: 1B  Ben Rice is projected for 0.6 R vs a line of 0.5, giving a OVER edge of 0.01. Based on recent form, opponent matchup, and game context."
1B  Bryce Harper,Philadelphia Phillies,mlb,BB,New_York_Yankees_at_Philadelphia_Phillies,0.53,0.519,0.01100000000000001,OVER,1B  Bryce Harper shows OVER value at 0.5 BB. TC projection: 0.5 — edge: 0.01. Marginal conviction based on usage rate and defensive matchup.
2B  Edmundo Sosa,Philadelphia Phillies,mlb,H,New_York_Yankees_at_Philadelphia_Phillies,0.53,0.519,0.01100000000000001,OVER,Targeting 2B  Edmundo Sosa OVER 0.5 H. Model projects 0.5 (0.01 edge). Recent trends and opponent weakness support this play.
SS  Geraldo Perdomo,Arizona Diamondbacks,mlb,BB,Arizona_Diamondbacks_at_Washington_Nationals,0.54,0.551,-0.01100000000000001,UNDER,Targeting SS  Geraldo Perdomo UNDER 0.6 BB. Model projects 0.5 (0.01 edge). Recent trends and opponent weakness support this play.
LF  Max Kepler,Arizona Diamondbacks,mlb,RBI,Arizona_Diamondbacks_at_Washington_Nationals,0.53,0.541,-0.01100000000000001,UNDER,Targeting LF  Max Kepler UNDER 0.5 RBI. Model projects 0.5 (0.01 edge). Recent trends and opponent weakness support this play.
SS  CJ Abrams,Washington Nationals,mlb,R,Arizona_Diamondbacks_at_Washington_Nationals,0.55,0.561,-0.01100000000000001,UNDER,SS  CJ Abrams shows UNDER value at 0.6 R. TC projection: 0.6 — edge: 0.01. Marginal conviction based on usage rate and defensive matchup.
1B  Kyle Manzardo,Cleveland Guardians,mlb,H,Cleveland_Guardians_at_Tampa_Bay_Rays,0.55,0.561,-0.01100000000000001,UNDER,"Marginal +EV opportunity: 1B  Kyle Manzardo is projected for 0.6 H vs a line of 0.6, giving a UNDER edge of 0.01. Based on recent form, opponent matchup, and game context."
1B  Jonathan Aranda,Tampa Bay Rays,mlb,RBI,Cleveland_Guardians_at_Tampa_Bay_Rays,0.55,0.561,-0.01100000000000001,UNDER,Targeting 1B  Jonathan Aranda UNDER 0.6 RBI. Model projects 0.6 (0.01 edge). Recent trends and opponent weakness support this play.
3B  Junior Caminero,Tampa Bay Rays,mlb,R,Cleveland_Guardians_at_Tampa_Bay_Rays,0.55,0.561,-0.01100000000000001,UNDER,3B  Junior Caminero shows UNDER value at 0.6 R. TC projection: 0.6 — edge: 0.01. Marginal conviction based on usage rate and defensive matchup.
2B  Richie Palacios,Tampa Bay Rays,mlb,H,Cleveland_Guardians_at_Tampa_Bay_Rays,0.57,0.581,-0.01100000000000001,UNDER,"Marginal +EV opportunity: 2B  Richie Palacios is projected for 0.6 H vs a line of 0.6, giving a UNDER edge of 0.01. Based on recent form, opponent matchup, and game context."
RF  Victor Mesa Jr.,Tampa Bay Rays,mlb,H,Cleveland_Guardians_at_Tampa_Bay_Rays,0.53,0.541,-0.01100000000000001,UNDER,RF  Victor Mesa Jr. shows UNDER value at 0.5 H. TC projection: 0.5 — edge: 0.01. Marginal conviction based on usage rate and defensive matchup.
DH  Yandy Díaz,Tampa Bay Rays,mlb,RBI,Cleveland_Guardians_at_Tampa_Bay_Rays,0.53,0.541,-0.01100000000000001,UNDER,Targeting DH  Yandy Díaz UNDER 0.5 RBI. Model projects 0.5 (0.01 edge). Recent trends and opponent weakness support this play.
SS  Kevin McGonigle,Detroit Tigers,mlb,R,Kansas_City_Royals_at_Detroit_Tigers,0.53,0.541,-0.01100000000000001,UNDER,SS  Kevin McGonigle shows UNDER value at 0.5 R. TC projection: 0.5 — edge: 0.01. Marginal conviction based on usage rate and defensive matchup.
2B  Zach McKinstry,Detroit Tigers,mlb,H,Kansas_City_Royals_at_Detroit_Tigers,0.53,0.541,-0.01100000000000001,UNDER,"Marginal +EV opportunity: 2B  Zach McKinstry is projected for 0.5 H vs a line of 0.5, giving a UNDER edge of 0.01. Based on recent form, opponent matchup, and game context."
2B  Vaughn Grissom,Los Angeles Angels,mlb,RBI,Los_Angeles_Angels_at_San_Francisco_Giants,0.53,0.541,-0.01100000000000001,UNDER,Targeting 2B  Vaughn Grissom UNDER 0.5 RBI. Model projects 0.5 (0.01 edge). Recent trends and opponent weakness support this play.
DH  Kyle Schwarber,Philadelphia Phillies,mlb,RBI,New_York_Yankees_at_Philadelphia_Phillies,0.53,0.541,-0.01100000000000001,UNDER,Targeting DH  Kyle Schwarber UNDER 0.5 RBI. Model projects 0.5 (0.01 edge). Recent trends and opponent weakness support this play.
DH  Kyle Schwarber,Philadelphia Phillies,mlb,BB,New_York_Yankees_at_Philadelphia_Phillies,0.54,0.551,-0.01100000000000001,UNDER,"Marginal +EV opportunity: DH  Kyle Schwarber is projected for 0.5 BB vs a line of 0.6, giving a UNDER edge of 0.01. Based on recent form, opponent matchup, and game context."
1B  Gavin Sheets,San Diego Padres,mlb,H,San_Diego_Padres_at_Miami_Marlins,0.55,0.561,-0.01100000000000001,UNDER,"Marginal +EV opportunity: 1B  Gavin Sheets is projected for 0.6 H vs a line of 0.6, giving a UNDER edge of 0.01. Based on recent form, opponent matchup, and game context."
2B  Jake Cronenworth,San Diego Padres,mlb,H,San_Diego_Padres_at_Miami_Marlins,0.53,0.541,-0.01100000000000001,UNDER,Targeting 2B  Jake Cronenworth UNDER 0.5 H. Model projects 0.5 (0.01 edge). Recent trends and opponent weakness support this play.
C   Liam Hicks,Miami Marlins,mlb,RBI,San_Diego_Padres_at_Miami_Marlins,0.57,0.581,-0.01100000000000001,UNDER,"Marginal +EV opportunity: C   Liam Hicks is projected for 0.6 RBI vs a line of 0.6, giving a UNDER edge of 0.01. Based on recent form, opponent matchup, and game context."
SS  Otto Lopez,Miami Marlins,mlb,R,San_Diego_Padres_at_Miami_Marlins,0.54,0.551,-0.01100000000000001,UNDER,"Marginal +EV opportunity: SS  Otto Lopez is projected for 0.5 R vs a line of 0.6, giving a UNDER edge of 0.01. Based on recent form, opponent matchup, and game context."
3B  Kazuma Okamoto,Toronto Blue Jays,mlb,RBI,Toronto_Blue_Jays_at_Boston_Red_Sox,0.54,0.551,-0.01100000000000001,UNDER,"Marginal +EV opportunity: 3B  Kazuma Okamoto is projected for 0.5 RBI vs a line of 0.6, giving a UNDER edge of 0.01. Based on recent form, opponent matchup, and game context."
LF  Max Kepler,Arizona Diamondbacks,mlb,H,Arizona_Diamondbacks_at_Washington_Nationals,0.57,0.559,0.010999999999999899,OVER,"Marginal +EV opportunity: LF  Max Kepler is projected for 0.6 H vs a line of 0.6, giving a OVER edge of 0.01. Based on recent form, opponent matchup, and game context."
RF  Starling Marte,Kansas City Royals,mlb,H,Kansas_City_Royals_at_Detroit_Tigers,0.57,0.559,0.010999999999999899,OVER,RF  Starling Marte shows OVER value at 0.6 H. TC projection: 0.6 — edge: 0.01. Marginal conviction based on usage rate and defensive matchup.
CF  Lane Thomas,Kansas City Royals,mlb,H,Kansas_City_Royals_at_Detroit_Tigers,0.56,0.571,-0.010999999999999899,UNDER,CF  Lane Thomas shows UNDER value at 0.6 H. TC projection: 0.6 — edge: 0.01. Marginal conviction based on usage rate and defensive matchup.
C   Brandon Valenzuela,Toronto Blue Jays,mlb,H,Toronto_Blue_Jays_at_Boston_Red_Sox,0.56,0.571,-0.010999999999999899,UNDER,Targeting C   Brandon Valenzuela UNDER 0.6 H. Model projects 0.6 (0.01 edge). Recent trends and opponent weakness support this play.
DH  Adrian Del Castillo,Arizona Diamondbacks,mlb,H,Arizona_Diamondbacks_at_Washington_Nationals,0.51,0.5,0.010000000000000009,OVER,"Marginal +EV opportunity: DH  Adrian Del Castillo is projected for 0.5 H vs a line of 0.5, giving a OVER edge of 0.01. Based on recent form, opponent matchup, and game context."
2B  Ketel Marte,Arizona Diamondbacks,mlb,R,Arizona_Diamondbacks_at_Washington_Nationals,0.48,0.47,0.010000000000000009,OVER,Targeting 2B  Ketel Marte OVER 0.5 R. Model projects 0.5 (0.01 edge). Recent trends and opponent weakness support this play.
3B  Curtis Mead,Washington Nationals,mlb,RBI,Arizona_Diamondbacks_at_Washington_Nationals,0.48,0.47,0.010000000000000009,OVER,3B  Curtis Mead shows OVER value at 0.5 RBI. TC projection: 0.5 — edge: 0.01. Marginal conviction based on usage rate and defensive matchup.
3B  José Ramírez,Cleveland Guardians,mlb,R,Cleveland_Guardians_at_Tampa_Bay_Rays,0.48,0.47,0.010000000000000009,OVER,3B  José Ramírez shows OVER value at 0.5 R. TC projection: 0.5 — edge: 0.01. Marginal conviction based on usage rate and defensive matchup.
3B  José Ramírez,Cleveland Guardians,mlb,BB,Cleveland_Guardians_at_Tampa_Bay_Rays,0.48,0.47,0.010000000000000009,OVER,"Marginal +EV opportunity: 3B  José Ramírez is projected for 0.5 BB vs a line of 0.5, giving a OVER edge of 0.01. Based on recent form, opponent matchup, and game context."
3B  Junior Caminero,Tampa Bay Rays,mlb,BB,Cleveland_Guardians_at_Tampa_Bay_Rays,0.48,0.47,0.010000000000000009,OVER,"Marginal +EV opportunity: 3B  Junior Caminero is projected for 0.5 BB vs a line of 0.5, giving a OVER edge of 0.01. Based on recent form, opponent matchup, and game context."
RF  Ryan Vilade,Tampa Bay Rays,mlb,RBI,Cleveland_Guardians_at_Tampa_Bay_Rays,0.51,0.5,0.010000000000000009,OVER,"Marginal +EV opportunity: RF  Ryan Vilade is projected for 0.5 RBI vs a line of 0.5, giving a OVER edge of 0.01. Based on recent form, opponent matchup, and game context."
2B  Gleyber Torres,Detroit Tigers,mlb,R,Kansas_City_Royals_at_Detroit_Tigers,0.52,0.51,0.010000000000000009,OVER,"Marginal +EV opportunity: 2B  Gleyber Torres is projected for 0.5 R vs a line of 0.5, giving a OVER edge of 0.01. Based on recent form, opponent matchup, and game context."
LF  Josh Lowe,Los Angeles Angels,mlb,H,Los_Angeles_Angels_at_San_Francisco_Giants,0.49,0.48,0.010000000000000009,OVER,LF  Josh Lowe shows OVER value at 0.5 H. TC projection: 0.5 — edge: 0.01. Marginal conviction based on usage rate and defensive matchup.
LF  Casey Schmitt,San Francisco Giants,mlb,RBI,Los_Angeles_Angels_at_San_Francisco_Giants,0.49,0.48,0.010000000000000009,OVER,"Marginal +EV opportunity: LF  Casey Schmitt is projected for 0.5 RBI vs a line of 0.5, giving a OVER edge of 0.01. Based on recent form, opponent matchup, and game context."
C   Drew Cavanaugh,San Francisco Giants,mlb,H,Los_Angeles_Angels_at_San_Francisco_Giants,0.49,0.48,0.010000000000000009,OVER,"Marginal +EV opportunity: C   Drew Cavanaugh is projected for 0.5 H vs a line of 0.5, giving a OVER edge of 0.01. Based on recent form, opponent matchup, and game context."
3B  Amed Rosario,New York Yankees,mlb,H,New_York_Yankees_at_Philadelphia_Phillies,0.51,0.5,0.010000000000000009,OVER,Targeting 3B  Amed Rosario OVER 0.5 H. Model projects 0.5 (0.01 edge). Recent trends and opponent weakness support this play.
1B  Paul Goldschmidt,New York Yankees,mlb,RBI,New_York_Yankees_at_Philadelphia_Phillies,0.48,0.47,0.010000000000000009,OVER,Targeting 1B  Paul Goldschmidt OVER 0.5 RBI. Model projects 0.5 (0.01 edge). Recent trends and opponent weakness support this play.
CF  Trent Grisham,New York Yankees,mlb,R,New_York_Yankees_at_Philadelphia_Phillies,0.5,0.49,0.010000000000000009,OVER,Targeting CF  Trent Grisham OVER 0.5 R. Model projects 0.5 (0.01 edge). Recent trends and opponent weakness support this play.
1B  Bryce Harper,Philadelphia Phillies,mlb,R,New_York_Yankees_at_Philadelphia_Phillies,0.51,0.5,0.010000000000000009,OVER,"Marginal +EV opportunity: 1B  Bryce Harper is projected for 0.5 R vs a line of 0.5, giving a OVER edge of 0.01. Based on recent form, opponent matchup, and game context."
DH  Kyle Schwarber,Philadelphia Phillies,mlb,R,New_York_Yankees_at_Philadelphia_Phillies,0.52,0.51,0.010000000000000009,OVER,"Marginal +EV opportunity: DH  Kyle Schwarber is projected for 0.5 R vs a line of 0.5, giving a OVER edge of 0.01. Based on recent form, opponent matchup, and game context."
3B  Manny Machado,San Diego Padres,mlb,RBI,San_Diego_Padres_at_Miami_Marlins,0.49,0.48,0.010000000000000009,OVER,3B  Manny Machado shows OVER value at 0.5 RBI. TC projection: 0.5 — edge: 0.01. Marginal conviction based on usage rate and defensive matchup.
RF  Corbin Carroll,Arizona Diamondbacks,mlb,R,Arizona_Diamondbacks_at_Washington_Nationals,0.49,0.5,-0.010000000000000009,UNDER,"Marginal +EV opportunity: RF  Corbin Carroll is projected for 0.5 R vs a line of 0.5, giving a UNDER edge of 0.01. Based on recent form, opponent matchup, and game context."
2B  Ketel Marte,Arizona Diamondbacks,mlb,RBI,Arizona_Diamondbacks_at_Washington_Nationals,0.5,0.51,-0.010000000000000009,UNDER,2B  Ketel Marte shows UNDER value at 0.5 RBI. TC projection: 0.5 — edge: 0.01. Marginal conviction based on usage rate and defensive matchup.
1B  Tyler Locklear,Arizona Diamondbacks,mlb,BB,Arizona_Diamondbacks_at_Washington_Nationals,0.5,0.51,-0.010000000000000009,UNDER,1B  Tyler Locklear shows UNDER value at 0.5 BB. TC projection: 0.5 — edge: 0.01. Marginal conviction based on usage rate and defensive matchup.
3B  Curtis Mead,Washington Nationals,mlb,R,Arizona_Diamondbacks_at_Washington_Nationals,0.48,0.49,-0.010000000000000009,UNDER,Targeting 3B  Curtis Mead UNDER 0.5 R. Model projects 0.5 (0.01 edge). Recent trends and opponent weakness support this play.
RF  Dylan Crews,Washington Nationals,mlb,R,Arizona_Diamondbacks_at_Washington_Nationals,0.49,0.5,-0.010000000000000009,UNDER,RF  Dylan Crews shows UNDER value at 0.5 R. TC projection: 0.5 — edge: 0.01. Marginal conviction based on usage rate and defensive matchup.
3B  Jorbit Vivas,Washington Nationals,mlb,H,Arizona_Diamondbacks_at_Washington_Nationals,0.52,0.53,-0.010000000000000009,UNDER,"Marginal +EV opportunity: 3B  Jorbit Vivas is projected for 0.5 H vs a line of 0.5, giving a UNDER edge of 0.01. Based on recent form, opponent matchup, and game context."
DH  José Tena,Washington Nationals,mlb,H,Arizona_Diamondbacks_at_Washington_Nationals,0.51,0.52,-0.010000000000000009,UNDER,DH  José Tena shows UNDER value at 0.5 H. TC projection: 0.5 — edge: 0.01. Marginal conviction based on usage rate and defensive matchup.
C   Patrick Bailey,Cleveland Guardians,mlb,H,Cleveland_Guardians_at_Tampa_Bay_Rays,0.48,0.49,-0.010000000000000009,UNDER,"Marginal +EV opportunity: C   Patrick Bailey is projected for 0.5 H vs a line of 0.5, giving a UNDER edge of 0.01. Based on recent form, opponent matchup, and game context."
3B  Junior Caminero,Tampa Bay Rays,mlb,RBI,Cleveland_Guardians_at_Tampa_Bay_Rays,0.52,0.53,-0.010000000000000009,UNDER,3B  Junior Caminero shows UNDER value at 0.5 RBI. TC projection: 0.5 — edge: 0.01. Marginal conviction based on usage rate and defensive matchup.
DH  Yandy Díaz,Tampa Bay Rays,mlb,R,Cleveland_Guardians_at_Tampa_Bay_Rays,0.49,0.5,-0.010000000000000009,UNDER,"Marginal +EV opportunity: DH  Yandy Díaz is projected for 0.5 R vs a line of 0.5, giving a UNDER edge of 0.01. Based on recent form, opponent matchup, and game context."
C   Dillon Dingler,Detroit Tigers,mlb,R,Kansas_City_Royals_at_Detroit_Tigers,0.49,0.5,-0.010000000000000009,UNDER,"Marginal +EV opportunity: C   Dillon Dingler is projected for 0.5 R vs a line of 0.5, giving a UNDER edge of 0.01. Based on recent form, opponent matchup, and game context."
RF  Kerry Carpenter,Detroit Tigers,mlb,H,Kansas_City_Royals_at_Detroit_Tigers,0.52,0.53,-0.010000000000000009,UNDER,Targeting RF  Kerry Carpenter UNDER 0.5 H. Model projects 0.5 (0.01 edge). Recent trends and opponent weakness support this play.
CF  Matt Vierling,Detroit Tigers,mlb,H,Kansas_City_Royals_at_Detroit_Tigers,0.52,0.53,-0.010000000000000009,UNDER,Targeting CF  Matt Vierling UNDER 0.5 H. Model projects 0.5 (0.01 edge). Recent trends and opponent weakness support this play.
CF  Drew Gilbert,San Francisco Giants,mlb,H,Los_Angeles_Angels_at_San_Francisco_Giants,0.52,0.53,-0.010000000000000009,UNDER,CF  Drew Gilbert shows UNDER value at 0.5 H. TC projection: 0.5 — edge: 0.01. Marginal conviction based on usage rate and defensive matchup.
3B  Ryan McMahon,New York Yankees,mlb,H,New_York_Yankees_at_Philadelphia_Phillies,0.48,0.49,-0.010000000000000009,UNDER,Targeting 3B  Ryan McMahon UNDER 0.5 H. Model projects 0.5 (0.01 edge). Recent trends and opponent weakness support this play.
1B  Bryce Harper,Philadelphia Phillies,mlb,RBI,New_York_Yankees_at_Philadelphia_Phillies,0.5,0.51,-0.010000000000000009,UNDER,Targeting 1B  Bryce Harper UNDER 0.5 RBI. Model projects 0.5 (0.01 edge). Recent trends and opponent weakness support this play.
C   Liam Hicks,Miami Marlins,mlb,R,San_Diego_Padres_at_Miami_Marlins,0.5,0.51,-0.010000000000000009,UNDER,Targeting C   Liam Hicks UNDER 0.5 R. Model projects 0.5 (0.01 edge). Recent trends and opponent weakness support this play.
C   Carlos Narváez,Boston Red Sox,mlb,H,Toronto_Blue_Jays_at_Boston_Red_Sox,0.49,0.5,-0.010000000000000009,UNDER,Targeting C   Carlos Narváez UNDER 0.5 H. Model projects 0.5 (0.01 edge). Recent trends and opponent weakness support this play.
C   Gabriel Moreno,Arizona Diamondbacks,mlb,R,Arizona_Diamondbacks_at_Washington_Nationals,0.45,0.441,0.009000000000000008,OVER,Targeting C   Gabriel Moreno OVER 0.4 R. Model projects 0.5 (0.01 edge). Recent trends and opponent weakness support this play.
1B  Ildemaro Vargas,Arizona Diamondbacks,mlb,RBI,Arizona_Diamondbacks_at_Washington_Nationals,0.45,0.441,0.009000000000000008,OVER,Targeting 1B  Ildemaro Vargas OVER 0.4 RBI. Model projects 0.5 (0.01 edge). Recent trends and opponent weakness support this play.
C   James McCann,Arizona Diamondbacks,mlb,RBI,Arizona_Diamondbacks_at_Washington_Nationals,0.45,0.441,0.009000000000000008,OVER,Targeting C   James McCann OVER 0.4 RBI. Model projects 0.5 (0.01 edge). Recent trends and opponent weakness support this play.
LF  Tim Tawa,Arizona Diamondbacks,mlb,H,Arizona_Diamondbacks_at_Washington_Nationals,0.46,0.451,0.009000000000000008,OVER,Targeting LF  Tim Tawa OVER 0.5 H. Model projects 0.5 (0.01 edge). Recent trends and opponent weakness support this play.
1B  Andrés Chaparro,Washington Nationals,mlb,RBI,Arizona_Diamondbacks_at_Washington_Nationals,0.43,0.421,0.009000000000000008,OVER,Targeting 1B  Andrés Chaparro OVER 0.4 RBI. Model projects 0.4 (0.01 edge). Recent trends and opponent weakness support this play.
LF  Daylen Lile,Washington Nationals,mlb,R,Arizona_Diamondbacks_at_Washington_Nationals,0.44,0.431,0.009000000000000008,OVER,Targeting LF  Daylen Lile OVER 0.4 R. Model projects 0.4 (0.01 edge). Recent trends and opponent weakness support this play.
C   Keibert Ruiz,Washington Nationals,mlb,RBI,Arizona_Diamondbacks_at_Washington_Nationals,0.45,0.441,0.009000000000000008,OVER,"Marginal +EV opportunity: C   Keibert Ruiz is projected for 0.5 RBI vs a line of 0.4, giving a OVER edge of 0.01. Based on recent form, opponent matchup, and game context."
1B  Rhys Hoskins,Cleveland Guardians,mlb,BB,Cleveland_Guardians_at_Tampa_Bay_Rays,0.44,0.431,0.009000000000000008,OVER,"Marginal +EV opportunity: 1B  Rhys Hoskins is projected for 0.4 BB vs a line of 0.4, giving a OVER edge of 0.01. Based on recent form, opponent matchup, and game context."
RF  Jonny DeLuca,Tampa Bay Rays,mlb,RBI,Cleveland_Guardians_at_Tampa_Bay_Rays,0.44,0.431,0.009000000000000008,OVER,"Marginal +EV opportunity: RF  Jonny DeLuca is projected for 0.4 RBI vs a line of 0.4, giving a OVER edge of 0.01. Based on recent form, opponent matchup, and game context."
RF  Ben Malgeri,Detroit Tigers,mlb,H,Kansas_City_Royals_at_Detroit_Tigers,0.43,0.421,0.009000000000000008,OVER,"Marginal +EV opportunity: RF  Ben Malgeri is projected for 0.4 H vs a line of 0.4, giving a OVER edge of 0.01. Based on recent form, opponent matchup, and game context."
LF  Riley Greene,Detroit Tigers,mlb,R,Kansas_City_Royals_at_Detroit_Tigers,0.45,0.441,0.009000000000000008,OVER,LF  Riley Greene shows OVER value at 0.4 R. TC projection: 0.5 — edge: 0.01. Marginal conviction based on usage rate and defensive matchup.
LF  Riley Greene,Detroit Tigers,mlb,BB,Kansas_City_Royals_at_Detroit_Tigers,0.45,0.441,0.009000000000000008,OVER,Targeting LF  Riley Greene OVER 0.4 BB. Model projects 0.5 (0.01 edge). Recent trends and opponent weakness support this play.
DH  Bryce Eldridge,San Francisco Giants,mlb,BB,Los_Angeles_Angels_at_San_Francisco_Giants,0.45,0.441,0.009000000000000008,OVER,Targeting DH  Bryce Eldridge OVER 0.4 BB. Model projects 0.5 (0.01 edge). Recent trends and opponent weakness support this play.
C   Jesus Rodriguez,San Francisco Giants,mlb,RBI,Los_Angeles_Angels_at_San_Francisco_Giants,0.43,0.421,0.009000000000000008,OVER,Targeting C   Jesus Rodriguez OVER 0.4 RBI. Model projects 0.4 (0.01 edge). Recent trends and opponent weakness support this play.
RF  Jung Hoo Lee,San Francisco Giants,mlb,R,Los_Angeles_Angels_at_San_Francisco_Giants,0.46,0.451,0.009000000000000008,OVER,Targeting RF  Jung Hoo Lee OVER 0.5 R. Model projects 0.5 (0.01 edge). Recent trends and opponent weakness support this play.
1B  Rafael Devers,San Francisco Giants,mlb,R,Los_Angeles_Angels_at_San_Francisco_Giants,0.45,0.441,0.009000000000000008,OVER,Targeting 1B  Rafael Devers OVER 0.4 R. Model projects 0.5 (0.01 edge). Recent trends and opponent weakness support this play.
1B  Rafael Devers,San Francisco Giants,mlb,RBI,Los_Angeles_Angels_at_San_Francisco_Giants,0.46,0.451,0.009000000000000008,OVER,"Marginal +EV opportunity: 1B  Rafael Devers is projected for 0.5 RBI vs a line of 0.5, giving a OVER edge of 0.01. Based on recent form, opponent matchup, and game context."
SS  Willy Adames,San Francisco Giants,mlb,R,Los_Angeles_Angels_at_San_Francisco_Giants,0.44,0.431,0.009000000000000008,OVER,SS  Willy Adames shows OVER value at 0.4 R. TC projection: 0.4 — edge: 0.01. Marginal conviction based on usage rate and defensive matchup.
LF  Cody Bellinger,New York Yankees,mlb,R,New_York_Yankees_at_Philadelphia_Phillies,0.43,0.421,0.009000000000000008,OVER,Targeting LF  Cody Bellinger OVER 0.4 R. Model projects 0.4 (0.01 edge). Recent trends and opponent weakness support this play.
LF  Cody Bellinger,New York Yankees,mlb,BB,New_York_Yankees_at_Philadelphia_Phillies,0.45,0.441,0.009000000000000008,OVER,LF  Cody Bellinger shows OVER value at 0.4 BB. TC projection: 0.5 — edge: 0.01. Marginal conviction based on usage rate and defensive matchup.
CF  Trent Grisham,New York Yankees,mlb,BB,New_York_Yankees_at_Philadelphia_Phillies,0.45,0.441,0.009000000000000008,OVER,Targeting CF  Trent Grisham OVER 0.4 BB. Model projects 0.5 (0.01 edge). Recent trends and opponent weakness support this play.
RF  Gabriel Rincones Jr.,Philadelphia Phillies,mlb,H,New_York_Yankees_at_Philadelphia_Phillies,0.43,0.421,0.009000000000000008,OVER,RF  Gabriel Rincones Jr. shows OVER value at 0.4 H. TC projection: 0.4 — edge: 0.01. Marginal conviction based on usage rate and defensive matchup.
LF  Heriberto Hernández,Miami Marlins,mlb,RBI,San_Diego_Padres_at_Miami_Marlins,0.45,0.441,0.009000000000000008,OVER,"Marginal +EV opportunity: LF  Heriberto Hernández is projected for 0.5 RBI vs a line of 0.4, giving a OVER edge of 0.01. Based on recent form, opponent matchup, and game context."
2B  Xavier Edwards,Miami Marlins,mlb,R,San_Diego_Padres_at_Miami_Marlins,0.43,0.421,0.009000000000000008,OVER,Targeting 2B  Xavier Edwards OVER 0.4 R. Model projects 0.4 (0.01 edge). Recent trends and opponent weakness support this play.
2B  Xavier Edwards,Miami Marlins,mlb,BB,San_Diego_Padres_at_Miami_Marlins,0.43,0.421,0.009000000000000008,OVER,2B  Xavier Edwards shows OVER value at 0.4 BB. TC projection: 0.4 — edge: 0.01. Marginal conviction based on usage rate and defensive matchup.
1B  Vladimir Guerrero Jr.,Toronto Blue Jays,mlb,R,Toronto_Blue_Jays_at_Boston_Red_Sox,0.45,0.441,0.009000000000000008,OVER,1B  Vladimir Guerrero Jr. shows OVER value at 0.4 R. TC projection: 0.5 — edge: 0.01. Marginal conviction based on usage rate and defensive matchup.
CF  Ceddanne Rafaela,Boston Red Sox,mlb,R,Toronto_Blue_Jays_at_Boston_Red_Sox,0.43,0.421,0.009000000000000008,OVER,Targeting CF  Ceddanne Rafaela OVER 0.4 R. Model projects 0.4 (0.01 edge). Recent trends and opponent weakness support this play.
SS  Tsung-Che Cheng,Boston Red Sox,mlb,R,Toronto_Blue_Jays_at_Boston_Red_Sox,0.43,0.421,0.009000000000000008,OVER,"Marginal +EV opportunity: SS  Tsung-Che Cheng is projected for 0.4 R vs a line of 0.4, giving a OVER edge of 0.01. Based on recent form, opponent matchup, and game context."
RF  Wilyer Abreu,Boston Red Sox,mlb,R,Toronto_Blue_Jays_at_Boston_Red_Sox,0.45,0.441,0.009000000000000008,OVER,Targeting RF  Wilyer Abreu OVER 0.4 R. Model projects 0.5 (0.01 edge). Recent trends and opponent weakness support this play.
RF  Wilyer Abreu,Boston Red Sox,mlb,RBI,Toronto_Blue_Jays_at_Boston_Red_Sox,0.43,0.421,0.009000000000000008,OVER,"Marginal +EV opportunity: RF  Wilyer Abreu is projected for 0.4 RBI vs a line of 0.4, giving a OVER edge of 0.01. Based on recent form, opponent matchup, and game context."
CF  Steven Kwan,Cleveland Guardians,mlb,BB,Cleveland_Guardians_at_Tampa_Bay_Rays,0.44,0.449,-0.009000000000000008,UNDER,CF  Steven Kwan shows UNDER value at 0.4 BB. TC projection: 0.4 — edge: 0.01. Marginal conviction based on usage rate and defensive matchup.
2B  Travis Bazzana,Cleveland Guardians,mlb,BB,Cleveland_Guardians_at_Tampa_Bay_Rays,0.43,0.439,-0.009000000000000008,UNDER,2B  Travis Bazzana shows UNDER value at 0.4 BB. TC projection: 0.4 — edge: 0.01. Marginal conviction based on usage rate and defensive matchup.
C   Carter Jensen,Kansas City Royals,mlb,RBI,Kansas_City_Royals_at_Detroit_Tigers,0.45,0.459,-0.009000000000000008,UNDER,C   Carter Jensen shows UNDER value at 0.5 RBI. TC projection: 0.5 — edge: 0.01. Marginal conviction based on usage rate and defensive matchup.
LF  Riley Greene,Detroit Tigers,mlb,RBI,Kansas_City_Royals_at_Detroit_Tigers,0.43,0.439,-0.009000000000000008,UNDER,"Marginal +EV opportunity: LF  Riley Greene is projected for 0.4 RBI vs a line of 0.4, giving a UNDER edge of 0.01. Based on recent form, opponent matchup, and game context."
DH  Jorge Soler,Los Angeles Angels,mlb,RBI,Los_Angeles_Angels_at_San_Francisco_Giants,0.47,0.479,-0.009000000000000008,UNDER,Targeting DH  Jorge Soler UNDER 0.5 RBI. Model projects 0.5 (0.01 edge). Recent trends and opponent weakness support this play.
DH  Bryce Eldridge,San Francisco Giants,mlb,R,Los_Angeles_Angels_at_San_Francisco_Giants,0.45,0.459,-0.009000000000000008,UNDER,DH  Bryce Eldridge shows UNDER value at 0.5 R. TC projection: 0.5 — edge: 0.01. Marginal conviction based on usage rate and defensive matchup.
CF  Grant McCray,San Francisco Giants,mlb,R,Los_Angeles_Angels_at_San_Francisco_Giants,0.43,0.439,-0.009000000000000008,UNDER,CF  Grant McCray shows UNDER value at 0.4 R. TC projection: 0.4 — edge: 0.01. Marginal conviction based on usage rate and defensive matchup.
CF  Grant McCray,San Francisco Giants,mlb,SB,Los_Angeles_Angels_at_San_Francisco_Giants,0.43,0.439,-0.009000000000000008,UNDER,CF  Grant McCray shows UNDER value at 0.4 SB. TC projection: 0.4 — edge: 0.01. Marginal conviction based on usage rate and defensive matchup.
LF  Heliot Ramos,San Francisco Giants,mlb,R,Los_Angeles_Angels_at_San_Francisco_Giants,0.44,0.449,-0.009000000000000008,UNDER,Targeting LF  Heliot Ramos UNDER 0.4 R. Model projects 0.4 (0.01 edge). Recent trends and opponent weakness support this play.
2B  Luis Arraez,San Francisco Giants,mlb,R,Los_Angeles_Angels_at_San_Francisco_Giants,0.43,0.439,-0.009000000000000008,UNDER,"Marginal +EV opportunity: 2B  Luis Arraez is projected for 0.4 R vs a line of 0.4, giving a UNDER edge of 0.01. Based on recent form, opponent matchup, and game context."
LF  Cody Bellinger,New York Yankees,mlb,RBI,New_York_Yankees_at_Philadelphia_Phillies,0.43,0.439,-0.009000000000000008,UNDER,"Marginal +EV opportunity: LF  Cody Bellinger is projected for 0.4 RBI vs a line of 0.4, giving a UNDER edge of 0.01. Based on recent form, opponent matchup, and game context."
2B  Jazz Chisholm Jr.,New York Yankees,mlb,R,New_York_Yankees_at_Philadelphia_Phillies,0.44,0.449,-0.009000000000000008,UNDER,Targeting 2B  Jazz Chisholm Jr. UNDER 0.4 R. Model projects 0.4 (0.01 edge). Recent trends and opponent weakness support this play.
LF  Brandon Marsh,Philadelphia Phillies,mlb,R,New_York_Yankees_at_Philadelphia_Phillies,0.47,0.479,-0.009000000000000008,UNDER,LF  Brandon Marsh shows UNDER value at 0.5 R. TC projection: 0.5 — edge: 0.01. Marginal conviction based on usage rate and defensive matchup.
3B  Manny Machado,San Diego Padres,mlb,R,San_Diego_Padres_at_Miami_Marlins,0.43,0.439,-0.009000000000000008,UNDER,Targeting 3B  Manny Machado UNDER 0.4 R. Model projects 0.4 (0.01 edge). Recent trends and opponent weakness support this play.
CF  Jakob Marsee,Miami Marlins,mlb,BB,San_Diego_Padres_at_Miami_Marlins,0.45,0.459,-0.009000000000000008,UNDER,Targeting CF  Jakob Marsee UNDER 0.5 BB. Model projects 0.5 (0.01 edge). Recent trends and opponent weakness support this play.
C   Joe Mack,Miami Marlins,mlb,RBI,San_Diego_Padres_at_Miami_Marlins,0.43,0.439,-0.009000000000000008,UNDER,Targeting C   Joe Mack UNDER 0.4 RBI. Model projects 0.4 (0.01 edge). Recent trends and opponent weakness support this play.
LF  Jarren Duran,Boston Red Sox,mlb,RBI,Toronto_Blue_Jays_at_Boston_Red_Sox,0.47,0.479,-0.009000000000000008,UNDER,LF  Jarren Duran shows UNDER value at 0.5 RBI. TC projection: 0.5 — edge: 0.01. Marginal conviction based on usage rate and defensive matchup.
1B  Willson Contreras,Boston Red Sox,mlb,R,Toronto_Blue_Jays_at_Boston_Red_Sox,0.47,0.479,-0.009000000000000008,UNDER,Targeting 1B  Willson Contreras UNDER 0.5 R. Model projects 0.5 (0.01 edge). Recent trends and opponent weakness support this play.
RF  Chase DeLauter,Cleveland Guardians,mlb,RBI,Cleveland_Guardians_at_Tampa_Bay_Rays,0.47,0.461,0.008999999999999952,OVER,RF  Chase DeLauter shows OVER value at 0.5 RBI. TC projection: 0.5 — edge: 0.01. Marginal conviction based on usage rate and defensive matchup.
LF  Kyle Stowers,Miami Marlins,mlb,RBI,San_Diego_Padres_at_Miami_Marlins,0.47,0.461,0.008999999999999952,OVER,LF  Kyle Stowers shows OVER value at 0.5 RBI. TC projection: 0.5 — edge: 0.01. Marginal conviction based on usage rate and defensive matchup.
C   Hunter Feduccia,Tampa Bay Rays,mlb,H,Cleveland_Guardians_at_Tampa_Bay_Rays,0.46,0.469,-0.008999999999999952,UNDER,C   Hunter Feduccia shows UNDER value at 0.5 H. TC projection: 0.5 — edge: 0.01. Marginal conviction based on usage rate and defensive matchup.
1B  Jonathan Aranda,Tampa Bay Rays,mlb,BB,Cleveland_Guardians_at_Tampa_Bay_Rays,0.46,0.469,-0.008999999999999952,UNDER,1B  Jonathan Aranda shows UNDER value at 0.5 BB. TC projection: 0.5 — edge: 0.01. Marginal conviction based on usage rate and defensive matchup.
RF  Jo Adell,Los Angeles Angels,mlb,RBI,Los_Angeles_Angels_at_San_Francisco_Giants,0.46,0.469,-0.008999999999999952,UNDER,RF  Jo Adell shows UNDER value at 0.5 RBI. TC projection: 0.5 — edge: 0.01. Marginal conviction based on usage rate and defensive matchup.
3B  Alec Bohm,Philadelphia Phillies,mlb,RBI,New_York_Yankees_at_Philadelphia_Phillies,0.46,0.469,-0.008999999999999952,UNDER,Targeting 3B  Alec Bohm UNDER 0.5 RBI. Model projects 0.5 (0.01 edge). Recent trends and opponent weakness support this play.
1B  Ty France,San Diego Padres,mlb,RBI,San_Diego_Padres_at_Miami_Marlins,0.46,0.469,-0.008999999999999952,UNDER,1B  Ty France shows UNDER value at 0.5 RBI. TC projection: 0.5 — edge: 0.01. Marginal conviction based on usage rate and defensive matchup.
3B  Leo Jiménez,Miami Marlins,mlb,H,San_Diego_Padres_at_Miami_Marlins,0.46,0.469,-0.008999999999999952,UNDER,Targeting 3B  Leo Jiménez UNDER 0.5 H. Model projects 0.5 (0.01 edge). Recent trends and opponent weakness support this play.
2B  Anthony Seigler,Boston Red Sox,mlb,R,Toronto_Blue_Jays_at_Boston_Red_Sox,0.46,0.469,-0.008999999999999952,UNDER,Targeting 2B  Anthony Seigler UNDER 0.5 R. Model projects 0.5 (0.01 edge). Recent trends and opponent weakness support this play.
C   Gabriel Moreno,Arizona Diamondbacks,mlb,BB,Arizona_Diamondbacks_at_Washington_Nationals,0.4,0.392,0.008000000000000007,OVER,"Marginal +EV opportunity: C   Gabriel Moreno is projected for 0.4 BB vs a line of 0.4, giving a OVER edge of 0.01. Based on recent form, opponent matchup, and game context."
SS  Geraldo Perdomo,Arizona Diamondbacks,mlb,R,Arizona_Diamondbacks_at_Washington_Nationals,0.4,0.392,0.008000000000000007,OVER,Targeting SS  Geraldo Perdomo OVER 0.4 R. Model projects 0.4 (0.01 edge). Recent trends and opponent weakness support this play.
3B  Nolan Arenado,Arizona Diamondbacks,mlb,R,Arizona_Diamondbacks_at_Washington_Nationals,0.42,0.412,0.008000000000000007,OVER,"Marginal +EV opportunity: 3B  Nolan Arenado is projected for 0.4 R vs a line of 0.4, giving a OVER edge of 0.01. Based on recent form, opponent matchup, and game context."
LF  Daylen Lile,Washington Nationals,mlb,RBI,Arizona_Diamondbacks_at_Washington_Nationals,0.42,0.412,0.008000000000000007,OVER,Targeting LF  Daylen Lile OVER 0.4 RBI. Model projects 0.4 (0.01 edge). Recent trends and opponent weakness support this play.
1B  Luis García Jr.,Washington Nationals,mlb,R,Arizona_Diamondbacks_at_Washington_Nationals,0.42,0.412,0.008000000000000007,OVER,Targeting 1B  Luis García Jr. OVER 0.4 R. Model projects 0.4 (0.01 edge). Recent trends and opponent weakness support this play.
2B  Travis Bazzana,Cleveland Guardians,mlb,RBI,Cleveland_Guardians_at_Tampa_Bay_Rays,0.38,0.372,0.008000000000000007,OVER,2B  Travis Bazzana shows OVER value at 0.4 RBI. TC projection: 0.4 — edge: 0.01. Marginal conviction based on usage rate and defensive matchup.
1B  Jonathan Aranda,Tampa Bay Rays,mlb,R,Cleveland_Guardians_at_Tampa_Bay_Rays,0.42,0.412,0.008000000000000007,OVER,1B  Jonathan Aranda shows OVER value at 0.4 R. TC projection: 0.4 — edge: 0.01. Marginal conviction based on usage rate and defensive matchup.
SS  Taylor Walls,Tampa Bay Rays,mlb,R,Cleveland_Guardians_at_Tampa_Bay_Rays,0.4,0.392,0.008000000000000007,OVER,"Marginal +EV opportunity: SS  Taylor Walls is projected for 0.4 R vs a line of 0.4, giving a OVER edge of 0.01. Based on recent form, opponent matchup, and game context."
C   Carter Jensen,Kansas City Royals,mlb,R,Kansas_City_Royals_at_Detroit_Tigers,0.38,0.372,0.008000000000000007,OVER,Targeting C   Carter Jensen OVER 0.4 R. Model projects 0.4 (0.01 edge). Recent trends and opponent weakness support this play.
SS  Zach Neto,Los Angeles Angels,mlb,RBI,Los_Angeles_Angels_at_San_Francisco_Giants,0.38,0.372,0.008000000000000007,OVER,Targeting SS  Zach Neto OVER 0.4 RBI. Model projects 0.4 (0.01 edge). Recent trends and opponent weakness support this play.
LF  Casey Schmitt,San Francisco Giants,mlb,R,Los_Angeles_Angels_at_San_Francisco_Giants,0.42,0.412,0.008000000000000007,OVER,Targeting LF  Casey Schmitt OVER 0.4 R. Model projects 0.4 (0.01 edge). Recent trends and opponent weakness support this play.
C   Austin Wells,New York Yankees,mlb,H,New_York_Yankees_at_Philadelphia_Phillies,0.39,0.382,0.008000000000000007,OVER,Targeting C   Austin Wells OVER 0.4 H. Model projects 0.4 (0.01 edge). Recent trends and opponent weakness support this play.
RF  Derek Hill,Philadelphia Phillies,mlb,H,New_York_Yankees_at_Philadelphia_Phillies,0.39,0.382,0.008000000000000007,OVER,"Marginal +EV opportunity: RF  Derek Hill is projected for 0.4 H vs a line of 0.4, giving a OVER edge of 0.01. Based on recent form, opponent matchup, and game context."
2B  Edmundo Sosa,Philadelphia Phillies,mlb,RBI,New_York_Yankees_at_Philadelphia_Phillies,0.38,0.372,0.008000000000000007,OVER,"Marginal +EV opportunity: 2B  Edmundo Sosa is projected for 0.4 RBI vs a line of 0.4, giving a OVER edge of 0.01. Based on recent form, opponent matchup, and game context."
C   J.T. Realmuto,Philadelphia Phillies,mlb,RBI,New_York_Yankees_at_Philadelphia_Phillies,0.39,0.382,0.008000000000000007,OVER,C   J.T. Realmuto shows OVER value at 0.4 RBI. TC projection: 0.4 — edge: 0.01. Marginal conviction based on usage rate and defensive matchup.
C   Luis Campusano,San Diego Padres,mlb,BB,San_Diego_Padres_at_Miami_Marlins,0.39,0.382,0.008000000000000007,OVER,"Marginal +EV opportunity: C   Luis Campusano is projected for 0.4 BB vs a line of 0.4, giving a OVER edge of 0.01. Based on recent form, opponent matchup, and game context."
SS  Xander Bogaerts,San Diego Padres,mlb,BB,San_Diego_Padres_at_Miami_Marlins,0.4,0.392,0.008000000000000007,OVER,Targeting SS  Xander Bogaerts OVER 0.4 BB. Model projects 0.4 (0.01 edge). Recent trends and opponent weakness support this play.
CF  Jakob Marsee,Miami Marlins,mlb,R,San_Diego_Padres_at_Miami_Marlins,0.42,0.412,0.008000000000000007,OVER,"Marginal +EV opportunity: CF  Jakob Marsee is projected for 0.4 R vs a line of 0.4, giving a OVER edge of 0.01. Based on recent form, opponent matchup, and game context."
LF  Kyle Stowers,Miami Marlins,mlb,R,San_Diego_Padres_at_Miami_Marlins,0.4,0.392,0.008000000000000007,OVER,LF  Kyle Stowers shows OVER value at 0.4 R. TC projection: 0.4 — edge: 0.01. Marginal conviction based on usage rate and defensive matchup.
SS  Otto Lopez,Miami Marlins,mlb,RBI,San_Diego_Padres_at_Miami_Marlins,0.4,0.392,0.008000000000000007,OVER,Targeting SS  Otto Lopez OVER 0.4 RBI. Model projects 0.4 (0.01 edge). Recent trends and opponent weakness support this play.
DH  George Springer,Toronto Blue Jays,mlb,R,Toronto_Blue_Jays_at_Boston_Red_Sox,0.39,0.382,0.008000000000000007,OVER,DH  George Springer shows OVER value at 0.4 R. TC projection: 0.4 — edge: 0.01. Marginal conviction based on usage rate and defensive matchup.
3B  Kazuma Okamoto,Toronto Blue Jays,mlb,R,Toronto_Blue_Jays_at_Boston_Red_Sox,0.42,0.412,0.008000000000000007,OVER,Targeting 3B  Kazuma Okamoto OVER 0.4 R. Model projects 0.4 (0.01 edge). Recent trends and opponent weakness support this play.
3B  Caleb Durbin,Boston Red Sox,mlb,R,Toronto_Blue_Jays_at_Boston_Red_Sox,0.4,0.392,0.008000000000000007,OVER,3B  Caleb Durbin shows OVER value at 0.4 R. TC projection: 0.4 — edge: 0.01. Marginal conviction based on usage rate and defensive matchup.
CF  Ceddanne Rafaela,Boston Red Sox,mlb,RBI,Toronto_Blue_Jays_at_Boston_Red_Sox,0.4,0.392,0.008000000000000007,OVER,Targeting CF  Ceddanne Rafaela OVER 0.4 RBI. Model projects 0.4 (0.01 edge). Recent trends and opponent weakness support this play.
DH  Romy Gonzalez,Boston Red Sox,mlb,RBI,Toronto_Blue_Jays_at_Boston_Red_Sox,0.38,0.372,0.008000000000000007,OVER,Targeting DH  Romy Gonzalez OVER 0.4 RBI. Model projects 0.4 (0.01 edge). Recent trends and opponent weakness support this play.
RF  Corbin Carroll,Arizona Diamondbacks,mlb,RBI,Arizona_Diamondbacks_at_Washington_Nationals,0.41,0.418,-0.008000000000000007,UNDER,"Marginal +EV opportunity: RF  Corbin Carroll is projected for 0.4 RBI vs a line of 0.4, giving a UNDER edge of 0.01. Based on recent form, opponent matchup, and game context."
RF  Corbin Carroll,Arizona Diamondbacks,mlb,BB,Arizona_Diamondbacks_at_Washington_Nationals,0.42,0.428,-0.008000000000000007,UNDER,"Marginal +EV opportunity: RF  Corbin Carroll is projected for 0.4 BB vs a line of 0.4, giving a UNDER edge of 0.01. Based on recent form, opponent matchup, and game context."
1B  Ildemaro Vargas,Arizona Diamondbacks,mlb,R,Arizona_Diamondbacks_at_Washington_Nationals,0.42,0.428,-0.008000000000000007,UNDER,Targeting 1B  Ildemaro Vargas UNDER 0.4 R. Model projects 0.4 (0.01 edge). Recent trends and opponent weakness support this play.
3B  Nolan Arenado,Arizona Diamondbacks,mlb,RBI,Arizona_Diamondbacks_at_Washington_Nationals,0.41,0.418,-0.008000000000000007,UNDER,Targeting 3B  Nolan Arenado UNDER 0.4 RBI. Model projects 0.4 (0.01 edge). Recent trends and opponent weakness support this play.
RF  Dylan Crews,Washington Nationals,mlb,RBI,Arizona_Diamondbacks_at_Washington_Nationals,0.38,0.388,-0.008000000000000007,UNDER,"Marginal +EV opportunity: RF  Dylan Crews is projected for 0.4 RBI vs a line of 0.4, giving a UNDER edge of 0.01. Based on recent form, opponent matchup, and game context."
C   Keibert Ruiz,Washington Nationals,mlb,R,Arizona_Diamondbacks_at_Washington_Nationals,0.41,0.418,-0.008000000000000007,UNDER,Targeting C   Keibert Ruiz UNDER 0.4 R. Model projects 0.4 (0.01 edge). Recent trends and opponent weakness support this play.
3B  José Ramírez,Cleveland Guardians,mlb,RBI,Cleveland_Guardians_at_Tampa_Bay_Rays,0.39,0.398,-0.008000000000000007,UNDER,Targeting 3B  José Ramírez UNDER 0.4 RBI. Model projects 0.4 (0.01 edge). Recent trends and opponent weakness support this play.
1B  Rhys Hoskins,Cleveland Guardians,mlb,H,Cleveland_Guardians_at_Tampa_Bay_Rays,0.42,0.428,-0.008000000000000007,UNDER,"Marginal +EV opportunity: 1B  Rhys Hoskins is projected for 0.4 H vs a line of 0.4, giving a UNDER edge of 0.01. Based on recent form, opponent matchup, and game context."
2B  Travis Bazzana,Cleveland Guardians,mlb,R,Cleveland_Guardians_at_Tampa_Bay_Rays,0.39,0.398,-0.008000000000000007,UNDER,"Marginal +EV opportunity: 2B  Travis Bazzana is projected for 0.4 R vs a line of 0.4, giving a UNDER edge of 0.01. Based on recent form, opponent matchup, and game context."
LF  Chandler Simpson,Tampa Bay Rays,mlb,R,Cleveland_Guardians_at_Tampa_Bay_Rays,0.39,0.398,-0.008000000000000007,UNDER,LF  Chandler Simpson shows UNDER value at 0.4 R. TC projection: 0.4 — edge: 0.01. Marginal conviction based on usage rate and defensive matchup.
RF  Victor Mesa Jr.,Tampa Bay Rays,mlb,RBI,Cleveland_Guardians_at_Tampa_Bay_Rays,0.38,0.388,-0.008000000000000007,UNDER,"Marginal +EV opportunity: RF  Victor Mesa Jr. is projected for 0.4 RBI vs a line of 0.4, giving a UNDER edge of 0.01. Based on recent form, opponent matchup, and game context."
3B  Nick Loftin,Kansas City Royals,mlb,RBI,Kansas_City_Royals_at_Detroit_Tigers,0.41,0.418,-0.008000000000000007,UNDER,"Marginal +EV opportunity: 3B  Nick Loftin is projected for 0.4 RBI vs a line of 0.4, giving a UNDER edge of 0.01. Based on recent form, opponent matchup, and game context."
1B  Spencer Torkelson,Detroit Tigers,mlb,RBI,Kansas_City_Royals_at_Detroit_Tigers,0.42,0.428,-0.008000000000000007,UNDER,1B  Spencer Torkelson shows UNDER value at 0.4 RBI. TC projection: 0.4 — edge: 0.01. Marginal conviction based on usage rate and defensive matchup.
CF  Jose Siri,Los Angeles Angels,mlb,H,Los_Angeles_Angels_at_San_Francisco_Giants,0.42,0.428,-0.008000000000000007,UNDER,Targeting CF  Jose Siri UNDER 0.4 H. Model projects 0.4 (0.01 edge). Recent trends and opponent weakness support this play.
CF  Mike Trout,Los Angeles Angels,mlb,RBI,Los_Angeles_Angels_at_San_Francisco_Giants,0.39,0.398,-0.008000000000000007,UNDER,"Marginal +EV opportunity: CF  Mike Trout is projected for 0.4 RBI vs a line of 0.4, giving a UNDER edge of 0.01. Based on recent form, opponent matchup, and game context."
SS  Zach Neto,Los Angeles Angels,mlb,BB,Los_Angeles_Angels_at_San_Francisco_Giants,0.38,0.388,-0.008000000000000007,UNDER,Targeting SS  Zach Neto UNDER 0.4 BB. Model projects 0.4 (0.01 edge). Recent trends and opponent weakness support this play.
C   Drew Cavanaugh,San Francisco Giants,mlb,BB,Los_Angeles_Angels_at_San_Francisco_Giants,0.38,0.388,-0.008000000000000007,UNDER,Targeting C   Drew Cavanaugh UNDER 0.4 BB. Model projects 0.4 (0.01 edge). Recent trends and opponent weakness support this play.
3B  Amed Rosario,New York Yankees,mlb,RBI,New_York_Yankees_at_Philadelphia_Phillies,0.38,0.388,-0.008000000000000007,UNDER,3B  Amed Rosario shows UNDER value at 0.4 RBI. TC projection: 0.4 — edge: 0.01. Marginal conviction based on usage rate and defensive matchup.
1B  Ben Rice,New York Yankees,mlb,BB,New_York_Yankees_at_Philadelphia_Phillies,0.42,0.428,-0.008000000000000007,UNDER,Targeting 1B  Ben Rice UNDER 0.4 BB. Model projects 0.4 (0.01 edge). Recent trends and opponent weakness support this play.
SS  Max Schuemann,New York Yankees,mlb,R,New_York_Yankees_at_Philadelphia_Phillies,0.42,0.428,-0.008000000000000007,UNDER,Targeting SS  Max Schuemann UNDER 0.4 R. Model projects 0.4 (0.01 edge). Recent trends and opponent weakness support this play.
1B  Paul Goldschmidt,New York Yankees,mlb,R,New_York_Yankees_at_Philadelphia_Phillies,0.39,0.398,-0.008000000000000007,UNDER,"Marginal +EV opportunity: 1B  Paul Goldschmidt is projected for 0.4 R vs a line of 0.4, giving a UNDER edge of 0.01. Based on recent form, opponent matchup, and game context."
RF  Fernando Tatis Jr.,San Diego Padres,mlb,R,San_Diego_Padres_at_Miami_Marlins,0.42,0.428,-0.008000000000000007,UNDER,"Marginal +EV opportunity: RF  Fernando Tatis Jr. is projected for 0.4 R vs a line of 0.4, giving a UNDER edge of 0.01. Based on recent form, opponent matchup, and game context."
RF  Fernando Tatis Jr.,San Diego Padres,mlb,RBI,San_Diego_Padres_at_Miami_Marlins,0.38,0.388,-0.008000000000000007,UNDER,"Marginal +EV opportunity: RF  Fernando Tatis Jr. is projected for 0.4 RBI vs a line of 0.4, giving a UNDER edge of 0.01. Based on recent form, opponent matchup, and game context."
CF  Jackson Merrill,San Diego Padres,mlb,R,San_Diego_Padres_at_Miami_Marlins,0.39,0.398,-0.008000000000000007,UNDER,Targeting CF  Jackson Merrill UNDER 0.4 R. Model projects 0.4 (0.01 edge). Recent trends and opponent weakness support this play.
C   Joe Mack,Miami Marlins,mlb,R,San_Diego_Padres_at_Miami_Marlins,0.39,0.398,-0.008000000000000007,UNDER,"Marginal +EV opportunity: C   Joe Mack is projected for 0.4 R vs a line of 0.4, giving a UNDER edge of 0.01. Based on recent form, opponent matchup, and game context."
2B  Ernie Clement,Toronto Blue Jays,mlb,R,Toronto_Blue_Jays_at_Boston_Red_Sox,0.38,0.388,-0.008000000000000007,UNDER,"Marginal +EV opportunity: 2B  Ernie Clement is projected for 0.4 R vs a line of 0.4, giving a UNDER edge of 0.01. Based on recent form, opponent matchup, and game context."
LF  Angel Martínez,Cleveland Guardians,mlb,RBI,Cleveland_Guardians_at_Tampa_Bay_Rays,0.41,0.402,0.007999999999999952,OVER,Targeting LF  Angel Martínez OVER 0.4 RBI. Model projects 0.4 (0.01 edge). Recent trends and opponent weakness support this play.
SS  Tyler Tolbert,Kansas City Royals,mlb,H,Kansas_City_Royals_at_Detroit_Tigers,0.41,0.402,0.007999999999999952,OVER,Targeting SS  Tyler Tolbert OVER 0.4 H. Model projects 0.4 (0.01 edge). Recent trends and opponent weakness support this play.
LF  Heliot Ramos,San Francisco Giants,mlb,RBI,Los_Angeles_Angels_at_San_Francisco_Giants,0.41,0.402,0.007999999999999952,OVER,LF  Heliot Ramos shows OVER value at 0.4 RBI. TC projection: 0.4 — edge: 0.01. Marginal conviction based on usage rate and defensive matchup.
CF  Trent Grisham,New York Yankees,mlb,RBI,New_York_Yankees_at_Philadelphia_Phillies,0.41,0.402,0.007999999999999952,OVER,CF  Trent Grisham shows OVER value at 0.4 RBI. TC projection: 0.4 — edge: 0.01. Marginal conviction based on usage rate and defensive matchup.
LF  Brandon Marsh,Philadelphia Phillies,mlb,RBI,New_York_Yankees_at_Philadelphia_Phillies,0.41,0.402,0.007999999999999952,OVER,"Marginal +EV opportunity: LF  Brandon Marsh is projected for 0.4 RBI vs a line of 0.4, giving a OVER edge of 0.01. Based on recent form, opponent matchup, and game context."
C   Gabriel Moreno,Arizona Diamondbacks,mlb,RBI,Arizona_Diamondbacks_at_Washington_Nationals,0.4,0.408,-0.007999999999999952,UNDER,C   Gabriel Moreno shows UNDER value at 0.4 RBI. TC projection: 0.4 — edge: 0.01. Marginal conviction based on usage rate and defensive matchup.
2B  Nasim Nuñez,Washington Nationals,mlb,R,Arizona_Diamondbacks_at_Washington_Nationals,0.4,0.408,-0.007999999999999952,UNDER,"Marginal +EV opportunity: 2B  Nasim Nuñez is projected for 0.4 R vs a line of 0.4, giving a UNDER edge of 0.01. Based on recent form, opponent matchup, and game context."
SS  Brayan Rocchio,Cleveland Guardians,mlb,RBI,Cleveland_Guardians_at_Tampa_Bay_Rays,0.4,0.408,-0.007999999999999952,UNDER,SS  Brayan Rocchio shows UNDER value at 0.4 RBI. TC projection: 0.4 — edge: 0.01. Marginal conviction based on usage rate and defensive matchup.
RF  Jac Caglianone,Kansas City Royals,mlb,R,Kansas_City_Royals_at_Detroit_Tigers,0.4,0.408,-0.007999999999999952,UNDER,"Marginal +EV opportunity: RF  Jac Caglianone is projected for 0.4 R vs a line of 0.4, giving a UNDER edge of 0.01. Based on recent form, opponent matchup, and game context."
1B  Vinnie Pasquantino,Kansas City Royals,mlb,BB,Kansas_City_Royals_at_Detroit_Tigers,0.4,0.408,-0.007999999999999952,UNDER,1B  Vinnie Pasquantino shows UNDER value at 0.4 BB. TC projection: 0.4 — edge: 0.01. Marginal conviction based on usage rate and defensive matchup.
RF  Kerry Carpenter,Detroit Tigers,mlb,RBI,Kansas_City_Royals_at_Detroit_Tigers,0.4,0.408,-0.007999999999999952,UNDER,RF  Kerry Carpenter shows UNDER value at 0.4 RBI. TC projection: 0.4 — edge: 0.01. Marginal conviction based on usage rate and defensive matchup.
SS  Willy Adames,San Francisco Giants,mlb,RBI,Los_Angeles_Angels_at_San_Francisco_Giants,0.4,0.408,-0.007999999999999952,UNDER,"Marginal +EV opportunity: SS  Willy Adames is projected for 0.4 RBI vs a line of 0.4, giving a UNDER edge of 0.01. Based on recent form, opponent matchup, and game context."
3B  Manny Machado,San Diego Padres,mlb,BB,San_Diego_Padres_at_Miami_Marlins,0.4,0.408,-0.007999999999999952,UNDER,3B  Manny Machado shows UNDER value at 0.4 BB. TC projection: 0.4 — edge: 0.01. Marginal conviction based on usage rate and defensive matchup.
3B  Caleb Durbin,Boston Red Sox,mlb,RBI,Toronto_Blue_Jays_at_Boston_Red_Sox,0.4,0.408,-0.007999999999999952,UNDER,"Marginal +EV opportunity: 3B  Caleb Durbin is projected for 0.4 RBI vs a line of 0.4, giving a UNDER edge of 0.01. Based on recent form, opponent matchup, and game context."
LF  Jarren Duran,Boston Red Sox,mlb,R,Toronto_Blue_Jays_at_Boston_Red_Sox,0.4,0.408,-0.007999999999999952,UNDER,Targeting LF  Jarren Duran UNDER 0.4 R. Model projects 0.4 (0.01 edge). Recent trends and opponent weakness support this play.
DH  Adrian Del Castillo,Arizona Diamondbacks,mlb,RBI,Arizona_Diamondbacks_at_Washington_Nationals,0.37,0.363,0.007000000000000006,OVER,Targeting DH  Adrian Del Castillo OVER 0.4 RBI. Model projects 0.4 (0.01 edge). Recent trends and opponent weakness support this play.
1B  Andrés Chaparro,Washington Nationals,mlb,R,Arizona_Diamondbacks_at_Washington_Nationals,0.34,0.333,0.007000000000000006,OVER,"Marginal +EV opportunity: 1B  Andrés Chaparro is projected for 0.3 R vs a line of 0.3, giving a OVER edge of 0.01. Based on recent form, opponent matchup, and game context."
3B  Curtis Mead,Washington Nationals,mlb,BB,Arizona_Diamondbacks_at_Washington_Nationals,0.37,0.363,0.007000000000000006,OVER,"Marginal +EV opportunity: 3B  Curtis Mead is projected for 0.4 BB vs a line of 0.4, giving a OVER edge of 0.01. Based on recent form, opponent matchup, and game context."
2B  Nasim Nuñez,Washington Nationals,mlb,SB,Arizona_Diamondbacks_at_Washington_Nationals,0.33,0.323,0.007000000000000006,OVER,"Marginal +EV opportunity: 2B  Nasim Nuñez is projected for 0.3 SB vs a line of 0.3, giving a OVER edge of 0.01. Based on recent form, opponent matchup, and game context."
RF  Chase DeLauter,Cleveland Guardians,mlb,BB,Cleveland_Guardians_at_Tampa_Bay_Rays,0.33,0.323,0.007000000000000006,OVER,RF  Chase DeLauter shows OVER value at 0.3 BB. TC projection: 0.3 — edge: 0.01. Marginal conviction based on usage rate and defensive matchup.
CF  Petey Halpin,Cleveland Guardians,mlb,H,Cleveland_Guardians_at_Tampa_Bay_Rays,0.37,0.363,0.007000000000000006,OVER,CF  Petey Halpin shows OVER value at 0.4 H. TC projection: 0.4 — edge: 0.01. Marginal conviction based on usage rate and defensive matchup.
2B  Ben Williamson,Tampa Bay Rays,mlb,R,Cleveland_Guardians_at_Tampa_Bay_Rays,0.34,0.333,0.007000000000000006,OVER,2B  Ben Williamson shows OVER value at 0.3 R. TC projection: 0.3 — edge: 0.01. Marginal conviction based on usage rate and defensive matchup.
CF  Cedric Mullins,Tampa Bay Rays,mlb,R,Cleveland_Guardians_at_Tampa_Bay_Rays,0.37,0.363,0.007000000000000006,OVER,CF  Cedric Mullins shows OVER value at 0.4 R. TC projection: 0.4 — edge: 0.01. Marginal conviction based on usage rate and defensive matchup.
RF  Jonny DeLuca,Tampa Bay Rays,mlb,R,Cleveland_Guardians_at_Tampa_Bay_Rays,0.37,0.363,0.007000000000000006,OVER,Targeting RF  Jonny DeLuca OVER 0.4 R. Model projects 0.4 (0.01 edge). Recent trends and opponent weakness support this play.
2B  Richie Palacios,Tampa Bay Rays,mlb,R,Cleveland_Guardians_at_Tampa_Bay_Rays,0.34,0.333,0.007000000000000006,OVER,Targeting 2B  Richie Palacios OVER 0.3 R. Model projects 0.3 (0.01 edge). Recent trends and opponent weakness support this play.
2B  Richie Palacios,Tampa Bay Rays,mlb,RBI,Cleveland_Guardians_at_Tampa_Bay_Rays,0.34,0.333,0.007000000000000006,OVER,2B  Richie Palacios shows OVER value at 0.3 RBI. TC projection: 0.3 — edge: 0.01. Marginal conviction based on usage rate and defensive matchup.
SS  Taylor Walls,Tampa Bay Rays,mlb,BB,Cleveland_Guardians_at_Tampa_Bay_Rays,0.34,0.333,0.007000000000000006,OVER,SS  Taylor Walls shows OVER value at 0.3 BB. TC projection: 0.3 — edge: 0.01. Marginal conviction based on usage rate and defensive matchup.
LF  Isaac Collins,Kansas City Royals,mlb,R,Kansas_City_Royals_at_Detroit_Tigers,0.33,0.323,0.007000000000000006,OVER,Targeting LF  Isaac Collins OVER 0.3 R. Model projects 0.3 (0.01 edge). Recent trends and opponent weakness support this play.
CF  Lane Thomas,Kansas City Royals,mlb,BB,Kansas_City_Royals_at_Detroit_Tigers,0.34,0.333,0.007000000000000006,OVER,"Marginal +EV opportunity: CF  Lane Thomas is projected for 0.3 BB vs a line of 0.3, giving a OVER edge of 0.01. Based on recent form, opponent matchup, and game context."
1B  Vinnie Pasquantino,Kansas City Royals,mlb,R,Kansas_City_Royals_at_Detroit_Tigers,0.36,0.353,0.007000000000000006,OVER,"Marginal +EV opportunity: 1B  Vinnie Pasquantino is projected for 0.4 R vs a line of 0.4, giving a OVER edge of 0.01. Based on recent form, opponent matchup, and game context."
2B  Gleyber Torres,Detroit Tigers,mlb,RBI,Kansas_City_Royals_at_Detroit_Tigers,0.33,0.323,0.007000000000000006,OVER,Targeting 2B  Gleyber Torres OVER 0.3 RBI. Model projects 0.3 (0.01 edge). Recent trends and opponent weakness support this play.
C   Jake Rogers,Detroit Tigers,mlb,H,Kansas_City_Royals_at_Detroit_Tigers,0.37,0.363,0.007000000000000006,OVER,C   Jake Rogers shows OVER value at 0.4 H. TC projection: 0.4 — edge: 0.01. Marginal conviction based on usage rate and defensive matchup.
RF  Jo Adell,Los Angeles Angels,mlb,R,Los_Angeles_Angels_at_San_Francisco_Giants,0.36,0.353,0.007000000000000006,OVER,"Marginal +EV opportunity: RF  Jo Adell is projected for 0.4 R vs a line of 0.4, giving a OVER edge of 0.01. Based on recent form, opponent matchup, and game context."
DH  Jorge Soler,Los Angeles Angels,mlb,R,Los_Angeles_Angels_at_San_Francisco_Giants,0.36,0.353,0.007000000000000006,OVER,Targeting DH  Jorge Soler OVER 0.4 R. Model projects 0.4 (0.01 edge). Recent trends and opponent weakness support this play.
1B  Nolan Schanuel,Los Angeles Angels,mlb,RBI,Los_Angeles_Angels_at_San_Francisco_Giants,0.36,0.353,0.007000000000000006,OVER,"Marginal +EV opportunity: 1B  Nolan Schanuel is projected for 0.4 RBI vs a line of 0.4, giving a OVER edge of 0.01. Based on recent form, opponent matchup, and game context."
C   Tyler Heineman,Los Angeles Angels,mlb,H,Los_Angeles_Angels_at_San_Francisco_Giants,0.36,0.353,0.007000000000000006,OVER,Targeting C   Tyler Heineman OVER 0.4 H. Model projects 0.4 (0.01 edge). Recent trends and opponent weakness support this play.
LF  Wade Meckler,Los Angeles Angels,mlb,R,Los_Angeles_Angels_at_San_Francisco_Giants,0.33,0.323,0.007000000000000006,OVER,"Marginal +EV opportunity: LF  Wade Meckler is projected for 0.3 R vs a line of 0.3, giving a OVER edge of 0.01. Based on recent form, opponent matchup, and game context."
DH  Bryce Eldridge,San Francisco Giants,mlb,RBI,Los_Angeles_Angels_at_San_Francisco_Giants,0.33,0.323,0.007000000000000006,OVER,"Marginal +EV opportunity: DH  Bryce Eldridge is projected for 0.3 RBI vs a line of 0.3, giving a OVER edge of 0.01. Based on recent form, opponent matchup, and game context."
2B  Luis Arraez,San Francisco Giants,mlb,RBI,Los_Angeles_Angels_at_San_Francisco_Giants,0.33,0.323,0.007000000000000006,OVER,Targeting 2B  Luis Arraez OVER 0.3 RBI. Model projects 0.3 (0.01 edge). Recent trends and opponent weakness support this play.
SS  Anthony Volpe,New York Yankees,mlb,BB,New_York_Yankees_at_Philadelphia_Phillies,0.36,0.353,0.007000000000000006,OVER,"Marginal +EV opportunity: SS  Anthony Volpe is projected for 0.4 BB vs a line of 0.4, giving a OVER edge of 0.01. Based on recent form, opponent matchup, and game context."
SS  José Caballero,New York Yankees,mlb,R,New_York_Yankees_at_Philadelphia_Phillies,0.34,0.333,0.007000000000000006,OVER,"Marginal +EV opportunity: SS  José Caballero is projected for 0.3 R vs a line of 0.3, giving a OVER edge of 0.01. Based on recent form, opponent matchup, and game context."
2B  Bryson Stott,Philadelphia Phillies,mlb,RBI,New_York_Yankees_at_Philadelphia_Phillies,0.37,0.363,0.007000000000000006,OVER,2B  Bryson Stott shows OVER value at 0.4 RBI. TC projection: 0.4 — edge: 0.01. Marginal conviction based on usage rate and defensive matchup.
1B  Gavin Sheets,San Diego Padres,mlb,BB,San_Diego_Padres_at_Miami_Marlins,0.34,0.333,0.007000000000000006,OVER,Targeting 1B  Gavin Sheets OVER 0.3 BB. Model projects 0.3 (0.01 edge). Recent trends and opponent weakness support this play.
CF  Jackson Merrill,San Diego Padres,mlb,RBI,San_Diego_Padres_at_Miami_Marlins,0.37,0.363,0.007000000000000006,OVER,Targeting CF  Jackson Merrill OVER 0.4 RBI. Model projects 0.4 (0.01 edge). Recent trends and opponent weakness support this play.
C   Luis Campusano,San Diego Padres,mlb,R,San_Diego_Padres_at_Miami_Marlins,0.36,0.353,0.007000000000000006,OVER,C   Luis Campusano shows OVER value at 0.4 R. TC projection: 0.4 — edge: 0.01. Marginal conviction based on usage rate and defensive matchup.
2B  Sung-Mun Song,San Diego Padres,mlb,H,San_Diego_Padres_at_Miami_Marlins,0.36,0.353,0.007000000000000006,OVER,Targeting 2B  Sung-Mun Song OVER 0.4 H. Model projects 0.4 (0.01 edge). Recent trends and opponent weakness support this play.
LF  Griffin Conine,Miami Marlins,mlb,RBI,San_Diego_Padres_at_Miami_Marlins,0.37,0.363,0.007000000000000006,OVER,Targeting LF  Griffin Conine OVER 0.4 RBI. Model projects 0.4 (0.01 edge). Recent trends and opponent weakness support this play.
LF  Kyle Stowers,Miami Marlins,mlb,BB,San_Diego_Padres_at_Miami_Marlins,0.33,0.323,0.007000000000000006,OVER,Targeting LF  Kyle Stowers OVER 0.3 BB. Model projects 0.3 (0.01 edge). Recent trends and opponent weakness support this play.
CF  Daulton Varsho,Toronto Blue Jays,mlb,R,Toronto_Blue_Jays_at_Boston_Red_Sox,0.33,0.323,0.007000000000000006,OVER,"Marginal +EV opportunity: CF  Daulton Varsho is projected for 0.3 R vs a line of 0.3, giving a OVER edge of 0.01. Based on recent form, opponent matchup, and game context."
1B  Vladimir Guerrero Jr.,Toronto Blue Jays,mlb,BB,Toronto_Blue_Jays_at_Boston_Red_Sox,0.37,0.363,0.007000000000000006,OVER,1B  Vladimir Guerrero Jr. shows OVER value at 0.4 BB. TC projection: 0.4 — edge: 0.01. Marginal conviction based on usage rate and defensive matchup.
DH  Masataka Yoshida,Boston Red Sox,mlb,R,Toronto_Blue_Jays_at_Boston_Red_Sox,0.34,0.333,0.007000000000000006,OVER,"Marginal +EV opportunity: DH  Masataka Yoshida is projected for 0.3 R vs a line of 0.3, giving a OVER edge of 0.01. Based on recent form, opponent matchup, and game context."
LF  Tim Tawa,Arizona Diamondbacks,mlb,RBI,Arizona_Diamondbacks_at_Washington_Nationals,0.35,0.357,-0.007000000000000006,UNDER,"Marginal +EV opportunity: LF  Tim Tawa is projected for 0.3 RBI vs a line of 0.4, giving a UNDER edge of 0.01. Based on recent form, opponent matchup, and game context."
1B  Andrés Chaparro,Washington Nationals,mlb,H,Arizona_Diamondbacks_at_Washington_Nationals,0.36,0.367,-0.007000000000000006,UNDER,"Marginal +EV opportunity: 1B  Andrés Chaparro is projected for 0.4 H vs a line of 0.4, giving a UNDER edge of 0.01. Based on recent form, opponent matchup, and game context."
LF  Angel Martínez,Cleveland Guardians,mlb,R,Cleveland_Guardians_at_Tampa_Bay_Rays,0.35,0.357,-0.007000000000000006,UNDER,"Marginal +EV opportunity: LF  Angel Martínez is projected for 0.3 R vs a line of 0.4, giving a UNDER edge of 0.01. Based on recent form, opponent matchup, and game context."
SS  Brayan Rocchio,Cleveland Guardians,mlb,R,Cleveland_Guardians_at_Tampa_Bay_Rays,0.35,0.357,-0.007000000000000006,UNDER,"Marginal +EV opportunity: SS  Brayan Rocchio is projected for 0.3 R vs a line of 0.4, giving a UNDER edge of 0.01. Based on recent form, opponent matchup, and game context."
RF  Chase DeLauter,Cleveland Guardians,mlb,R,Cleveland_Guardians_at_Tampa_Bay_Rays,0.33,0.337,-0.007000000000000006,UNDER,Targeting RF  Chase DeLauter UNDER 0.3 R. Model projects 0.3 (0.01 edge). Recent trends and opponent weakness support this play.
CF  Steven Kwan,Cleveland Guardians,mlb,R,Cleveland_Guardians_at_Tampa_Bay_Rays,0.36,0.367,-0.007000000000000006,UNDER,Targeting CF  Steven Kwan UNDER 0.4 R. Model projects 0.4 (0.01 edge). Recent trends and opponent weakness support this play.
RF  Victor Mesa Jr.,Tampa Bay Rays,mlb,R,Cleveland_Guardians_at_Tampa_Bay_Rays,0.36,0.367,-0.007000000000000006,UNDER,"Marginal +EV opportunity: RF  Victor Mesa Jr. is projected for 0.4 R vs a line of 0.4, giving a UNDER edge of 0.01. Based on recent form, opponent matchup, and game context."
DH  Yandy Díaz,Tampa Bay Rays,mlb,BB,Cleveland_Guardians_at_Tampa_Bay_Rays,0.35,0.357,-0.007000000000000006,UNDER,DH  Yandy Díaz shows UNDER value at 0.4 BB. TC projection: 0.3 — edge: 0.01. Marginal conviction based on usage rate and defensive matchup.
CF  Lane Thomas,Kansas City Royals,mlb,RBI,Kansas_City_Royals_at_Detroit_Tigers,0.33,0.337,-0.007000000000000006,UNDER,"Marginal +EV opportunity: CF  Lane Thomas is projected for 0.3 RBI vs a line of 0.3, giving a UNDER edge of 0.01. Based on recent form, opponent matchup, and game context."
DH  Salvador Perez,Kansas City Royals,mlb,RBI,Kansas_City_Royals_at_Detroit_Tigers,0.37,0.377,-0.007000000000000006,UNDER,Targeting DH  Salvador Perez UNDER 0.4 RBI. Model projects 0.4 (0.01 edge). Recent trends and opponent weakness support this play.
SS  Tyler Tolbert,Kansas City Royals,mlb,R,Kansas_City_Royals_at_Detroit_Tigers,0.37,0.377,-0.007000000000000006,UNDER,"Marginal +EV opportunity: SS  Tyler Tolbert is projected for 0.4 R vs a line of 0.4, giving a UNDER edge of 0.01. Based on recent form, opponent matchup, and game context."
1B  Vinnie Pasquantino,Kansas City Royals,mlb,RBI,Kansas_City_Royals_at_Detroit_Tigers,0.36,0.367,-0.007000000000000006,UNDER,"Marginal +EV opportunity: 1B  Vinnie Pasquantino is projected for 0.4 RBI vs a line of 0.4, giving a UNDER edge of 0.01. Based on recent form, opponent matchup, and game context."
3B  Colt Keith,Detroit Tigers,mlb,R,Kansas_City_Royals_at_Detroit_Tigers,0.35,0.357,-0.007000000000000006,UNDER,3B  Colt Keith shows UNDER value at 0.4 R. TC projection: 0.3 — edge: 0.01. Marginal conviction based on usage rate and defensive matchup.
1B  Spencer Torkelson,Detroit Tigers,mlb,R,Kansas_City_Royals_at_Detroit_Tigers,0.36,0.367,-0.007000000000000006,UNDER,Targeting 1B  Spencer Torkelson UNDER 0.4 R. Model projects 0.4 (0.01 edge). Recent trends and opponent weakness support this play.
1B  Spencer Torkelson,Detroit Tigers,mlb,BB,Kansas_City_Royals_at_Detroit_Tigers,0.36,0.367,-0.007000000000000006,UNDER,1B  Spencer Torkelson shows UNDER value at 0.4 BB. TC projection: 0.4 — edge: 0.01. Marginal conviction based on usage rate and defensive matchup.
3B  Denzer Guzman,Los Angeles Angels,mlb,RBI,Los_Angeles_Angels_at_San_Francisco_Giants,0.35,0.357,-0.007000000000000006,UNDER,3B  Denzer Guzman shows UNDER value at 0.4 RBI. TC projection: 0.3 — edge: 0.01. Marginal conviction based on usage rate and defensive matchup.
DH  Jorge Soler,Los Angeles Angels,mlb,BB,Los_Angeles_Angels_at_San_Francisco_Giants,0.33,0.337,-0.007000000000000006,UNDER,DH  Jorge Soler shows UNDER value at 0.3 BB. TC projection: 0.3 — edge: 0.01. Marginal conviction based on usage rate and defensive matchup.
2B  Vaughn Grissom,Los Angeles Angels,mlb,R,Los_Angeles_Angels_at_San_Francisco_Giants,0.33,0.337,-0.007000000000000006,UNDER,2B  Vaughn Grissom shows UNDER value at 0.3 R. TC projection: 0.3 — edge: 0.01. Marginal conviction based on usage rate and defensive matchup.
C   Ali Sánchez,New York Yankees,mlb,H,New_York_Yankees_at_Philadelphia_Phillies,0.33,0.337,-0.007000000000000006,UNDER,"Marginal +EV opportunity: C   Ali Sánchez is projected for 0.3 H vs a line of 0.3, giving a UNDER edge of 0.01. Based on recent form, opponent matchup, and game context."
2B  Jazz Chisholm Jr.,New York Yankees,mlb,RBI,New_York_Yankees_at_Philadelphia_Phillies,0.37,0.377,-0.007000000000000006,UNDER,Targeting 2B  Jazz Chisholm Jr. UNDER 0.4 RBI. Model projects 0.4 (0.01 edge). Recent trends and opponent weakness support this play.
1B  Gavin Sheets,San Diego Padres,mlb,R,San_Diego_Padres_at_Miami_Marlins,0.33,0.337,-0.007000000000000006,UNDER,1B  Gavin Sheets shows UNDER value at 0.3 R. TC projection: 0.3 — edge: 0.01. Marginal conviction based on usage rate and defensive matchup.
1B  Gavin Sheets,San Diego Padres,mlb,RBI,San_Diego_Padres_at_Miami_Marlins,0.35,0.357,-0.007000000000000006,UNDER,Targeting 1B  Gavin Sheets UNDER 0.4 RBI. Model projects 0.3 (0.01 edge). Recent trends and opponent weakness support this play.
3B  Luis Rengifo,San Diego Padres,mlb,R,San_Diego_Padres_at_Miami_Marlins,0.33,0.337,-0.007000000000000006,UNDER,Targeting 3B  Luis Rengifo UNDER 0.3 R. Model projects 0.3 (0.01 edge). Recent trends and opponent weakness support this play.
SS  Xander Bogaerts,San Diego Padres,mlb,R,San_Diego_Padres_at_Miami_Marlins,0.35,0.357,-0.007000000000000006,UNDER,"Marginal +EV opportunity: SS  Xander Bogaerts is projected for 0.3 R vs a line of 0.4, giving a UNDER edge of 0.01. Based on recent form, opponent matchup, and game context."
3B  Graham Pauley,Miami Marlins,mlb,H,San_Diego_Padres_at_Miami_Marlins,0.37,0.377,-0.007000000000000006,UNDER,Targeting 3B  Graham Pauley UNDER 0.4 H. Model projects 0.4 (0.01 edge). Recent trends and opponent weakness support this play.
LF  Griffin Conine,Miami Marlins,mlb,R,San_Diego_Padres_at_Miami_Marlins,0.37,0.377,-0.007000000000000006,UNDER,Targeting LF  Griffin Conine UNDER 0.4 R. Model projects 0.4 (0.01 edge). Recent trends and opponent weakness support this play.
3B  Javier Sanoja,Miami Marlins,mlb,RBI,San_Diego_Padres_at_Miami_Marlins,0.35,0.357,-0.007000000000000006,UNDER,3B  Javier Sanoja shows UNDER value at 0.4 RBI. TC projection: 0.3 — edge: 0.01. Marginal conviction based on usage rate and defensive matchup.
C   Liam Hicks,Miami Marlins,mlb,BB,San_Diego_Padres_at_Miami_Marlins,0.33,0.337,-0.007000000000000006,UNDER,"Marginal +EV opportunity: C   Liam Hicks is projected for 0.3 BB vs a line of 0.3, giving a UNDER edge of 0.01. Based on recent form, opponent matchup, and game context."
C   Alejandro Kirk,Toronto Blue Jays,mlb,BB,Toronto_Blue_Jays_at_Boston_Red_Sox,0.33,0.337,-0.007000000000000006,UNDER,C   Alejandro Kirk shows UNDER value at 0.3 BB. TC projection: 0.3 — edge: 0.01. Marginal conviction based on usage rate and defensive matchup.
SS  Andrés Giménez,Toronto Blue Jays,mlb,RBI,Toronto_Blue_Jays_at_Boston_Red_Sox,0.33,0.337,-0.007000000000000006,UNDER,"Marginal +EV opportunity: SS  Andrés Giménez is projected for 0.3 RBI vs a line of 0.3, giving a UNDER edge of 0.01. Based on recent form, opponent matchup, and game context."
DH  George Springer,Toronto Blue Jays,mlb,BB,Toronto_Blue_Jays_at_Boston_Red_Sox,0.37,0.377,-0.007000000000000006,UNDER,Targeting DH  George Springer UNDER 0.4 BB. Model projects 0.4 (0.01 edge). Recent trends and opponent weakness support this play.
2B  Luis Urías,Toronto Blue Jays,mlb,H,Toronto_Blue_Jays_at_Boston_Red_Sox,0.37,0.377,-0.007000000000000006,UNDER,"Marginal +EV opportunity: 2B  Luis Urías is projected for 0.4 H vs a line of 0.4, giving a UNDER edge of 0.01. Based on recent form, opponent matchup, and game context."
1B  Vladimir Guerrero Jr.,Toronto Blue Jays,mlb,RBI,Toronto_Blue_Jays_at_Boston_Red_Sox,0.35,0.357,-0.007000000000000006,UNDER,1B  Vladimir Guerrero Jr. shows UNDER value at 0.4 RBI. TC projection: 0.3 — edge: 0.01. Marginal conviction based on usage rate and defensive matchup.
DH  Romy Gonzalez,Boston Red Sox,mlb,R,Toronto_Blue_Jays_at_Boston_Red_Sox,0.33,0.337,-0.007000000000000006,UNDER,DH  Romy Gonzalez shows UNDER value at 0.3 R. TC projection: 0.3 — edge: 0.01. Marginal conviction based on usage rate and defensive matchup.
RF  Wilyer Abreu,Boston Red Sox,mlb,BB,Toronto_Blue_Jays_at_Boston_Red_Sox,0.36,0.367,-0.007000000000000006,UNDER,"Marginal +EV opportunity: RF  Wilyer Abreu is projected for 0.4 BB vs a line of 0.4, giving a UNDER edge of 0.01. Based on recent form, opponent matchup, and game context."
CF  Jacob Young,Washington Nationals,mlb,R,Arizona_Diamondbacks_at_Washington_Nationals,0.35,0.343,0.006999999999999951,OVER,CF  Jacob Young shows OVER value at 0.3 R. TC projection: 0.3 — edge: 0.01. Marginal conviction based on usage rate and defensive matchup.
LF  Isaac Collins,Kansas City Royals,mlb,BB,Kansas_City_Royals_at_Detroit_Tigers,0.35,0.343,0.006999999999999951,OVER,LF  Isaac Collins shows OVER value at 0.3 BB. TC projection: 0.3 — edge: 0.01. Marginal conviction based on usage rate and defensive matchup.
3B  Nick Loftin,Kansas City Royals,mlb,R,Kansas_City_Royals_at_Detroit_Tigers,0.35,0.343,0.006999999999999951,OVER,3B  Nick Loftin shows OVER value at 0.3 R. TC projection: 0.3 — edge: 0.01. Marginal conviction based on usage rate and defensive matchup.
1B  Rafael Devers,San Francisco Giants,mlb,BB,Los_Angeles_Angels_at_San_Francisco_Giants,0.35,0.343,0.006999999999999951,OVER,1B  Rafael Devers shows OVER value at 0.3 BB. TC projection: 0.3 — edge: 0.01. Marginal conviction based on usage rate and defensive matchup.
SS  José Caballero,New York Yankees,mlb,RBI,New_York_Yankees_at_Philadelphia_Phillies,0.35,0.343,0.006999999999999951,OVER,Targeting SS  José Caballero OVER 0.3 RBI. Model projects 0.3 (0.01 edge). Recent trends and opponent weakness support this play.
2B  Bryson Stott,Philadelphia Phillies,mlb,R,New_York_Yankees_at_Philadelphia_Phillies,0.35,0.343,0.006999999999999951,OVER,Targeting 2B  Bryson Stott OVER 0.3 R. Model projects 0.3 (0.01 edge). Recent trends and opponent weakness support this play.
RF  Esteury Ruiz,Miami Marlins,mlb,H,San_Diego_Padres_at_Miami_Marlins,0.35,0.343,0.006999999999999951,OVER,"Marginal +EV opportunity: RF  Esteury Ruiz is projected for 0.3 H vs a line of 0.3, giving a OVER edge of 0.01. Based on recent form, opponent matchup, and game context."
1B  Willson Contreras,Boston Red Sox,mlb,BB,Toronto_Blue_Jays_at_Boston_Red_Sox,0.35,0.343,0.006999999999999951,OVER,Targeting 1B  Willson Contreras OVER 0.3 BB. Model projects 0.3 (0.01 edge). Recent trends and opponent weakness support this play.
1B  Rhys Hoskins,Cleveland Guardians,mlb,RBI,Cleveland_Guardians_at_Tampa_Bay_Rays,0.34,0.347,-0.006999999999999951,UNDER,1B  Rhys Hoskins shows UNDER value at 0.3 RBI. TC projection: 0.3 — edge: 0.01. Marginal conviction based on usage rate and defensive matchup.
2B  Michael Massey,Kansas City Royals,mlb,R,Kansas_City_Royals_at_Detroit_Tigers,0.34,0.347,-0.006999999999999951,UNDER,Targeting 2B  Michael Massey UNDER 0.3 R. Model projects 0.3 (0.01 edge). Recent trends and opponent weakness support this play.
SS  Trea Turner,Philadelphia Phillies,mlb,RBI,New_York_Yankees_at_Philadelphia_Phillies,0.34,0.347,-0.006999999999999951,UNDER,Targeting SS  Trea Turner UNDER 0.3 RBI. Model projects 0.3 (0.01 edge). Recent trends and opponent weakness support this play.
3B  Luis Rengifo,San Diego Padres,mlb,RBI,San_Diego_Padres_at_Miami_Marlins,0.34,0.347,-0.006999999999999951,UNDER,Targeting 3B  Luis Rengifo UNDER 0.3 RBI. Model projects 0.3 (0.01 edge). Recent trends and opponent weakness support this play.
RF  Esteury Ruiz,Miami Marlins,mlb,R,San_Diego_Padres_at_Miami_Marlins,0.34,0.347,-0.006999999999999951,UNDER,Targeting RF  Esteury Ruiz UNDER 0.3 R. Model projects 0.3 (0.01 edge). Recent trends and opponent weakness support this play.
3B  Nolan Arenado,Arizona Diamondbacks,mlb,BB,Arizona_Diamondbacks_at_Washington_Nationals,0.29,0.284,0.006000000000000005,OVER,3B  Nolan Arenado shows OVER value at 0.3 BB. TC projection: 0.3 — edge: 0.01. Marginal conviction based on usage rate and defensive matchup.
CF  Ryan Waldschmidt,Arizona Diamondbacks,mlb,R,Arizona_Diamondbacks_at_Washington_Nationals,0.29,0.284,0.006000000000000005,OVER,CF  Ryan Waldschmidt shows OVER value at 0.3 R. TC projection: 0.3 — edge: 0.01. Marginal conviction based on usage rate and defensive matchup.
CF  Jacob Young,Washington Nationals,mlb,RBI,Arizona_Diamondbacks_at_Washington_Nationals,0.31,0.304,0.006000000000000005,OVER,CF  Jacob Young shows OVER value at 0.3 RBI. TC projection: 0.3 — edge: 0.01. Marginal conviction based on usage rate and defensive matchup.
DH  José Tena,Washington Nationals,mlb,R,Arizona_Diamondbacks_at_Washington_Nationals,0.3,0.294,0.006000000000000005,OVER,DH  José Tena shows OVER value at 0.3 R. TC projection: 0.3 — edge: 0.01. Marginal conviction based on usage rate and defensive matchup.
2B  Nasim Nuñez,Washington Nationals,mlb,BB,Arizona_Diamondbacks_at_Washington_Nationals,0.31,0.304,0.006000000000000005,OVER,2B  Nasim Nuñez shows OVER value at 0.3 BB. TC projection: 0.3 — edge: 0.01. Marginal conviction based on usage rate and defensive matchup.
1B  Kyle Manzardo,Cleveland Guardians,mlb,R,Cleveland_Guardians_at_Tampa_Bay_Rays,0.32,0.314,0.006000000000000005,OVER,Targeting 1B  Kyle Manzardo OVER 0.3 R. Model projects 0.3 (0.01 edge). Recent trends and opponent weakness support this play.
1B  Rhys Hoskins,Cleveland Guardians,mlb,R,Cleveland_Guardians_at_Tampa_Bay_Rays,0.3,0.294,0.006000000000000005,OVER,Targeting 1B  Rhys Hoskins OVER 0.3 R. Model projects 0.3 (0.01 edge). Recent trends and opponent weakness support this play.
CF  Cedric Mullins,Tampa Bay Rays,mlb,BB,Cleveland_Guardians_at_Tampa_Bay_Rays,0.28,0.274,0.006000000000000005,OVER,"Marginal +EV opportunity: CF  Cedric Mullins is projected for 0.3 BB vs a line of 0.3, giving a OVER edge of 0.01. Based on recent form, opponent matchup, and game context."
2B  Richie Palacios,Tampa Bay Rays,mlb,BB,Cleveland_Guardians_at_Tampa_Bay_Rays,0.32,0.314,0.006000000000000005,OVER,2B  Richie Palacios shows OVER value at 0.3 BB. TC projection: 0.3 — edge: 0.01. Marginal conviction based on usage rate and defensive matchup.
RF  Ryan Vilade,Tampa Bay Rays,mlb,R,Cleveland_Guardians_at_Tampa_Bay_Rays,0.28,0.274,0.006000000000000005,OVER,"Marginal +EV opportunity: RF  Ryan Vilade is projected for 0.3 R vs a line of 0.3, giving a OVER edge of 0.01. Based on recent form, opponent matchup, and game context."
RF  Victor Mesa Jr.,Tampa Bay Rays,mlb,BB,Cleveland_Guardians_at_Tampa_Bay_Rays,0.31,0.304,0.006000000000000005,OVER,RF  Victor Mesa Jr. shows OVER value at 0.3 BB. TC projection: 0.3 — edge: 0.01. Marginal conviction based on usage rate and defensive matchup.
C   Carter Jensen,Kansas City Royals,mlb,BB,Kansas_City_Royals_at_Detroit_Tigers,0.3,0.294,0.006000000000000005,OVER,"Marginal +EV opportunity: C   Carter Jensen is projected for 0.3 BB vs a line of 0.3, giving a OVER edge of 0.01. Based on recent form, opponent matchup, and game context."
2B  Michael Massey,Kansas City Royals,mlb,RBI,Kansas_City_Royals_at_Detroit_Tigers,0.32,0.314,0.006000000000000005,OVER,"Marginal +EV opportunity: 2B  Michael Massey is projected for 0.3 RBI vs a line of 0.3, giving a OVER edge of 0.01. Based on recent form, opponent matchup, and game context."
DH  Salvador Perez,Kansas City Royals,mlb,R,Kansas_City_Royals_at_Detroit_Tigers,0.32,0.314,0.006000000000000005,OVER,DH  Salvador Perez shows OVER value at 0.3 R. TC projection: 0.3 — edge: 0.01. Marginal conviction based on usage rate and defensive matchup.
CF  Matt Vierling,Detroit Tigers,mlb,RBI,Kansas_City_Royals_at_Detroit_Tigers,0.29,0.284,0.006000000000000005,OVER,Targeting CF  Matt Vierling OVER 0.3 RBI. Model projects 0.3 (0.01 edge). Recent trends and opponent weakness support this play.
2B  Zach McKinstry,Detroit Tigers,mlb,BB,Kansas_City_Royals_at_Detroit_Tigers,0.29,0.284,0.006000000000000005,OVER,Targeting 2B  Zach McKinstry OVER 0.3 BB. Model projects 0.3 (0.01 edge). Recent trends and opponent weakness support this play.
3B  Denzer Guzman,Los Angeles Angels,mlb,R,Los_Angeles_Angels_at_San_Francisco_Giants,0.3,0.294,0.006000000000000005,OVER,3B  Denzer Guzman shows OVER value at 0.3 R. TC projection: 0.3 — edge: 0.01. Marginal conviction based on usage rate and defensive matchup.
1B  Nolan Schanuel,Los Angeles Angels,mlb,BB,Los_Angeles_Angels_at_San_Francisco_Giants,0.31,0.304,0.006000000000000005,OVER,"Marginal +EV opportunity: 1B  Nolan Schanuel is projected for 0.3 BB vs a line of 0.3, giving a OVER edge of 0.01. Based on recent form, opponent matchup, and game context."
LF  Wade Meckler,Los Angeles Angels,mlb,RBI,Los_Angeles_Angels_at_San_Francisco_Giants,0.3,0.294,0.006000000000000005,OVER,LF  Wade Meckler shows OVER value at 0.3 RBI. TC projection: 0.3 — edge: 0.01. Marginal conviction based on usage rate and defensive matchup.
C   Daniel Susac,San Francisco Giants,mlb,RBI,Los_Angeles_Angels_at_San_Francisco_Giants,0.32,0.314,0.006000000000000005,OVER,C   Daniel Susac shows OVER value at 0.3 RBI. TC projection: 0.3 — edge: 0.01. Marginal conviction based on usage rate and defensive matchup.
RF  Jung Hoo Lee,San Francisco Giants,mlb,RBI,Los_Angeles_Angels_at_San_Francisco_Giants,0.31,0.304,0.006000000000000005,OVER,"Marginal +EV opportunity: RF  Jung Hoo Lee is projected for 0.3 RBI vs a line of 0.3, giving a OVER edge of 0.01. Based on recent form, opponent matchup, and game context."
3B  Amed Rosario,New York Yankees,mlb,R,New_York_Yankees_at_Philadelphia_Phillies,0.28,0.274,0.006000000000000005,OVER,3B  Amed Rosario shows OVER value at 0.3 R. TC projection: 0.3 — edge: 0.01. Marginal conviction based on usage rate and defensive matchup.
SS  Max Schuemann,New York Yankees,mlb,H,New_York_Yankees_at_Philadelphia_Phillies,0.32,0.314,0.006000000000000005,OVER,SS  Max Schuemann shows OVER value at 0.3 H. TC projection: 0.3 — edge: 0.01. Marginal conviction based on usage rate and defensive matchup.
3B  Alec Bohm,Philadelphia Phillies,mlb,R,New_York_Yankees_at_Philadelphia_Phillies,0.29,0.284,0.006000000000000005,OVER,3B  Alec Bohm shows OVER value at 0.3 R. TC projection: 0.3 — edge: 0.01. Marginal conviction based on usage rate and defensive matchup.
C   J.T. Realmuto,Philadelphia Phillies,mlb,R,New_York_Yankees_at_Philadelphia_Phillies,0.32,0.314,0.006000000000000005,OVER,Targeting C   J.T. Realmuto OVER 0.3 R. Model projects 0.3 (0.01 edge). Recent trends and opponent weakness support this play.
C   Luis Campusano,San Diego Padres,mlb,RBI,San_Diego_Padres_at_Miami_Marlins,0.31,0.304,0.006000000000000005,OVER,Targeting C   Luis Campusano OVER 0.3 RBI. Model projects 0.3 (0.01 edge). Recent trends and opponent weakness support this play.
2B  Sung-Mun Song,San Diego Padres,mlb,R,San_Diego_Padres_at_Miami_Marlins,0.28,0.274,0.006000000000000005,OVER,Targeting 2B  Sung-Mun Song OVER 0.3 R. Model projects 0.3 (0.01 edge). Recent trends and opponent weakness support this play.
1B  Ty France,San Diego Padres,mlb,R,San_Diego_Padres_at_Miami_Marlins,0.32,0.314,0.006000000000000005,OVER,Targeting 1B  Ty France OVER 0.3 R. Model projects 0.3 (0.01 edge). Recent trends and opponent weakness support this play.
SS  Xander Bogaerts,San Diego Padres,mlb,RBI,San_Diego_Padres_at_Miami_Marlins,0.32,0.314,0.006000000000000005,OVER,SS  Xander Bogaerts shows OVER value at 0.3 RBI. TC projection: 0.3 — edge: 0.01. Marginal conviction based on usage rate and defensive matchup.
LF  Heriberto Hernández,Miami Marlins,mlb,BB,San_Diego_Padres_at_Miami_Marlins,0.28,0.274,0.006000000000000005,OVER,Targeting LF  Heriberto Hernández OVER 0.3 BB. Model projects 0.3 (0.01 edge). Recent trends and opponent weakness support this play.
LF  Davis Schneider,Toronto Blue Jays,mlb,BB,Toronto_Blue_Jays_at_Boston_Red_Sox,0.31,0.304,0.006000000000000005,OVER,Targeting LF  Davis Schneider OVER 0.3 BB. Model projects 0.3 (0.01 edge). Recent trends and opponent weakness support this play.
3B  Kazuma Okamoto,Toronto Blue Jays,mlb,BB,Toronto_Blue_Jays_at_Boston_Red_Sox,0.31,0.304,0.006000000000000005,OVER,"Marginal +EV opportunity: 3B  Kazuma Okamoto is projected for 0.3 BB vs a line of 0.3, giving a OVER edge of 0.01. Based on recent form, opponent matchup, and game context."
LF  Yohendrick Piñango,Toronto Blue Jays,mlb,RBI,Toronto_Blue_Jays_at_Boston_Red_Sox,0.31,0.304,0.006000000000000005,OVER,LF  Yohendrick Piñango shows OVER value at 0.3 RBI. TC projection: 0.3 — edge: 0.01. Marginal conviction based on usage rate and defensive matchup.
2B  Anthony Seigler,Boston Red Sox,mlb,2B,Toronto_Blue_Jays_at_Boston_Red_Sox,0.28,0.274,0.006000000000000005,OVER,"Marginal +EV opportunity: 2B  Anthony Seigler is projected for 0.3 2B vs a line of 0.3, giving a OVER edge of 0.01. Based on recent form, opponent matchup, and game context."
DH  Masataka Yoshida,Boston Red Sox,mlb,BB,Toronto_Blue_Jays_at_Boston_Red_Sox,0.28,0.274,0.006000000000000005,OVER,DH  Masataka Yoshida shows OVER value at 0.3 BB. TC projection: 0.3 — edge: 0.01. Marginal conviction based on usage rate and defensive matchup.
SS  Geraldo Perdomo,Arizona Diamondbacks,mlb,RBI,Arizona_Diamondbacks_at_Washington_Nationals,0.3,0.306,-0.006000000000000005,UNDER,Targeting SS  Geraldo Perdomo UNDER 0.3 RBI. Model projects 0.3 (0.01 edge). Recent trends and opponent weakness support this play.
LF  Max Kepler,Arizona Diamondbacks,mlb,R,Arizona_Diamondbacks_at_Washington_Nationals,0.31,0.316,-0.006000000000000005,UNDER,LF  Max Kepler shows UNDER value at 0.3 R. TC projection: 0.3 — edge: 0.01. Marginal conviction based on usage rate and defensive matchup.
1B  Andrés Chaparro,Washington Nationals,mlb,BB,Arizona_Diamondbacks_at_Washington_Nationals,0.29,0.296,-0.006000000000000005,UNDER,1B  Andrés Chaparro shows UNDER value at 0.3 BB. TC projection: 0.3 — edge: 0.01. Marginal conviction based on usage rate and defensive matchup.
SS  CJ Abrams,Washington Nationals,mlb,BB,Arizona_Diamondbacks_at_Washington_Nationals,0.31,0.316,-0.006000000000000005,UNDER,"Marginal +EV opportunity: SS  CJ Abrams is projected for 0.3 BB vs a line of 0.3, giving a UNDER edge of 0.01. Based on recent form, opponent matchup, and game context."
C   Austin Hedges,Cleveland Guardians,mlb,R,Cleveland_Guardians_at_Tampa_Bay_Rays,0.3,0.306,-0.006000000000000005,UNDER,C   Austin Hedges shows UNDER value at 0.3 R. TC projection: 0.3 — edge: 0.01. Marginal conviction based on usage rate and defensive matchup.
RF  David Fry,Cleveland Guardians,mlb,H,Cleveland_Guardians_at_Tampa_Bay_Rays,0.32,0.326,-0.006000000000000005,UNDER,Targeting RF  David Fry UNDER 0.3 H. Model projects 0.3 (0.01 edge). Recent trends and opponent weakness support this play.
1B  Kyle Manzardo,Cleveland Guardians,mlb,BB,Cleveland_Guardians_at_Tampa_Bay_Rays,0.29,0.296,-0.006000000000000005,UNDER,1B  Kyle Manzardo shows UNDER value at 0.3 BB. TC projection: 0.3 — edge: 0.01. Marginal conviction based on usage rate and defensive matchup.
2B  Ben Williamson,Tampa Bay Rays,mlb,RBI,Cleveland_Guardians_at_Tampa_Bay_Rays,0.29,0.296,-0.006000000000000005,UNDER,2B  Ben Williamson shows UNDER value at 0.3 RBI. TC projection: 0.3 — edge: 0.01. Marginal conviction based on usage rate and defensive matchup.
CF  Cedric Mullins,Tampa Bay Rays,mlb,RBI,Cleveland_Guardians_at_Tampa_Bay_Rays,0.3,0.306,-0.006000000000000005,UNDER,Targeting CF  Cedric Mullins UNDER 0.3 RBI. Model projects 0.3 (0.01 edge). Recent trends and opponent weakness support this play.
C   Nick Fortes,Tampa Bay Rays,mlb,R,Cleveland_Guardians_at_Tampa_Bay_Rays,0.31,0.316,-0.006000000000000005,UNDER,Targeting C   Nick Fortes UNDER 0.3 R. Model projects 0.3 (0.01 edge). Recent trends and opponent weakness support this play.
C   Nick Fortes,Tampa Bay Rays,mlb,RBI,Cleveland_Guardians_at_Tampa_Bay_Rays,0.3,0.306,-0.006000000000000005,UNDER,Targeting C   Nick Fortes UNDER 0.3 RBI. Model projects 0.3 (0.01 edge). Recent trends and opponent weakness support this play.
LF  Isaac Collins,Kansas City Royals,mlb,RBI,Kansas_City_Royals_at_Detroit_Tigers,0.3,0.306,-0.006000000000000005,UNDER,Targeting LF  Isaac Collins UNDER 0.3 RBI. Model projects 0.3 (0.01 edge). Recent trends and opponent weakness support this play.
RF  Jac Caglianone,Kansas City Royals,mlb,RBI,Kansas_City_Royals_at_Detroit_Tigers,0.32,0.326,-0.006000000000000005,UNDER,"Marginal +EV opportunity: RF  Jac Caglianone is projected for 0.3 RBI vs a line of 0.3, giving a UNDER edge of 0.01. Based on recent form, opponent matchup, and game context."
2B  Hao-Yu Lee,Detroit Tigers,mlb,RBI,Kansas_City_Royals_at_Detroit_Tigers,0.29,0.296,-0.006000000000000005,UNDER,Targeting 2B  Hao-Yu Lee UNDER 0.3 RBI. Model projects 0.3 (0.01 edge). Recent trends and opponent weakness support this play.
C   Jake Rogers,Detroit Tigers,mlb,BB,Kansas_City_Royals_at_Detroit_Tigers,0.32,0.326,-0.006000000000000005,UNDER,"Marginal +EV opportunity: C   Jake Rogers is projected for 0.3 BB vs a line of 0.3, giving a UNDER edge of 0.01. Based on recent form, opponent matchup, and game context."
RF  Kerry Carpenter,Detroit Tigers,mlb,R,Kansas_City_Royals_at_Detroit_Tigers,0.3,0.306,-0.006000000000000005,UNDER,RF  Kerry Carpenter shows UNDER value at 0.3 R. TC projection: 0.3 — edge: 0.01. Marginal conviction based on usage rate and defensive matchup.
SS  Kevin McGonigle,Detroit Tigers,mlb,RBI,Kansas_City_Royals_at_Detroit_Tigers,0.3,0.306,-0.006000000000000005,UNDER,SS  Kevin McGonigle shows UNDER value at 0.3 RBI. TC projection: 0.3 — edge: 0.01. Marginal conviction based on usage rate and defensive matchup.
CF  Jose Siri,Los Angeles Angels,mlb,R,Los_Angeles_Angels_at_San_Francisco_Giants,0.32,0.326,-0.006000000000000005,UNDER,CF  Jose Siri shows UNDER value at 0.3 R. TC projection: 0.3 — edge: 0.01. Marginal conviction based on usage rate and defensive matchup.
CF  Jose Siri,Los Angeles Angels,mlb,RBI,Los_Angeles_Angels_at_San_Francisco_Giants,0.3,0.306,-0.006000000000000005,UNDER,CF  Jose Siri shows UNDER value at 0.3 RBI. TC projection: 0.3 — edge: 0.01. Marginal conviction based on usage rate and defensive matchup.
LF  Josh Lowe,Los Angeles Angels,mlb,RBI,Los_Angeles_Angels_at_San_Francisco_Giants,0.29,0.296,-0.006000000000000005,UNDER,Targeting LF  Josh Lowe UNDER 0.3 RBI. Model projects 0.3 (0.01 edge). Recent trends and opponent weakness support this play.
1B  Nolan Schanuel,Los Angeles Angels,mlb,R,Los_Angeles_Angels_at_San_Francisco_Giants,0.32,0.326,-0.006000000000000005,UNDER,"Marginal +EV opportunity: 1B  Nolan Schanuel is projected for 0.3 R vs a line of 0.3, giving a UNDER edge of 0.01. Based on recent form, opponent matchup, and game context."
SS  Anthony Volpe,New York Yankees,mlb,R,New_York_Yankees_at_Philadelphia_Phillies,0.31,0.316,-0.006000000000000005,UNDER,Targeting SS  Anthony Volpe UNDER 0.3 R. Model projects 0.3 (0.01 edge). Recent trends and opponent weakness support this play.
C   Austin Wells,New York Yankees,mlb,BB,New_York_Yankees_at_Philadelphia_Phillies,0.32,0.326,-0.006000000000000005,UNDER,C   Austin Wells shows UNDER value at 0.3 BB. TC projection: 0.3 — edge: 0.01. Marginal conviction based on usage rate and defensive matchup.
RF  Jasson Domínguez,New York Yankees,mlb,R,New_York_Yankees_at_Philadelphia_Phillies,0.31,0.316,-0.006000000000000005,UNDER,RF  Jasson Domínguez shows UNDER value at 0.3 R. TC projection: 0.3 — edge: 0.01. Marginal conviction based on usage rate and defensive matchup.
2B  Jazz Chisholm Jr.,New York Yankees,mlb,BB,New_York_Yankees_at_Philadelphia_Phillies,0.32,0.326,-0.006000000000000005,UNDER,"Marginal +EV opportunity: 2B  Jazz Chisholm Jr. is projected for 0.3 BB vs a line of 0.3, giving a UNDER edge of 0.01. Based on recent form, opponent matchup, and game context."
DH  Kyle Schwarber,Philadelphia Phillies,mlb,HR,New_York_Yankees_at_Philadelphia_Phillies,0.29,0.296,-0.006000000000000005,UNDER,DH  Kyle Schwarber shows UNDER value at 0.3 HR. TC projection: 0.3 — edge: 0.01. Marginal conviction based on usage rate and defensive matchup.
RF  Fernando Tatis Jr.,San Diego Padres,mlb,BB,San_Diego_Padres_at_Miami_Marlins,0.32,0.326,-0.006000000000000005,UNDER,RF  Fernando Tatis Jr. shows UNDER value at 0.3 BB. TC projection: 0.3 — edge: 0.01. Marginal conviction based on usage rate and defensive matchup.
C   Freddy Fermin,San Diego Padres,mlb,H,San_Diego_Padres_at_Miami_Marlins,0.31,0.316,-0.006000000000000005,UNDER,C   Freddy Fermin shows UNDER value at 0.3 H. TC projection: 0.3 — edge: 0.01. Marginal conviction based on usage rate and defensive matchup.
2B  Jake Cronenworth,San Diego Padres,mlb,R,San_Diego_Padres_at_Miami_Marlins,0.31,0.316,-0.006000000000000005,UNDER,2B  Jake Cronenworth shows UNDER value at 0.3 R. TC projection: 0.3 — edge: 0.01. Marginal conviction based on usage rate and defensive matchup.
2B  Jake Cronenworth,San Diego Padres,mlb,BB,San_Diego_Padres_at_Miami_Marlins,0.31,0.316,-0.006000000000000005,UNDER,Targeting 2B  Jake Cronenworth UNDER 0.3 BB. Model projects 0.3 (0.01 edge). Recent trends and opponent weakness support this play.
RF  Esteury Ruiz,Miami Marlins,mlb,SB,San_Diego_Padres_at_Miami_Marlins,0.3,0.306,-0.006000000000000005,UNDER,RF  Esteury Ruiz shows UNDER value at 0.3 SB. TC projection: 0.3 — edge: 0.01. Marginal conviction based on usage rate and defensive matchup.
LF  Heriberto Hernández,Miami Marlins,mlb,R,San_Diego_Padres_at_Miami_Marlins,0.3,0.306,-0.006000000000000005,UNDER,LF  Heriberto Hernández shows UNDER value at 0.3 R. TC projection: 0.3 — edge: 0.01. Marginal conviction based on usage rate and defensive matchup.
2B  Xavier Edwards,Miami Marlins,mlb,RBI,San_Diego_Padres_at_Miami_Marlins,0.31,0.316,-0.006000000000000005,UNDER,2B  Xavier Edwards shows UNDER value at 0.3 RBI. TC projection: 0.3 — edge: 0.01. Marginal conviction based on usage rate and defensive matchup.
C   Alejandro Kirk,Toronto Blue Jays,mlb,RBI,Toronto_Blue_Jays_at_Boston_Red_Sox,0.3,0.306,-0.006000000000000005,UNDER,C   Alejandro Kirk shows UNDER value at 0.3 RBI. TC projection: 0.3 — edge: 0.01. Marginal conviction based on usage rate and defensive matchup.
C   Brandon Valenzuela,Toronto Blue Jays,mlb,RBI,Toronto_Blue_Jays_at_Boston_Red_Sox,0.29,0.296,-0.006000000000000005,UNDER,C   Brandon Valenzuela shows UNDER value at 0.3 RBI. TC projection: 0.3 — edge: 0.01. Marginal conviction based on usage rate and defensive matchup.
C   Brandon Valenzuela,Toronto Blue Jays,mlb,BB,Toronto_Blue_Jays_at_Boston_Red_Sox,0.29,0.296,-0.006000000000000005,UNDER,Targeting C   Brandon Valenzuela UNDER 0.3 BB. Model projects 0.3 (0.01 edge). Recent trends and opponent weakness support this play.
DH  George Springer,Toronto Blue Jays,mlb,RBI,Toronto_Blue_Jays_at_Boston_Red_Sox,0.31,0.316,-0.006000000000000005,UNDER,Targeting DH  George Springer UNDER 0.3 RBI. Model projects 0.3 (0.01 edge). Recent trends and opponent weakness support this play.
RF  Myles Straw,Toronto Blue Jays,mlb,H,Toronto_Blue_Jays_at_Boston_Red_Sox,0.32,0.326,-0.006000000000000005,UNDER,"Marginal +EV opportunity: RF  Myles Straw is projected for 0.3 H vs a line of 0.3, giving a UNDER edge of 0.01. Based on recent form, opponent matchup, and game context."
RF  Nathan Lukes,Toronto Blue Jays,mlb,R,Toronto_Blue_Jays_at_Boston_Red_Sox,0.3,0.306,-0.006000000000000005,UNDER,Targeting RF  Nathan Lukes UNDER 0.3 R. Model projects 0.3 (0.01 edge). Recent trends and opponent weakness support this play.
SS  Tsung-Che Cheng,Boston Red Sox,mlb,RBI,Toronto_Blue_Jays_at_Boston_Red_Sox,0.31,0.316,-0.006000000000000005,UNDER,SS  Tsung-Che Cheng shows UNDER value at 0.3 RBI. TC projection: 0.3 — edge: 0.01. Marginal conviction based on usage rate and defensive matchup.
1B  Kyle Manzardo,Cleveland Guardians,mlb,RBI,Cleveland_Guardians_at_Tampa_Bay_Rays,0.28,0.286,-0.00599999999999995,UNDER,Targeting 1B  Kyle Manzardo UNDER 0.3 RBI. Model projects 0.3 (0.01 edge). Recent trends and opponent weakness support this play.
CF  Petey Halpin,Cleveland Guardians,mlb,R,Cleveland_Guardians_at_Tampa_Bay_Rays,0.28,0.286,-0.00599999999999995,UNDER,CF  Petey Halpin shows UNDER value at 0.3 R. TC projection: 0.3 — edge: 0.01. Marginal conviction based on usage rate and defensive matchup.
C   Brandon Valenzuela,Toronto Blue Jays,mlb,R,Toronto_Blue_Jays_at_Boston_Red_Sox,0.28,0.286,-0.00599999999999995,UNDER,Targeting C   Brandon Valenzuela UNDER 0.3 R. Model projects 0.3 (0.01 edge). Recent trends and opponent weakness support this play.
SS  Andruw Monasterio,Boston Red Sox,mlb,R,Toronto_Blue_Jays_at_Boston_Red_Sox,0.28,0.286,-0.00599999999999995,UNDER,SS  Andruw Monasterio shows UNDER value at 0.3 R. TC projection: 0.3 — edge: 0.01. Marginal conviction based on usage rate and defensive matchup.
2B  Anthony Seigler,Boston Red Sox,mlb,RBI,Toronto_Blue_Jays_at_Boston_Red_Sox,0.28,0.286,-0.00599999999999995,UNDER,"Marginal +EV opportunity: 2B  Anthony Seigler is projected for 0.3 RBI vs a line of 0.3, giving a UNDER edge of 0.01. Based on recent form, opponent matchup, and game context."
2B  Anthony Seigler,Boston Red Sox,mlb,BB,Toronto_Blue_Jays_at_Boston_Red_Sox,0.28,0.286,-0.00599999999999995,UNDER,2B  Anthony Seigler shows UNDER value at 0.3 BB. TC projection: 0.3 — edge: 0.01. Marginal conviction based on usage rate and defensive matchup.
CF  Jorge Barrosa,Arizona Diamondbacks,mlb,H,Arizona_Diamondbacks_at_Washington_Nationals,0.27,0.265,0.0050000000000000044,OVER,"Marginal +EV opportunity: CF  Jorge Barrosa is projected for 0.3 H vs a line of 0.3, giving a OVER edge of 0.01. Based on recent form, opponent matchup, and game context."
2B  Ketel Marte,Arizona Diamondbacks,mlb,BB,Arizona_Diamondbacks_at_Washington_Nationals,0.26,0.255,0.0050000000000000044,OVER,"Marginal +EV opportunity: 2B  Ketel Marte is projected for 0.3 BB vs a line of 0.3, giving a OVER edge of 0.01. Based on recent form, opponent matchup, and game context."
CF  Ryan Waldschmidt,Arizona Diamondbacks,mlb,RBI,Arizona_Diamondbacks_at_Washington_Nationals,0.25,0.245,0.0050000000000000044,OVER,"Marginal +EV opportunity: CF  Ryan Waldschmidt is projected for 0.2 RBI vs a line of 0.2, giving a OVER edge of 0.01. Based on recent form, opponent matchup, and game context."
RF  Dylan Crews,Washington Nationals,mlb,BB,Arizona_Diamondbacks_at_Washington_Nationals,0.23,0.225,0.0050000000000000044,OVER,Targeting RF  Dylan Crews OVER 0.2 BB. Model projects 0.2 (0.01 edge). Recent trends and opponent weakness support this play.
3B  Jorbit Vivas,Washington Nationals,mlb,R,Arizona_Diamondbacks_at_Washington_Nationals,0.26,0.255,0.0050000000000000044,OVER,3B  Jorbit Vivas shows OVER value at 0.3 R. TC projection: 0.3 — edge: 0.01. Marginal conviction based on usage rate and defensive matchup.
DH  José Tena,Washington Nationals,mlb,RBI,Arizona_Diamondbacks_at_Washington_Nationals,0.23,0.225,0.0050000000000000044,OVER,"Marginal +EV opportunity: DH  José Tena is projected for 0.2 RBI vs a line of 0.2, giving a OVER edge of 0.01. Based on recent form, opponent matchup, and game context."
C   Keibert Ruiz,Washington Nationals,mlb,2B,Arizona_Diamondbacks_at_Washington_Nationals,0.25,0.245,0.0050000000000000044,OVER,Targeting C   Keibert Ruiz OVER 0.2 2B. Model projects 0.2 (0.01 edge). Recent trends and opponent weakness support this play.
2B  Nasim Nuñez,Washington Nationals,mlb,RBI,Arizona_Diamondbacks_at_Washington_Nationals,0.27,0.265,0.0050000000000000044,OVER,2B  Nasim Nuñez shows OVER value at 0.3 RBI. TC projection: 0.3 — edge: 0.01. Marginal conviction based on usage rate and defensive matchup.
C   Patrick Bailey,Cleveland Guardians,mlb,R,Cleveland_Guardians_at_Tampa_Bay_Rays,0.24,0.235,0.0050000000000000044,OVER,"Marginal +EV opportunity: C   Patrick Bailey is projected for 0.2 R vs a line of 0.2, giving a OVER edge of 0.01. Based on recent form, opponent matchup, and game context."
C   Patrick Bailey,Cleveland Guardians,mlb,RBI,Cleveland_Guardians_at_Tampa_Bay_Rays,0.23,0.225,0.0050000000000000044,OVER,Targeting C   Patrick Bailey OVER 0.2 RBI. Model projects 0.2 (0.01 edge). Recent trends and opponent weakness support this play.
2B  Ben Williamson,Tampa Bay Rays,mlb,BB,Cleveland_Guardians_at_Tampa_Bay_Rays,0.23,0.225,0.0050000000000000044,OVER,Targeting 2B  Ben Williamson OVER 0.2 BB. Model projects 0.2 (0.01 edge). Recent trends and opponent weakness support this play.
3B  Junior Caminero,Tampa Bay Rays,mlb,HR,Cleveland_Guardians_at_Tampa_Bay_Rays,0.24,0.235,0.0050000000000000044,OVER,3B  Junior Caminero shows OVER value at 0.2 HR. TC projection: 0.2 — edge: 0.01. Marginal conviction based on usage rate and defensive matchup.
RF  Ryan Vilade,Tampa Bay Rays,mlb,BB,Cleveland_Guardians_at_Tampa_Bay_Rays,0.23,0.225,0.0050000000000000044,OVER,Targeting RF  Ryan Vilade OVER 0.2 BB. Model projects 0.2 (0.01 edge). Recent trends and opponent weakness support this play.
CF  Lane Thomas,Kansas City Royals,mlb,R,Kansas_City_Royals_at_Detroit_Tigers,0.27,0.265,0.0050000000000000044,OVER,"Marginal +EV opportunity: CF  Lane Thomas is projected for 0.3 R vs a line of 0.3, giving a OVER edge of 0.01. Based on recent form, opponent matchup, and game context."
SS  Tyler Tolbert,Kansas City Royals,mlb,SB,Kansas_City_Royals_at_Detroit_Tigers,0.24,0.235,0.0050000000000000044,OVER,Targeting SS  Tyler Tolbert OVER 0.2 SB. Model projects 0.2 (0.01 edge). Recent trends and opponent weakness support this play.
C   Jake Rogers,Detroit Tigers,mlb,R,Kansas_City_Royals_at_Detroit_Tigers,0.27,0.265,0.0050000000000000044,OVER,Targeting C   Jake Rogers OVER 0.3 R. Model projects 0.3 (0.01 edge). Recent trends and opponent weakness support this play.
CF  James Outman,Detroit Tigers,mlb,H,Kansas_City_Royals_at_Detroit_Tigers,0.25,0.245,0.0050000000000000044,OVER,CF  James Outman shows OVER value at 0.2 H. TC projection: 0.2 — edge: 0.01. Marginal conviction based on usage rate and defensive matchup.
2B  Zach McKinstry,Detroit Tigers,mlb,R,Kansas_City_Royals_at_Detroit_Tigers,0.23,0.225,0.0050000000000000044,OVER,"Marginal +EV opportunity: 2B  Zach McKinstry is projected for 0.2 R vs a line of 0.2, giving a OVER edge of 0.01. Based on recent form, opponent matchup, and game context."
2B  Oswald Peraza,Los Angeles Angels,mlb,R,Los_Angeles_Angels_at_San_Francisco_Giants,0.25,0.245,0.0050000000000000044,OVER,2B  Oswald Peraza shows OVER value at 0.2 R. TC projection: 0.2 — edge: 0.01. Marginal conviction based on usage rate and defensive matchup.
2B  Vaughn Grissom,Los Angeles Angels,mlb,BB,Los_Angeles_Angels_at_San_Francisco_Giants,0.24,0.235,0.0050000000000000044,OVER,"Marginal +EV opportunity: 2B  Vaughn Grissom is projected for 0.2 BB vs a line of 0.2, giving a OVER edge of 0.01. Based on recent form, opponent matchup, and game context."
CF  Drew Gilbert,San Francisco Giants,mlb,R,Los_Angeles_Angels_at_San_Francisco_Giants,0.25,0.245,0.0050000000000000044,OVER,Targeting CF  Drew Gilbert OVER 0.2 R. Model projects 0.2 (0.01 edge). Recent trends and opponent weakness support this play.
SS  Anthony Volpe,New York Yankees,mlb,RBI,New_York_Yankees_at_Philadelphia_Phillies,0.26,0.255,0.0050000000000000044,OVER,Targeting SS  Anthony Volpe OVER 0.3 RBI. Model projects 0.3 (0.01 edge). Recent trends and opponent weakness support this play.
1B  Ben Rice,New York Yankees,mlb,HR,New_York_Yankees_at_Philadelphia_Phillies,0.26,0.255,0.0050000000000000044,OVER,1B  Ben Rice shows OVER value at 0.3 HR. TC projection: 0.3 — edge: 0.01. Marginal conviction based on usage rate and defensive matchup.
3B  Ryan McMahon,New York Yankees,mlb,R,New_York_Yankees_at_Philadelphia_Phillies,0.25,0.245,0.0050000000000000044,OVER,Targeting 3B  Ryan McMahon OVER 0.2 R. Model projects 0.2 (0.01 edge). Recent trends and opponent weakness support this play.
2B  Edmundo Sosa,Philadelphia Phillies,mlb,R,New_York_Yankees_at_Philadelphia_Phillies,0.26,0.255,0.0050000000000000044,OVER,2B  Edmundo Sosa shows OVER value at 0.3 R. TC projection: 0.3 — edge: 0.01. Marginal conviction based on usage rate and defensive matchup.
RF  Gabriel Rincones Jr.,Philadelphia Phillies,mlb,RBI,New_York_Yankees_at_Philadelphia_Phillies,0.23,0.225,0.0050000000000000044,OVER,"Marginal +EV opportunity: RF  Gabriel Rincones Jr. is projected for 0.2 RBI vs a line of 0.2, giving a OVER edge of 0.01. Based on recent form, opponent matchup, and game context."
C   J.T. Realmuto,Philadelphia Phillies,mlb,BB,New_York_Yankees_at_Philadelphia_Phillies,0.23,0.225,0.0050000000000000044,OVER,"Marginal +EV opportunity: C   J.T. Realmuto is projected for 0.2 BB vs a line of 0.2, giving a OVER edge of 0.01. Based on recent form, opponent matchup, and game context."
SS  Trea Turner,Philadelphia Phillies,mlb,BB,New_York_Yankees_at_Philadelphia_Phillies,0.24,0.235,0.0050000000000000044,OVER,SS  Trea Turner shows OVER value at 0.2 BB. TC projection: 0.2 — edge: 0.01. Marginal conviction based on usage rate and defensive matchup.
CF  Jackson Merrill,San Diego Padres,mlb,BB,San_Diego_Padres_at_Miami_Marlins,0.24,0.235,0.0050000000000000044,OVER,"Marginal +EV opportunity: CF  Jackson Merrill is projected for 0.2 BB vs a line of 0.2, giving a OVER edge of 0.01. Based on recent form, opponent matchup, and game context."
3B  Luis Rengifo,San Diego Padres,mlb,BB,San_Diego_Padres_at_Miami_Marlins,0.27,0.265,0.0050000000000000044,OVER,3B  Luis Rengifo shows OVER value at 0.3 BB. TC projection: 0.3 — edge: 0.01. Marginal conviction based on usage rate and defensive matchup.
C   Brian Navarreto,Miami Marlins,mlb,H,San_Diego_Padres_at_Miami_Marlins,0.25,0.245,0.0050000000000000044,OVER,C   Brian Navarreto shows OVER value at 0.2 H. TC projection: 0.2 — edge: 0.01. Marginal conviction based on usage rate and defensive matchup.
C   Brian Navarreto,Miami Marlins,mlb,R,San_Diego_Padres_at_Miami_Marlins,0.25,0.245,0.0050000000000000044,OVER,C   Brian Navarreto shows OVER value at 0.2 R. TC projection: 0.2 — edge: 0.01. Marginal conviction based on usage rate and defensive matchup.
3B  Graham Pauley,Miami Marlins,mlb,RBI,San_Diego_Padres_at_Miami_Marlins,0.25,0.245,0.0050000000000000044,OVER,"Marginal +EV opportunity: 3B  Graham Pauley is projected for 0.2 RBI vs a line of 0.2, giving a OVER edge of 0.01. Based on recent form, opponent matchup, and game context."
3B  Leo Jiménez,Miami Marlins,mlb,R,San_Diego_Padres_at_Miami_Marlins,0.26,0.255,0.0050000000000000044,OVER,"Marginal +EV opportunity: 3B  Leo Jiménez is projected for 0.3 R vs a line of 0.3, giving a OVER edge of 0.01. Based on recent form, opponent matchup, and game context."
CF  Daulton Varsho,Toronto Blue Jays,mlb,RBI,Toronto_Blue_Jays_at_Boston_Red_Sox,0.23,0.225,0.0050000000000000044,OVER,CF  Daulton Varsho shows OVER value at 0.2 RBI. TC projection: 0.2 — edge: 0.01. Marginal conviction based on usage rate and defensive matchup.
2B  Ernie Clement,Toronto Blue Jays,mlb,RBI,Toronto_Blue_Jays_at_Boston_Red_Sox,0.26,0.255,0.0050000000000000044,OVER,"Marginal +EV opportunity: 2B  Ernie Clement is projected for 0.3 RBI vs a line of 0.3, giving a OVER edge of 0.01. Based on recent form, opponent matchup, and game context."
RF  Myles Straw,Toronto Blue Jays,mlb,R,Toronto_Blue_Jays_at_Boston_Red_Sox,0.24,0.235,0.0050000000000000044,OVER,Targeting RF  Myles Straw OVER 0.2 R. Model projects 0.2 (0.01 edge). Recent trends and opponent weakness support this play.
C   Carlos Narváez,Boston Red Sox,mlb,R,Toronto_Blue_Jays_at_Boston_Red_Sox,0.26,0.255,0.0050000000000000044,OVER,"Marginal +EV opportunity: C   Carlos Narváez is projected for 0.3 R vs a line of 0.3, giving a OVER edge of 0.01. Based on recent form, opponent matchup, and game context."
C   Connor Wong,Boston Red Sox,mlb,BB,Toronto_Blue_Jays_at_Boston_Red_Sox,0.27,0.265,0.0050000000000000044,OVER,"Marginal +EV opportunity: C   Connor Wong is projected for 0.3 BB vs a line of 0.3, giving a OVER edge of 0.01. Based on recent form, opponent matchup, and game context."
LF  Jarren Duran,Boston Red Sox,mlb,BB,Toronto_Blue_Jays_at_Boston_Red_Sox,0.26,0.255,0.0050000000000000044,OVER,"Marginal +EV opportunity: LF  Jarren Duran is projected for 0.3 BB vs a line of 0.3, giving a OVER edge of 0.01. Based on recent form, opponent matchup, and game context."
DH  Masataka Yoshida,Boston Red Sox,mlb,RBI,Toronto_Blue_Jays_at_Boston_Red_Sox,0.24,0.235,0.0050000000000000044,OVER,DH  Masataka Yoshida shows OVER value at 0.2 RBI. TC projection: 0.2 — edge: 0.01. Marginal conviction based on usage rate and defensive matchup.
DH  Adrian Del Castillo,Arizona Diamondbacks,mlb,R,Arizona_Diamondbacks_at_Washington_Nationals,0.26,0.265,-0.0050000000000000044,UNDER,DH  Adrian Del Castillo shows UNDER value at 0.3 R. TC projection: 0.3 — edge: 0.01. Marginal conviction based on usage rate and defensive matchup.
CF  Jorge Barrosa,Arizona Diamondbacks,mlb,R,Arizona_Diamondbacks_at_Washington_Nationals,0.24,0.245,-0.0050000000000000044,UNDER,Targeting CF  Jorge Barrosa UNDER 0.2 R. Model projects 0.2 (0.01 edge). Recent trends and opponent weakness support this play.
3B  Jorbit Vivas,Washington Nationals,mlb,BB,Arizona_Diamondbacks_at_Washington_Nationals,0.24,0.245,-0.0050000000000000044,UNDER,Targeting 3B  Jorbit Vivas UNDER 0.2 BB. Model projects 0.2 (0.01 edge). Recent trends and opponent weakness support this play.
C   Austin Hedges,Cleveland Guardians,mlb,RBI,Cleveland_Guardians_at_Tampa_Bay_Rays,0.27,0.275,-0.0050000000000000044,UNDER,C   Austin Hedges shows UNDER value at 0.3 RBI. TC projection: 0.3 — edge: 0.01. Marginal conviction based on usage rate and defensive matchup.
RF  David Fry,Cleveland Guardians,mlb,BB,Cleveland_Guardians_at_Tampa_Bay_Rays,0.27,0.275,-0.0050000000000000044,UNDER,RF  David Fry shows UNDER value at 0.3 BB. TC projection: 0.3 — edge: 0.01. Marginal conviction based on usage rate and defensive matchup.
3B  Gabriel Arias,Cleveland Guardians,mlb,R,Cleveland_Guardians_at_Tampa_Bay_Rays,0.27,0.275,-0.0050000000000000044,UNDER,3B  Gabriel Arias shows UNDER value at 0.3 R. TC projection: 0.3 — edge: 0.01. Marginal conviction based on usage rate and defensive matchup.
3B  José Ramírez,Cleveland Guardians,mlb,SB,Cleveland_Guardians_at_Tampa_Bay_Rays,0.27,0.275,-0.0050000000000000044,UNDER,"Marginal +EV opportunity: 3B  José Ramírez is projected for 0.3 SB vs a line of 0.3, giving a UNDER edge of 0.01. Based on recent form, opponent matchup, and game context."
3B  Josh Rojas,Kansas City Royals,mlb,RBI,Kansas_City_Royals_at_Detroit_Tigers,0.25,0.255,-0.0050000000000000044,UNDER,"Marginal +EV opportunity: 3B  Josh Rojas is projected for 0.2 RBI vs a line of 0.3, giving a UNDER edge of 0.01. Based on recent form, opponent matchup, and game context."
3B  Nick Loftin,Kansas City Royals,mlb,BB,Kansas_City_Royals_at_Detroit_Tigers,0.27,0.275,-0.0050000000000000044,UNDER,"Marginal +EV opportunity: 3B  Nick Loftin is projected for 0.3 BB vs a line of 0.3, giving a UNDER edge of 0.01. Based on recent form, opponent matchup, and game context."
RF  Ben Malgeri,Detroit Tigers,mlb,BB,Kansas_City_Royals_at_Detroit_Tigers,0.27,0.275,-0.0050000000000000044,UNDER,RF  Ben Malgeri shows UNDER value at 0.3 BB. TC projection: 0.3 — edge: 0.01. Marginal conviction based on usage rate and defensive matchup.
C   Logan O'Hoppe,Los Angeles Angels,mlb,RBI,Los_Angeles_Angels_at_San_Francisco_Giants,0.27,0.275,-0.0050000000000000044,UNDER,Targeting C   Logan O'Hoppe UNDER 0.3 RBI. Model projects 0.3 (0.01 edge). Recent trends and opponent weakness support this play.
LF  Wade Meckler,Los Angeles Angels,mlb,BB,Los_Angeles_Angels_at_San_Francisco_Giants,0.26,0.265,-0.0050000000000000044,UNDER,Targeting LF  Wade Meckler UNDER 0.3 BB. Model projects 0.3 (0.01 edge). Recent trends and opponent weakness support this play.
SS  Willy Adames,San Francisco Giants,mlb,BB,Los_Angeles_Angels_at_San_Francisco_Giants,0.24,0.245,-0.0050000000000000044,UNDER,Targeting SS  Willy Adames UNDER 0.2 BB. Model projects 0.2 (0.01 edge). Recent trends and opponent weakness support this play.
C   Austin Wells,New York Yankees,mlb,R,New_York_Yankees_at_Philadelphia_Phillies,0.24,0.245,-0.0050000000000000044,UNDER,C   Austin Wells shows UNDER value at 0.2 R. TC projection: 0.2 — edge: 0.01. Marginal conviction based on usage rate and defensive matchup.
SS  Max Schuemann,New York Yankees,mlb,BB,New_York_Yankees_at_Philadelphia_Phillies,0.27,0.275,-0.0050000000000000044,UNDER,"Marginal +EV opportunity: SS  Max Schuemann is projected for 0.3 BB vs a line of 0.3, giving a UNDER edge of 0.01. Based on recent form, opponent matchup, and game context."
3B  Ryan McMahon,New York Yankees,mlb,RBI,New_York_Yankees_at_Philadelphia_Phillies,0.26,0.265,-0.0050000000000000044,UNDER,Targeting 3B  Ryan McMahon UNDER 0.3 RBI. Model projects 0.3 (0.01 edge). Recent trends and opponent weakness support this play.
2B  Bryson Stott,Philadelphia Phillies,mlb,BB,New_York_Yankees_at_Philadelphia_Phillies,0.24,0.245,-0.0050000000000000044,UNDER,Targeting 2B  Bryson Stott UNDER 0.2 BB. Model projects 0.2 (0.01 edge). Recent trends and opponent weakness support this play.
RF  Derek Hill,Philadelphia Phillies,mlb,R,New_York_Yankees_at_Philadelphia_Phillies,0.26,0.265,-0.0050000000000000044,UNDER,"Marginal +EV opportunity: RF  Derek Hill is projected for 0.3 R vs a line of 0.3, giving a UNDER edge of 0.01. Based on recent form, opponent matchup, and game context."
CF  Justin Crawford,Philadelphia Phillies,mlb,R,New_York_Yankees_at_Philadelphia_Phillies,0.26,0.265,-0.0050000000000000044,UNDER,CF  Justin Crawford shows UNDER value at 0.3 R. TC projection: 0.3 — edge: 0.01. Marginal conviction based on usage rate and defensive matchup.
C   Rodolfo Durán,San Diego Padres,mlb,H,San_Diego_Padres_at_Miami_Marlins,0.27,0.275,-0.0050000000000000044,UNDER,C   Rodolfo Durán shows UNDER value at 0.3 H. TC projection: 0.3 — edge: 0.01. Marginal conviction based on usage rate and defensive matchup.
2B  Sung-Mun Song,San Diego Padres,mlb,RBI,San_Diego_Padres_at_Miami_Marlins,0.26,0.265,-0.0050000000000000044,UNDER,"Marginal +EV opportunity: 2B  Sung-Mun Song is projected for 0.3 RBI vs a line of 0.3, giving a UNDER edge of 0.01. Based on recent form, opponent matchup, and game context."
2B  Sung-Mun Song,San Diego Padres,mlb,BB,San_Diego_Padres_at_Miami_Marlins,0.24,0.245,-0.0050000000000000044,UNDER,"Marginal +EV opportunity: 2B  Sung-Mun Song is projected for 0.2 BB vs a line of 0.2, giving a UNDER edge of 0.01. Based on recent form, opponent matchup, and game context."
LF  Griffin Conine,Miami Marlins,mlb,BB,San_Diego_Padres_at_Miami_Marlins,0.26,0.265,-0.0050000000000000044,UNDER,Targeting LF  Griffin Conine UNDER 0.3 BB. Model projects 0.3 (0.01 edge). Recent trends and opponent weakness support this play.
3B  Javier Sanoja,Miami Marlins,mlb,R,San_Diego_Padres_at_Miami_Marlins,0.25,0.255,-0.0050000000000000044,UNDER,"Marginal +EV opportunity: 3B  Javier Sanoja is projected for 0.2 R vs a line of 0.3, giving a UNDER edge of 0.01. Based on recent form, opponent matchup, and game context."
CF  Daulton Varsho,Toronto Blue Jays,mlb,BB,Toronto_Blue_Jays_at_Boston_Red_Sox,0.24,0.245,-0.0050000000000000044,UNDER,Targeting CF  Daulton Varsho UNDER 0.2 BB. Model projects 0.2 (0.01 edge). Recent trends and opponent weakness support this play.
LF  Davis Schneider,Toronto Blue Jays,mlb,H,Toronto_Blue_Jays_at_Boston_Red_Sox,0.24,0.245,-0.0050000000000000044,UNDER,Targeting LF  Davis Schneider UNDER 0.2 H. Model projects 0.2 (0.01 edge). Recent trends and opponent weakness support this play.
LF  Davis Schneider,Toronto Blue Jays,mlb,R,Toronto_Blue_Jays_at_Boston_Red_Sox,0.26,0.265,-0.0050000000000000044,UNDER,"Marginal +EV opportunity: LF  Davis Schneider is projected for 0.3 R vs a line of 0.3, giving a UNDER edge of 0.01. Based on recent form, opponent matchup, and game context."
SS  Andruw Monasterio,Boston Red Sox,mlb,RBI,Toronto_Blue_Jays_at_Boston_Red_Sox,0.25,0.255,-0.0050000000000000044,UNDER,"Marginal +EV opportunity: SS  Andruw Monasterio is projected for 0.2 RBI vs a line of 0.3, giving a UNDER edge of 0.01. Based on recent form, opponent matchup, and game context."
C   Connor Wong,Boston Red Sox,mlb,R,Toronto_Blue_Jays_at_Boston_Red_Sox,0.25,0.255,-0.0050000000000000044,UNDER,Targeting C   Connor Wong UNDER 0.3 R. Model projects 0.2 (0.01 edge). Recent trends and opponent weakness support this play.
C   Connor Wong,Boston Red Sox,mlb,RBI,Toronto_Blue_Jays_at_Boston_Red_Sox,0.27,0.275,-0.0050000000000000044,UNDER,"Marginal +EV opportunity: C   Connor Wong is projected for 0.3 RBI vs a line of 0.3, giving a UNDER edge of 0.01. Based on recent form, opponent matchup, and game context."
SS  Tsung-Che Cheng,Boston Red Sox,mlb,BB,Toronto_Blue_Jays_at_Boston_Red_Sox,0.25,0.255,-0.0050000000000000044,UNDER,"Marginal +EV opportunity: SS  Tsung-Che Cheng is projected for 0.2 BB vs a line of 0.3, giving a UNDER edge of 0.01. Based on recent form, opponent matchup, and game context."
RF  James Wood,Washington Nationals,mlb,HR,Arizona_Diamondbacks_at_Washington_Nationals,0.23,0.235,-0.004999999999999977,UNDER,Targeting RF  James Wood UNDER 0.2 HR. Model projects 0.2 (0.00 edge). Recent trends and opponent weakness support this play.
3B  Gabriel Arias,Cleveland Guardians,mlb,RBI,Cleveland_Guardians_at_Tampa_Bay_Rays,0.23,0.235,-0.004999999999999977,UNDER,"Marginal +EV opportunity: 3B  Gabriel Arias is projected for 0.2 RBI vs a line of 0.2, giving a UNDER edge of 0.00. Based on recent form, opponent matchup, and game context."
LF  Chandler Simpson,Tampa Bay Rays,mlb,SB,Cleveland_Guardians_at_Tampa_Bay_Rays,0.23,0.235,-0.004999999999999977,UNDER,Targeting LF  Chandler Simpson UNDER 0.2 SB. Model projects 0.2 (0.00 edge). Recent trends and opponent weakness support this play.
RF  Starling Marte,Kansas City Royals,mlb,R,Kansas_City_Royals_at_Detroit_Tigers,0.23,0.235,-0.004999999999999977,UNDER,Targeting RF  Starling Marte UNDER 0.2 R. Model projects 0.2 (0.00 edge). Recent trends and opponent weakness support this play.
C   Dillon Dingler,Detroit Tigers,mlb,BB,Kansas_City_Royals_at_Detroit_Tigers,0.23,0.235,-0.004999999999999977,UNDER,"Marginal +EV opportunity: C   Dillon Dingler is projected for 0.2 BB vs a line of 0.2, giving a UNDER edge of 0.00. Based on recent form, opponent matchup, and game context."
C   Logan O'Hoppe,Los Angeles Angels,mlb,R,Los_Angeles_Angels_at_San_Francisco_Giants,0.23,0.235,-0.004999999999999977,UNDER,"Marginal +EV opportunity: C   Logan O'Hoppe is projected for 0.2 R vs a line of 0.2, giving a UNDER edge of 0.00. Based on recent form, opponent matchup, and game context."
RF  Jasson Domínguez,New York Yankees,mlb,RBI,New_York_Yankees_at_Philadelphia_Phillies,0.23,0.235,-0.004999999999999977,UNDER,"Marginal +EV opportunity: RF  Jasson Domínguez is projected for 0.2 RBI vs a line of 0.2, giving a UNDER edge of 0.00. Based on recent form, opponent matchup, and game context."
2B  Jazz Chisholm Jr.,New York Yankees,mlb,SB,New_York_Yankees_at_Philadelphia_Phillies,0.23,0.235,-0.004999999999999977,UNDER,2B  Jazz Chisholm Jr. shows UNDER value at 0.2 SB. TC projection: 0.2 — edge: 0.00. Marginal conviction based on usage rate and defensive matchup.
RF  Gabriel Rincones Jr.,Philadelphia Phillies,mlb,R,New_York_Yankees_at_Philadelphia_Phillies,0.23,0.235,-0.004999999999999977,UNDER,Targeting RF  Gabriel Rincones Jr. UNDER 0.2 R. Model projects 0.2 (0.00 edge). Recent trends and opponent weakness support this play.
SS  Otto Lopez,Miami Marlins,mlb,2B,San_Diego_Padres_at_Miami_Marlins,0.23,0.235,-0.004999999999999977,UNDER,Targeting SS  Otto Lopez UNDER 0.2 2B. Model projects 0.2 (0.00 edge). Recent trends and opponent weakness support this play.
C   Alejandro Kirk,Toronto Blue Jays,mlb,R,Toronto_Blue_Jays_at_Boston_Red_Sox,0.23,0.235,-0.004999999999999977,UNDER,"Marginal +EV opportunity: C   Alejandro Kirk is projected for 0.2 R vs a line of 0.2, giving a UNDER edge of 0.00. Based on recent form, opponent matchup, and game context."
DH  Adrian Del Castillo,Arizona Diamondbacks,mlb,BB,Arizona_Diamondbacks_at_Washington_Nationals,0.2,0.196,0.0040000000000000036,OVER,DH  Adrian Del Castillo shows OVER value at 0.2 BB. TC projection: 0.2 — edge: 0.00. Marginal conviction based on usage rate and defensive matchup.
C   James McCann,Arizona Diamondbacks,mlb,R,Arizona_Diamondbacks_at_Washington_Nationals,0.22,0.216,0.0040000000000000036,OVER,"Marginal +EV opportunity: C   James McCann is projected for 0.2 R vs a line of 0.2, giving a OVER edge of 0.00. Based on recent form, opponent matchup, and game context."
LF  Max Kepler,Arizona Diamondbacks,mlb,2B,Arizona_Diamondbacks_at_Washington_Nationals,0.18,0.176,0.0040000000000000036,OVER,LF  Max Kepler shows OVER value at 0.2 2B. TC projection: 0.2 — edge: 0.00. Marginal conviction based on usage rate and defensive matchup.
LF  Max Kepler,Arizona Diamondbacks,mlb,BB,Arizona_Diamondbacks_at_Washington_Nationals,0.22,0.216,0.0040000000000000036,OVER,LF  Max Kepler shows OVER value at 0.2 BB. TC projection: 0.2 — edge: 0.00. Marginal conviction based on usage rate and defensive matchup.
CF  Ryan Waldschmidt,Arizona Diamondbacks,mlb,2B,Arizona_Diamondbacks_at_Washington_Nationals,0.21,0.206,0.0040000000000000036,OVER,"Marginal +EV opportunity: CF  Ryan Waldschmidt is projected for 0.2 2B vs a line of 0.2, giving a OVER edge of 0.00. Based on recent form, opponent matchup, and game context."
LF  Tim Tawa,Arizona Diamondbacks,mlb,BB,Arizona_Diamondbacks_at_Washington_Nationals,0.19,0.186,0.0040000000000000036,OVER,Targeting LF  Tim Tawa OVER 0.2 BB. Model projects 0.2 (0.00 edge). Recent trends and opponent weakness support this play.
LF  Daylen Lile,Washington Nationals,mlb,2B,Arizona_Diamondbacks_at_Washington_Nationals,0.19,0.186,0.0040000000000000036,OVER,LF  Daylen Lile shows OVER value at 0.2 2B. TC projection: 0.2 — edge: 0.00. Marginal conviction based on usage rate and defensive matchup.
RF  James Wood,Washington Nationals,mlb,2B,Arizona_Diamondbacks_at_Washington_Nationals,0.21,0.206,0.0040000000000000036,OVER,"Marginal +EV opportunity: RF  James Wood is projected for 0.2 2B vs a line of 0.2, giving a OVER edge of 0.00. Based on recent form, opponent matchup, and game context."
3B  Jorbit Vivas,Washington Nationals,mlb,RBI,Arizona_Diamondbacks_at_Washington_Nationals,0.21,0.206,0.0040000000000000036,OVER,"Marginal +EV opportunity: 3B  Jorbit Vivas is projected for 0.2 RBI vs a line of 0.2, giving a OVER edge of 0.00. Based on recent form, opponent matchup, and game context."
C   Austin Hedges,Cleveland Guardians,mlb,BB,Cleveland_Guardians_at_Tampa_Bay_Rays,0.21,0.206,0.0040000000000000036,OVER,Targeting C   Austin Hedges OVER 0.2 BB. Model projects 0.2 (0.00 edge). Recent trends and opponent weakness support this play.
RF  Chase DeLauter,Cleveland Guardians,mlb,2B,Cleveland_Guardians_at_Tampa_Bay_Rays,0.19,0.186,0.0040000000000000036,OVER,"Marginal +EV opportunity: RF  Chase DeLauter is projected for 0.2 2B vs a line of 0.2, giving a OVER edge of 0.00. Based on recent form, opponent matchup, and game context."
C   Patrick Bailey,Cleveland Guardians,mlb,BB,Cleveland_Guardians_at_Tampa_Bay_Rays,0.18,0.176,0.0040000000000000036,OVER,Targeting C   Patrick Bailey OVER 0.2 BB. Model projects 0.2 (0.00 edge). Recent trends and opponent weakness support this play.
C   Hunter Feduccia,Tampa Bay Rays,mlb,R,Cleveland_Guardians_at_Tampa_Bay_Rays,0.22,0.216,0.0040000000000000036,OVER,"Marginal +EV opportunity: C   Hunter Feduccia is projected for 0.2 R vs a line of 0.2, giving a OVER edge of 0.00. Based on recent form, opponent matchup, and game context."
C   Hunter Feduccia,Tampa Bay Rays,mlb,BB,Cleveland_Guardians_at_Tampa_Bay_Rays,0.22,0.216,0.0040000000000000036,OVER,"Marginal +EV opportunity: C   Hunter Feduccia is projected for 0.2 BB vs a line of 0.2, giving a OVER edge of 0.00. Based on recent form, opponent matchup, and game context."
RF  Jonny DeLuca,Tampa Bay Rays,mlb,2B,Cleveland_Guardians_at_Tampa_Bay_Rays,0.21,0.206,0.0040000000000000036,OVER,Targeting RF  Jonny DeLuca OVER 0.2 2B. Model projects 0.2 (0.00 edge). Recent trends and opponent weakness support this play.
RF  Victor Mesa Jr.,Tampa Bay Rays,mlb,HR,Cleveland_Guardians_at_Tampa_Bay_Rays,0.18,0.176,0.0040000000000000036,OVER,"Marginal +EV opportunity: RF  Victor Mesa Jr. is projected for 0.2 HR vs a line of 0.2, giving a OVER edge of 0.00. Based on recent form, opponent matchup, and game context."
RF  Jac Caglianone,Kansas City Royals,mlb,BB,Kansas_City_Royals_at_Detroit_Tigers,0.22,0.216,0.0040000000000000036,OVER,RF  Jac Caglianone shows OVER value at 0.2 BB. TC projection: 0.2 — edge: 0.00. Marginal conviction based on usage rate and defensive matchup.
3B  Josh Rojas,Kansas City Royals,mlb,R,Kansas_City_Royals_at_Detroit_Tigers,0.21,0.206,0.0040000000000000036,OVER,"Marginal +EV opportunity: 3B  Josh Rojas is projected for 0.2 R vs a line of 0.2, giving a OVER edge of 0.00. Based on recent form, opponent matchup, and game context."
2B  Michael Massey,Kansas City Royals,mlb,2B,Kansas_City_Royals_at_Detroit_Tigers,0.19,0.186,0.0040000000000000036,OVER,"Marginal +EV opportunity: 2B  Michael Massey is projected for 0.2 2B vs a line of 0.2, giving a OVER edge of 0.00. Based on recent form, opponent matchup, and game context."
3B  Colt Keith,Detroit Tigers,mlb,RBI,Kansas_City_Royals_at_Detroit_Tigers,0.22,0.216,0.0040000000000000036,OVER,"Marginal +EV opportunity: 3B  Colt Keith is projected for 0.2 RBI vs a line of 0.2, giving a OVER edge of 0.00. Based on recent form, opponent matchup, and game context."
C   Dillon Dingler,Detroit Tigers,mlb,HR,Kansas_City_Royals_at_Detroit_Tigers,0.2,0.196,0.0040000000000000036,OVER,Targeting C   Dillon Dingler OVER 0.2 HR. Model projects 0.2 (0.00 edge). Recent trends and opponent weakness support this play.
2B  Hao-Yu Lee,Detroit Tigers,mlb,R,Kansas_City_Royals_at_Detroit_Tigers,0.21,0.206,0.0040000000000000036,OVER,Targeting 2B  Hao-Yu Lee OVER 0.2 R. Model projects 0.2 (0.00 edge). Recent trends and opponent weakness support this play.
CF  James Outman,Detroit Tigers,mlb,R,Kansas_City_Royals_at_Detroit_Tigers,0.22,0.216,0.0040000000000000036,OVER,Targeting CF  James Outman OVER 0.2 R. Model projects 0.2 (0.00 edge). Recent trends and opponent weakness support this play.
CF  Matt Vierling,Detroit Tigers,mlb,R,Kansas_City_Royals_at_Detroit_Tigers,0.22,0.216,0.0040000000000000036,OVER,Targeting CF  Matt Vierling OVER 0.2 R. Model projects 0.2 (0.00 edge). Recent trends and opponent weakness support this play.
2B  Zach McKinstry,Detroit Tigers,mlb,RBI,Kansas_City_Royals_at_Detroit_Tigers,0.22,0.216,0.0040000000000000036,OVER,"Marginal +EV opportunity: 2B  Zach McKinstry is projected for 0.2 RBI vs a line of 0.2, giving a OVER edge of 0.00. Based on recent form, opponent matchup, and game context."
LF  Josh Lowe,Los Angeles Angels,mlb,R,Los_Angeles_Angels_at_San_Francisco_Giants,0.22,0.216,0.0040000000000000036,OVER,LF  Josh Lowe shows OVER value at 0.2 R. TC projection: 0.2 — edge: 0.00. Marginal conviction based on usage rate and defensive matchup.
2B  Oswald Peraza,Los Angeles Angels,mlb,RBI,Los_Angeles_Angels_at_San_Francisco_Giants,0.22,0.216,0.0040000000000000036,OVER,"Marginal +EV opportunity: 2B  Oswald Peraza is projected for 0.2 RBI vs a line of 0.2, giving a OVER edge of 0.00. Based on recent form, opponent matchup, and game context."
DH  Bryce Eldridge,San Francisco Giants,mlb,2B,Los_Angeles_Angels_at_San_Francisco_Giants,0.2,0.196,0.0040000000000000036,OVER,Targeting DH  Bryce Eldridge OVER 0.2 2B. Model projects 0.2 (0.00 edge). Recent trends and opponent weakness support this play.
CF  Drew Gilbert,San Francisco Giants,mlb,RBI,Los_Angeles_Angels_at_San_Francisco_Giants,0.22,0.216,0.0040000000000000036,OVER,CF  Drew Gilbert shows OVER value at 0.2 RBI. TC projection: 0.2 — edge: 0.00. Marginal conviction based on usage rate and defensive matchup.
C   Jesus Rodriguez,San Francisco Giants,mlb,R,Los_Angeles_Angels_at_San_Francisco_Giants,0.22,0.216,0.0040000000000000036,OVER,Targeting C   Jesus Rodriguez OVER 0.2 R. Model projects 0.2 (0.00 edge). Recent trends and opponent weakness support this play.
RF  Jung Hoo Lee,San Francisco Giants,mlb,2B,Los_Angeles_Angels_at_San_Francisco_Giants,0.19,0.186,0.0040000000000000036,OVER,RF  Jung Hoo Lee shows OVER value at 0.2 2B. TC projection: 0.2 — edge: 0.00. Marginal conviction based on usage rate and defensive matchup.
2B  Luis Arraez,San Francisco Giants,mlb,2B,Los_Angeles_Angels_at_San_Francisco_Giants,0.2,0.196,0.0040000000000000036,OVER,"Marginal +EV opportunity: 2B  Luis Arraez is projected for 0.2 2B vs a line of 0.2, giving a OVER edge of 0.00. Based on recent form, opponent matchup, and game context."
SS  Willy Adames,San Francisco Giants,mlb,2B,Los_Angeles_Angels_at_San_Francisco_Giants,0.19,0.186,0.0040000000000000036,OVER,"Marginal +EV opportunity: SS  Willy Adames is projected for 0.2 2B vs a line of 0.2, giving a OVER edge of 0.00. Based on recent form, opponent matchup, and game context."
RF  Jasson Domínguez,New York Yankees,mlb,2B,New_York_Yankees_at_Philadelphia_Phillies,0.19,0.186,0.0040000000000000036,OVER,RF  Jasson Domínguez shows OVER value at 0.2 2B. TC projection: 0.2 — edge: 0.00. Marginal conviction based on usage rate and defensive matchup.
1B  Paul Goldschmidt,New York Yankees,mlb,HR,New_York_Yankees_at_Philadelphia_Phillies,0.18,0.176,0.0040000000000000036,OVER,"Marginal +EV opportunity: 1B  Paul Goldschmidt is projected for 0.2 HR vs a line of 0.2, giving a OVER edge of 0.00. Based on recent form, opponent matchup, and game context."
3B  Alec Bohm,Philadelphia Phillies,mlb,BB,New_York_Yankees_at_Philadelphia_Phillies,0.22,0.216,0.0040000000000000036,OVER,3B  Alec Bohm shows OVER value at 0.2 BB. TC projection: 0.2 — edge: 0.00. Marginal conviction based on usage rate and defensive matchup.
LF  Brandon Marsh,Philadelphia Phillies,mlb,BB,New_York_Yankees_at_Philadelphia_Phillies,0.18,0.176,0.0040000000000000036,OVER,Targeting LF  Brandon Marsh OVER 0.2 BB. Model projects 0.2 (0.00 edge). Recent trends and opponent weakness support this play.
C   Freddy Fermin,San Diego Padres,mlb,R,San_Diego_Padres_at_Miami_Marlins,0.21,0.206,0.0040000000000000036,OVER,Targeting C   Freddy Fermin OVER 0.2 R. Model projects 0.2 (0.00 edge). Recent trends and opponent weakness support this play.
RF  Jase Bowen,San Diego Padres,mlb,R,San_Diego_Padres_at_Miami_Marlins,0.19,0.186,0.0040000000000000036,OVER,Targeting RF  Jase Bowen OVER 0.2 R. Model projects 0.2 (0.00 edge). Recent trends and opponent weakness support this play.
3B  Manny Machado,San Diego Padres,mlb,HR,San_Diego_Padres_at_Miami_Marlins,0.18,0.176,0.0040000000000000036,OVER,"Marginal +EV opportunity: 3B  Manny Machado is projected for 0.2 HR vs a line of 0.2, giving a OVER edge of 0.00. Based on recent form, opponent matchup, and game context."
C   Rodolfo Durán,San Diego Padres,mlb,R,San_Diego_Padres_at_Miami_Marlins,0.18,0.176,0.0040000000000000036,OVER,C   Rodolfo Durán shows OVER value at 0.2 R. TC projection: 0.2 — edge: 0.00. Marginal conviction based on usage rate and defensive matchup.
2B  Sung-Mun Song,San Diego Padres,mlb,SB,San_Diego_Padres_at_Miami_Marlins,0.19,0.186,0.0040000000000000036,OVER,2B  Sung-Mun Song shows OVER value at 0.2 SB. TC projection: 0.2 — edge: 0.00. Marginal conviction based on usage rate and defensive matchup.
3B  Graham Pauley,Miami Marlins,mlb,R,San_Diego_Padres_at_Miami_Marlins,0.21,0.206,0.0040000000000000036,OVER,"Marginal +EV opportunity: 3B  Graham Pauley is projected for 0.2 R vs a line of 0.2, giving a OVER edge of 0.00. Based on recent form, opponent matchup, and game context."
3B  Javier Sanoja,Miami Marlins,mlb,2B,San_Diego_Padres_at_Miami_Marlins,0.2,0.196,0.0040000000000000036,OVER,3B  Javier Sanoja shows OVER value at 0.2 2B. TC projection: 0.2 — edge: 0.00. Marginal conviction based on usage rate and defensive matchup.
LF  Kyle Stowers,Miami Marlins,mlb,2B,San_Diego_Padres_at_Miami_Marlins,0.19,0.186,0.0040000000000000036,OVER,"Marginal +EV opportunity: LF  Kyle Stowers is projected for 0.2 2B vs a line of 0.2, giving a OVER edge of 0.00. Based on recent form, opponent matchup, and game context."
3B  Kazuma Okamoto,Toronto Blue Jays,mlb,HR,Toronto_Blue_Jays_at_Boston_Red_Sox,0.19,0.186,0.0040000000000000036,OVER,Targeting 3B  Kazuma Okamoto OVER 0.2 HR. Model projects 0.2 (0.00 edge). Recent trends and opponent weakness support this play.
LF  Yohendrick Piñango,Toronto Blue Jays,mlb,R,Toronto_Blue_Jays_at_Boston_Red_Sox,0.19,0.186,0.0040000000000000036,OVER,LF  Yohendrick Piñango shows OVER value at 0.2 R. TC projection: 0.2 — edge: 0.00. Marginal conviction based on usage rate and defensive matchup.
SS  Andruw Monasterio,Boston Red Sox,mlb,2B,Toronto_Blue_Jays_at_Boston_Red_Sox,0.21,0.206,0.0040000000000000036,OVER,Targeting SS  Andruw Monasterio OVER 0.2 2B. Model projects 0.2 (0.00 edge). Recent trends and opponent weakness support this play.
C   Carlos Narváez,Boston Red Sox,mlb,BB,Toronto_Blue_Jays_at_Boston_Red_Sox,0.18,0.176,0.0040000000000000036,OVER,Targeting C   Carlos Narváez OVER 0.2 BB. Model projects 0.2 (0.00 edge). Recent trends and opponent weakness support this play.
DH  Romy Gonzalez,Boston Red Sox,mlb,BB,Toronto_Blue_Jays_at_Boston_Red_Sox,0.22,0.216,0.0040000000000000036,OVER,"Marginal +EV opportunity: DH  Romy Gonzalez is projected for 0.2 BB vs a line of 0.2, giving a OVER edge of 0.00. Based on recent form, opponent matchup, and game context."
RF  Wilyer Abreu,Boston Red Sox,mlb,2B,Toronto_Blue_Jays_at_Boston_Red_Sox,0.18,0.176,0.0040000000000000036,OVER,"Marginal +EV opportunity: RF  Wilyer Abreu is projected for 0.2 2B vs a line of 0.2, giving a OVER edge of 0.00. Based on recent form, opponent matchup, and game context."
CF  Ryan Waldschmidt,Arizona Diamondbacks,mlb,BB,Arizona_Diamondbacks_at_Washington_Nationals,0.19,0.194,-0.0040000000000000036,UNDER,Targeting CF  Ryan Waldschmidt UNDER 0.2 BB. Model projects 0.2 (0.00 edge). Recent trends and opponent weakness support this play.
LF  Tim Tawa,Arizona Diamondbacks,mlb,R,Arizona_Diamondbacks_at_Washington_Nationals,0.21,0.214,-0.0040000000000000036,UNDER,Targeting LF  Tim Tawa UNDER 0.2 R. Model projects 0.2 (0.00 edge). Recent trends and opponent weakness support this play.
SS  CJ Abrams,Washington Nationals,mlb,HR,Arizona_Diamondbacks_at_Washington_Nationals,0.21,0.214,-0.0040000000000000036,UNDER,Targeting SS  CJ Abrams UNDER 0.2 HR. Model projects 0.2 (0.00 edge). Recent trends and opponent weakness support this play.
LF  Daylen Lile,Washington Nationals,mlb,BB,Arizona_Diamondbacks_at_Washington_Nationals,0.22,0.224,-0.0040000000000000036,UNDER,Targeting LF  Daylen Lile UNDER 0.2 BB. Model projects 0.2 (0.00 edge). Recent trends and opponent weakness support this play.
1B  Luis García Jr.,Washington Nationals,mlb,HR,Arizona_Diamondbacks_at_Washington_Nationals,0.19,0.194,-0.0040000000000000036,UNDER,1B  Luis García Jr. shows UNDER value at 0.2 HR. TC projection: 0.2 — edge: 0.00. Marginal conviction based on usage rate and defensive matchup.
SS  Brayan Rocchio,Cleveland Guardians,mlb,BB,Cleveland_Guardians_at_Tampa_Bay_Rays,0.22,0.224,-0.0040000000000000036,UNDER,SS  Brayan Rocchio shows UNDER value at 0.2 BB. TC projection: 0.2 — edge: 0.00. Marginal conviction based on usage rate and defensive matchup.
LF  Chandler Simpson,Tampa Bay Rays,mlb,RBI,Cleveland_Guardians_at_Tampa_Bay_Rays,0.18,0.184,-0.0040000000000000036,UNDER,"Marginal +EV opportunity: LF  Chandler Simpson is projected for 0.2 RBI vs a line of 0.2, giving a UNDER edge of 0.00. Based on recent form, opponent matchup, and game context."
LF  Chandler Simpson,Tampa Bay Rays,mlb,BB,Cleveland_Guardians_at_Tampa_Bay_Rays,0.18,0.184,-0.0040000000000000036,UNDER,Targeting LF  Chandler Simpson UNDER 0.2 BB. Model projects 0.2 (0.00 edge). Recent trends and opponent weakness support this play.
SS  Taylor Walls,Tampa Bay Rays,mlb,RBI,Cleveland_Guardians_at_Tampa_Bay_Rays,0.22,0.224,-0.0040000000000000036,UNDER,SS  Taylor Walls shows UNDER value at 0.2 RBI. TC projection: 0.2 — edge: 0.00. Marginal conviction based on usage rate and defensive matchup.
RF  Ben Malgeri,Detroit Tigers,mlb,RBI,Kansas_City_Royals_at_Detroit_Tigers,0.22,0.224,-0.0040000000000000036,UNDER,"Marginal +EV opportunity: RF  Ben Malgeri is projected for 0.2 RBI vs a line of 0.2, giving a UNDER edge of 0.00. Based on recent form, opponent matchup, and game context."
C   Jake Rogers,Detroit Tigers,mlb,RBI,Kansas_City_Royals_at_Detroit_Tigers,0.22,0.224,-0.0040000000000000036,UNDER,C   Jake Rogers shows UNDER value at 0.2 RBI. TC projection: 0.2 — edge: 0.00. Marginal conviction based on usage rate and defensive matchup.
CF  Matt Vierling,Detroit Tigers,mlb,BB,Kansas_City_Royals_at_Detroit_Tigers,0.19,0.194,-0.0040000000000000036,UNDER,Targeting CF  Matt Vierling UNDER 0.2 BB. Model projects 0.2 (0.00 edge). Recent trends and opponent weakness support this play.
LF  Riley Greene,Detroit Tigers,mlb,2B,Kansas_City_Royals_at_Detroit_Tigers,0.18,0.184,-0.0040000000000000036,UNDER,Targeting LF  Riley Greene UNDER 0.2 2B. Model projects 0.2 (0.00 edge). Recent trends and opponent weakness support this play.
CF  Mike Trout,Los Angeles Angels,mlb,HR,Los_Angeles_Angels_at_San_Francisco_Giants,0.18,0.184,-0.0040000000000000036,UNDER,CF  Mike Trout shows UNDER value at 0.2 HR. TC projection: 0.2 — edge: 0.00. Marginal conviction based on usage rate and defensive matchup.
LF  Casey Schmitt,San Francisco Giants,mlb,HR,Los_Angeles_Angels_at_San_Francisco_Giants,0.19,0.194,-0.0040000000000000036,UNDER,Targeting LF  Casey Schmitt UNDER 0.2 HR. Model projects 0.2 (0.00 edge). Recent trends and opponent weakness support this play.
2B  Christian Koss,San Francisco Giants,mlb,H,Los_Angeles_Angels_at_San_Francisco_Giants,0.19,0.194,-0.0040000000000000036,UNDER,"Marginal +EV opportunity: 2B  Christian Koss is projected for 0.2 H vs a line of 0.2, giving a UNDER edge of 0.00. Based on recent form, opponent matchup, and game context."
CF  Drew Gilbert,San Francisco Giants,mlb,BB,Los_Angeles_Angels_at_San_Francisco_Giants,0.21,0.214,-0.0040000000000000036,UNDER,CF  Drew Gilbert shows UNDER value at 0.2 BB. TC projection: 0.2 — edge: 0.00. Marginal conviction based on usage rate and defensive matchup.
2B  Luis Arraez,San Francisco Giants,mlb,BB,Los_Angeles_Angels_at_San_Francisco_Giants,0.22,0.224,-0.0040000000000000036,UNDER,Targeting 2B  Luis Arraez UNDER 0.2 BB. Model projects 0.2 (0.00 edge). Recent trends and opponent weakness support this play.
1B  Rafael Devers,San Francisco Giants,mlb,HR,Los_Angeles_Angels_at_San_Francisco_Giants,0.18,0.184,-0.0040000000000000036,UNDER,1B  Rafael Devers shows UNDER value at 0.2 HR. TC projection: 0.2 — edge: 0.00. Marginal conviction based on usage rate and defensive matchup.
1B  Rafael Devers,San Francisco Giants,mlb,2B,Los_Angeles_Angels_at_San_Francisco_Giants,0.22,0.224,-0.0040000000000000036,UNDER,Targeting 1B  Rafael Devers UNDER 0.2 2B. Model projects 0.2 (0.00 edge). Recent trends and opponent weakness support this play.
SS  José Caballero,New York Yankees,mlb,SB,New_York_Yankees_at_Philadelphia_Phillies,0.22,0.224,-0.0040000000000000036,UNDER,"Marginal +EV opportunity: SS  José Caballero is projected for 0.2 SB vs a line of 0.2, giving a UNDER edge of 0.00. Based on recent form, opponent matchup, and game context."
1B  Paul Goldschmidt,New York Yankees,mlb,BB,New_York_Yankees_at_Philadelphia_Phillies,0.21,0.214,-0.0040000000000000036,UNDER,1B  Paul Goldschmidt shows UNDER value at 0.2 BB. TC projection: 0.2 — edge: 0.00. Marginal conviction based on usage rate and defensive matchup.
3B  Ryan McMahon,New York Yankees,mlb,BB,New_York_Yankees_at_Philadelphia_Phillies,0.18,0.184,-0.0040000000000000036,UNDER,"Marginal +EV opportunity: 3B  Ryan McMahon is projected for 0.2 BB vs a line of 0.2, giving a UNDER edge of 0.00. Based on recent form, opponent matchup, and game context."
1B  Bryce Harper,Philadelphia Phillies,mlb,HR,New_York_Yankees_at_Philadelphia_Phillies,0.18,0.184,-0.0040000000000000036,UNDER,Targeting 1B  Bryce Harper UNDER 0.2 HR. Model projects 0.2 (0.00 edge). Recent trends and opponent weakness support this play.
RF  Derek Hill,Philadelphia Phillies,mlb,RBI,New_York_Yankees_at_Philadelphia_Phillies,0.19,0.194,-0.0040000000000000036,UNDER,"Marginal +EV opportunity: RF  Derek Hill is projected for 0.2 RBI vs a line of 0.2, giving a UNDER edge of 0.00. Based on recent form, opponent matchup, and game context."
C   Freddy Fermin,San Diego Padres,mlb,BB,San_Diego_Padres_at_Miami_Marlins,0.22,0.224,-0.0040000000000000036,UNDER,"Marginal +EV opportunity: C   Freddy Fermin is projected for 0.2 BB vs a line of 0.2, giving a UNDER edge of 0.00. Based on recent form, opponent matchup, and game context."
2B  Jake Cronenworth,San Diego Padres,mlb,RBI,San_Diego_Padres_at_Miami_Marlins,0.19,0.194,-0.0040000000000000036,UNDER,2B  Jake Cronenworth shows UNDER value at 0.2 RBI. TC projection: 0.2 — edge: 0.00. Marginal conviction based on usage rate and defensive matchup.
C   Luis Campusano,San Diego Padres,mlb,2B,San_Diego_Padres_at_Miami_Marlins,0.18,0.184,-0.0040000000000000036,UNDER,"Marginal +EV opportunity: C   Luis Campusano is projected for 0.2 2B vs a line of 0.2, giving a UNDER edge of 0.00. Based on recent form, opponent matchup, and game context."
C   Rodolfo Durán,San Diego Padres,mlb,RBI,San_Diego_Padres_at_Miami_Marlins,0.18,0.184,-0.0040000000000000036,UNDER,C   Rodolfo Durán shows UNDER value at 0.2 RBI. TC projection: 0.2 — edge: 0.00. Marginal conviction based on usage rate and defensive matchup.
3B  Graham Pauley,Miami Marlins,mlb,2B,San_Diego_Padres_at_Miami_Marlins,0.18,0.184,-0.0040000000000000036,UNDER,3B  Graham Pauley shows UNDER value at 0.2 2B. TC projection: 0.2 — edge: 0.00. Marginal conviction based on usage rate and defensive matchup.
CF  Jakob Marsee,Miami Marlins,mlb,RBI,San_Diego_Padres_at_Miami_Marlins,0.22,0.224,-0.0040000000000000036,UNDER,CF  Jakob Marsee shows UNDER value at 0.2 RBI. TC projection: 0.2 — edge: 0.00. Marginal conviction based on usage rate and defensive matchup.
3B  Leo Jiménez,Miami Marlins,mlb,BB,San_Diego_Padres_at_Miami_Marlins,0.22,0.224,-0.0040000000000000036,UNDER,Targeting 3B  Leo Jiménez UNDER 0.2 BB. Model projects 0.2 (0.00 edge). Recent trends and opponent weakness support this play.
SS  Otto Lopez,Miami Marlins,mlb,BB,San_Diego_Padres_at_Miami_Marlins,0.19,0.194,-0.0040000000000000036,UNDER,SS  Otto Lopez shows UNDER value at 0.2 BB. TC projection: 0.2 — edge: 0.00. Marginal conviction based on usage rate and defensive matchup.
SS  Andrés Giménez,Toronto Blue Jays,mlb,R,Toronto_Blue_Jays_at_Boston_Red_Sox,0.21,0.214,-0.0040000000000000036,UNDER,"Marginal +EV opportunity: SS  Andrés Giménez is projected for 0.2 R vs a line of 0.2, giving a UNDER edge of 0.00. Based on recent form, opponent matchup, and game context."
2B  Ernie Clement,Toronto Blue Jays,mlb,2B,Toronto_Blue_Jays_at_Boston_Red_Sox,0.19,0.194,-0.0040000000000000036,UNDER,Targeting 2B  Ernie Clement UNDER 0.2 2B. Model projects 0.2 (0.00 edge). Recent trends and opponent weakness support this play.
RF  Nathan Lukes,Toronto Blue Jays,mlb,RBI,Toronto_Blue_Jays_at_Boston_Red_Sox,0.22,0.224,-0.0040000000000000036,UNDER,Targeting RF  Nathan Lukes UNDER 0.2 RBI. Model projects 0.2 (0.00 edge). Recent trends and opponent weakness support this play.
SS  Andruw Monasterio,Boston Red Sox,mlb,BB,Toronto_Blue_Jays_at_Boston_Red_Sox,0.18,0.184,-0.0040000000000000036,UNDER,SS  Andruw Monasterio shows UNDER value at 0.2 BB. TC projection: 0.2 — edge: 0.00. Marginal conviction based on usage rate and defensive matchup.
3B  Caleb Durbin,Boston Red Sox,mlb,BB,Toronto_Blue_Jays_at_Boston_Red_Sox,0.21,0.214,-0.0040000000000000036,UNDER,Targeting 3B  Caleb Durbin UNDER 0.2 BB. Model projects 0.2 (0.00 edge). Recent trends and opponent weakness support this play.
CF  Ceddanne Rafaela,Boston Red Sox,mlb,2B,Toronto_Blue_Jays_at_Boston_Red_Sox,0.22,0.224,-0.0040000000000000036,UNDER,"Marginal +EV opportunity: CF  Ceddanne Rafaela is projected for 0.2 2B vs a line of 0.2, giving a UNDER edge of 0.00. Based on recent form, opponent matchup, and game context."
OF  Jahmai Jones,Boston Red Sox,mlb,H,Toronto_Blue_Jays_at_Boston_Red_Sox,0.21,0.214,-0.0040000000000000036,UNDER,OF  Jahmai Jones shows UNDER value at 0.2 H. TC projection: 0.2 — edge: 0.00. Marginal conviction based on usage rate and defensive matchup.
RF  David Fry,Cleveland Guardians,mlb,R,Cleveland_Guardians_at_Tampa_Bay_Rays,0.2,0.204,-0.003999999999999976,UNDER,Targeting RF  David Fry UNDER 0.2 R. Model projects 0.2 (0.00 edge). Recent trends and opponent weakness support this play.
3B  José Ramírez,Cleveland Guardians,mlb,2B,Cleveland_Guardians_at_Tampa_Bay_Rays,0.2,0.204,-0.003999999999999976,UNDER,"Marginal +EV opportunity: 3B  José Ramírez is projected for 0.2 2B vs a line of 0.2, giving a UNDER edge of 0.00. Based on recent form, opponent matchup, and game context."
C   Carter Jensen,Kansas City Royals,mlb,2B,Kansas_City_Royals_at_Detroit_Tigers,0.2,0.204,-0.003999999999999976,UNDER,"Marginal +EV opportunity: C   Carter Jensen is projected for 0.2 2B vs a line of 0.2, giving a UNDER edge of 0.00. Based on recent form, opponent matchup, and game context."
3B  Nick Loftin,Kansas City Royals,mlb,2B,Kansas_City_Royals_at_Detroit_Tigers,0.2,0.204,-0.003999999999999976,UNDER,"Marginal +EV opportunity: 3B  Nick Loftin is projected for 0.2 2B vs a line of 0.2, giving a UNDER edge of 0.00. Based on recent form, opponent matchup, and game context."
C   Dillon Dingler,Detroit Tigers,mlb,2B,Kansas_City_Royals_at_Detroit_Tigers,0.2,0.204,-0.003999999999999976,UNDER,C   Dillon Dingler shows UNDER value at 0.2 2B. TC projection: 0.2 — edge: 0.00. Marginal conviction based on usage rate and defensive matchup.
RF  Kerry Carpenter,Detroit Tigers,mlb,BB,Kansas_City_Royals_at_Detroit_Tigers,0.2,0.204,-0.003999999999999976,UNDER,"Marginal +EV opportunity: RF  Kerry Carpenter is projected for 0.2 BB vs a line of 0.2, giving a UNDER edge of 0.00. Based on recent form, opponent matchup, and game context."
3B  Denzer Guzman,Los Angeles Angels,mlb,BB,Los_Angeles_Angels_at_San_Francisco_Giants,0.2,0.204,-0.003999999999999976,UNDER,Targeting 3B  Denzer Guzman UNDER 0.2 BB. Model projects 0.2 (0.00 edge). Recent trends and opponent weakness support this play.
C   Logan O'Hoppe,Los Angeles Angels,mlb,BB,Los_Angeles_Angels_at_San_Francisco_Giants,0.2,0.204,-0.003999999999999976,UNDER,Targeting C   Logan O'Hoppe UNDER 0.2 BB. Model projects 0.2 (0.00 edge). Recent trends and opponent weakness support this play.
CF  Justin Crawford,Philadelphia Phillies,mlb,RBI,New_York_Yankees_at_Philadelphia_Phillies,0.2,0.204,-0.003999999999999976,UNDER,"Marginal +EV opportunity: CF  Justin Crawford is projected for 0.2 RBI vs a line of 0.2, giving a UNDER edge of 0.00. Based on recent form, opponent matchup, and game context."
RF  Fernando Tatis Jr.,San Diego Padres,mlb,SB,San_Diego_Padres_at_Miami_Marlins,0.2,0.204,-0.003999999999999976,UNDER,Targeting RF  Fernando Tatis Jr. UNDER 0.2 SB. Model projects 0.2 (0.00 edge). Recent trends and opponent weakness support this play.
RF  Esteury Ruiz,Miami Marlins,mlb,BB,San_Diego_Padres_at_Miami_Marlins,0.2,0.204,-0.003999999999999976,UNDER,RF  Esteury Ruiz shows UNDER value at 0.2 BB. TC projection: 0.2 — edge: 0.00. Marginal conviction based on usage rate and defensive matchup.
LF  Davis Schneider,Toronto Blue Jays,mlb,RBI,Toronto_Blue_Jays_at_Boston_Red_Sox,0.2,0.204,-0.003999999999999976,UNDER,Targeting LF  Davis Schneider UNDER 0.2 RBI. Model projects 0.2 (0.00 edge). Recent trends and opponent weakness support this play.
1B  Willson Contreras,Boston Red Sox,mlb,HR,Toronto_Blue_Jays_at_Boston_Red_Sox,0.2,0.204,-0.003999999999999976,UNDER,1B  Willson Contreras shows UNDER value at 0.2 HR. TC projection: 0.2 — edge: 0.00. Marginal conviction based on usage rate and defensive matchup.
RF  Corbin Carroll,Arizona Diamondbacks,mlb,2B,Arizona_Diamondbacks_at_Washington_Nationals,0.17,0.167,0.0030000000000000027,OVER,RF  Corbin Carroll shows OVER value at 0.2 2B. TC projection: 0.2 — edge: 0.00. Marginal conviction based on usage rate and defensive matchup.
C   Gabriel Moreno,Arizona Diamondbacks,mlb,2B,Arizona_Diamondbacks_at_Washington_Nationals,0.17,0.167,0.0030000000000000027,OVER,Targeting C   Gabriel Moreno OVER 0.2 2B. Model projects 0.2 (0.00 edge). Recent trends and opponent weakness support this play.
1B  Ildemaro Vargas,Arizona Diamondbacks,mlb,2B,Arizona_Diamondbacks_at_Washington_Nationals,0.13,0.127,0.0030000000000000027,OVER,"Marginal +EV opportunity: 1B  Ildemaro Vargas is projected for 0.1 2B vs a line of 0.1, giving a OVER edge of 0.00. Based on recent form, opponent matchup, and game context."
1B  Ildemaro Vargas,Arizona Diamondbacks,mlb,BB,Arizona_Diamondbacks_at_Washington_Nationals,0.17,0.167,0.0030000000000000027,OVER,Targeting 1B  Ildemaro Vargas OVER 0.2 BB. Model projects 0.2 (0.00 edge). Recent trends and opponent weakness support this play.
CF  Jorge Barrosa,Arizona Diamondbacks,mlb,2B,Arizona_Diamondbacks_at_Washington_Nationals,0.13,0.127,0.0030000000000000027,OVER,Targeting CF  Jorge Barrosa OVER 0.1 2B. Model projects 0.1 (0.00 edge). Recent trends and opponent weakness support this play.
2B  Ketel Marte,Arizona Diamondbacks,mlb,HR,Arizona_Diamondbacks_at_Washington_Nationals,0.15,0.147,0.0030000000000000027,OVER,"Marginal +EV opportunity: 2B  Ketel Marte is projected for 0.1 HR vs a line of 0.1, giving a OVER edge of 0.00. Based on recent form, opponent matchup, and game context."
3B  Nolan Arenado,Arizona Diamondbacks,mlb,2B,Arizona_Diamondbacks_at_Washington_Nationals,0.16,0.157,0.0030000000000000027,OVER,Targeting 3B  Nolan Arenado OVER 0.2 2B. Model projects 0.2 (0.00 edge). Recent trends and opponent weakness support this play.
1B  Tyler Locklear,Arizona Diamondbacks,mlb,2B,Arizona_Diamondbacks_at_Washington_Nationals,0.17,0.167,0.0030000000000000027,OVER,"Marginal +EV opportunity: 1B  Tyler Locklear is projected for 0.2 2B vs a line of 0.2, giving a OVER edge of 0.00. Based on recent form, opponent matchup, and game context."
1B  Tyler Locklear,Arizona Diamondbacks,mlb,SB,Arizona_Diamondbacks_at_Washington_Nationals,0.17,0.167,0.0030000000000000027,OVER,"Marginal +EV opportunity: 1B  Tyler Locklear is projected for 0.2 SB vs a line of 0.2, giving a OVER edge of 0.00. Based on recent form, opponent matchup, and game context."
SS  CJ Abrams,Washington Nationals,mlb,2B,Arizona_Diamondbacks_at_Washington_Nationals,0.17,0.167,0.0030000000000000027,OVER,"Marginal +EV opportunity: SS  CJ Abrams is projected for 0.2 2B vs a line of 0.2, giving a OVER edge of 0.00. Based on recent form, opponent matchup, and game context."
SS  CJ Abrams,Washington Nationals,mlb,SB,Arizona_Diamondbacks_at_Washington_Nationals,0.14,0.137,0.0030000000000000027,OVER,Targeting SS  CJ Abrams OVER 0.1 SB. Model projects 0.1 (0.00 edge). Recent trends and opponent weakness support this play.
3B  Curtis Mead,Washington Nationals,mlb,HR,Arizona_Diamondbacks_at_Washington_Nationals,0.17,0.167,0.0030000000000000027,OVER,3B  Curtis Mead shows OVER value at 0.2 HR. TC projection: 0.2 — edge: 0.00. Marginal conviction based on usage rate and defensive matchup.
CF  Jacob Young,Washington Nationals,mlb,BB,Arizona_Diamondbacks_at_Washington_Nationals,0.16,0.157,0.0030000000000000027,OVER,"Marginal +EV opportunity: CF  Jacob Young is projected for 0.2 BB vs a line of 0.2, giving a OVER edge of 0.00. Based on recent form, opponent matchup, and game context."
RF  James Wood,Washington Nationals,mlb,SB,Arizona_Diamondbacks_at_Washington_Nationals,0.13,0.127,0.0030000000000000027,OVER,"Marginal +EV opportunity: RF  James Wood is projected for 0.1 SB vs a line of 0.1, giving a OVER edge of 0.00. Based on recent form, opponent matchup, and game context."
DH  José Tena,Washington Nationals,mlb,BB,Arizona_Diamondbacks_at_Washington_Nationals,0.17,0.167,0.0030000000000000027,OVER,Targeting DH  José Tena OVER 0.2 BB. Model projects 0.2 (0.00 edge). Recent trends and opponent weakness support this play.
1B  Luis García Jr.,Washington Nationals,mlb,2B,Arizona_Diamondbacks_at_Washington_Nationals,0.14,0.137,0.0030000000000000027,OVER,Targeting 1B  Luis García Jr. OVER 0.1 2B. Model projects 0.1 (0.00 edge). Recent trends and opponent weakness support this play.
1B  Luis García Jr.,Washington Nationals,mlb,BB,Arizona_Diamondbacks_at_Washington_Nationals,0.14,0.137,0.0030000000000000027,OVER,1B  Luis García Jr. shows OVER value at 0.1 BB. TC projection: 0.1 — edge: 0.00. Marginal conviction based on usage rate and defensive matchup.
LF  Angel Martínez,Cleveland Guardians,mlb,2B,Cleveland_Guardians_at_Tampa_Bay_Rays,0.14,0.137,0.0030000000000000027,OVER,"Marginal +EV opportunity: LF  Angel Martínez is projected for 0.1 2B vs a line of 0.1, giving a OVER edge of 0.00. Based on recent form, opponent matchup, and game context."
SS  Brayan Rocchio,Cleveland Guardians,mlb,2B,Cleveland_Guardians_at_Tampa_Bay_Rays,0.13,0.127,0.0030000000000000027,OVER,Targeting SS  Brayan Rocchio OVER 0.1 2B. Model projects 0.1 (0.00 edge). Recent trends and opponent weakness support this play.
3B  Gabriel Arias,Cleveland Guardians,mlb,BB,Cleveland_Guardians_at_Tampa_Bay_Rays,0.14,0.137,0.0030000000000000027,OVER,Targeting 3B  Gabriel Arias OVER 0.1 BB. Model projects 0.1 (0.00 edge). Recent trends and opponent weakness support this play.
1B  Rhys Hoskins,Cleveland Guardians,mlb,2B,Cleveland_Guardians_at_Tampa_Bay_Rays,0.13,0.127,0.0030000000000000027,OVER,"Marginal +EV opportunity: 1B  Rhys Hoskins is projected for 0.1 2B vs a line of 0.1, giving a OVER edge of 0.00. Based on recent form, opponent matchup, and game context."
CF  Cedric Mullins,Tampa Bay Rays,mlb,SB,Cleveland_Guardians_at_Tampa_Bay_Rays,0.16,0.157,0.0030000000000000027,OVER,"Marginal +EV opportunity: CF  Cedric Mullins is projected for 0.2 SB vs a line of 0.2, giving a OVER edge of 0.00. Based on recent form, opponent matchup, and game context."
1B  Jonathan Aranda,Tampa Bay Rays,mlb,2B,Cleveland_Guardians_at_Tampa_Bay_Rays,0.14,0.137,0.0030000000000000027,OVER,"Marginal +EV opportunity: 1B  Jonathan Aranda is projected for 0.1 2B vs a line of 0.1, giving a OVER edge of 0.00. Based on recent form, opponent matchup, and game context."
RF  Jonny DeLuca,Tampa Bay Rays,mlb,BB,Cleveland_Guardians_at_Tampa_Bay_Rays,0.14,0.137,0.0030000000000000027,OVER,RF  Jonny DeLuca shows OVER value at 0.1 BB. TC projection: 0.1 — edge: 0.00. Marginal conviction based on usage rate and defensive matchup.
DH  Yandy Díaz,Tampa Bay Rays,mlb,2B,Cleveland_Guardians_at_Tampa_Bay_Rays,0.15,0.147,0.0030000000000000027,OVER,DH  Yandy Díaz shows OVER value at 0.1 2B. TC projection: 0.1 — edge: 0.00. Marginal conviction based on usage rate and defensive matchup.
CF  Lane Thomas,Kansas City Royals,mlb,2B,Kansas_City_Royals_at_Detroit_Tigers,0.15,0.147,0.0030000000000000027,OVER,"Marginal +EV opportunity: CF  Lane Thomas is projected for 0.1 2B vs a line of 0.1, giving a OVER edge of 0.00. Based on recent form, opponent matchup, and game context."
DH  Salvador Perez,Kansas City Royals,mlb,2B,Kansas_City_Royals_at_Detroit_Tigers,0.13,0.127,0.0030000000000000027,OVER,DH  Salvador Perez shows OVER value at 0.1 2B. TC projection: 0.1 — edge: 0.00. Marginal conviction based on usage rate and defensive matchup.
DH  Salvador Perez,Kansas City Royals,mlb,BB,Kansas_City_Royals_at_Detroit_Tigers,0.14,0.137,0.0030000000000000027,OVER,"Marginal +EV opportunity: DH  Salvador Perez is projected for 0.1 BB vs a line of 0.1, giving a OVER edge of 0.00. Based on recent form, opponent matchup, and game context."
RF  Starling Marte,Kansas City Royals,mlb,RBI,Kansas_City_Royals_at_Detroit_Tigers,0.16,0.157,0.0030000000000000027,OVER,"Marginal +EV opportunity: RF  Starling Marte is projected for 0.2 RBI vs a line of 0.2, giving a OVER edge of 0.00. Based on recent form, opponent matchup, and game context."
RF  Starling Marte,Kansas City Royals,mlb,BB,Kansas_City_Royals_at_Detroit_Tigers,0.14,0.137,0.0030000000000000027,OVER,"Marginal +EV opportunity: RF  Starling Marte is projected for 0.1 BB vs a line of 0.1, giving a OVER edge of 0.00. Based on recent form, opponent matchup, and game context."
RF  Kerry Carpenter,Detroit Tigers,mlb,HR,Kansas_City_Royals_at_Detroit_Tigers,0.14,0.137,0.0030000000000000027,OVER,Targeting RF  Kerry Carpenter OVER 0.1 HR. Model projects 0.1 (0.00 edge). Recent trends and opponent weakness support this play.
SS  Kevin McGonigle,Detroit Tigers,mlb,2B,Kansas_City_Royals_at_Detroit_Tigers,0.17,0.167,0.0030000000000000027,OVER,Targeting SS  Kevin McGonigle OVER 0.2 2B. Model projects 0.2 (0.00 edge). Recent trends and opponent weakness support this play.
LF  Josh Lowe,Los Angeles Angels,mlb,BB,Los_Angeles_Angels_at_San_Francisco_Giants,0.14,0.137,0.0030000000000000027,OVER,"Marginal +EV opportunity: LF  Josh Lowe is projected for 0.1 BB vs a line of 0.1, giving a OVER edge of 0.00. Based on recent form, opponent matchup, and game context."
C   Tyler Heineman,Los Angeles Angels,mlb,RBI,Los_Angeles_Angels_at_San_Francisco_Giants,0.15,0.147,0.0030000000000000027,OVER,Targeting C   Tyler Heineman OVER 0.1 RBI. Model projects 0.1 (0.00 edge). Recent trends and opponent weakness support this play.
2B  Vaughn Grissom,Los Angeles Angels,mlb,2B,Los_Angeles_Angels_at_San_Francisco_Giants,0.17,0.167,0.0030000000000000027,OVER,"Marginal +EV opportunity: 2B  Vaughn Grissom is projected for 0.2 2B vs a line of 0.2, giving a OVER edge of 0.00. Based on recent form, opponent matchup, and game context."
SS  Zach Neto,Los Angeles Angels,mlb,HR,Los_Angeles_Angels_at_San_Francisco_Giants,0.16,0.157,0.0030000000000000027,OVER,"Marginal +EV opportunity: SS  Zach Neto is projected for 0.2 HR vs a line of 0.2, giving a OVER edge of 0.00. Based on recent form, opponent matchup, and game context."
SS  Zach Neto,Los Angeles Angels,mlb,2B,Los_Angeles_Angels_at_San_Francisco_Giants,0.17,0.167,0.0030000000000000027,OVER,Targeting SS  Zach Neto OVER 0.2 2B. Model projects 0.2 (0.00 edge). Recent trends and opponent weakness support this play.
LF  Heliot Ramos,San Francisco Giants,mlb,BB,Los_Angeles_Angels_at_San_Francisco_Giants,0.16,0.157,0.0030000000000000027,OVER,Targeting LF  Heliot Ramos OVER 0.2 BB. Model projects 0.2 (0.00 edge). Recent trends and opponent weakness support this play.
C   Jesus Rodriguez,San Francisco Giants,mlb,BB,Los_Angeles_Angels_at_San_Francisco_Giants,0.16,0.157,0.0030000000000000027,OVER,C   Jesus Rodriguez shows OVER value at 0.2 BB. TC projection: 0.2 — edge: 0.00. Marginal conviction based on usage rate and defensive matchup.
3B  Amed Rosario,New York Yankees,mlb,HR,New_York_Yankees_at_Philadelphia_Phillies,0.13,0.127,0.0030000000000000027,OVER,"Marginal +EV opportunity: 3B  Amed Rosario is projected for 0.1 HR vs a line of 0.1, giving a OVER edge of 0.00. Based on recent form, opponent matchup, and game context."
1B  Ben Rice,New York Yankees,mlb,2B,New_York_Yankees_at_Philadelphia_Phillies,0.14,0.137,0.0030000000000000027,OVER,"Marginal +EV opportunity: 1B  Ben Rice is projected for 0.1 2B vs a line of 0.1, giving a OVER edge of 0.00. Based on recent form, opponent matchup, and game context."
LF  Cody Bellinger,New York Yankees,mlb,2B,New_York_Yankees_at_Philadelphia_Phillies,0.16,0.157,0.0030000000000000027,OVER,LF  Cody Bellinger shows OVER value at 0.2 2B. TC projection: 0.2 — edge: 0.00. Marginal conviction based on usage rate and defensive matchup.
2B  Jazz Chisholm Jr.,New York Yankees,mlb,HR,New_York_Yankees_at_Philadelphia_Phillies,0.14,0.137,0.0030000000000000027,OVER,"Marginal +EV opportunity: 2B  Jazz Chisholm Jr. is projected for 0.1 HR vs a line of 0.1, giving a OVER edge of 0.00. Based on recent form, opponent matchup, and game context."
SS  José Caballero,New York Yankees,mlb,BB,New_York_Yankees_at_Philadelphia_Phillies,0.16,0.157,0.0030000000000000027,OVER,"Marginal +EV opportunity: SS  José Caballero is projected for 0.2 BB vs a line of 0.2, giving a OVER edge of 0.00. Based on recent form, opponent matchup, and game context."
SS  Max Schuemann,New York Yankees,mlb,RBI,New_York_Yankees_at_Philadelphia_Phillies,0.15,0.147,0.0030000000000000027,OVER,SS  Max Schuemann shows OVER value at 0.1 RBI. TC projection: 0.1 — edge: 0.00. Marginal conviction based on usage rate and defensive matchup.
3B  Alec Bohm,Philadelphia Phillies,mlb,2B,New_York_Yankees_at_Philadelphia_Phillies,0.13,0.127,0.0030000000000000027,OVER,"Marginal +EV opportunity: 3B  Alec Bohm is projected for 0.1 2B vs a line of 0.1, giving a OVER edge of 0.00. Based on recent form, opponent matchup, and game context."
1B  Bryce Harper,Philadelphia Phillies,mlb,2B,New_York_Yankees_at_Philadelphia_Phillies,0.16,0.157,0.0030000000000000027,OVER,1B  Bryce Harper shows OVER value at 0.2 2B. TC projection: 0.2 — edge: 0.00. Marginal conviction based on usage rate and defensive matchup.
2B  Bryson Stott,Philadelphia Phillies,mlb,2B,New_York_Yankees_at_Philadelphia_Phillies,0.17,0.167,0.0030000000000000027,OVER,2B  Bryson Stott shows OVER value at 0.2 2B. TC projection: 0.2 — edge: 0.00. Marginal conviction based on usage rate and defensive matchup.
2B  Bryson Stott,Philadelphia Phillies,mlb,SB,New_York_Yankees_at_Philadelphia_Phillies,0.15,0.147,0.0030000000000000027,OVER,Targeting 2B  Bryson Stott OVER 0.1 SB. Model projects 0.1 (0.00 edge). Recent trends and opponent weakness support this play.
RF  Gabriel Rincones Jr.,Philadelphia Phillies,mlb,2B,New_York_Yankees_at_Philadelphia_Phillies,0.13,0.127,0.0030000000000000027,OVER,"Marginal +EV opportunity: RF  Gabriel Rincones Jr. is projected for 0.1 2B vs a line of 0.1, giving a OVER edge of 0.00. Based on recent form, opponent matchup, and game context."
SS  Trea Turner,Philadelphia Phillies,mlb,2B,New_York_Yankees_at_Philadelphia_Phillies,0.15,0.147,0.0030000000000000027,OVER,"Marginal +EV opportunity: SS  Trea Turner is projected for 0.1 2B vs a line of 0.1, giving a OVER edge of 0.00. Based on recent form, opponent matchup, and game context."
SS  Trea Turner,Philadelphia Phillies,mlb,SB,New_York_Yankees_at_Philadelphia_Phillies,0.15,0.147,0.0030000000000000027,OVER,SS  Trea Turner shows OVER value at 0.1 SB. TC projection: 0.1 — edge: 0.00. Marginal conviction based on usage rate and defensive matchup.
C   Freddy Fermin,San Diego Padres,mlb,RBI,San_Diego_Padres_at_Miami_Marlins,0.14,0.137,0.0030000000000000027,OVER,Targeting C   Freddy Fermin OVER 0.1 RBI. Model projects 0.1 (0.00 edge). Recent trends and opponent weakness support this play.
RF  Jase Bowen,San Diego Padres,mlb,H,San_Diego_Padres_at_Miami_Marlins,0.17,0.167,0.0030000000000000027,OVER,RF  Jase Bowen shows OVER value at 0.2 H. TC projection: 0.2 — edge: 0.00. Marginal conviction based on usage rate and defensive matchup.
1B  Ty France,San Diego Padres,mlb,2B,San_Diego_Padres_at_Miami_Marlins,0.14,0.137,0.0030000000000000027,OVER,Targeting 1B  Ty France OVER 0.1 2B. Model projects 0.1 (0.00 edge). Recent trends and opponent weakness support this play.
1B  Ty France,San Diego Padres,mlb,BB,San_Diego_Padres_at_Miami_Marlins,0.14,0.137,0.0030000000000000027,OVER,"Marginal +EV opportunity: 1B  Ty France is projected for 0.1 BB vs a line of 0.1, giving a OVER edge of 0.00. Based on recent form, opponent matchup, and game context."
RF  Esteury Ruiz,Miami Marlins,mlb,RBI,San_Diego_Padres_at_Miami_Marlins,0.14,0.137,0.0030000000000000027,OVER,RF  Esteury Ruiz shows OVER value at 0.1 RBI. TC projection: 0.1 — edge: 0.00. Marginal conviction based on usage rate and defensive matchup.
LF  Heriberto Hernández,Miami Marlins,mlb,2B,San_Diego_Padres_at_Miami_Marlins,0.14,0.137,0.0030000000000000027,OVER,LF  Heriberto Hernández shows OVER value at 0.1 2B. TC projection: 0.1 — edge: 0.00. Marginal conviction based on usage rate and defensive matchup.
C   Joe Mack,Miami Marlins,mlb,HR,San_Diego_Padres_at_Miami_Marlins,0.14,0.137,0.0030000000000000027,OVER,C   Joe Mack shows OVER value at 0.1 HR. TC projection: 0.1 — edge: 0.00. Marginal conviction based on usage rate and defensive matchup.
3B  Leo Jiménez,Miami Marlins,mlb,RBI,San_Diego_Padres_at_Miami_Marlins,0.17,0.167,0.0030000000000000027,OVER,Targeting 3B  Leo Jiménez OVER 0.2 RBI. Model projects 0.2 (0.00 edge). Recent trends and opponent weakness support this play.
SS  Otto Lopez,Miami Marlins,mlb,SB,San_Diego_Padres_at_Miami_Marlins,0.16,0.157,0.0030000000000000027,OVER,Targeting SS  Otto Lopez OVER 0.2 SB. Model projects 0.2 (0.00 edge). Recent trends and opponent weakness support this play.
2B  Xavier Edwards,Miami Marlins,mlb,SB,San_Diego_Padres_at_Miami_Marlins,0.13,0.127,0.0030000000000000027,OVER,"Marginal +EV opportunity: 2B  Xavier Edwards is projected for 0.1 SB vs a line of 0.1, giving a OVER edge of 0.00. Based on recent form, opponent matchup, and game context."
SS  Andrés Giménez,Toronto Blue Jays,mlb,2B,Toronto_Blue_Jays_at_Boston_Red_Sox,0.13,0.127,0.0030000000000000027,OVER,SS  Andrés Giménez shows OVER value at 0.1 2B. TC projection: 0.1 — edge: 0.00. Marginal conviction based on usage rate and defensive matchup.
CF  Daulton Varsho,Toronto Blue Jays,mlb,2B,Toronto_Blue_Jays_at_Boston_Red_Sox,0.16,0.157,0.0030000000000000027,OVER,CF  Daulton Varsho shows OVER value at 0.2 2B. TC projection: 0.2 — edge: 0.00. Marginal conviction based on usage rate and defensive matchup.
RF  Myles Straw,Toronto Blue Jays,mlb,RBI,Toronto_Blue_Jays_at_Boston_Red_Sox,0.14,0.137,0.0030000000000000027,OVER,Targeting RF  Myles Straw OVER 0.1 RBI. Model projects 0.1 (0.00 edge). Recent trends and opponent weakness support this play.
RF  Myles Straw,Toronto Blue Jays,mlb,BB,Toronto_Blue_Jays_at_Boston_Red_Sox,0.13,0.127,0.0030000000000000027,OVER,Targeting RF  Myles Straw OVER 0.1 BB. Model projects 0.1 (0.00 edge). Recent trends and opponent weakness support this play.
RF  Nathan Lukes,Toronto Blue Jays,mlb,BB,Toronto_Blue_Jays_at_Boston_Red_Sox,0.16,0.157,0.0030000000000000027,OVER,Targeting RF  Nathan Lukes OVER 0.2 BB. Model projects 0.2 (0.00 edge). Recent trends and opponent weakness support this play.
1B  Vladimir Guerrero Jr.,Toronto Blue Jays,mlb,2B,Toronto_Blue_Jays_at_Boston_Red_Sox,0.13,0.127,0.0030000000000000027,OVER,Targeting 1B  Vladimir Guerrero Jr. OVER 0.1 2B. Model projects 0.1 (0.00 edge). Recent trends and opponent weakness support this play.
CF  Ceddanne Rafaela,Boston Red Sox,mlb,BB,Toronto_Blue_Jays_at_Boston_Red_Sox,0.16,0.157,0.0030000000000000027,OVER,"Marginal +EV opportunity: CF  Ceddanne Rafaela is projected for 0.2 BB vs a line of 0.2, giving a OVER edge of 0.00. Based on recent form, opponent matchup, and game context."
OF  Jahmai Jones,Boston Red Sox,mlb,RBI,Toronto_Blue_Jays_at_Boston_Red_Sox,0.13,0.127,0.0030000000000000027,OVER,OF  Jahmai Jones shows OVER value at 0.1 RBI. TC projection: 0.1 — edge: 0.00. Marginal conviction based on usage rate and defensive matchup.
DH  Masataka Yoshida,Boston Red Sox,mlb,2B,Toronto_Blue_Jays_at_Boston_Red_Sox,0.14,0.137,0.0030000000000000027,OVER,"Marginal +EV opportunity: DH  Masataka Yoshida is projected for 0.1 2B vs a line of 0.1, giving a OVER edge of 0.00. Based on recent form, opponent matchup, and game context."
DH  Romy Gonzalez,Boston Red Sox,mlb,2B,Toronto_Blue_Jays_at_Boston_Red_Sox,0.16,0.157,0.0030000000000000027,OVER,"Marginal +EV opportunity: DH  Romy Gonzalez is projected for 0.2 2B vs a line of 0.2, giving a OVER edge of 0.00. Based on recent form, opponent matchup, and game context."
RF  Wilyer Abreu,Boston Red Sox,mlb,HR,Toronto_Blue_Jays_at_Boston_Red_Sox,0.13,0.127,0.0030000000000000027,OVER,RF  Wilyer Abreu shows OVER value at 0.1 HR. TC projection: 0.1 — edge: 0.00. Marginal conviction based on usage rate and defensive matchup.
CF  Jorge Barrosa,Arizona Diamondbacks,mlb,BB,Arizona_Diamondbacks_at_Washington_Nationals,0.15,0.153,-0.0030000000000000027,UNDER,CF  Jorge Barrosa shows UNDER value at 0.2 BB. TC projection: 0.1 — edge: 0.00. Marginal conviction based on usage rate and defensive matchup.
RF  Dylan Crews,Washington Nationals,mlb,HR,Arizona_Diamondbacks_at_Washington_Nationals,0.13,0.133,-0.0030000000000000027,UNDER,"Marginal +EV opportunity: RF  Dylan Crews is projected for 0.1 HR vs a line of 0.1, giving a UNDER edge of 0.00. Based on recent form, opponent matchup, and game context."
RF  David Fry,Cleveland Guardians,mlb,RBI,Cleveland_Guardians_at_Tampa_Bay_Rays,0.16,0.163,-0.0030000000000000027,UNDER,Targeting RF  David Fry UNDER 0.2 RBI. Model projects 0.2 (0.00 edge). Recent trends and opponent weakness support this play.
CF  Steven Kwan,Cleveland Guardians,mlb,RBI,Cleveland_Guardians_at_Tampa_Bay_Rays,0.16,0.163,-0.0030000000000000027,UNDER,"Marginal +EV opportunity: CF  Steven Kwan is projected for 0.2 RBI vs a line of 0.2, giving a UNDER edge of 0.00. Based on recent form, opponent matchup, and game context."
2B  Travis Bazzana,Cleveland Guardians,mlb,2B,Cleveland_Guardians_at_Tampa_Bay_Rays,0.16,0.163,-0.0030000000000000027,UNDER,"Marginal +EV opportunity: 2B  Travis Bazzana is projected for 0.2 2B vs a line of 0.2, giving a UNDER edge of 0.00. Based on recent form, opponent matchup, and game context."
3B  Junior Caminero,Tampa Bay Rays,mlb,2B,Cleveland_Guardians_at_Tampa_Bay_Rays,0.13,0.133,-0.0030000000000000027,UNDER,Targeting 3B  Junior Caminero UNDER 0.1 2B. Model projects 0.1 (0.00 edge). Recent trends and opponent weakness support this play.
C   Nick Fortes,Tampa Bay Rays,mlb,2B,Cleveland_Guardians_at_Tampa_Bay_Rays,0.13,0.133,-0.0030000000000000027,UNDER,C   Nick Fortes shows UNDER value at 0.1 2B. TC projection: 0.1 — edge: 0.00. Marginal conviction based on usage rate and defensive matchup.
SS  Taylor Walls,Tampa Bay Rays,mlb,2B,Cleveland_Guardians_at_Tampa_Bay_Rays,0.15,0.153,-0.0030000000000000027,UNDER,Targeting SS  Taylor Walls UNDER 0.2 2B. Model projects 0.1 (0.00 edge). Recent trends and opponent weakness support this play.
SS  Taylor Walls,Tampa Bay Rays,mlb,SB,Cleveland_Guardians_at_Tampa_Bay_Rays,0.16,0.163,-0.0030000000000000027,UNDER,Targeting SS  Taylor Walls UNDER 0.2 SB. Model projects 0.2 (0.00 edge). Recent trends and opponent weakness support this play.
LF  Isaac Collins,Kansas City Royals,mlb,2B,Kansas_City_Royals_at_Detroit_Tigers,0.16,0.163,-0.0030000000000000027,UNDER,"Marginal +EV opportunity: LF  Isaac Collins is projected for 0.2 2B vs a line of 0.2, giving a UNDER edge of 0.00. Based on recent form, opponent matchup, and game context."
RF  Jac Caglianone,Kansas City Royals,mlb,2B,Kansas_City_Royals_at_Detroit_Tigers,0.15,0.153,-0.0030000000000000027,UNDER,"Marginal +EV opportunity: RF  Jac Caglianone is projected for 0.1 2B vs a line of 0.2, giving a UNDER edge of 0.00. Based on recent form, opponent matchup, and game context."
2B  Michael Massey,Kansas City Royals,mlb,BB,Kansas_City_Royals_at_Detroit_Tigers,0.16,0.163,-0.0030000000000000027,UNDER,Targeting 2B  Michael Massey UNDER 0.2 BB. Model projects 0.2 (0.00 edge). Recent trends and opponent weakness support this play.
LF  Riley Greene,Detroit Tigers,mlb,HR,Kansas_City_Royals_at_Detroit_Tigers,0.13,0.133,-0.0030000000000000027,UNDER,Targeting LF  Riley Greene UNDER 0.1 HR. Model projects 0.1 (0.00 edge). Recent trends and opponent weakness support this play.
1B  Spencer Torkelson,Detroit Tigers,mlb,HR,Kansas_City_Royals_at_Detroit_Tigers,0.16,0.163,-0.0030000000000000027,UNDER,1B  Spencer Torkelson shows UNDER value at 0.2 HR. TC projection: 0.2 — edge: 0.00. Marginal conviction based on usage rate and defensive matchup.
1B  Spencer Torkelson,Detroit Tigers,mlb,2B,Kansas_City_Royals_at_Detroit_Tigers,0.15,0.153,-0.0030000000000000027,UNDER,1B  Spencer Torkelson shows UNDER value at 0.2 2B. TC projection: 0.1 — edge: 0.00. Marginal conviction based on usage rate and defensive matchup.
DH  Jorge Soler,Los Angeles Angels,mlb,2B,Los_Angeles_Angels_at_San_Francisco_Giants,0.15,0.153,-0.0030000000000000027,UNDER,DH  Jorge Soler shows UNDER value at 0.2 2B. TC projection: 0.1 — edge: 0.00. Marginal conviction based on usage rate and defensive matchup.
LF  Casey Schmitt,San Francisco Giants,mlb,2B,Los_Angeles_Angels_at_San_Francisco_Giants,0.16,0.163,-0.0030000000000000027,UNDER,Targeting LF  Casey Schmitt UNDER 0.2 2B. Model projects 0.2 (0.00 edge). Recent trends and opponent weakness support this play.
C   Daniel Susac,San Francisco Giants,mlb,2B,Los_Angeles_Angels_at_San_Francisco_Giants,0.13,0.133,-0.0030000000000000027,UNDER,C   Daniel Susac shows UNDER value at 0.1 2B. TC projection: 0.1 — edge: 0.00. Marginal conviction based on usage rate and defensive matchup.
C   Daniel Susac,San Francisco Giants,mlb,BB,Los_Angeles_Angels_at_San_Francisco_Giants,0.13,0.133,-0.0030000000000000027,UNDER,C   Daniel Susac shows UNDER value at 0.1 BB. TC projection: 0.1 — edge: 0.00. Marginal conviction based on usage rate and defensive matchup.
SS  Willy Adames,San Francisco Giants,mlb,HR,Los_Angeles_Angels_at_San_Francisco_Giants,0.16,0.163,-0.0030000000000000027,UNDER,Targeting SS  Willy Adames UNDER 0.2 HR. Model projects 0.2 (0.00 edge). Recent trends and opponent weakness support this play.
3B  Amed Rosario,New York Yankees,mlb,BB,New_York_Yankees_at_Philadelphia_Phillies,0.16,0.163,-0.0030000000000000027,UNDER,Targeting 3B  Amed Rosario UNDER 0.2 BB. Model projects 0.2 (0.00 edge). Recent trends and opponent weakness support this play.
C   Austin Wells,New York Yankees,mlb,RBI,New_York_Yankees_at_Philadelphia_Phillies,0.15,0.153,-0.0030000000000000027,UNDER,"Marginal +EV opportunity: C   Austin Wells is projected for 0.1 RBI vs a line of 0.2, giving a UNDER edge of 0.00. Based on recent form, opponent matchup, and game context."
LF  Brandon Marsh,Philadelphia Phillies,mlb,2B,New_York_Yankees_at_Philadelphia_Phillies,0.13,0.133,-0.0030000000000000027,UNDER,Targeting LF  Brandon Marsh UNDER 0.1 2B. Model projects 0.1 (0.00 edge). Recent trends and opponent weakness support this play.
CF  Justin Crawford,Philadelphia Phillies,mlb,BB,New_York_Yankees_at_Philadelphia_Phillies,0.16,0.163,-0.0030000000000000027,UNDER,"Marginal +EV opportunity: CF  Justin Crawford is projected for 0.2 BB vs a line of 0.2, giving a UNDER edge of 0.00. Based on recent form, opponent matchup, and game context."
RF  Fernando Tatis Jr.,San Diego Padres,mlb,2B,San_Diego_Padres_at_Miami_Marlins,0.16,0.163,-0.0030000000000000027,UNDER,Targeting RF  Fernando Tatis Jr. UNDER 0.2 2B. Model projects 0.2 (0.00 edge). Recent trends and opponent weakness support this play.
1B  Gavin Sheets,San Diego Padres,mlb,2B,San_Diego_Padres_at_Miami_Marlins,0.13,0.133,-0.0030000000000000027,UNDER,1B  Gavin Sheets shows UNDER value at 0.1 2B. TC projection: 0.1 — edge: 0.00. Marginal conviction based on usage rate and defensive matchup.
CF  Jackson Merrill,San Diego Padres,mlb,SB,San_Diego_Padres_at_Miami_Marlins,0.16,0.163,-0.0030000000000000027,UNDER,"Marginal +EV opportunity: CF  Jackson Merrill is projected for 0.2 SB vs a line of 0.2, giving a UNDER edge of 0.00. Based on recent form, opponent matchup, and game context."
3B  Manny Machado,San Diego Padres,mlb,2B,San_Diego_Padres_at_Miami_Marlins,0.13,0.133,-0.0030000000000000027,UNDER,"Marginal +EV opportunity: 3B  Manny Machado is projected for 0.1 2B vs a line of 0.1, giving a UNDER edge of 0.00. Based on recent form, opponent matchup, and game context."
C   Rodolfo Durán,San Diego Padres,mlb,BB,San_Diego_Padres_at_Miami_Marlins,0.16,0.163,-0.0030000000000000027,UNDER,"Marginal +EV opportunity: C   Rodolfo Durán is projected for 0.2 BB vs a line of 0.2, giving a UNDER edge of 0.00. Based on recent form, opponent matchup, and game context."
LF  Griffin Conine,Miami Marlins,mlb,HR,San_Diego_Padres_at_Miami_Marlins,0.16,0.163,-0.0030000000000000027,UNDER,Targeting LF  Griffin Conine UNDER 0.2 HR. Model projects 0.2 (0.00 edge). Recent trends and opponent weakness support this play.
LF  Heriberto Hernández,Miami Marlins,mlb,HR,San_Diego_Padres_at_Miami_Marlins,0.16,0.163,-0.0030000000000000027,UNDER,"Marginal +EV opportunity: LF  Heriberto Hernández is projected for 0.2 HR vs a line of 0.2, giving a UNDER edge of 0.00. Based on recent form, opponent matchup, and game context."
LF  Kyle Stowers,Miami Marlins,mlb,HR,San_Diego_Padres_at_Miami_Marlins,0.13,0.133,-0.0030000000000000027,UNDER,LF  Kyle Stowers shows UNDER value at 0.1 HR. TC projection: 0.1 — edge: 0.00. Marginal conviction based on usage rate and defensive matchup.
C   Liam Hicks,Miami Marlins,mlb,HR,San_Diego_Padres_at_Miami_Marlins,0.13,0.133,-0.0030000000000000027,UNDER,C   Liam Hicks shows UNDER value at 0.1 HR. TC projection: 0.1 — edge: 0.00. Marginal conviction based on usage rate and defensive matchup.
DH  George Springer,Toronto Blue Jays,mlb,2B,Toronto_Blue_Jays_at_Boston_Red_Sox,0.15,0.153,-0.0030000000000000027,UNDER,"Marginal +EV opportunity: DH  George Springer is projected for 0.1 2B vs a line of 0.2, giving a UNDER edge of 0.00. Based on recent form, opponent matchup, and game context."
LF  Yohendrick Piñango,Toronto Blue Jays,mlb,BB,Toronto_Blue_Jays_at_Boston_Red_Sox,0.15,0.153,-0.0030000000000000027,UNDER,"Marginal +EV opportunity: LF  Yohendrick Piñango is projected for 0.1 BB vs a line of 0.2, giving a UNDER edge of 0.00. Based on recent form, opponent matchup, and game context."
3B  Caleb Durbin,Boston Red Sox,mlb,2B,Toronto_Blue_Jays_at_Boston_Red_Sox,0.16,0.163,-0.0030000000000000027,UNDER,3B  Caleb Durbin shows UNDER value at 0.2 2B. TC projection: 0.2 — edge: 0.00. Marginal conviction based on usage rate and defensive matchup.
OF  Jahmai Jones,Boston Red Sox,mlb,R,Toronto_Blue_Jays_at_Boston_Red_Sox,0.13,0.133,-0.0030000000000000027,UNDER,Targeting OF  Jahmai Jones UNDER 0.1 R. Model projects 0.1 (0.00 edge). Recent trends and opponent weakness support this play.
OF  Jahmai Jones,Boston Red Sox,mlb,BB,Toronto_Blue_Jays_at_Boston_Red_Sox,0.15,0.153,-0.0030000000000000027,UNDER,OF  Jahmai Jones shows UNDER value at 0.2 BB. TC projection: 0.1 — edge: 0.00. Marginal conviction based on usage rate and defensive matchup.
LF  Jarren Duran,Boston Red Sox,mlb,SB,Toronto_Blue_Jays_at_Boston_Red_Sox,0.13,0.133,-0.0030000000000000027,UNDER,Targeting LF  Jarren Duran UNDER 0.1 SB. Model projects 0.1 (0.00 edge). Recent trends and opponent weakness support this play.
1B  Willson Contreras,Boston Red Sox,mlb,2B,Toronto_Blue_Jays_at_Boston_Red_Sox,0.16,0.163,-0.0030000000000000027,UNDER,Targeting 1B  Willson Contreras UNDER 0.2 2B. Model projects 0.2 (0.00 edge). Recent trends and opponent weakness support this play.
SS  Geraldo Perdomo,Arizona Diamondbacks,mlb,SB,Arizona_Diamondbacks_at_Washington_Nationals,0.14,0.143,-0.002999999999999975,UNDER,SS  Geraldo Perdomo shows UNDER value at 0.1 SB. TC projection: 0.1 — edge: 0.00. Marginal conviction based on usage rate and defensive matchup.
2B  Ketel Marte,Arizona Diamondbacks,mlb,2B,Arizona_Diamondbacks_at_Washington_Nationals,0.17,0.173,-0.002999999999999975,UNDER,2B  Ketel Marte shows UNDER value at 0.2 2B. TC projection: 0.2 — edge: 0.00. Marginal conviction based on usage rate and defensive matchup.
1B  Tyler Locklear,Arizona Diamondbacks,mlb,HR,Arizona_Diamondbacks_at_Washington_Nationals,0.17,0.173,-0.002999999999999975,UNDER,"Marginal +EV opportunity: 1B  Tyler Locklear is projected for 0.2 HR vs a line of 0.2, giving a UNDER edge of 0.00. Based on recent form, opponent matchup, and game context."
3B  Curtis Mead,Washington Nationals,mlb,2B,Arizona_Diamondbacks_at_Washington_Nationals,0.17,0.173,-0.002999999999999975,UNDER,"Marginal +EV opportunity: 3B  Curtis Mead is projected for 0.2 2B vs a line of 0.2, giving a UNDER edge of 0.00. Based on recent form, opponent matchup, and game context."
LF  Angel Martínez,Cleveland Guardians,mlb,HR,Cleveland_Guardians_at_Tampa_Bay_Rays,0.14,0.143,-0.002999999999999975,UNDER,LF  Angel Martínez shows UNDER value at 0.1 HR. TC projection: 0.1 — edge: 0.00. Marginal conviction based on usage rate and defensive matchup.
2B  Travis Bazzana,Cleveland Guardians,mlb,SB,Cleveland_Guardians_at_Tampa_Bay_Rays,0.17,0.173,-0.002999999999999975,UNDER,2B  Travis Bazzana shows UNDER value at 0.2 SB. TC projection: 0.2 — edge: 0.00. Marginal conviction based on usage rate and defensive matchup.
C   Hunter Feduccia,Tampa Bay Rays,mlb,RBI,Cleveland_Guardians_at_Tampa_Bay_Rays,0.17,0.173,-0.002999999999999975,UNDER,C   Hunter Feduccia shows UNDER value at 0.2 RBI. TC projection: 0.2 — edge: 0.00. Marginal conviction based on usage rate and defensive matchup.
RF  Jonny DeLuca,Tampa Bay Rays,mlb,SB,Cleveland_Guardians_at_Tampa_Bay_Rays,0.14,0.143,-0.002999999999999975,UNDER,"Marginal +EV opportunity: RF  Jonny DeLuca is projected for 0.1 SB vs a line of 0.1, giving a UNDER edge of 0.00. Based on recent form, opponent matchup, and game context."
RF  Jac Caglianone,Kansas City Royals,mlb,HR,Kansas_City_Royals_at_Detroit_Tigers,0.14,0.143,-0.002999999999999975,UNDER,RF  Jac Caglianone shows UNDER value at 0.1 HR. TC projection: 0.1 — edge: 0.00. Marginal conviction based on usage rate and defensive matchup.
3B  Colt Keith,Detroit Tigers,mlb,BB,Kansas_City_Royals_at_Detroit_Tigers,0.14,0.143,-0.002999999999999975,UNDER,"Marginal +EV opportunity: 3B  Colt Keith is projected for 0.1 BB vs a line of 0.1, giving a UNDER edge of 0.00. Based on recent form, opponent matchup, and game context."
CF  James Outman,Detroit Tigers,mlb,RBI,Kansas_City_Royals_at_Detroit_Tigers,0.17,0.173,-0.002999999999999975,UNDER,Targeting CF  James Outman UNDER 0.2 RBI. Model projects 0.2 (0.00 edge). Recent trends and opponent weakness support this play.
CF  Mike Trout,Los Angeles Angels,mlb,2B,Los_Angeles_Angels_at_San_Francisco_Giants,0.14,0.143,-0.002999999999999975,UNDER,"Marginal +EV opportunity: CF  Mike Trout is projected for 0.1 2B vs a line of 0.1, giving a UNDER edge of 0.00. Based on recent form, opponent matchup, and game context."
1B  Nolan Schanuel,Los Angeles Angels,mlb,2B,Los_Angeles_Angels_at_San_Francisco_Giants,0.17,0.173,-0.002999999999999975,UNDER,Targeting 1B  Nolan Schanuel UNDER 0.2 2B. Model projects 0.2 (0.00 edge). Recent trends and opponent weakness support this play.
C   Tyler Heineman,Los Angeles Angels,mlb,R,Los_Angeles_Angels_at_San_Francisco_Giants,0.17,0.173,-0.002999999999999975,UNDER,"Marginal +EV opportunity: C   Tyler Heineman is projected for 0.2 R vs a line of 0.2, giving a UNDER edge of 0.00. Based on recent form, opponent matchup, and game context."
LF  Wade Meckler,Los Angeles Angels,mlb,2B,Los_Angeles_Angels_at_San_Francisco_Giants,0.14,0.143,-0.002999999999999975,UNDER,LF  Wade Meckler shows UNDER value at 0.1 2B. TC projection: 0.1 — edge: 0.00. Marginal conviction based on usage rate and defensive matchup.
DH  Bryce Eldridge,San Francisco Giants,mlb,HR,Los_Angeles_Angels_at_San_Francisco_Giants,0.14,0.143,-0.002999999999999975,UNDER,Targeting DH  Bryce Eldridge UNDER 0.1 HR. Model projects 0.1 (0.00 edge). Recent trends and opponent weakness support this play.
LF  Heliot Ramos,San Francisco Giants,mlb,2B,Los_Angeles_Angels_at_San_Francisco_Giants,0.17,0.173,-0.002999999999999975,UNDER,Targeting LF  Heliot Ramos UNDER 0.2 2B. Model projects 0.2 (0.00 edge). Recent trends and opponent weakness support this play.
RF  Jung Hoo Lee,San Francisco Giants,mlb,BB,Los_Angeles_Angels_at_San_Francisco_Giants,0.14,0.143,-0.002999999999999975,UNDER,RF  Jung Hoo Lee shows UNDER value at 0.1 BB. TC projection: 0.1 — edge: 0.00. Marginal conviction based on usage rate and defensive matchup.
C   Ali Sánchez,New York Yankees,mlb,RBI,New_York_Yankees_at_Philadelphia_Phillies,0.14,0.143,-0.002999999999999975,UNDER,"Marginal +EV opportunity: C   Ali Sánchez is projected for 0.1 RBI vs a line of 0.1, giving a UNDER edge of 0.00. Based on recent form, opponent matchup, and game context."
RF  Jasson Domínguez,New York Yankees,mlb,BB,New_York_Yankees_at_Philadelphia_Phillies,0.14,0.143,-0.002999999999999975,UNDER,Targeting RF  Jasson Domínguez UNDER 0.1 BB. Model projects 0.1 (0.00 edge). Recent trends and opponent weakness support this play.
CF  Trent Grisham,New York Yankees,mlb,2B,New_York_Yankees_at_Philadelphia_Phillies,0.14,0.143,-0.002999999999999975,UNDER,"Marginal +EV opportunity: CF  Trent Grisham is projected for 0.1 2B vs a line of 0.1, giving a UNDER edge of 0.00. Based on recent form, opponent matchup, and game context."
LF  Brandon Marsh,Philadelphia Phillies,mlb,HR,New_York_Yankees_at_Philadelphia_Phillies,0.14,0.143,-0.002999999999999975,UNDER,"Marginal +EV opportunity: LF  Brandon Marsh is projected for 0.1 HR vs a line of 0.1, giving a UNDER edge of 0.00. Based on recent form, opponent matchup, and game context."
C   J.T. Realmuto,Philadelphia Phillies,mlb,2B,New_York_Yankees_at_Philadelphia_Phillies,0.14,0.143,-0.002999999999999975,UNDER,"Marginal +EV opportunity: C   J.T. Realmuto is projected for 0.1 2B vs a line of 0.1, giving a UNDER edge of 0.00. Based on recent form, opponent matchup, and game context."
1B  Ty France,San Diego Padres,mlb,HR,San_Diego_Padres_at_Miami_Marlins,0.17,0.173,-0.002999999999999975,UNDER,Targeting 1B  Ty France UNDER 0.2 HR. Model projects 0.2 (0.00 edge). Recent trends and opponent weakness support this play.
CF  Jakob Marsee,Miami Marlins,mlb,SB,San_Diego_Padres_at_Miami_Marlins,0.17,0.173,-0.002999999999999975,UNDER,"Marginal +EV opportunity: CF  Jakob Marsee is projected for 0.2 SB vs a line of 0.2, giving a UNDER edge of 0.00. Based on recent form, opponent matchup, and game context."
3B  Javier Sanoja,Miami Marlins,mlb,BB,San_Diego_Padres_at_Miami_Marlins,0.14,0.143,-0.002999999999999975,UNDER,3B  Javier Sanoja shows UNDER value at 0.1 BB. TC projection: 0.1 — edge: 0.00. Marginal conviction based on usage rate and defensive matchup.
C   Joe Mack,Miami Marlins,mlb,BB,San_Diego_Padres_at_Miami_Marlins,0.17,0.173,-0.002999999999999975,UNDER,"Marginal +EV opportunity: C   Joe Mack is projected for 0.2 BB vs a line of 0.2, giving a UNDER edge of 0.00. Based on recent form, opponent matchup, and game context."
2B  Luis Urías,Toronto Blue Jays,mlb,R,Toronto_Blue_Jays_at_Boston_Red_Sox,0.14,0.143,-0.002999999999999975,UNDER,2B  Luis Urías shows UNDER value at 0.1 R. TC projection: 0.1 — edge: 0.00. Marginal conviction based on usage rate and defensive matchup.
2B  Luis Urías,Toronto Blue Jays,mlb,RBI,Toronto_Blue_Jays_at_Boston_Red_Sox,0.14,0.143,-0.002999999999999975,UNDER,Targeting 2B  Luis Urías UNDER 0.1 RBI. Model projects 0.1 (0.00 edge). Recent trends and opponent weakness support this play.
2B  Luis Urías,Toronto Blue Jays,mlb,BB,Toronto_Blue_Jays_at_Boston_Red_Sox,0.14,0.143,-0.002999999999999975,UNDER,"Marginal +EV opportunity: 2B  Luis Urías is projected for 0.1 BB vs a line of 0.1, giving a UNDER edge of 0.00. Based on recent form, opponent matchup, and game context."
C   Carlos Narváez,Boston Red Sox,mlb,RBI,Toronto_Blue_Jays_at_Boston_Red_Sox,0.14,0.143,-0.002999999999999975,UNDER,Targeting C   Carlos Narváez UNDER 0.1 RBI. Model projects 0.1 (0.00 edge). Recent trends and opponent weakness support this play.
C   Connor Wong,Boston Red Sox,mlb,2B,Toronto_Blue_Jays_at_Boston_Red_Sox,0.14,0.143,-0.002999999999999975,UNDER,C   Connor Wong shows UNDER value at 0.1 2B. TC projection: 0.1 — edge: 0.00. Marginal conviction based on usage rate and defensive matchup.
RF  Corbin Carroll,Arizona Diamondbacks,mlb,HR,Arizona_Diamondbacks_at_Washington_Nationals,0.12,0.118,0.0020000000000000018,OVER,RF  Corbin Carroll shows OVER value at 0.1 HR. TC projection: 0.1 — edge: 0.00. Marginal conviction based on usage rate and defensive matchup.
C   Gabriel Moreno,Arizona Diamondbacks,mlb,HR,Arizona_Diamondbacks_at_Washington_Nationals,0.08,0.078,0.0020000000000000018,OVER,Targeting C   Gabriel Moreno OVER 0.1 HR. Model projects 0.1 (0.00 edge). Recent trends and opponent weakness support this play.
LF  Daylen Lile,Washington Nationals,mlb,HR,Arizona_Diamondbacks_at_Washington_Nationals,0.09,0.088,0.0020000000000000018,OVER,LF  Daylen Lile shows OVER value at 0.1 HR. TC projection: 0.1 — edge: 0.00. Marginal conviction based on usage rate and defensive matchup.
LF  Daylen Lile,Washington Nationals,mlb,SB,Arizona_Diamondbacks_at_Washington_Nationals,0.08,0.078,0.0020000000000000018,OVER,LF  Daylen Lile shows OVER value at 0.1 SB. TC projection: 0.1 — edge: 0.00. Marginal conviction based on usage rate and defensive matchup.
RF  Dylan Crews,Washington Nationals,mlb,2B,Arizona_Diamondbacks_at_Washington_Nationals,0.1,0.098,0.0020000000000000018,OVER,"Marginal +EV opportunity: RF  Dylan Crews is projected for 0.1 2B vs a line of 0.1, giving a OVER edge of 0.00. Based on recent form, opponent matchup, and game context."
DH  José Tena,Washington Nationals,mlb,2B,Arizona_Diamondbacks_at_Washington_Nationals,0.11,0.108,0.0020000000000000018,OVER,"Marginal +EV opportunity: DH  José Tena is projected for 0.1 2B vs a line of 0.1, giving a OVER edge of 0.00. Based on recent form, opponent matchup, and game context."
C   Keibert Ruiz,Washington Nationals,mlb,HR,Arizona_Diamondbacks_at_Washington_Nationals,0.09,0.088,0.0020000000000000018,OVER,"Marginal +EV opportunity: C   Keibert Ruiz is projected for 0.1 HR vs a line of 0.1, giving a OVER edge of 0.00. Based on recent form, opponent matchup, and game context."
LF  Angel Martínez,Cleveland Guardians,mlb,SB,Cleveland_Guardians_at_Tampa_Bay_Rays,0.11,0.108,0.0020000000000000018,OVER,Targeting LF  Angel Martínez OVER 0.1 SB. Model projects 0.1 (0.00 edge). Recent trends and opponent weakness support this play.
C   Austin Hedges,Cleveland Guardians,mlb,2B,Cleveland_Guardians_at_Tampa_Bay_Rays,0.11,0.108,0.0020000000000000018,OVER,C   Austin Hedges shows OVER value at 0.1 2B. TC projection: 0.1 — edge: 0.00. Marginal conviction based on usage rate and defensive matchup.
SS  Brayan Rocchio,Cleveland Guardians,mlb,SB,Cleveland_Guardians_at_Tampa_Bay_Rays,0.12,0.118,0.0020000000000000018,OVER,"Marginal +EV opportunity: SS  Brayan Rocchio is projected for 0.1 SB vs a line of 0.1, giving a OVER edge of 0.00. Based on recent form, opponent matchup, and game context."
RF  Chase DeLauter,Cleveland Guardians,mlb,HR,Cleveland_Guardians_at_Tampa_Bay_Rays,0.1,0.098,0.0020000000000000018,OVER,"Marginal +EV opportunity: RF  Chase DeLauter is projected for 0.1 HR vs a line of 0.1, giving a OVER edge of 0.00. Based on recent form, opponent matchup, and game context."
3B  Gabriel Arias,Cleveland Guardians,mlb,HR,Cleveland_Guardians_at_Tampa_Bay_Rays,0.11,0.108,0.0020000000000000018,OVER,"Marginal +EV opportunity: 3B  Gabriel Arias is projected for 0.1 HR vs a line of 0.1, giving a OVER edge of 0.00. Based on recent form, opponent matchup, and game context."
3B  José Ramírez,Cleveland Guardians,mlb,HR,Cleveland_Guardians_at_Tampa_Bay_Rays,0.11,0.108,0.0020000000000000018,OVER,3B  José Ramírez shows OVER value at 0.1 HR. TC projection: 0.1 — edge: 0.00. Marginal conviction based on usage rate and defensive matchup.
1B  Kyle Manzardo,Cleveland Guardians,mlb,2B,Cleveland_Guardians_at_Tampa_Bay_Rays,0.08,0.078,0.0020000000000000018,OVER,"Marginal +EV opportunity: 1B  Kyle Manzardo is projected for 0.1 2B vs a line of 0.1, giving a OVER edge of 0.00. Based on recent form, opponent matchup, and game context."
CF  Petey Halpin,Cleveland Guardians,mlb,RBI,Cleveland_Guardians_at_Tampa_Bay_Rays,0.11,0.108,0.0020000000000000018,OVER,Targeting CF  Petey Halpin OVER 0.1 RBI. Model projects 0.1 (0.00 edge). Recent trends and opponent weakness support this play.
CF  Petey Halpin,Cleveland Guardians,mlb,SB,Cleveland_Guardians_at_Tampa_Bay_Rays,0.11,0.108,0.0020000000000000018,OVER,CF  Petey Halpin shows OVER value at 0.1 SB. TC projection: 0.1 — edge: 0.00. Marginal conviction based on usage rate and defensive matchup.
2B  Travis Bazzana,Cleveland Guardians,mlb,HR,Cleveland_Guardians_at_Tampa_Bay_Rays,0.1,0.098,0.0020000000000000018,OVER,2B  Travis Bazzana shows OVER value at 0.1 HR. TC projection: 0.1 — edge: 0.00. Marginal conviction based on usage rate and defensive matchup.
2B  Ben Williamson,Tampa Bay Rays,mlb,2B,Cleveland_Guardians_at_Tampa_Bay_Rays,0.12,0.118,0.0020000000000000018,OVER,Targeting 2B  Ben Williamson OVER 0.1 2B. Model projects 0.1 (0.00 edge). Recent trends and opponent weakness support this play.
C   Hunter Feduccia,Tampa Bay Rays,mlb,2B,Cleveland_Guardians_at_Tampa_Bay_Rays,0.09,0.088,0.0020000000000000018,OVER,C   Hunter Feduccia shows OVER value at 0.1 2B. TC projection: 0.1 — edge: 0.00. Marginal conviction based on usage rate and defensive matchup.
1B  Jonathan Aranda,Tampa Bay Rays,mlb,HR,Cleveland_Guardians_at_Tampa_Bay_Rays,0.12,0.118,0.0020000000000000018,OVER,Targeting 1B  Jonathan Aranda OVER 0.1 HR. Model projects 0.1 (0.00 edge). Recent trends and opponent weakness support this play.
RF  Jonny DeLuca,Tampa Bay Rays,mlb,HR,Cleveland_Guardians_at_Tampa_Bay_Rays,0.08,0.078,0.0020000000000000018,OVER,Targeting RF  Jonny DeLuca OVER 0.1 HR. Model projects 0.1 (0.00 edge). Recent trends and opponent weakness support this play.
2B  Richie Palacios,Tampa Bay Rays,mlb,2B,Cleveland_Guardians_at_Tampa_Bay_Rays,0.09,0.088,0.0020000000000000018,OVER,2B  Richie Palacios shows OVER value at 0.1 2B. TC projection: 0.1 — edge: 0.00. Marginal conviction based on usage rate and defensive matchup.
RF  Ryan Vilade,Tampa Bay Rays,mlb,HR,Cleveland_Guardians_at_Tampa_Bay_Rays,0.12,0.118,0.0020000000000000018,OVER,"Marginal +EV opportunity: RF  Ryan Vilade is projected for 0.1 HR vs a line of 0.1, giving a OVER edge of 0.00. Based on recent form, opponent matchup, and game context."
RF  Ryan Vilade,Tampa Bay Rays,mlb,2B,Cleveland_Guardians_at_Tampa_Bay_Rays,0.11,0.108,0.0020000000000000018,OVER,"Marginal +EV opportunity: RF  Ryan Vilade is projected for 0.1 2B vs a line of 0.1, giving a OVER edge of 0.00. Based on recent form, opponent matchup, and game context."
RF  Victor Mesa Jr.,Tampa Bay Rays,mlb,SB,Cleveland_Guardians_at_Tampa_Bay_Rays,0.09,0.088,0.0020000000000000018,OVER,RF  Victor Mesa Jr. shows OVER value at 0.1 SB. TC projection: 0.1 — edge: 0.00. Marginal conviction based on usage rate and defensive matchup.
C   Carter Jensen,Kansas City Royals,mlb,HR,Kansas_City_Royals_at_Detroit_Tigers,0.12,0.118,0.0020000000000000018,OVER,Targeting C   Carter Jensen OVER 0.1 HR. Model projects 0.1 (0.00 edge). Recent trends and opponent weakness support this play.
3B  Josh Rojas,Kansas City Royals,mlb,2B,Kansas_City_Royals_at_Detroit_Tigers,0.12,0.118,0.0020000000000000018,OVER,3B  Josh Rojas shows OVER value at 0.1 2B. TC projection: 0.1 — edge: 0.00. Marginal conviction based on usage rate and defensive matchup.
DH  Salvador Perez,Kansas City Royals,mlb,HR,Kansas_City_Royals_at_Detroit_Tigers,0.12,0.118,0.0020000000000000018,OVER,Targeting DH  Salvador Perez OVER 0.1 HR. Model projects 0.1 (0.00 edge). Recent trends and opponent weakness support this play.
1B  Vinnie Pasquantino,Kansas City Royals,mlb,2B,Kansas_City_Royals_at_Detroit_Tigers,0.12,0.118,0.0020000000000000018,OVER,"Marginal +EV opportunity: 1B  Vinnie Pasquantino is projected for 0.1 2B vs a line of 0.1, giving a OVER edge of 0.00. Based on recent form, opponent matchup, and game context."
RF  Ben Malgeri,Detroit Tigers,mlb,2B,Kansas_City_Royals_at_Detroit_Tigers,0.11,0.108,0.0020000000000000018,OVER,Targeting RF  Ben Malgeri OVER 0.1 2B. Model projects 0.1 (0.00 edge). Recent trends and opponent weakness support this play.
CF  James Outman,Detroit Tigers,mlb,BB,Kansas_City_Royals_at_Detroit_Tigers,0.11,0.108,0.0020000000000000018,OVER,"Marginal +EV opportunity: CF  James Outman is projected for 0.1 BB vs a line of 0.1, giving a OVER edge of 0.00. Based on recent form, opponent matchup, and game context."
SS  Kevin McGonigle,Detroit Tigers,mlb,HR,Kansas_City_Royals_at_Detroit_Tigers,0.08,0.078,0.0020000000000000018,OVER,"Marginal +EV opportunity: SS  Kevin McGonigle is projected for 0.1 HR vs a line of 0.1, giving a OVER edge of 0.00. Based on recent form, opponent matchup, and game context."
SS  Kevin McGonigle,Detroit Tigers,mlb,SB,Kansas_City_Royals_at_Detroit_Tigers,0.1,0.098,0.0020000000000000018,OVER,Targeting SS  Kevin McGonigle OVER 0.1 SB. Model projects 0.1 (0.00 edge). Recent trends and opponent weakness support this play.
CF  Matt Vierling,Detroit Tigers,mlb,2B,Kansas_City_Royals_at_Detroit_Tigers,0.12,0.118,0.0020000000000000018,OVER,CF  Matt Vierling shows OVER value at 0.1 2B. TC projection: 0.1 — edge: 0.00. Marginal conviction based on usage rate and defensive matchup.
3B  Denzer Guzman,Los Angeles Angels,mlb,2B,Los_Angeles_Angels_at_San_Francisco_Giants,0.1,0.098,0.0020000000000000018,OVER,"Marginal +EV opportunity: 3B  Denzer Guzman is projected for 0.1 2B vs a line of 0.1, giving a OVER edge of 0.00. Based on recent form, opponent matchup, and game context."
RF  Jo Adell,Los Angeles Angels,mlb,HR,Los_Angeles_Angels_at_San_Francisco_Giants,0.12,0.118,0.0020000000000000018,OVER,"Marginal +EV opportunity: RF  Jo Adell is projected for 0.1 HR vs a line of 0.1, giving a OVER edge of 0.00. Based on recent form, opponent matchup, and game context."
RF  Jo Adell,Los Angeles Angels,mlb,2B,Los_Angeles_Angels_at_San_Francisco_Giants,0.12,0.118,0.0020000000000000018,OVER,Targeting RF  Jo Adell OVER 0.1 2B. Model projects 0.1 (0.00 edge). Recent trends and opponent weakness support this play.
RF  Jo Adell,Los Angeles Angels,mlb,BB,Los_Angeles_Angels_at_San_Francisco_Giants,0.11,0.108,0.0020000000000000018,OVER,Targeting RF  Jo Adell OVER 0.1 BB. Model projects 0.1 (0.00 edge). Recent trends and opponent weakness support this play.
CF  Jose Siri,Los Angeles Angels,mlb,HR,Los_Angeles_Angels_at_San_Francisco_Giants,0.08,0.078,0.0020000000000000018,OVER,"Marginal +EV opportunity: CF  Jose Siri is projected for 0.1 HR vs a line of 0.1, giving a OVER edge of 0.00. Based on recent form, opponent matchup, and game context."
CF  Jose Siri,Los Angeles Angels,mlb,BB,Los_Angeles_Angels_at_San_Francisco_Giants,0.1,0.098,0.0020000000000000018,OVER,"Marginal +EV opportunity: CF  Jose Siri is projected for 0.1 BB vs a line of 0.1, giving a OVER edge of 0.00. Based on recent form, opponent matchup, and game context."
2B  Oswald Peraza,Los Angeles Angels,mlb,2B,Los_Angeles_Angels_at_San_Francisco_Giants,0.1,0.098,0.0020000000000000018,OVER,2B  Oswald Peraza shows OVER value at 0.1 2B. TC projection: 0.1 — edge: 0.00. Marginal conviction based on usage rate and defensive matchup.
2B  Oswald Peraza,Los Angeles Angels,mlb,BB,Los_Angeles_Angels_at_San_Francisco_Giants,0.1,0.098,0.0020000000000000018,OVER,"Marginal +EV opportunity: 2B  Oswald Peraza is projected for 0.1 BB vs a line of 0.1, giving a OVER edge of 0.00. Based on recent form, opponent matchup, and game context."
2B  Oswald Peraza,Los Angeles Angels,mlb,SB,Los_Angeles_Angels_at_San_Francisco_Giants,0.11,0.108,0.0020000000000000018,OVER,"Marginal +EV opportunity: 2B  Oswald Peraza is projected for 0.1 SB vs a line of 0.1, giving a OVER edge of 0.00. Based on recent form, opponent matchup, and game context."
C   Tyler Heineman,Los Angeles Angels,mlb,BB,Los_Angeles_Angels_at_San_Francisco_Giants,0.09,0.088,0.0020000000000000018,OVER,"Marginal +EV opportunity: C   Tyler Heineman is projected for 0.1 BB vs a line of 0.1, giving a OVER edge of 0.00. Based on recent form, opponent matchup, and game context."
SS  Zach Neto,Los Angeles Angels,mlb,SB,Los_Angeles_Angels_at_San_Francisco_Giants,0.11,0.108,0.0020000000000000018,OVER,Targeting SS  Zach Neto OVER 0.1 SB. Model projects 0.1 (0.00 edge). Recent trends and opponent weakness support this play.
LF  Casey Schmitt,San Francisco Giants,mlb,BB,Los_Angeles_Angels_at_San_Francisco_Giants,0.1,0.098,0.0020000000000000018,OVER,Targeting LF  Casey Schmitt OVER 0.1 BB. Model projects 0.1 (0.00 edge). Recent trends and opponent weakness support this play.
CF  Drew Gilbert,San Francisco Giants,mlb,2B,Los_Angeles_Angels_at_San_Francisco_Giants,0.11,0.108,0.0020000000000000018,OVER,CF  Drew Gilbert shows OVER value at 0.1 2B. TC projection: 0.1 — edge: 0.00. Marginal conviction based on usage rate and defensive matchup.
C   Jesus Rodriguez,San Francisco Giants,mlb,HR,Los_Angeles_Angels_at_San_Francisco_Giants,0.11,0.108,0.0020000000000000018,OVER,"Marginal +EV opportunity: C   Jesus Rodriguez is projected for 0.1 HR vs a line of 0.1, giving a OVER edge of 0.00. Based on recent form, opponent matchup, and game context."
C   Jesus Rodriguez,San Francisco Giants,mlb,2B,Los_Angeles_Angels_at_San_Francisco_Giants,0.11,0.108,0.0020000000000000018,OVER,C   Jesus Rodriguez shows OVER value at 0.1 2B. TC projection: 0.1 — edge: 0.00. Marginal conviction based on usage rate and defensive matchup.
SS  Anthony Volpe,New York Yankees,mlb,2B,New_York_Yankees_at_Philadelphia_Phillies,0.1,0.098,0.0020000000000000018,OVER,Targeting SS  Anthony Volpe OVER 0.1 2B. Model projects 0.1 (0.00 edge). Recent trends and opponent weakness support this play.
LF  Cody Bellinger,New York Yankees,mlb,HR,New_York_Yankees_at_Philadelphia_Phillies,0.09,0.088,0.0020000000000000018,OVER,LF  Cody Bellinger shows OVER value at 0.1 HR. TC projection: 0.1 — edge: 0.00. Marginal conviction based on usage rate and defensive matchup.
LF  Cody Bellinger,New York Yankees,mlb,SB,New_York_Yankees_at_Philadelphia_Phillies,0.08,0.078,0.0020000000000000018,OVER,Targeting LF  Cody Bellinger OVER 0.1 SB. Model projects 0.1 (0.00 edge). Recent trends and opponent weakness support this play.
2B  Jazz Chisholm Jr.,New York Yankees,mlb,2B,New_York_Yankees_at_Philadelphia_Phillies,0.11,0.108,0.0020000000000000018,OVER,2B  Jazz Chisholm Jr. shows OVER value at 0.1 2B. TC projection: 0.1 — edge: 0.00. Marginal conviction based on usage rate and defensive matchup.
1B  Paul Goldschmidt,New York Yankees,mlb,2B,New_York_Yankees_at_Philadelphia_Phillies,0.11,0.108,0.0020000000000000018,OVER,1B  Paul Goldschmidt shows OVER value at 0.1 2B. TC projection: 0.1 — edge: 0.00. Marginal conviction based on usage rate and defensive matchup.
3B  Ryan McMahon,New York Yankees,mlb,2B,New_York_Yankees_at_Philadelphia_Phillies,0.1,0.098,0.0020000000000000018,OVER,"Marginal +EV opportunity: 3B  Ryan McMahon is projected for 0.1 2B vs a line of 0.1, giving a OVER edge of 0.00. Based on recent form, opponent matchup, and game context."
RF  Derek Hill,Philadelphia Phillies,mlb,SB,New_York_Yankees_at_Philadelphia_Phillies,0.12,0.118,0.0020000000000000018,OVER,Targeting RF  Derek Hill OVER 0.1 SB. Model projects 0.1 (0.00 edge). Recent trends and opponent weakness support this play.
2B  Edmundo Sosa,Philadelphia Phillies,mlb,HR,New_York_Yankees_at_Philadelphia_Phillies,0.08,0.078,0.0020000000000000018,OVER,Targeting 2B  Edmundo Sosa OVER 0.1 HR. Model projects 0.1 (0.00 edge). Recent trends and opponent weakness support this play.
2B  Edmundo Sosa,Philadelphia Phillies,mlb,BB,New_York_Yankees_at_Philadelphia_Phillies,0.08,0.078,0.0020000000000000018,OVER,2B  Edmundo Sosa shows OVER value at 0.1 BB. TC projection: 0.1 — edge: 0.00. Marginal conviction based on usage rate and defensive matchup.
C   J.T. Realmuto,Philadelphia Phillies,mlb,HR,New_York_Yankees_at_Philadelphia_Phillies,0.08,0.078,0.0020000000000000018,OVER,C   J.T. Realmuto shows OVER value at 0.1 HR. TC projection: 0.1 — edge: 0.00. Marginal conviction based on usage rate and defensive matchup.
CF  Justin Crawford,Philadelphia Phillies,mlb,SB,New_York_Yankees_at_Philadelphia_Phillies,0.12,0.118,0.0020000000000000018,OVER,CF  Justin Crawford shows OVER value at 0.1 SB. TC projection: 0.1 — edge: 0.00. Marginal conviction based on usage rate and defensive matchup.
SS  Trea Turner,Philadelphia Phillies,mlb,HR,New_York_Yankees_at_Philadelphia_Phillies,0.12,0.118,0.0020000000000000018,OVER,SS  Trea Turner shows OVER value at 0.1 HR. TC projection: 0.1 — edge: 0.00. Marginal conviction based on usage rate and defensive matchup.
2B  Jake Cronenworth,San Diego Padres,mlb,2B,San_Diego_Padres_at_Miami_Marlins,0.08,0.078,0.0020000000000000018,OVER,"Marginal +EV opportunity: 2B  Jake Cronenworth is projected for 0.1 2B vs a line of 0.1, giving a OVER edge of 0.00. Based on recent form, opponent matchup, and game context."
RF  Jase Bowen,San Diego Padres,mlb,SB,San_Diego_Padres_at_Miami_Marlins,0.1,0.098,0.0020000000000000018,OVER,RF  Jase Bowen shows OVER value at 0.1 SB. TC projection: 0.1 — edge: 0.00. Marginal conviction based on usage rate and defensive matchup.
C   Luis Campusano,San Diego Padres,mlb,HR,San_Diego_Padres_at_Miami_Marlins,0.1,0.098,0.0020000000000000018,OVER,"Marginal +EV opportunity: C   Luis Campusano is projected for 0.1 HR vs a line of 0.1, giving a OVER edge of 0.00. Based on recent form, opponent matchup, and game context."
3B  Luis Rengifo,San Diego Padres,mlb,2B,San_Diego_Padres_at_Miami_Marlins,0.12,0.118,0.0020000000000000018,OVER,3B  Luis Rengifo shows OVER value at 0.1 2B. TC projection: 0.1 — edge: 0.00. Marginal conviction based on usage rate and defensive matchup.
C   Rodolfo Durán,San Diego Padres,mlb,2B,San_Diego_Padres_at_Miami_Marlins,0.09,0.088,0.0020000000000000018,OVER,Targeting C   Rodolfo Durán OVER 0.1 2B. Model projects 0.1 (0.00 edge). Recent trends and opponent weakness support this play.
SS  Xander Bogaerts,San Diego Padres,mlb,HR,San_Diego_Padres_at_Miami_Marlins,0.08,0.078,0.0020000000000000018,OVER,SS  Xander Bogaerts shows OVER value at 0.1 HR. TC projection: 0.1 — edge: 0.00. Marginal conviction based on usage rate and defensive matchup.
SS  Xander Bogaerts,San Diego Padres,mlb,2B,San_Diego_Padres_at_Miami_Marlins,0.08,0.078,0.0020000000000000018,OVER,"Marginal +EV opportunity: SS  Xander Bogaerts is projected for 0.1 2B vs a line of 0.1, giving a OVER edge of 0.00. Based on recent form, opponent matchup, and game context."
SS  Xander Bogaerts,San Diego Padres,mlb,SB,San_Diego_Padres_at_Miami_Marlins,0.12,0.118,0.0020000000000000018,OVER,SS  Xander Bogaerts shows OVER value at 0.1 SB. TC projection: 0.1 — edge: 0.00. Marginal conviction based on usage rate and defensive matchup.
C   Brian Navarreto,Miami Marlins,mlb,2B,San_Diego_Padres_at_Miami_Marlins,0.12,0.118,0.0020000000000000018,OVER,C   Brian Navarreto shows OVER value at 0.1 2B. TC projection: 0.1 — edge: 0.00. Marginal conviction based on usage rate and defensive matchup.
RF  Esteury Ruiz,Miami Marlins,mlb,2B,San_Diego_Padres_at_Miami_Marlins,0.11,0.108,0.0020000000000000018,OVER,Targeting RF  Esteury Ruiz OVER 0.1 2B. Model projects 0.1 (0.00 edge). Recent trends and opponent weakness support this play.
LF  Griffin Conine,Miami Marlins,mlb,2B,San_Diego_Padres_at_Miami_Marlins,0.12,0.118,0.0020000000000000018,OVER,Targeting LF  Griffin Conine OVER 0.1 2B. Model projects 0.1 (0.00 edge). Recent trends and opponent weakness support this play.
LF  Heriberto Hernández,Miami Marlins,mlb,SB,San_Diego_Padres_at_Miami_Marlins,0.08,0.078,0.0020000000000000018,OVER,LF  Heriberto Hernández shows OVER value at 0.1 SB. TC projection: 0.1 — edge: 0.00. Marginal conviction based on usage rate and defensive matchup.
CF  Jakob Marsee,Miami Marlins,mlb,2B,San_Diego_Padres_at_Miami_Marlins,0.1,0.098,0.0020000000000000018,OVER,"Marginal +EV opportunity: CF  Jakob Marsee is projected for 0.1 2B vs a line of 0.1, giving a OVER edge of 0.00. Based on recent form, opponent matchup, and game context."
C   Joe Mack,Miami Marlins,mlb,2B,San_Diego_Padres_at_Miami_Marlins,0.09,0.088,0.0020000000000000018,OVER,"Marginal +EV opportunity: C   Joe Mack is projected for 0.1 2B vs a line of 0.1, giving a OVER edge of 0.00. Based on recent form, opponent matchup, and game context."
C   Liam Hicks,Miami Marlins,mlb,2B,San_Diego_Padres_at_Miami_Marlins,0.08,0.078,0.0020000000000000018,OVER,C   Liam Hicks shows OVER value at 0.1 2B. TC projection: 0.1 — edge: 0.00. Marginal conviction based on usage rate and defensive matchup.
SS  Otto Lopez,Miami Marlins,mlb,HR,San_Diego_Padres_at_Miami_Marlins,0.08,0.078,0.0020000000000000018,OVER,Targeting SS  Otto Lopez OVER 0.1 HR. Model projects 0.1 (0.00 edge). Recent trends and opponent weakness support this play.
C   Alejandro Kirk,Toronto Blue Jays,mlb,HR,Toronto_Blue_Jays_at_Boston_Red_Sox,0.08,0.078,0.0020000000000000018,OVER,"Marginal +EV opportunity: C   Alejandro Kirk is projected for 0.1 HR vs a line of 0.1, giving a OVER edge of 0.00. Based on recent form, opponent matchup, and game context."
CF  Daulton Varsho,Toronto Blue Jays,mlb,SB,Toronto_Blue_Jays_at_Boston_Red_Sox,0.08,0.078,0.0020000000000000018,OVER,Targeting CF  Daulton Varsho OVER 0.1 SB. Model projects 0.1 (0.00 edge). Recent trends and opponent weakness support this play.
2B  Ernie Clement,Toronto Blue Jays,mlb,BB,Toronto_Blue_Jays_at_Boston_Red_Sox,0.12,0.118,0.0020000000000000018,OVER,2B  Ernie Clement shows OVER value at 0.1 BB. TC projection: 0.1 — edge: 0.00. Marginal conviction based on usage rate and defensive matchup.
2B  Luis Urías,Toronto Blue Jays,mlb,HR,Toronto_Blue_Jays_at_Boston_Red_Sox,0.09,0.088,0.0020000000000000018,OVER,"Marginal +EV opportunity: 2B  Luis Urías is projected for 0.1 HR vs a line of 0.1, giving a OVER edge of 0.00. Based on recent form, opponent matchup, and game context."
CF  Ceddanne Rafaela,Boston Red Sox,mlb,HR,Toronto_Blue_Jays_at_Boston_Red_Sox,0.09,0.088,0.0020000000000000018,OVER,Targeting CF  Ceddanne Rafaela OVER 0.1 HR. Model projects 0.1 (0.00 edge). Recent trends and opponent weakness support this play.
CF  Ceddanne Rafaela,Boston Red Sox,mlb,SB,Toronto_Blue_Jays_at_Boston_Red_Sox,0.12,0.118,0.0020000000000000018,OVER,CF  Ceddanne Rafaela shows OVER value at 0.1 SB. TC projection: 0.1 — edge: 0.00. Marginal conviction based on usage rate and defensive matchup.
LF  Jarren Duran,Boston Red Sox,mlb,2B,Toronto_Blue_Jays_at_Boston_Red_Sox,0.09,0.088,0.0020000000000000018,OVER,"Marginal +EV opportunity: LF  Jarren Duran is projected for 0.1 2B vs a line of 0.1, giving a OVER edge of 0.00. Based on recent form, opponent matchup, and game context."
DH  Adrian Del Castillo,Arizona Diamondbacks,mlb,HR,Arizona_Diamondbacks_at_Washington_Nationals,0.08,0.082,-0.0020000000000000018,UNDER,"Marginal +EV opportunity: DH  Adrian Del Castillo is projected for 0.1 HR vs a line of 0.1, giving a UNDER edge of 0.00. Based on recent form, opponent matchup, and game context."
DH  Adrian Del Castillo,Arizona Diamondbacks,mlb,2B,Arizona_Diamondbacks_at_Washington_Nationals,0.09,0.092,-0.0020000000000000018,UNDER,"Marginal +EV opportunity: DH  Adrian Del Castillo is projected for 0.1 2B vs a line of 0.1, giving a UNDER edge of 0.00. Based on recent form, opponent matchup, and game context."
RF  Corbin Carroll,Arizona Diamondbacks,mlb,SB,Arizona_Diamondbacks_at_Washington_Nationals,0.11,0.112,-0.0020000000000000018,UNDER,Targeting RF  Corbin Carroll UNDER 0.1 SB. Model projects 0.1 (0.00 edge). Recent trends and opponent weakness support this play.
SS  Geraldo Perdomo,Arizona Diamondbacks,mlb,2B,Arizona_Diamondbacks_at_Washington_Nationals,0.12,0.122,-0.0020000000000000018,UNDER,Targeting SS  Geraldo Perdomo UNDER 0.1 2B. Model projects 0.1 (0.00 edge). Recent trends and opponent weakness support this play.
CF  Jorge Barrosa,Arizona Diamondbacks,mlb,RBI,Arizona_Diamondbacks_at_Washington_Nationals,0.12,0.122,-0.0020000000000000018,UNDER,Targeting CF  Jorge Barrosa UNDER 0.1 RBI. Model projects 0.1 (0.00 edge). Recent trends and opponent weakness support this play.
LF  Max Kepler,Arizona Diamondbacks,mlb,HR,Arizona_Diamondbacks_at_Washington_Nationals,0.09,0.092,-0.0020000000000000018,UNDER,LF  Max Kepler shows UNDER value at 0.1 HR. TC projection: 0.1 — edge: 0.00. Marginal conviction based on usage rate and defensive matchup.
3B  Nolan Arenado,Arizona Diamondbacks,mlb,HR,Arizona_Diamondbacks_at_Washington_Nationals,0.12,0.122,-0.0020000000000000018,UNDER,3B  Nolan Arenado shows UNDER value at 0.1 HR. TC projection: 0.1 — edge: 0.00. Marginal conviction based on usage rate and defensive matchup.
CF  Ryan Waldschmidt,Arizona Diamondbacks,mlb,SB,Arizona_Diamondbacks_at_Washington_Nationals,0.12,0.122,-0.0020000000000000018,UNDER,"Marginal +EV opportunity: CF  Ryan Waldschmidt is projected for 0.1 SB vs a line of 0.1, giving a UNDER edge of 0.00. Based on recent form, opponent matchup, and game context."
LF  Tim Tawa,Arizona Diamondbacks,mlb,2B,Arizona_Diamondbacks_at_Washington_Nationals,0.12,0.122,-0.0020000000000000018,UNDER,LF  Tim Tawa shows UNDER value at 0.1 2B. TC projection: 0.1 — edge: 0.00. Marginal conviction based on usage rate and defensive matchup.
CF  Jacob Young,Washington Nationals,mlb,HR,Arizona_Diamondbacks_at_Washington_Nationals,0.08,0.082,-0.0020000000000000018,UNDER,Targeting CF  Jacob Young UNDER 0.1 HR. Model projects 0.1 (0.00 edge). Recent trends and opponent weakness support this play.
CF  Jacob Young,Washington Nationals,mlb,2B,Arizona_Diamondbacks_at_Washington_Nationals,0.11,0.112,-0.0020000000000000018,UNDER,"Marginal +EV opportunity: CF  Jacob Young is projected for 0.1 2B vs a line of 0.1, giving a UNDER edge of 0.00. Based on recent form, opponent matchup, and game context."
3B  Jorbit Vivas,Washington Nationals,mlb,2B,Arizona_Diamondbacks_at_Washington_Nationals,0.09,0.092,-0.0020000000000000018,UNDER,"Marginal +EV opportunity: 3B  Jorbit Vivas is projected for 0.1 2B vs a line of 0.1, giving a UNDER edge of 0.00. Based on recent form, opponent matchup, and game context."
LF  Angel Martínez,Cleveland Guardians,mlb,BB,Cleveland_Guardians_at_Tampa_Bay_Rays,0.09,0.092,-0.0020000000000000018,UNDER,Targeting LF  Angel Martínez UNDER 0.1 BB. Model projects 0.1 (0.00 edge). Recent trends and opponent weakness support this play.
3B  Gabriel Arias,Cleveland Guardians,mlb,SB,Cleveland_Guardians_at_Tampa_Bay_Rays,0.09,0.092,-0.0020000000000000018,UNDER,"Marginal +EV opportunity: 3B  Gabriel Arias is projected for 0.1 SB vs a line of 0.1, giving a UNDER edge of 0.00. Based on recent form, opponent matchup, and game context."
1B  Rhys Hoskins,Cleveland Guardians,mlb,HR,Cleveland_Guardians_at_Tampa_Bay_Rays,0.11,0.112,-0.0020000000000000018,UNDER,Targeting 1B  Rhys Hoskins UNDER 0.1 HR. Model projects 0.1 (0.00 edge). Recent trends and opponent weakness support this play.
2B  Ben Williamson,Tampa Bay Rays,mlb,SB,Cleveland_Guardians_at_Tampa_Bay_Rays,0.09,0.092,-0.0020000000000000018,UNDER,2B  Ben Williamson shows UNDER value at 0.1 SB. TC projection: 0.1 — edge: 0.00. Marginal conviction based on usage rate and defensive matchup.
CF  Cedric Mullins,Tampa Bay Rays,mlb,HR,Cleveland_Guardians_at_Tampa_Bay_Rays,0.12,0.122,-0.0020000000000000018,UNDER,"Marginal +EV opportunity: CF  Cedric Mullins is projected for 0.1 HR vs a line of 0.1, giving a UNDER edge of 0.00. Based on recent form, opponent matchup, and game context."
DH  Yandy Díaz,Tampa Bay Rays,mlb,HR,Cleveland_Guardians_at_Tampa_Bay_Rays,0.12,0.122,-0.0020000000000000018,UNDER,Targeting DH  Yandy Díaz UNDER 0.1 HR. Model projects 0.1 (0.00 edge). Recent trends and opponent weakness support this play.
CF  Lane Thomas,Kansas City Royals,mlb,HR,Kansas_City_Royals_at_Detroit_Tigers,0.08,0.082,-0.0020000000000000018,UNDER,Targeting CF  Lane Thomas UNDER 0.1 HR. Model projects 0.1 (0.00 edge). Recent trends and opponent weakness support this play.
SS  Tyler Tolbert,Kansas City Royals,mlb,BB,Kansas_City_Royals_at_Detroit_Tigers,0.08,0.082,-0.0020000000000000018,UNDER,SS  Tyler Tolbert shows UNDER value at 0.1 BB. TC projection: 0.1 — edge: 0.00. Marginal conviction based on usage rate and defensive matchup.
RF  Ben Malgeri,Detroit Tigers,mlb,R,Kansas_City_Royals_at_Detroit_Tigers,0.11,0.112,-0.0020000000000000018,UNDER,RF  Ben Malgeri shows UNDER value at 0.1 R. TC projection: 0.1 — edge: 0.00. Marginal conviction based on usage rate and defensive matchup.
3B  Colt Keith,Detroit Tigers,mlb,2B,Kansas_City_Royals_at_Detroit_Tigers,0.09,0.092,-0.0020000000000000018,UNDER,"Marginal +EV opportunity: 3B  Colt Keith is projected for 0.1 2B vs a line of 0.1, giving a UNDER edge of 0.00. Based on recent form, opponent matchup, and game context."
2B  Gleyber Torres,Detroit Tigers,mlb,2B,Kansas_City_Royals_at_Detroit_Tigers,0.11,0.112,-0.0020000000000000018,UNDER,"Marginal +EV opportunity: 2B  Gleyber Torres is projected for 0.1 2B vs a line of 0.1, giving a UNDER edge of 0.00. Based on recent form, opponent matchup, and game context."
2B  Hao-Yu Lee,Detroit Tigers,mlb,2B,Kansas_City_Royals_at_Detroit_Tigers,0.11,0.112,-0.0020000000000000018,UNDER,Targeting 2B  Hao-Yu Lee UNDER 0.1 2B. Model projects 0.1 (0.00 edge). Recent trends and opponent weakness support this play.
2B  Hao-Yu Lee,Detroit Tigers,mlb,BB,Kansas_City_Royals_at_Detroit_Tigers,0.11,0.112,-0.0020000000000000018,UNDER,2B  Hao-Yu Lee shows UNDER value at 0.1 BB. TC projection: 0.1 — edge: 0.00. Marginal conviction based on usage rate and defensive matchup.
2B  Zach McKinstry,Detroit Tigers,mlb,2B,Kansas_City_Royals_at_Detroit_Tigers,0.09,0.092,-0.0020000000000000018,UNDER,Targeting 2B  Zach McKinstry UNDER 0.1 2B. Model projects 0.1 (0.00 edge). Recent trends and opponent weakness support this play.
DH  Jorge Soler,Los Angeles Angels,mlb,HR,Los_Angeles_Angels_at_San_Francisco_Giants,0.11,0.112,-0.0020000000000000018,UNDER,Targeting DH  Jorge Soler UNDER 0.1 HR. Model projects 0.1 (0.00 edge). Recent trends and opponent weakness support this play.
C   Logan O'Hoppe,Los Angeles Angels,mlb,2B,Los_Angeles_Angels_at_San_Francisco_Giants,0.09,0.092,-0.0020000000000000018,UNDER,Targeting C   Logan O'Hoppe UNDER 0.1 2B. Model projects 0.1 (0.00 edge). Recent trends and opponent weakness support this play.
CF  Mike Trout,Los Angeles Angels,mlb,SB,Los_Angeles_Angels_at_San_Francisco_Giants,0.08,0.082,-0.0020000000000000018,UNDER,CF  Mike Trout shows UNDER value at 0.1 SB. TC projection: 0.1 — edge: 0.00. Marginal conviction based on usage rate and defensive matchup.
2B  Vaughn Grissom,Los Angeles Angels,mlb,HR,Los_Angeles_Angels_at_San_Francisco_Giants,0.08,0.082,-0.0020000000000000018,UNDER,Targeting 2B  Vaughn Grissom UNDER 0.1 HR. Model projects 0.1 (0.00 edge). Recent trends and opponent weakness support this play.
LF  Casey Schmitt,San Francisco Giants,mlb,SB,Los_Angeles_Angels_at_San_Francisco_Giants,0.08,0.082,-0.0020000000000000018,UNDER,LF  Casey Schmitt shows UNDER value at 0.1 SB. TC projection: 0.1 — edge: 0.00. Marginal conviction based on usage rate and defensive matchup.
C   Daniel Susac,San Francisco Giants,mlb,R,Los_Angeles_Angels_at_San_Francisco_Giants,0.11,0.112,-0.0020000000000000018,UNDER,C   Daniel Susac shows UNDER value at 0.1 R. TC projection: 0.1 — edge: 0.00. Marginal conviction based on usage rate and defensive matchup.
C   Drew Cavanaugh,San Francisco Giants,mlb,R,Los_Angeles_Angels_at_San_Francisco_Giants,0.11,0.112,-0.0020000000000000018,UNDER,Targeting C   Drew Cavanaugh UNDER 0.1 R. Model projects 0.1 (0.00 edge). Recent trends and opponent weakness support this play.
C   Drew Cavanaugh,San Francisco Giants,mlb,RBI,Los_Angeles_Angels_at_San_Francisco_Giants,0.11,0.112,-0.0020000000000000018,UNDER,C   Drew Cavanaugh shows UNDER value at 0.1 RBI. TC projection: 0.1 — edge: 0.00. Marginal conviction based on usage rate and defensive matchup.
LF  Heliot Ramos,San Francisco Giants,mlb,HR,Los_Angeles_Angels_at_San_Francisco_Giants,0.12,0.122,-0.0020000000000000018,UNDER,"Marginal +EV opportunity: LF  Heliot Ramos is projected for 0.1 HR vs a line of 0.1, giving a UNDER edge of 0.00. Based on recent form, opponent matchup, and game context."
SS  Anthony Volpe,New York Yankees,mlb,SB,New_York_Yankees_at_Philadelphia_Phillies,0.12,0.122,-0.0020000000000000018,UNDER,Targeting SS  Anthony Volpe UNDER 0.1 SB. Model projects 0.1 (0.00 edge). Recent trends and opponent weakness support this play.
RF  Jasson Domínguez,New York Yankees,mlb,SB,New_York_Yankees_at_Philadelphia_Phillies,0.12,0.122,-0.0020000000000000018,UNDER,"Marginal +EV opportunity: RF  Jasson Domínguez is projected for 0.1 SB vs a line of 0.1, giving a UNDER edge of 0.00. Based on recent form, opponent matchup, and game context."
SS  José Caballero,New York Yankees,mlb,HR,New_York_Yankees_at_Philadelphia_Phillies,0.09,0.092,-0.0020000000000000018,UNDER,"Marginal +EV opportunity: SS  José Caballero is projected for 0.1 HR vs a line of 0.1, giving a UNDER edge of 0.00. Based on recent form, opponent matchup, and game context."
SS  Max Schuemann,New York Yankees,mlb,2B,New_York_Yankees_at_Philadelphia_Phillies,0.12,0.122,-0.0020000000000000018,UNDER,Targeting SS  Max Schuemann UNDER 0.1 2B. Model projects 0.1 (0.00 edge). Recent trends and opponent weakness support this play.
3B  Ryan McMahon,New York Yankees,mlb,HR,New_York_Yankees_at_Philadelphia_Phillies,0.09,0.092,-0.0020000000000000018,UNDER,3B  Ryan McMahon shows UNDER value at 0.1 HR. TC projection: 0.1 — edge: 0.00. Marginal conviction based on usage rate and defensive matchup.
CF  Trent Grisham,New York Yankees,mlb,HR,New_York_Yankees_at_Philadelphia_Phillies,0.11,0.112,-0.0020000000000000018,UNDER,CF  Trent Grisham shows UNDER value at 0.1 HR. TC projection: 0.1 — edge: 0.00. Marginal conviction based on usage rate and defensive matchup.
3B  Alec Bohm,Philadelphia Phillies,mlb,HR,New_York_Yankees_at_Philadelphia_Phillies,0.11,0.112,-0.0020000000000000018,UNDER,Targeting 3B  Alec Bohm UNDER 0.1 HR. Model projects 0.1 (0.00 edge). Recent trends and opponent weakness support this play.
RF  Derek Hill,Philadelphia Phillies,mlb,HR,New_York_Yankees_at_Philadelphia_Phillies,0.09,0.092,-0.0020000000000000018,UNDER,Targeting RF  Derek Hill UNDER 0.1 HR. Model projects 0.1 (0.00 edge). Recent trends and opponent weakness support this play.
RF  Derek Hill,Philadelphia Phillies,mlb,BB,New_York_Yankees_at_Philadelphia_Phillies,0.12,0.122,-0.0020000000000000018,UNDER,RF  Derek Hill shows UNDER value at 0.1 BB. TC projection: 0.1 — edge: 0.00. Marginal conviction based on usage rate and defensive matchup.
2B  Edmundo Sosa,Philadelphia Phillies,mlb,2B,New_York_Yankees_at_Philadelphia_Phillies,0.08,0.082,-0.0020000000000000018,UNDER,Targeting 2B  Edmundo Sosa UNDER 0.1 2B. Model projects 0.1 (0.00 edge). Recent trends and opponent weakness support this play.
CF  Justin Crawford,Philadelphia Phillies,mlb,2B,New_York_Yankees_at_Philadelphia_Phillies,0.11,0.112,-0.0020000000000000018,UNDER,"Marginal +EV opportunity: CF  Justin Crawford is projected for 0.1 2B vs a line of 0.1, giving a UNDER edge of 0.00. Based on recent form, opponent matchup, and game context."
1B  Gavin Sheets,San Diego Padres,mlb,HR,San_Diego_Padres_at_Miami_Marlins,0.12,0.122,-0.0020000000000000018,UNDER,Targeting 1B  Gavin Sheets UNDER 0.1 HR. Model projects 0.1 (0.00 edge). Recent trends and opponent weakness support this play.
CF  Jackson Merrill,San Diego Padres,mlb,HR,San_Diego_Padres_at_Miami_Marlins,0.12,0.122,-0.0020000000000000018,UNDER,Targeting CF  Jackson Merrill UNDER 0.1 HR. Model projects 0.1 (0.00 edge). Recent trends and opponent weakness support this play.
CF  Jackson Merrill,San Diego Padres,mlb,2B,San_Diego_Padres_at_Miami_Marlins,0.12,0.122,-0.0020000000000000018,UNDER,CF  Jackson Merrill shows UNDER value at 0.1 2B. TC projection: 0.1 — edge: 0.00. Marginal conviction based on usage rate and defensive matchup.
C   Brian Navarreto,Miami Marlins,mlb,BB,San_Diego_Padres_at_Miami_Marlins,0.12,0.122,-0.0020000000000000018,UNDER,C   Brian Navarreto shows UNDER value at 0.1 BB. TC projection: 0.1 — edge: 0.00. Marginal conviction based on usage rate and defensive matchup.
3B  Graham Pauley,Miami Marlins,mlb,BB,San_Diego_Padres_at_Miami_Marlins,0.11,0.112,-0.0020000000000000018,UNDER,"Marginal +EV opportunity: 3B  Graham Pauley is projected for 0.1 BB vs a line of 0.1, giving a UNDER edge of 0.00. Based on recent form, opponent matchup, and game context."
2B  Xavier Edwards,Miami Marlins,mlb,2B,San_Diego_Padres_at_Miami_Marlins,0.12,0.122,-0.0020000000000000018,UNDER,2B  Xavier Edwards shows UNDER value at 0.1 2B. TC projection: 0.1 — edge: 0.00. Marginal conviction based on usage rate and defensive matchup.
SS  Andrés Giménez,Toronto Blue Jays,mlb,BB,Toronto_Blue_Jays_at_Boston_Red_Sox,0.09,0.092,-0.0020000000000000018,UNDER,SS  Andrés Giménez shows UNDER value at 0.1 BB. TC projection: 0.1 — edge: 0.00. Marginal conviction based on usage rate and defensive matchup.
SS  Andrés Giménez,Toronto Blue Jays,mlb,SB,Toronto_Blue_Jays_at_Boston_Red_Sox,0.09,0.092,-0.0020000000000000018,UNDER,Targeting SS  Andrés Giménez UNDER 0.1 SB. Model projects 0.1 (0.00 edge). Recent trends and opponent weakness support this play.
C   Brandon Valenzuela,Toronto Blue Jays,mlb,HR,Toronto_Blue_Jays_at_Boston_Red_Sox,0.11,0.112,-0.0020000000000000018,UNDER,"Marginal +EV opportunity: C   Brandon Valenzuela is projected for 0.1 HR vs a line of 0.1, giving a UNDER edge of 0.00. Based on recent form, opponent matchup, and game context."
C   Brandon Valenzuela,Toronto Blue Jays,mlb,2B,Toronto_Blue_Jays_at_Boston_Red_Sox,0.08,0.082,-0.0020000000000000018,UNDER,Targeting C   Brandon Valenzuela UNDER 0.1 2B. Model projects 0.1 (0.00 edge). Recent trends and opponent weakness support this play.
LF  Davis Schneider,Toronto Blue Jays,mlb,2B,Toronto_Blue_Jays_at_Boston_Red_Sox,0.08,0.082,-0.0020000000000000018,UNDER,"Marginal +EV opportunity: LF  Davis Schneider is projected for 0.1 2B vs a line of 0.1, giving a UNDER edge of 0.00. Based on recent form, opponent matchup, and game context."
DH  George Springer,Toronto Blue Jays,mlb,HR,Toronto_Blue_Jays_at_Boston_Red_Sox,0.11,0.112,-0.0020000000000000018,UNDER,Targeting DH  George Springer UNDER 0.1 HR. Model projects 0.1 (0.00 edge). Recent trends and opponent weakness support this play.
DH  George Springer,Toronto Blue Jays,mlb,SB,Toronto_Blue_Jays_at_Boston_Red_Sox,0.08,0.082,-0.0020000000000000018,UNDER,"Marginal +EV opportunity: DH  George Springer is projected for 0.1 SB vs a line of 0.1, giving a UNDER edge of 0.00. Based on recent form, opponent matchup, and game context."
3B  Kazuma Okamoto,Toronto Blue Jays,mlb,2B,Toronto_Blue_Jays_at_Boston_Red_Sox,0.11,0.112,-0.0020000000000000018,UNDER,Targeting 3B  Kazuma Okamoto UNDER 0.1 2B. Model projects 0.1 (0.00 edge). Recent trends and opponent weakness support this play.
RF  Nathan Lukes,Toronto Blue Jays,mlb,2B,Toronto_Blue_Jays_at_Boston_Red_Sox,0.11,0.112,-0.0020000000000000018,UNDER,"Marginal +EV opportunity: RF  Nathan Lukes is projected for 0.1 2B vs a line of 0.1, giving a UNDER edge of 0.00. Based on recent form, opponent matchup, and game context."
LF  Yohendrick Piñango,Toronto Blue Jays,mlb,HR,Toronto_Blue_Jays_at_Boston_Red_Sox,0.08,0.082,-0.0020000000000000018,UNDER,Targeting LF  Yohendrick Piñango UNDER 0.1 HR. Model projects 0.1 (0.00 edge). Recent trends and opponent weakness support this play.
LF  Yohendrick Piñango,Toronto Blue Jays,mlb,2B,Toronto_Blue_Jays_at_Boston_Red_Sox,0.12,0.122,-0.0020000000000000018,UNDER,Targeting LF  Yohendrick Piñango UNDER 0.1 2B. Model projects 0.1 (0.00 edge). Recent trends and opponent weakness support this play.
2B  Anthony Seigler,Boston Red Sox,mlb,HR,Toronto_Blue_Jays_at_Boston_Red_Sox,0.09,0.092,-0.0020000000000000018,UNDER,2B  Anthony Seigler shows UNDER value at 0.1 HR. TC projection: 0.1 — edge: 0.00. Marginal conviction based on usage rate and defensive matchup.
3B  Caleb Durbin,Boston Red Sox,mlb,HR,Toronto_Blue_Jays_at_Boston_Red_Sox,0.09,0.092,-0.0020000000000000018,UNDER,Targeting 3B  Caleb Durbin UNDER 0.1 HR. Model projects 0.1 (0.00 edge). Recent trends and opponent weakness support this play.
C   Carlos Narváez,Boston Red Sox,mlb,2B,Toronto_Blue_Jays_at_Boston_Red_Sox,0.09,0.092,-0.0020000000000000018,UNDER,"Marginal +EV opportunity: C   Carlos Narváez is projected for 0.1 2B vs a line of 0.1, giving a UNDER edge of 0.00. Based on recent form, opponent matchup, and game context."
LF  Jarren Duran,Boston Red Sox,mlb,HR,Toronto_Blue_Jays_at_Boston_Red_Sox,0.12,0.122,-0.0020000000000000018,UNDER,"Marginal +EV opportunity: LF  Jarren Duran is projected for 0.1 HR vs a line of 0.1, giving a UNDER edge of 0.00. Based on recent form, opponent matchup, and game context."
RF  Corbin Carroll,Arizona Diamondbacks,mlb,3B,Arizona_Diamondbacks_at_Washington_Nationals,0.1,0.102,-0.001999999999999988,UNDER,RF  Corbin Carroll shows UNDER value at 0.1 3B. TC projection: 0.1 — edge: 0.00. Marginal conviction based on usage rate and defensive matchup.
C   James McCann,Arizona Diamondbacks,mlb,HR,Arizona_Diamondbacks_at_Washington_Nationals,0.1,0.102,-0.001999999999999988,UNDER,"Marginal +EV opportunity: C   James McCann is projected for 0.1 HR vs a line of 0.1, giving a UNDER edge of 0.00. Based on recent form, opponent matchup, and game context."
C   James McCann,Arizona Diamondbacks,mlb,2B,Arizona_Diamondbacks_at_Washington_Nationals,0.1,0.102,-0.001999999999999988,UNDER,C   James McCann shows UNDER value at 0.1 2B. TC projection: 0.1 — edge: 0.00. Marginal conviction based on usage rate and defensive matchup.
1B  Andrés Chaparro,Washington Nationals,mlb,HR,Arizona_Diamondbacks_at_Washington_Nationals,0.1,0.102,-0.001999999999999988,UNDER,"Marginal +EV opportunity: 1B  Andrés Chaparro is projected for 0.1 HR vs a line of 0.1, giving a UNDER edge of 0.00. Based on recent form, opponent matchup, and game context."
1B  Andrés Chaparro,Washington Nationals,mlb,2B,Arizona_Diamondbacks_at_Washington_Nationals,0.1,0.102,-0.001999999999999988,UNDER,Targeting 1B  Andrés Chaparro UNDER 0.1 2B. Model projects 0.1 (0.00 edge). Recent trends and opponent weakness support this play.
RF  Dylan Crews,Washington Nationals,mlb,SB,Arizona_Diamondbacks_at_Washington_Nationals,0.1,0.102,-0.001999999999999988,UNDER,RF  Dylan Crews shows UNDER value at 0.1 SB. TC projection: 0.1 — edge: 0.00. Marginal conviction based on usage rate and defensive matchup.
CF  Jacob Young,Washington Nationals,mlb,SB,Arizona_Diamondbacks_at_Washington_Nationals,0.1,0.102,-0.001999999999999988,UNDER,CF  Jacob Young shows UNDER value at 0.1 SB. TC projection: 0.1 — edge: 0.00. Marginal conviction based on usage rate and defensive matchup.
C   Keibert Ruiz,Washington Nationals,mlb,BB,Arizona_Diamondbacks_at_Washington_Nationals,0.1,0.102,-0.001999999999999988,UNDER,Targeting C   Keibert Ruiz UNDER 0.1 BB. Model projects 0.1 (0.00 edge). Recent trends and opponent weakness support this play.
1B  Kyle Manzardo,Cleveland Guardians,mlb,HR,Cleveland_Guardians_at_Tampa_Bay_Rays,0.1,0.102,-0.001999999999999988,UNDER,"Marginal +EV opportunity: 1B  Kyle Manzardo is projected for 0.1 HR vs a line of 0.1, giving a UNDER edge of 0.00. Based on recent form, opponent matchup, and game context."
CF  Steven Kwan,Cleveland Guardians,mlb,2B,Cleveland_Guardians_at_Tampa_Bay_Rays,0.1,0.102,-0.001999999999999988,UNDER,"Marginal +EV opportunity: CF  Steven Kwan is projected for 0.1 2B vs a line of 0.1, giving a UNDER edge of 0.00. Based on recent form, opponent matchup, and game context."
LF  Chandler Simpson,Tampa Bay Rays,mlb,2B,Cleveland_Guardians_at_Tampa_Bay_Rays,0.1,0.102,-0.001999999999999988,UNDER,Targeting LF  Chandler Simpson UNDER 0.1 2B. Model projects 0.1 (0.00 edge). Recent trends and opponent weakness support this play.
2B  Richie Palacios,Tampa Bay Rays,mlb,SB,Cleveland_Guardians_at_Tampa_Bay_Rays,0.1,0.102,-0.001999999999999988,UNDER,2B  Richie Palacios shows UNDER value at 0.1 SB. TC projection: 0.1 — edge: 0.00. Marginal conviction based on usage rate and defensive matchup.
SS  Tyler Tolbert,Kansas City Royals,mlb,RBI,Kansas_City_Royals_at_Detroit_Tigers,0.1,0.102,-0.001999999999999988,UNDER,"Marginal +EV opportunity: SS  Tyler Tolbert is projected for 0.1 RBI vs a line of 0.1, giving a UNDER edge of 0.00. Based on recent form, opponent matchup, and game context."
3B  Denzer Guzman,Los Angeles Angels,mlb,HR,Los_Angeles_Angels_at_San_Francisco_Giants,0.1,0.102,-0.001999999999999988,UNDER,Targeting 3B  Denzer Guzman UNDER 0.1 HR. Model projects 0.1 (0.00 edge). Recent trends and opponent weakness support this play.
LF  Josh Lowe,Los Angeles Angels,mlb,HR,Los_Angeles_Angels_at_San_Francisco_Giants,0.1,0.102,-0.001999999999999988,UNDER,Targeting LF  Josh Lowe UNDER 0.1 HR. Model projects 0.1 (0.00 edge). Recent trends and opponent weakness support this play.
RF  Jasson Domínguez,New York Yankees,mlb,HR,New_York_Yankees_at_Philadelphia_Phillies,0.1,0.102,-0.001999999999999988,UNDER,Targeting RF  Jasson Domínguez UNDER 0.1 HR. Model projects 0.1 (0.00 edge). Recent trends and opponent weakness support this play.
SS  José Caballero,New York Yankees,mlb,2B,New_York_Yankees_at_Philadelphia_Phillies,0.1,0.102,-0.001999999999999988,UNDER,Targeting SS  José Caballero UNDER 0.1 2B. Model projects 0.1 (0.00 edge). Recent trends and opponent weakness support this play.
DH  Kyle Schwarber,Philadelphia Phillies,mlb,2B,New_York_Yankees_at_Philadelphia_Phillies,0.1,0.102,-0.001999999999999988,UNDER,Targeting DH  Kyle Schwarber UNDER 0.1 2B. Model projects 0.1 (0.00 edge). Recent trends and opponent weakness support this play.
C   Freddy Fermin,San Diego Padres,mlb,2B,San_Diego_Padres_at_Miami_Marlins,0.1,0.102,-0.001999999999999988,UNDER,"Marginal +EV opportunity: C   Freddy Fermin is projected for 0.1 2B vs a line of 0.1, giving a UNDER edge of 0.00. Based on recent form, opponent matchup, and game context."
C   Alejandro Kirk,Toronto Blue Jays,mlb,2B,Toronto_Blue_Jays_at_Boston_Red_Sox,0.1,0.102,-0.001999999999999988,UNDER,"Marginal +EV opportunity: C   Alejandro Kirk is projected for 0.1 2B vs a line of 0.1, giving a UNDER edge of 0.00. Based on recent form, opponent matchup, and game context."
3B  Caleb Durbin,Boston Red Sox,mlb,SB,Toronto_Blue_Jays_at_Boston_Red_Sox,0.1,0.102,-0.001999999999999988,UNDER,3B  Caleb Durbin shows UNDER value at 0.1 SB. TC projection: 0.1 — edge: 0.00. Marginal conviction based on usage rate and defensive matchup.
C   James McCann,Arizona Diamondbacks,mlb,BB,Arizona_Diamondbacks_at_Washington_Nationals,0.06,0.059,0.0010000000000000009,OVER,Targeting C   James McCann OVER 0.1 BB. Model projects 0.1 (0.00 edge). Recent trends and opponent weakness support this play.
LF  Tim Tawa,Arizona Diamondbacks,mlb,HR,Arizona_Diamondbacks_at_Washington_Nationals,0.07,0.069,0.0010000000000000009,OVER,Targeting LF  Tim Tawa OVER 0.1 HR. Model projects 0.1 (0.00 edge). Recent trends and opponent weakness support this play.
DH  José Tena,Washington Nationals,mlb,HR,Arizona_Diamondbacks_at_Washington_Nationals,0.06,0.059,0.0010000000000000009,OVER,"Marginal +EV opportunity: DH  José Tena is projected for 0.1 HR vs a line of 0.1, giving a OVER edge of 0.00. Based on recent form, opponent matchup, and game context."
2B  Nasim Nuñez,Washington Nationals,mlb,2B,Arizona_Diamondbacks_at_Washington_Nationals,0.04,0.039,0.0010000000000000009,OVER,Targeting 2B  Nasim Nuñez OVER 0.0 2B. Model projects 0.0 (0.00 edge). Recent trends and opponent weakness support this play.
RF  Chase DeLauter,Cleveland Guardians,mlb,SB,Cleveland_Guardians_at_Tampa_Bay_Rays,0.05,0.049,0.0010000000000000009,OVER,Targeting RF  Chase DeLauter OVER 0.0 SB. Model projects 0.1 (0.00 edge). Recent trends and opponent weakness support this play.
RF  David Fry,Cleveland Guardians,mlb,HR,Cleveland_Guardians_at_Tampa_Bay_Rays,0.07,0.069,0.0010000000000000009,OVER,"Marginal +EV opportunity: RF  David Fry is projected for 0.1 HR vs a line of 0.1, giving a OVER edge of 0.00. Based on recent form, opponent matchup, and game context."
RF  David Fry,Cleveland Guardians,mlb,2B,Cleveland_Guardians_at_Tampa_Bay_Rays,0.05,0.049,0.0010000000000000009,OVER,"Marginal +EV opportunity: RF  David Fry is projected for 0.1 2B vs a line of 0.0, giving a OVER edge of 0.00. Based on recent form, opponent matchup, and game context."
3B  Gabriel Arias,Cleveland Guardians,mlb,2B,Cleveland_Guardians_at_Tampa_Bay_Rays,0.05,0.049,0.0010000000000000009,OVER,"Marginal +EV opportunity: 3B  Gabriel Arias is projected for 0.1 2B vs a line of 0.0, giving a OVER edge of 0.00. Based on recent form, opponent matchup, and game context."
CF  Petey Halpin,Cleveland Guardians,mlb,HR,Cleveland_Guardians_at_Tampa_Bay_Rays,0.04,0.039,0.0010000000000000009,OVER,"Marginal +EV opportunity: CF  Petey Halpin is projected for 0.0 HR vs a line of 0.0, giving a OVER edge of 0.00. Based on recent form, opponent matchup, and game context."
CF  Steven Kwan,Cleveland Guardians,mlb,SB,Cleveland_Guardians_at_Tampa_Bay_Rays,0.06,0.059,0.0010000000000000009,OVER,Targeting CF  Steven Kwan OVER 0.1 SB. Model projects 0.1 (0.00 edge). Recent trends and opponent weakness support this play.
CF  Cedric Mullins,Tampa Bay Rays,mlb,2B,Cleveland_Guardians_at_Tampa_Bay_Rays,0.06,0.059,0.0010000000000000009,OVER,Targeting CF  Cedric Mullins OVER 0.1 2B. Model projects 0.1 (0.00 edge). Recent trends and opponent weakness support this play.
C   Nick Fortes,Tampa Bay Rays,mlb,HR,Cleveland_Guardians_at_Tampa_Bay_Rays,0.04,0.039,0.0010000000000000009,OVER,Targeting C   Nick Fortes OVER 0.0 HR. Model projects 0.0 (0.00 edge). Recent trends and opponent weakness support this play.
2B  Richie Palacios,Tampa Bay Rays,mlb,HR,Cleveland_Guardians_at_Tampa_Bay_Rays,0.05,0.049,0.0010000000000000009,OVER,2B  Richie Palacios shows OVER value at 0.0 HR. TC projection: 0.1 — edge: 0.00. Marginal conviction based on usage rate and defensive matchup.
RF  Victor Mesa Jr.,Tampa Bay Rays,mlb,2B,Cleveland_Guardians_at_Tampa_Bay_Rays,0.04,0.039,0.0010000000000000009,OVER,RF  Victor Mesa Jr. shows OVER value at 0.0 2B. TC projection: 0.0 — edge: 0.00. Marginal conviction based on usage rate and defensive matchup.
LF  Isaac Collins,Kansas City Royals,mlb,HR,Kansas_City_Royals_at_Detroit_Tigers,0.05,0.049,0.0010000000000000009,OVER,Targeting LF  Isaac Collins OVER 0.0 HR. Model projects 0.1 (0.00 edge). Recent trends and opponent weakness support this play.
LF  Isaac Collins,Kansas City Royals,mlb,SB,Kansas_City_Royals_at_Detroit_Tigers,0.05,0.049,0.0010000000000000009,OVER,"Marginal +EV opportunity: LF  Isaac Collins is projected for 0.1 SB vs a line of 0.0, giving a OVER edge of 0.00. Based on recent form, opponent matchup, and game context."
3B  Josh Rojas,Kansas City Royals,mlb,HR,Kansas_City_Royals_at_Detroit_Tigers,0.04,0.039,0.0010000000000000009,OVER,"Marginal +EV opportunity: 3B  Josh Rojas is projected for 0.0 HR vs a line of 0.0, giving a OVER edge of 0.00. Based on recent form, opponent matchup, and game context."
CF  Lane Thomas,Kansas City Royals,mlb,SB,Kansas_City_Royals_at_Detroit_Tigers,0.06,0.059,0.0010000000000000009,OVER,"Marginal +EV opportunity: CF  Lane Thomas is projected for 0.1 SB vs a line of 0.1, giving a OVER edge of 0.00. Based on recent form, opponent matchup, and game context."
2B  Michael Massey,Kansas City Royals,mlb,HR,Kansas_City_Royals_at_Detroit_Tigers,0.07,0.069,0.0010000000000000009,OVER,Targeting 2B  Michael Massey OVER 0.1 HR. Model projects 0.1 (0.00 edge). Recent trends and opponent weakness support this play.
RF  Starling Marte,Kansas City Royals,mlb,2B,Kansas_City_Royals_at_Detroit_Tigers,0.07,0.069,0.0010000000000000009,OVER,"Marginal +EV opportunity: RF  Starling Marte is projected for 0.1 2B vs a line of 0.1, giving a OVER edge of 0.00. Based on recent form, opponent matchup, and game context."
1B  Vinnie Pasquantino,Kansas City Royals,mlb,HR,Kansas_City_Royals_at_Detroit_Tigers,0.06,0.059,0.0010000000000000009,OVER,Targeting 1B  Vinnie Pasquantino OVER 0.1 HR. Model projects 0.1 (0.00 edge). Recent trends and opponent weakness support this play.
1B  Vinnie Pasquantino,Kansas City Royals,mlb,SB,Kansas_City_Royals_at_Detroit_Tigers,0.04,0.039,0.0010000000000000009,OVER,Targeting 1B  Vinnie Pasquantino OVER 0.0 SB. Model projects 0.0 (0.00 edge). Recent trends and opponent weakness support this play.
2B  Hao-Yu Lee,Detroit Tigers,mlb,HR,Kansas_City_Royals_at_Detroit_Tigers,0.07,0.069,0.0010000000000000009,OVER,2B  Hao-Yu Lee shows OVER value at 0.1 HR. TC projection: 0.1 — edge: 0.00. Marginal conviction based on usage rate and defensive matchup.
CF  James Outman,Detroit Tigers,mlb,HR,Kansas_City_Royals_at_Detroit_Tigers,0.04,0.039,0.0010000000000000009,OVER,"Marginal +EV opportunity: CF  James Outman is projected for 0.0 HR vs a line of 0.0, giving a OVER edge of 0.00. Based on recent form, opponent matchup, and game context."
CF  James Outman,Detroit Tigers,mlb,SB,Kansas_City_Royals_at_Detroit_Tigers,0.07,0.069,0.0010000000000000009,OVER,CF  James Outman shows OVER value at 0.1 SB. TC projection: 0.1 — edge: 0.00. Marginal conviction based on usage rate and defensive matchup.
RF  Kerry Carpenter,Detroit Tigers,mlb,2B,Kansas_City_Royals_at_Detroit_Tigers,0.05,0.049,0.0010000000000000009,OVER,Targeting RF  Kerry Carpenter OVER 0.0 2B. Model projects 0.1 (0.00 edge). Recent trends and opponent weakness support this play.
CF  Matt Vierling,Detroit Tigers,mlb,HR,Kansas_City_Royals_at_Detroit_Tigers,0.05,0.049,0.0010000000000000009,OVER,Targeting CF  Matt Vierling OVER 0.0 HR. Model projects 0.1 (0.00 edge). Recent trends and opponent weakness support this play.
LF  Josh Lowe,Los Angeles Angels,mlb,SB,Los_Angeles_Angels_at_San_Francisco_Giants,0.04,0.039,0.0010000000000000009,OVER,"Marginal +EV opportunity: LF  Josh Lowe is projected for 0.0 SB vs a line of 0.0, giving a OVER edge of 0.00. Based on recent form, opponent matchup, and game context."
C   Logan O'Hoppe,Los Angeles Angels,mlb,HR,Los_Angeles_Angels_at_San_Francisco_Giants,0.05,0.049,0.0010000000000000009,OVER,Targeting C   Logan O'Hoppe OVER 0.0 HR. Model projects 0.1 (0.00 edge). Recent trends and opponent weakness support this play.
1B  Nolan Schanuel,Los Angeles Angels,mlb,HR,Los_Angeles_Angels_at_San_Francisco_Giants,0.06,0.059,0.0010000000000000009,OVER,Targeting 1B  Nolan Schanuel OVER 0.1 HR. Model projects 0.1 (0.00 edge). Recent trends and opponent weakness support this play.
2B  Oswald Peraza,Los Angeles Angels,mlb,HR,Los_Angeles_Angels_at_San_Francisco_Giants,0.07,0.069,0.0010000000000000009,OVER,"Marginal +EV opportunity: 2B  Oswald Peraza is projected for 0.1 HR vs a line of 0.1, giving a OVER edge of 0.00. Based on recent form, opponent matchup, and game context."
C   Tyler Heineman,Los Angeles Angels,mlb,2B,Los_Angeles_Angels_at_San_Francisco_Giants,0.04,0.039,0.0010000000000000009,OVER,"Marginal +EV opportunity: C   Tyler Heineman is projected for 0.0 2B vs a line of 0.0, giving a OVER edge of 0.00. Based on recent form, opponent matchup, and game context."
LF  Wade Meckler,Los Angeles Angels,mlb,SB,Los_Angeles_Angels_at_San_Francisco_Giants,0.05,0.049,0.0010000000000000009,OVER,Targeting LF  Wade Meckler OVER 0.0 SB. Model projects 0.1 (0.00 edge). Recent trends and opponent weakness support this play.
2B  Christian Koss,San Francisco Giants,mlb,R,Los_Angeles_Angels_at_San_Francisco_Giants,0.06,0.059,0.0010000000000000009,OVER,Targeting 2B  Christian Koss OVER 0.1 R. Model projects 0.1 (0.00 edge). Recent trends and opponent weakness support this play.
C   Daniel Susac,San Francisco Giants,mlb,SB,Los_Angeles_Angels_at_San_Francisco_Giants,0.04,0.039,0.0010000000000000009,OVER,C   Daniel Susac shows OVER value at 0.0 SB. TC projection: 0.0 — edge: 0.00. Marginal conviction based on usage rate and defensive matchup.
RF  Jung Hoo Lee,San Francisco Giants,mlb,SB,Los_Angeles_Angels_at_San_Francisco_Giants,0.05,0.049,0.0010000000000000009,OVER,Targeting RF  Jung Hoo Lee OVER 0.0 SB. Model projects 0.1 (0.00 edge). Recent trends and opponent weakness support this play.
2B  Luis Arraez,San Francisco Giants,mlb,HR,Los_Angeles_Angels_at_San_Francisco_Giants,0.04,0.039,0.0010000000000000009,OVER,"Marginal +EV opportunity: 2B  Luis Arraez is projected for 0.0 HR vs a line of 0.0, giving a OVER edge of 0.00. Based on recent form, opponent matchup, and game context."
2B  Luis Arraez,San Francisco Giants,mlb,3B,Los_Angeles_Angels_at_San_Francisco_Giants,0.06,0.059,0.0010000000000000009,OVER,"Marginal +EV opportunity: 2B  Luis Arraez is projected for 0.1 3B vs a line of 0.1, giving a OVER edge of 0.00. Based on recent form, opponent matchup, and game context."
2B  Luis Arraez,San Francisco Giants,mlb,SB,Los_Angeles_Angels_at_San_Francisco_Giants,0.07,0.069,0.0010000000000000009,OVER,Targeting 2B  Luis Arraez OVER 0.1 SB. Model projects 0.1 (0.00 edge). Recent trends and opponent weakness support this play.
C   Ali Sánchez,New York Yankees,mlb,BB,New_York_Yankees_at_Philadelphia_Phillies,0.04,0.039,0.0010000000000000009,OVER,Targeting C   Ali Sánchez OVER 0.0 BB. Model projects 0.0 (0.00 edge). Recent trends and opponent weakness support this play.
3B  Amed Rosario,New York Yankees,mlb,2B,New_York_Yankees_at_Philadelphia_Phillies,0.06,0.059,0.0010000000000000009,OVER,Targeting 3B  Amed Rosario OVER 0.1 2B. Model projects 0.1 (0.00 edge). Recent trends and opponent weakness support this play.
SS  Max Schuemann,New York Yankees,mlb,SB,New_York_Yankees_at_Philadelphia_Phillies,0.07,0.069,0.0010000000000000009,OVER,"Marginal +EV opportunity: SS  Max Schuemann is projected for 0.1 SB vs a line of 0.1, giving a OVER edge of 0.00. Based on recent form, opponent matchup, and game context."
CF  Trent Grisham,New York Yankees,mlb,SB,New_York_Yankees_at_Philadelphia_Phillies,0.07,0.069,0.0010000000000000009,OVER,Targeting CF  Trent Grisham OVER 0.1 SB. Model projects 0.1 (0.00 edge). Recent trends and opponent weakness support this play.
2B  Bryson Stott,Philadelphia Phillies,mlb,HR,New_York_Yankees_at_Philadelphia_Phillies,0.06,0.059,0.0010000000000000009,OVER,Targeting 2B  Bryson Stott OVER 0.1 HR. Model projects 0.1 (0.00 edge). Recent trends and opponent weakness support this play.
2B  Bryson Stott,Philadelphia Phillies,mlb,3B,New_York_Yankees_at_Philadelphia_Phillies,0.04,0.039,0.0010000000000000009,OVER,"Marginal +EV opportunity: 2B  Bryson Stott is projected for 0.0 3B vs a line of 0.0, giving a OVER edge of 0.00. Based on recent form, opponent matchup, and game context."
2B  Jake Cronenworth,San Diego Padres,mlb,SB,San_Diego_Padres_at_Miami_Marlins,0.06,0.059,0.0010000000000000009,OVER,2B  Jake Cronenworth shows OVER value at 0.1 SB. TC projection: 0.1 — edge: 0.00. Marginal conviction based on usage rate and defensive matchup.
RF  Jase Bowen,San Diego Padres,mlb,RBI,San_Diego_Padres_at_Miami_Marlins,0.07,0.069,0.0010000000000000009,OVER,Targeting RF  Jase Bowen OVER 0.1 RBI. Model projects 0.1 (0.00 edge). Recent trends and opponent weakness support this play.
RF  Jase Bowen,San Diego Padres,mlb,2B,San_Diego_Padres_at_Miami_Marlins,0.05,0.049,0.0010000000000000009,OVER,RF  Jase Bowen shows OVER value at 0.0 2B. TC projection: 0.1 — edge: 0.00. Marginal conviction based on usage rate and defensive matchup.
3B  Luis Rengifo,San Diego Padres,mlb,SB,San_Diego_Padres_at_Miami_Marlins,0.04,0.039,0.0010000000000000009,OVER,Targeting 3B  Luis Rengifo OVER 0.0 SB. Model projects 0.0 (0.00 edge). Recent trends and opponent weakness support this play.
C   Rodolfo Durán,San Diego Padres,mlb,HR,San_Diego_Padres_at_Miami_Marlins,0.07,0.069,0.0010000000000000009,OVER,C   Rodolfo Durán shows OVER value at 0.1 HR. TC projection: 0.1 — edge: 0.00. Marginal conviction based on usage rate and defensive matchup.
2B  Sung-Mun Song,San Diego Padres,mlb,2B,San_Diego_Padres_at_Miami_Marlins,0.07,0.069,0.0010000000000000009,OVER,Targeting 2B  Sung-Mun Song OVER 0.1 2B. Model projects 0.1 (0.00 edge). Recent trends and opponent weakness support this play.
RF  Esteury Ruiz,Miami Marlins,mlb,HR,San_Diego_Padres_at_Miami_Marlins,0.07,0.069,0.0010000000000000009,OVER,RF  Esteury Ruiz shows OVER value at 0.1 HR. TC projection: 0.1 — edge: 0.00. Marginal conviction based on usage rate and defensive matchup.
LF  Griffin Conine,Miami Marlins,mlb,SB,San_Diego_Padres_at_Miami_Marlins,0.05,0.049,0.0010000000000000009,OVER,Targeting LF  Griffin Conine OVER 0.0 SB. Model projects 0.1 (0.00 edge). Recent trends and opponent weakness support this play.
CF  Jakob Marsee,Miami Marlins,mlb,HR,San_Diego_Padres_at_Miami_Marlins,0.04,0.039,0.0010000000000000009,OVER,"Marginal +EV opportunity: CF  Jakob Marsee is projected for 0.0 HR vs a line of 0.0, giving a OVER edge of 0.00. Based on recent form, opponent matchup, and game context."
3B  Leo Jiménez,Miami Marlins,mlb,HR,San_Diego_Padres_at_Miami_Marlins,0.04,0.039,0.0010000000000000009,OVER,"Marginal +EV opportunity: 3B  Leo Jiménez is projected for 0.0 HR vs a line of 0.0, giving a OVER edge of 0.00. Based on recent form, opponent matchup, and game context."
CF  Daulton Varsho,Toronto Blue Jays,mlb,HR,Toronto_Blue_Jays_at_Boston_Red_Sox,0.06,0.059,0.0010000000000000009,OVER,CF  Daulton Varsho shows OVER value at 0.1 HR. TC projection: 0.1 — edge: 0.00. Marginal conviction based on usage rate and defensive matchup.
2B  Ernie Clement,Toronto Blue Jays,mlb,HR,Toronto_Blue_Jays_at_Boston_Red_Sox,0.07,0.069,0.0010000000000000009,OVER,"Marginal +EV opportunity: 2B  Ernie Clement is projected for 0.1 HR vs a line of 0.1, giving a OVER edge of 0.00. Based on recent form, opponent matchup, and game context."
SS  Andruw Monasterio,Boston Red Sox,mlb,HR,Toronto_Blue_Jays_at_Boston_Red_Sox,0.07,0.069,0.0010000000000000009,OVER,"Marginal +EV opportunity: SS  Andruw Monasterio is projected for 0.1 HR vs a line of 0.1, giving a OVER edge of 0.00. Based on recent form, opponent matchup, and game context."
2B  Anthony Seigler,Boston Red Sox,mlb,SB,Toronto_Blue_Jays_at_Boston_Red_Sox,0.06,0.059,0.0010000000000000009,OVER,"Marginal +EV opportunity: 2B  Anthony Seigler is projected for 0.1 SB vs a line of 0.1, giving a OVER edge of 0.00. Based on recent form, opponent matchup, and game context."
C   Carlos Narváez,Boston Red Sox,mlb,HR,Toronto_Blue_Jays_at_Boston_Red_Sox,0.05,0.049,0.0010000000000000009,OVER,"Marginal +EV opportunity: C   Carlos Narváez is projected for 0.1 HR vs a line of 0.0, giving a OVER edge of 0.00. Based on recent form, opponent matchup, and game context."
DH  Romy Gonzalez,Boston Red Sox,mlb,HR,Toronto_Blue_Jays_at_Boston_Red_Sox,0.05,0.049,0.0010000000000000009,OVER,DH  Romy Gonzalez shows OVER value at 0.0 HR. TC projection: 0.1 — edge: 0.00. Marginal conviction based on usage rate and defensive matchup.
DH  Romy Gonzalez,Boston Red Sox,mlb,SB,Toronto_Blue_Jays_at_Boston_Red_Sox,0.05,0.049,0.0010000000000000009,OVER,Targeting DH  Romy Gonzalez OVER 0.0 SB. Model projects 0.1 (0.00 edge). Recent trends and opponent weakness support this play.
SS  Tsung-Che Cheng,Boston Red Sox,mlb,2B,Toronto_Blue_Jays_at_Boston_Red_Sox,0.06,0.059,0.0010000000000000009,OVER,SS  Tsung-Che Cheng shows OVER value at 0.1 2B. TC projection: 0.1 — edge: 0.00. Marginal conviction based on usage rate and defensive matchup.
C   Gabriel Moreno,Arizona Diamondbacks,mlb,SB,Arizona_Diamondbacks_at_Washington_Nationals,0.04,0.041,-0.0010000000000000009,UNDER,Targeting C   Gabriel Moreno UNDER 0.0 SB. Model projects 0.0 (0.00 edge). Recent trends and opponent weakness support this play.
SS  Geraldo Perdomo,Arizona Diamondbacks,mlb,HR,Arizona_Diamondbacks_at_Washington_Nationals,0.06,0.061,-0.0010000000000000009,UNDER,Targeting SS  Geraldo Perdomo UNDER 0.1 HR. Model projects 0.1 (0.00 edge). Recent trends and opponent weakness support this play.
1B  Ildemaro Vargas,Arizona Diamondbacks,mlb,HR,Arizona_Diamondbacks_at_Washington_Nationals,0.06,0.061,-0.0010000000000000009,UNDER,Targeting 1B  Ildemaro Vargas UNDER 0.1 HR. Model projects 0.1 (0.00 edge). Recent trends and opponent weakness support this play.
2B  Ketel Marte,Arizona Diamondbacks,mlb,3B,Arizona_Diamondbacks_at_Washington_Nationals,0.03,0.031,-0.0010000000000000009,UNDER,2B  Ketel Marte shows UNDER value at 0.0 3B. TC projection: 0.0 — edge: 0.00. Marginal conviction based on usage rate and defensive matchup.
2B  Ketel Marte,Arizona Diamondbacks,mlb,SB,Arizona_Diamondbacks_at_Washington_Nationals,0.03,0.031,-0.0010000000000000009,UNDER,"Marginal +EV opportunity: 2B  Ketel Marte is projected for 0.0 SB vs a line of 0.0, giving a UNDER edge of 0.00. Based on recent form, opponent matchup, and game context."
LF  Tim Tawa,Arizona Diamondbacks,mlb,SB,Arizona_Diamondbacks_at_Washington_Nationals,0.04,0.041,-0.0010000000000000009,UNDER,Targeting LF  Tim Tawa UNDER 0.0 SB. Model projects 0.0 (0.00 edge). Recent trends and opponent weakness support this play.
3B  Curtis Mead,Washington Nationals,mlb,SB,Arizona_Diamondbacks_at_Washington_Nationals,0.06,0.061,-0.0010000000000000009,UNDER,3B  Curtis Mead shows UNDER value at 0.1 SB. TC projection: 0.1 — edge: 0.00. Marginal conviction based on usage rate and defensive matchup.
LF  Daylen Lile,Washington Nationals,mlb,3B,Arizona_Diamondbacks_at_Washington_Nationals,0.03,0.031,-0.0010000000000000009,UNDER,"Marginal +EV opportunity: LF  Daylen Lile is projected for 0.0 3B vs a line of 0.0, giving a UNDER edge of 0.00. Based on recent form, opponent matchup, and game context."
1B  Luis García Jr.,Washington Nationals,mlb,3B,Arizona_Diamondbacks_at_Washington_Nationals,0.04,0.041,-0.0010000000000000009,UNDER,"Marginal +EV opportunity: 1B  Luis García Jr. is projected for 0.0 3B vs a line of 0.0, giving a UNDER edge of 0.00. Based on recent form, opponent matchup, and game context."
1B  Luis García Jr.,Washington Nationals,mlb,SB,Arizona_Diamondbacks_at_Washington_Nationals,0.04,0.041,-0.0010000000000000009,UNDER,Targeting 1B  Luis García Jr. UNDER 0.0 SB. Model projects 0.0 (0.00 edge). Recent trends and opponent weakness support this play.
C   Austin Hedges,Cleveland Guardians,mlb,HR,Cleveland_Guardians_at_Tampa_Bay_Rays,0.06,0.061,-0.0010000000000000009,UNDER,C   Austin Hedges shows UNDER value at 0.1 HR. TC projection: 0.1 — edge: 0.00. Marginal conviction based on usage rate and defensive matchup.
C   Patrick Bailey,Cleveland Guardians,mlb,HR,Cleveland_Guardians_at_Tampa_Bay_Rays,0.06,0.061,-0.0010000000000000009,UNDER,Targeting C   Patrick Bailey UNDER 0.1 HR. Model projects 0.1 (0.00 edge). Recent trends and opponent weakness support this play.
C   Patrick Bailey,Cleveland Guardians,mlb,2B,Cleveland_Guardians_at_Tampa_Bay_Rays,0.06,0.061,-0.0010000000000000009,UNDER,Targeting C   Patrick Bailey UNDER 0.1 2B. Model projects 0.1 (0.00 edge). Recent trends and opponent weakness support this play.
CF  Petey Halpin,Cleveland Guardians,mlb,BB,Cleveland_Guardians_at_Tampa_Bay_Rays,0.04,0.041,-0.0010000000000000009,UNDER,Targeting CF  Petey Halpin UNDER 0.0 BB. Model projects 0.0 (0.00 edge). Recent trends and opponent weakness support this play.
C   Hunter Feduccia,Tampa Bay Rays,mlb,HR,Cleveland_Guardians_at_Tampa_Bay_Rays,0.03,0.031,-0.0010000000000000009,UNDER,"Marginal +EV opportunity: C   Hunter Feduccia is projected for 0.0 HR vs a line of 0.0, giving a UNDER edge of 0.00. Based on recent form, opponent matchup, and game context."
3B  Josh Rojas,Kansas City Royals,mlb,BB,Kansas_City_Royals_at_Detroit_Tigers,0.04,0.041,-0.0010000000000000009,UNDER,3B  Josh Rojas shows UNDER value at 0.0 BB. TC projection: 0.0 — edge: 0.00. Marginal conviction based on usage rate and defensive matchup.
RF  Starling Marte,Kansas City Royals,mlb,SB,Kansas_City_Royals_at_Detroit_Tigers,0.04,0.041,-0.0010000000000000009,UNDER,"Marginal +EV opportunity: RF  Starling Marte is projected for 0.0 SB vs a line of 0.0, giving a UNDER edge of 0.00. Based on recent form, opponent matchup, and game context."
SS  Tyler Tolbert,Kansas City Royals,mlb,HR,Kansas_City_Royals_at_Detroit_Tigers,0.04,0.041,-0.0010000000000000009,UNDER,"Marginal +EV opportunity: SS  Tyler Tolbert is projected for 0.0 HR vs a line of 0.0, giving a UNDER edge of 0.00. Based on recent form, opponent matchup, and game context."
3B  Colt Keith,Detroit Tigers,mlb,SB,Kansas_City_Royals_at_Detroit_Tigers,0.04,0.041,-0.0010000000000000009,UNDER,3B  Colt Keith shows UNDER value at 0.0 SB. TC projection: 0.0 — edge: 0.00. Marginal conviction based on usage rate and defensive matchup.
CF  James Outman,Detroit Tigers,mlb,2B,Kansas_City_Royals_at_Detroit_Tigers,0.04,0.041,-0.0010000000000000009,UNDER,Targeting CF  James Outman UNDER 0.0 2B. Model projects 0.0 (0.00 edge). Recent trends and opponent weakness support this play.
CF  Matt Vierling,Detroit Tigers,mlb,SB,Kansas_City_Royals_at_Detroit_Tigers,0.04,0.041,-0.0010000000000000009,UNDER,CF  Matt Vierling shows UNDER value at 0.0 SB. TC projection: 0.0 — edge: 0.00. Marginal conviction based on usage rate and defensive matchup.
2B  Zach McKinstry,Detroit Tigers,mlb,HR,Kansas_City_Royals_at_Detroit_Tigers,0.04,0.041,-0.0010000000000000009,UNDER,2B  Zach McKinstry shows UNDER value at 0.0 HR. TC projection: 0.0 — edge: 0.00. Marginal conviction based on usage rate and defensive matchup.
3B  Denzer Guzman,Los Angeles Angels,mlb,SB,Los_Angeles_Angels_at_San_Francisco_Giants,0.03,0.031,-0.0010000000000000009,UNDER,Targeting 3B  Denzer Guzman UNDER 0.0 SB. Model projects 0.0 (0.00 edge). Recent trends and opponent weakness support this play.
LF  Wade Meckler,Los Angeles Angels,mlb,HR,Los_Angeles_Angels_at_San_Francisco_Giants,0.03,0.031,-0.0010000000000000009,UNDER,Targeting LF  Wade Meckler UNDER 0.0 HR. Model projects 0.0 (0.00 edge). Recent trends and opponent weakness support this play.
2B  Christian Koss,San Francisco Giants,mlb,2B,Los_Angeles_Angels_at_San_Francisco_Giants,0.06,0.061,-0.0010000000000000009,UNDER,2B  Christian Koss shows UNDER value at 0.1 2B. TC projection: 0.1 — edge: 0.00. Marginal conviction based on usage rate and defensive matchup.
2B  Christian Koss,San Francisco Giants,mlb,BB,Los_Angeles_Angels_at_San_Francisco_Giants,0.06,0.061,-0.0010000000000000009,UNDER,Targeting 2B  Christian Koss UNDER 0.1 BB. Model projects 0.1 (0.00 edge). Recent trends and opponent weakness support this play.
CF  Drew Gilbert,San Francisco Giants,mlb,HR,Los_Angeles_Angels_at_San_Francisco_Giants,0.04,0.041,-0.0010000000000000009,UNDER,"Marginal +EV opportunity: CF  Drew Gilbert is projected for 0.0 HR vs a line of 0.0, giving a UNDER edge of 0.00. Based on recent form, opponent matchup, and game context."
LF  Heliot Ramos,San Francisco Giants,mlb,3B,Los_Angeles_Angels_at_San_Francisco_Giants,0.04,0.041,-0.0010000000000000009,UNDER,LF  Heliot Ramos shows UNDER value at 0.0 3B. TC projection: 0.0 — edge: 0.00. Marginal conviction based on usage rate and defensive matchup.
RF  Jung Hoo Lee,San Francisco Giants,mlb,3B,Los_Angeles_Angels_at_San_Francisco_Giants,0.04,0.041,-0.0010000000000000009,UNDER,RF  Jung Hoo Lee shows UNDER value at 0.0 3B. TC projection: 0.0 — edge: 0.00. Marginal conviction based on usage rate and defensive matchup.
1B  Bryce Harper,Philadelphia Phillies,mlb,SB,New_York_Yankees_at_Philadelphia_Phillies,0.04,0.041,-0.0010000000000000009,UNDER,"Marginal +EV opportunity: 1B  Bryce Harper is projected for 0.0 SB vs a line of 0.0, giving a UNDER edge of 0.00. Based on recent form, opponent matchup, and game context."
RF  Derek Hill,Philadelphia Phillies,mlb,2B,New_York_Yankees_at_Philadelphia_Phillies,0.03,0.031,-0.0010000000000000009,UNDER,Targeting RF  Derek Hill UNDER 0.0 2B. Model projects 0.0 (0.00 edge). Recent trends and opponent weakness support this play.
CF  Justin Crawford,Philadelphia Phillies,mlb,3B,New_York_Yankees_at_Philadelphia_Phillies,0.03,0.031,-0.0010000000000000009,UNDER,Targeting CF  Justin Crawford UNDER 0.0 3B. Model projects 0.0 (0.00 edge). Recent trends and opponent weakness support this play.
RF  Fernando Tatis Jr.,San Diego Padres,mlb,HR,San_Diego_Padres_at_Miami_Marlins,0.06,0.061,-0.0010000000000000009,UNDER,Targeting RF  Fernando Tatis Jr. UNDER 0.1 HR. Model projects 0.1 (0.00 edge). Recent trends and opponent weakness support this play.
C   Freddy Fermin,San Diego Padres,mlb,HR,San_Diego_Padres_at_Miami_Marlins,0.04,0.041,-0.0010000000000000009,UNDER,Targeting C   Freddy Fermin UNDER 0.0 HR. Model projects 0.0 (0.00 edge). Recent trends and opponent weakness support this play.
1B  Gavin Sheets,San Diego Padres,mlb,SB,San_Diego_Padres_at_Miami_Marlins,0.03,0.031,-0.0010000000000000009,UNDER,1B  Gavin Sheets shows UNDER value at 0.0 SB. TC projection: 0.0 — edge: 0.00. Marginal conviction based on usage rate and defensive matchup.
CF  Jakob Marsee,Miami Marlins,mlb,3B,San_Diego_Padres_at_Miami_Marlins,0.03,0.031,-0.0010000000000000009,UNDER,"Marginal +EV opportunity: CF  Jakob Marsee is projected for 0.0 3B vs a line of 0.0, giving a UNDER edge of 0.00. Based on recent form, opponent matchup, and game context."
3B  Javier Sanoja,Miami Marlins,mlb,HR,San_Diego_Padres_at_Miami_Marlins,0.03,0.031,-0.0010000000000000009,UNDER,Targeting 3B  Javier Sanoja UNDER 0.0 HR. Model projects 0.0 (0.00 edge). Recent trends and opponent weakness support this play.
LF  Kyle Stowers,Miami Marlins,mlb,3B,San_Diego_Padres_at_Miami_Marlins,0.03,0.031,-0.0010000000000000009,UNDER,LF  Kyle Stowers shows UNDER value at 0.0 3B. TC projection: 0.0 — edge: 0.00. Marginal conviction based on usage rate and defensive matchup.
SS  Andrés Giménez,Toronto Blue Jays,mlb,HR,Toronto_Blue_Jays_at_Boston_Red_Sox,0.06,0.061,-0.0010000000000000009,UNDER,"Marginal +EV opportunity: SS  Andrés Giménez is projected for 0.1 HR vs a line of 0.1, giving a UNDER edge of 0.00. Based on recent form, opponent matchup, and game context."
RF  Myles Straw,Toronto Blue Jays,mlb,HR,Toronto_Blue_Jays_at_Boston_Red_Sox,0.03,0.031,-0.0010000000000000009,UNDER,"Marginal +EV opportunity: RF  Myles Straw is projected for 0.0 HR vs a line of 0.0, giving a UNDER edge of 0.00. Based on recent form, opponent matchup, and game context."
RF  Myles Straw,Toronto Blue Jays,mlb,SB,Toronto_Blue_Jays_at_Boston_Red_Sox,0.04,0.041,-0.0010000000000000009,UNDER,"Marginal +EV opportunity: RF  Myles Straw is projected for 0.0 SB vs a line of 0.0, giving a UNDER edge of 0.00. Based on recent form, opponent matchup, and game context."
RF  Nathan Lukes,Toronto Blue Jays,mlb,HR,Toronto_Blue_Jays_at_Boston_Red_Sox,0.06,0.061,-0.0010000000000000009,UNDER,"Marginal +EV opportunity: RF  Nathan Lukes is projected for 0.1 HR vs a line of 0.1, giving a UNDER edge of 0.00. Based on recent form, opponent matchup, and game context."
1B  Vladimir Guerrero Jr.,Toronto Blue Jays,mlb,SB,Toronto_Blue_Jays_at_Boston_Red_Sox,0.06,0.061,-0.0010000000000000009,UNDER,1B  Vladimir Guerrero Jr. shows UNDER value at 0.1 SB. TC projection: 0.1 — edge: 0.00. Marginal conviction based on usage rate and defensive matchup.
SS  Andruw Monasterio,Boston Red Sox,mlb,SB,Toronto_Blue_Jays_at_Boston_Red_Sox,0.03,0.031,-0.0010000000000000009,UNDER,"Marginal +EV opportunity: SS  Andruw Monasterio is projected for 0.0 SB vs a line of 0.0, giving a UNDER edge of 0.00. Based on recent form, opponent matchup, and game context."
OF  Jahmai Jones,Boston Red Sox,mlb,HR,Toronto_Blue_Jays_at_Boston_Red_Sox,0.04,0.041,-0.0010000000000000009,UNDER,"Marginal +EV opportunity: OF  Jahmai Jones is projected for 0.0 HR vs a line of 0.0, giving a UNDER edge of 0.00. Based on recent form, opponent matchup, and game context."
OF  Jahmai Jones,Boston Red Sox,mlb,2B,Toronto_Blue_Jays_at_Boston_Red_Sox,0.03,0.031,-0.0010000000000000009,UNDER,Targeting OF  Jahmai Jones UNDER 0.0 2B. Model projects 0.0 (0.00 edge). Recent trends and opponent weakness support this play.
LF  Jarren Duran,Boston Red Sox,mlb,3B,Toronto_Blue_Jays_at_Boston_Red_Sox,0.03,0.031,-0.0010000000000000009,UNDER,Targeting LF  Jarren Duran UNDER 0.0 3B. Model projects 0.0 (0.00 edge). Recent trends and opponent weakness support this play.
1B  Willson Contreras,Boston Red Sox,mlb,SB,Toronto_Blue_Jays_at_Boston_Red_Sox,0.03,0.031,-0.0010000000000000009,UNDER,Targeting 1B  Willson Contreras UNDER 0.0 SB. Model projects 0.0 (0.00 edge). Recent trends and opponent weakness support this play.
1B  Ildemaro Vargas,Arizona Diamondbacks,mlb,3B,Arizona_Diamondbacks_at_Washington_Nationals,0.03,0.029,0.0009999999999999974,OVER,1B  Ildemaro Vargas shows OVER value at 0.0 3B. TC projection: 0.0 — edge: 0.00. Marginal conviction based on usage rate and defensive matchup.
3B  Nolan Arenado,Arizona Diamondbacks,mlb,SB,Arizona_Diamondbacks_at_Washington_Nationals,0.03,0.029,0.0009999999999999974,OVER,Targeting 3B  Nolan Arenado OVER 0.0 SB. Model projects 0.0 (0.00 edge). Recent trends and opponent weakness support this play.
3B  Jorbit Vivas,Washington Nationals,mlb,HR,Arizona_Diamondbacks_at_Washington_Nationals,0.03,0.029,0.0009999999999999974,OVER,Targeting 3B  Jorbit Vivas OVER 0.0 HR. Model projects 0.0 (0.00 edge). Recent trends and opponent weakness support this play.
DH  José Tena,Washington Nationals,mlb,SB,Arizona_Diamondbacks_at_Washington_Nationals,0.03,0.029,0.0009999999999999974,OVER,"Marginal +EV opportunity: DH  José Tena is projected for 0.0 SB vs a line of 0.0, giving a OVER edge of 0.00. Based on recent form, opponent matchup, and game context."
C   Keibert Ruiz,Washington Nationals,mlb,SB,Arizona_Diamondbacks_at_Washington_Nationals,0.03,0.029,0.0009999999999999974,OVER,"Marginal +EV opportunity: C   Keibert Ruiz is projected for 0.0 SB vs a line of 0.0, giving a OVER edge of 0.00. Based on recent form, opponent matchup, and game context."
2B  Nasim Nuñez,Washington Nationals,mlb,3B,Arizona_Diamondbacks_at_Washington_Nationals,0.03,0.029,0.0009999999999999974,OVER,"Marginal +EV opportunity: 2B  Nasim Nuñez is projected for 0.0 3B vs a line of 0.0, giving a OVER edge of 0.00. Based on recent form, opponent matchup, and game context."
RF  Jac Caglianone,Kansas City Royals,mlb,SB,Kansas_City_Royals_at_Detroit_Tigers,0.03,0.029,0.0009999999999999974,OVER,RF  Jac Caglianone shows OVER value at 0.0 SB. TC projection: 0.0 — edge: 0.00. Marginal conviction based on usage rate and defensive matchup.
SS  Kevin McGonigle,Detroit Tigers,mlb,3B,Kansas_City_Royals_at_Detroit_Tigers,0.03,0.029,0.0009999999999999974,OVER,Targeting SS  Kevin McGonigle OVER 0.0 3B. Model projects 0.0 (0.00 edge). Recent trends and opponent weakness support this play.
CF  Jose Siri,Los Angeles Angels,mlb,SB,Los_Angeles_Angels_at_San_Francisco_Giants,0.03,0.029,0.0009999999999999974,OVER,"Marginal +EV opportunity: CF  Jose Siri is projected for 0.0 SB vs a line of 0.0, giving a OVER edge of 0.00. Based on recent form, opponent matchup, and game context."
1B  Ben Rice,New York Yankees,mlb,3B,New_York_Yankees_at_Philadelphia_Phillies,0.03,0.029,0.0009999999999999974,OVER,1B  Ben Rice shows OVER value at 0.0 3B. TC projection: 0.0 — edge: 0.00. Marginal conviction based on usage rate and defensive matchup.
3B  Ryan McMahon,New York Yankees,mlb,SB,New_York_Yankees_at_Philadelphia_Phillies,0.03,0.029,0.0009999999999999974,OVER,"Marginal +EV opportunity: 3B  Ryan McMahon is projected for 0.0 SB vs a line of 0.0, giving a OVER edge of 0.00. Based on recent form, opponent matchup, and game context."
C   J.T. Realmuto,Philadelphia Phillies,mlb,SB,New_York_Yankees_at_Philadelphia_Phillies,0.03,0.029,0.0009999999999999974,OVER,Targeting C   J.T. Realmuto OVER 0.0 SB. Model projects 0.0 (0.00 edge). Recent trends and opponent weakness support this play.
3B  Luis Rengifo,San Diego Padres,mlb,HR,San_Diego_Padres_at_Miami_Marlins,0.03,0.029,0.0009999999999999974,OVER,3B  Luis Rengifo shows OVER value at 0.0 HR. TC projection: 0.0 — edge: 0.00. Marginal conviction based on usage rate and defensive matchup.
CF  Ceddanne Rafaela,Boston Red Sox,mlb,3B,Toronto_Blue_Jays_at_Boston_Red_Sox,0.03,0.029,0.0009999999999999974,OVER,"Marginal +EV opportunity: CF  Ceddanne Rafaela is projected for 0.0 3B vs a line of 0.0, giving a OVER edge of 0.00. Based on recent form, opponent matchup, and game context."
DH  Masataka Yoshida,Boston Red Sox,mlb,SB,Toronto_Blue_Jays_at_Boston_Red_Sox,0.03,0.029,0.0009999999999999974,OVER,DH  Masataka Yoshida shows OVER value at 0.0 SB. TC projection: 0.0 — edge: 0.00. Marginal conviction based on usage rate and defensive matchup.
RF  Wilyer Abreu,Boston Red Sox,mlb,3B,Toronto_Blue_Jays_at_Boston_Red_Sox,0.03,0.029,0.0009999999999999974,OVER,RF  Wilyer Abreu shows OVER value at 0.0 3B. TC projection: 0.0 — edge: 0.00. Marginal conviction based on usage rate and defensive matchup.
LF  Chandler Simpson,Tampa Bay Rays,mlb,3B,Cleveland_Guardians_at_Tampa_Bay_Rays,0.05,0.051,-0.000999999999999994,UNDER,Targeting LF  Chandler Simpson UNDER 0.1 3B. Model projects 0.1 (0.00 edge). Recent trends and opponent weakness support this play.
RF  Ryan Vilade,Tampa Bay Rays,mlb,SB,Cleveland_Guardians_at_Tampa_Bay_Rays,0.05,0.051,-0.000999999999999994,UNDER,RF  Ryan Vilade shows UNDER value at 0.1 SB. TC projection: 0.1 — edge: 0.00. Marginal conviction based on usage rate and defensive matchup.
3B  Nick Loftin,Kansas City Royals,mlb,HR,Kansas_City_Royals_at_Detroit_Tigers,0.05,0.051,-0.000999999999999994,UNDER,3B  Nick Loftin shows UNDER value at 0.1 HR. TC projection: 0.1 — edge: 0.00. Marginal conviction based on usage rate and defensive matchup.
C   Jake Rogers,Detroit Tigers,mlb,2B,Kansas_City_Royals_at_Detroit_Tigers,0.05,0.051,-0.000999999999999994,UNDER,C   Jake Rogers shows UNDER value at 0.1 2B. TC projection: 0.1 — edge: 0.00. Marginal conviction based on usage rate and defensive matchup.
LF  Josh Lowe,Los Angeles Angels,mlb,2B,Los_Angeles_Angels_at_San_Francisco_Giants,0.05,0.051,-0.000999999999999994,UNDER,LF  Josh Lowe shows UNDER value at 0.1 2B. TC projection: 0.1 — edge: 0.00. Marginal conviction based on usage rate and defensive matchup.
C   Jesus Rodriguez,San Francisco Giants,mlb,SB,Los_Angeles_Angels_at_San_Francisco_Giants,0.05,0.051,-0.000999999999999994,UNDER,"Marginal +EV opportunity: C   Jesus Rodriguez is projected for 0.1 SB vs a line of 0.1, giving a UNDER edge of 0.00. Based on recent form, opponent matchup, and game context."
RF  Jung Hoo Lee,San Francisco Giants,mlb,HR,Los_Angeles_Angels_at_San_Francisco_Giants,0.05,0.051,-0.000999999999999994,UNDER,RF  Jung Hoo Lee shows UNDER value at 0.1 HR. TC projection: 0.1 — edge: 0.00. Marginal conviction based on usage rate and defensive matchup.
SS  Max Schuemann,New York Yankees,mlb,HR,New_York_Yankees_at_Philadelphia_Phillies,0.05,0.051,-0.000999999999999994,UNDER,SS  Max Schuemann shows UNDER value at 0.1 HR. TC projection: 0.1 — edge: 0.00. Marginal conviction based on usage rate and defensive matchup.
2B  Edmundo Sosa,Philadelphia Phillies,mlb,SB,New_York_Yankees_at_Philadelphia_Phillies,0.05,0.051,-0.000999999999999994,UNDER,Targeting 2B  Edmundo Sosa UNDER 0.1 SB. Model projects 0.1 (0.00 edge). Recent trends and opponent weakness support this play.
2B  Jake Cronenworth,San Diego Padres,mlb,HR,San_Diego_Padres_at_Miami_Marlins,0.05,0.051,-0.000999999999999994,UNDER,2B  Jake Cronenworth shows UNDER value at 0.1 HR. TC projection: 0.1 — edge: 0.00. Marginal conviction based on usage rate and defensive matchup.
RF  Jase Bowen,San Diego Padres,mlb,BB,San_Diego_Padres_at_Miami_Marlins,0.05,0.051,-0.000999999999999994,UNDER,Targeting RF  Jase Bowen UNDER 0.1 BB. Model projects 0.1 (0.00 edge). Recent trends and opponent weakness support this play.
3B  Javier Sanoja,Miami Marlins,mlb,SB,San_Diego_Padres_at_Miami_Marlins,0.05,0.051,-0.000999999999999994,UNDER,Targeting 3B  Javier Sanoja UNDER 0.1 SB. Model projects 0.1 (0.00 edge). Recent trends and opponent weakness support this play.
SS  Otto Lopez,Miami Marlins,mlb,3B,San_Diego_Padres_at_Miami_Marlins,0.05,0.051,-0.000999999999999994,UNDER,Targeting SS  Otto Lopez UNDER 0.1 3B. Model projects 0.1 (0.00 edge). Recent trends and opponent weakness support this play.
2B  Xavier Edwards,Miami Marlins,mlb,HR,San_Diego_Padres_at_Miami_Marlins,0.05,0.051,-0.000999999999999994,UNDER,"Marginal +EV opportunity: 2B  Xavier Edwards is projected for 0.1 HR vs a line of 0.1, giving a UNDER edge of 0.00. Based on recent form, opponent matchup, and game context."
2B  Xavier Edwards,Miami Marlins,mlb,3B,San_Diego_Padres_at_Miami_Marlins,0.05,0.051,-0.000999999999999994,UNDER,2B  Xavier Edwards shows UNDER value at 0.1 3B. TC projection: 0.1 — edge: 0.00. Marginal conviction based on usage rate and defensive matchup.
LF  Davis Schneider,Toronto Blue Jays,mlb,HR,Toronto_Blue_Jays_at_Boston_Red_Sox,0.05,0.051,-0.000999999999999994,UNDER,"Marginal +EV opportunity: LF  Davis Schneider is projected for 0.1 HR vs a line of 0.1, giving a UNDER edge of 0.00. Based on recent form, opponent matchup, and game context."
2B  Luis Urías,Toronto Blue Jays,mlb,2B,Toronto_Blue_Jays_at_Boston_Red_Sox,0.05,0.051,-0.000999999999999994,UNDER,2B  Luis Urías shows UNDER value at 0.1 2B. TC projection: 0.1 — edge: 0.00. Marginal conviction based on usage rate and defensive matchup.
RF  Myles Straw,Toronto Blue Jays,mlb,2B,Toronto_Blue_Jays_at_Boston_Red_Sox,0.05,0.051,-0.000999999999999994,UNDER,RF  Myles Straw shows UNDER value at 0.1 2B. TC projection: 0.1 — edge: 0.00. Marginal conviction based on usage rate and defensive matchup.
1B  Vladimir Guerrero Jr.,Toronto Blue Jays,mlb,HR,Toronto_Blue_Jays_at_Boston_Red_Sox,0.05,0.051,-0.000999999999999994,UNDER,Targeting 1B  Vladimir Guerrero Jr. UNDER 0.1 HR. Model projects 0.1 (0.00 edge). Recent trends and opponent weakness support this play.
C   Connor Wong,Boston Red Sox,mlb,SB,Toronto_Blue_Jays_at_Boston_Red_Sox,0.05,0.051,-0.000999999999999994,UNDER,Targeting C   Connor Wong UNDER 0.1 SB. Model projects 0.1 (0.00 edge). Recent trends and opponent weakness support this play.
DH  Masataka Yoshida,Boston Red Sox,mlb,HR,Toronto_Blue_Jays_at_Boston_Red_Sox,0.05,0.051,-0.000999999999999994,UNDER,Targeting DH  Masataka Yoshida UNDER 0.1 HR. Model projects 0.1 (0.00 edge). Recent trends and opponent weakness support this play.
DH  Romy Gonzalez,Boston Red Sox,mlb,3B,Toronto_Blue_Jays_at_Boston_Red_Sox,0.05,0.051,-0.000999999999999994,UNDER,"Marginal +EV opportunity: DH  Romy Gonzalez is projected for 0.1 3B vs a line of 0.1, giving a UNDER edge of 0.00. Based on recent form, opponent matchup, and game context."
RF  Wilyer Abreu,Boston Red Sox,mlb,SB,Toronto_Blue_Jays_at_Boston_Red_Sox,0.05,0.051,-0.000999999999999994,UNDER,"Marginal +EV opportunity: RF  Wilyer Abreu is projected for 0.1 SB vs a line of 0.1, giving a UNDER edge of 0.00. Based on recent form, opponent matchup, and game context."
SS  Brayan Rocchio,Cleveland Guardians,mlb,HR,Cleveland_Guardians_at_Tampa_Bay_Rays,0.07,0.071,-0.000999999999999987,UNDER,Targeting SS  Brayan Rocchio UNDER 0.1 HR. Model projects 0.1 (0.00 edge). Recent trends and opponent weakness support this play.
CF  Petey Halpin,Cleveland Guardians,mlb,2B,Cleveland_Guardians_at_Tampa_Bay_Rays,0.07,0.071,-0.000999999999999987,UNDER,Targeting CF  Petey Halpin UNDER 0.1 2B. Model projects 0.1 (0.00 edge). Recent trends and opponent weakness support this play.
C   Nick Fortes,Tampa Bay Rays,mlb,BB,Cleveland_Guardians_at_Tampa_Bay_Rays,0.07,0.071,-0.000999999999999987,UNDER,C   Nick Fortes shows UNDER value at 0.1 BB. TC projection: 0.1 — edge: 0.00. Marginal conviction based on usage rate and defensive matchup.
3B  Colt Keith,Detroit Tigers,mlb,HR,Kansas_City_Royals_at_Detroit_Tigers,0.07,0.071,-0.000999999999999987,UNDER,Targeting 3B  Colt Keith UNDER 0.1 HR. Model projects 0.1 (0.00 edge). Recent trends and opponent weakness support this play.
2B  Gleyber Torres,Detroit Tigers,mlb,HR,Kansas_City_Royals_at_Detroit_Tigers,0.07,0.071,-0.000999999999999987,UNDER,Targeting 2B  Gleyber Torres UNDER 0.1 HR. Model projects 0.1 (0.00 edge). Recent trends and opponent weakness support this play.
C   Jake Rogers,Detroit Tigers,mlb,HR,Kansas_City_Royals_at_Detroit_Tigers,0.07,0.071,-0.000999999999999987,UNDER,Targeting C   Jake Rogers UNDER 0.1 HR. Model projects 0.1 (0.00 edge). Recent trends and opponent weakness support this play.
CF  Jose Siri,Los Angeles Angels,mlb,2B,Los_Angeles_Angels_at_San_Francisco_Giants,0.07,0.071,-0.000999999999999987,UNDER,Targeting CF  Jose Siri UNDER 0.1 2B. Model projects 0.1 (0.00 edge). Recent trends and opponent weakness support this play.
C   Ali Sánchez,New York Yankees,mlb,R,New_York_Yankees_at_Philadelphia_Phillies,0.07,0.071,-0.000999999999999987,UNDER,Targeting C   Ali Sánchez UNDER 0.1 R. Model projects 0.1 (0.00 edge). Recent trends and opponent weakness support this play.
C   Ali Sánchez,New York Yankees,mlb,2B,New_York_Yankees_at_Philadelphia_Phillies,0.07,0.071,-0.000999999999999987,UNDER,Targeting C   Ali Sánchez UNDER 0.1 2B. Model projects 0.1 (0.00 edge). Recent trends and opponent weakness support this play.
C   Austin Wells,New York Yankees,mlb,HR,New_York_Yankees_at_Philadelphia_Phillies,0.07,0.071,-0.000999999999999987,UNDER,C   Austin Wells shows UNDER value at 0.1 HR. TC projection: 0.1 — edge: 0.00. Marginal conviction based on usage rate and defensive matchup.
LF  Brandon Marsh,Philadelphia Phillies,mlb,SB,New_York_Yankees_at_Philadelphia_Phillies,0.07,0.071,-0.000999999999999987,UNDER,LF  Brandon Marsh shows UNDER value at 0.1 SB. TC projection: 0.1 — edge: 0.00. Marginal conviction based on usage rate and defensive matchup.
RF  Gabriel Rincones Jr.,Philadelphia Phillies,mlb,HR,New_York_Yankees_at_Philadelphia_Phillies,0.07,0.071,-0.000999999999999987,UNDER,RF  Gabriel Rincones Jr. shows UNDER value at 0.1 HR. TC projection: 0.1 — edge: 0.00. Marginal conviction based on usage rate and defensive matchup.
RF  Gabriel Rincones Jr.,Philadelphia Phillies,mlb,BB,New_York_Yankees_at_Philadelphia_Phillies,0.07,0.071,-0.000999999999999987,UNDER,"Marginal +EV opportunity: RF  Gabriel Rincones Jr. is projected for 0.1 BB vs a line of 0.1, giving a UNDER edge of 0.00. Based on recent form, opponent matchup, and game context."
3B  Leo Jiménez,Miami Marlins,mlb,2B,San_Diego_Padres_at_Miami_Marlins,0.07,0.071,-0.000999999999999987,UNDER,"Marginal +EV opportunity: 3B  Leo Jiménez is projected for 0.1 2B vs a line of 0.1, giving a UNDER edge of 0.00. Based on recent form, opponent matchup, and game context."
P   Keaton Winn,San Francisco Giants,mlb,BB,Los_Angeles_Angels_at_San_Francisco_Giants,0.0,0.0,0.0,UNDER,Targeting P   Keaton Winn UNDER 0.0 BB. Model projects 0.0 (0.00 edge). Recent trends and opponent weakness support this play.
P   Keaton Winn,San Francisco Giants,mlb,SB,Los_Angeles_Angels_at_San_Francisco_Giants,0.0,0.0,0.0,UNDER,"Marginal +EV opportunity: P   Keaton Winn is projected for 0.0 SB vs a line of 0.0, giving a UNDER edge of 0.00. Based on recent form, opponent matchup, and game context."
1B  Rafael Devers,San Francisco Giants,mlb,3B,Los_Angeles_Angels_at_San_Francisco_Giants,0.01,0.01,0.0,UNDER,"Marginal +EV opportunity: 1B  Rafael Devers is projected for 0.0 3B vs a line of 0.0, giving a UNDER edge of 0.00. Based on recent form, opponent matchup, and game context."
1B  Rafael Devers,San Francisco Giants,mlb,SB,Los_Angeles_Angels_at_San_Francisco_Giants,0.0,0.0,0.0,UNDER,"Marginal +EV opportunity: 1B  Rafael Devers is projected for 0.0 SB vs a line of 0.0, giving a UNDER edge of 0.00. Based on recent form, opponent matchup, and game context."
P   Sam Hentges,San Francisco Giants,mlb,H,Los_Angeles_Angels_at_San_Francisco_Giants,0.0,0.0,0.0,UNDER,P   Sam Hentges shows UNDER value at 0.0 H. TC projection: 0.0 — edge: 0.00. Marginal conviction based on usage rate and defensive matchup.
P   Sam Hentges,San Francisco Giants,mlb,R,Los_Angeles_Angels_at_San_Francisco_Giants,0.0,0.0,0.0,UNDER,"Marginal +EV opportunity: P   Sam Hentges is projected for 0.0 R vs a line of 0.0, giving a UNDER edge of 0.00. Based on recent form, opponent matchup, and game context."
P   Sam Hentges,San Francisco Giants,mlb,RBI,Los_Angeles_Angels_at_San_Francisco_Giants,0.0,0.0,0.0,UNDER,Targeting P   Sam Hentges UNDER 0.0 RBI. Model projects 0.0 (0.00 edge). Recent trends and opponent weakness support this play.
P   Sam Hentges,San Francisco Giants,mlb,HR,Los_Angeles_Angels_at_San_Francisco_Giants,0.0,0.0,0.0,UNDER,P   Sam Hentges shows UNDER value at 0.0 HR. TC projection: 0.0 — edge: 0.00. Marginal conviction based on usage rate and defensive matchup.
P   Sam Hentges,San Francisco Giants,mlb,2B,Los_Angeles_Angels_at_San_Francisco_Giants,0.0,0.0,0.0,UNDER,"Marginal +EV opportunity: P   Sam Hentges is projected for 0.0 2B vs a line of 0.0, giving a UNDER edge of 0.00. Based on recent form, opponent matchup, and game context."
P   Sam Hentges,San Francisco Giants,mlb,3B,Los_Angeles_Angels_at_San_Francisco_Giants,0.0,0.0,0.0,UNDER,Targeting P   Sam Hentges UNDER 0.0 3B. Model projects 0.0 (0.00 edge). Recent trends and opponent weakness support this play.
P   Sam Hentges,San Francisco Giants,mlb,BB,Los_Angeles_Angels_at_San_Francisco_Giants,0.0,0.0,0.0,UNDER,P   Sam Hentges shows UNDER value at 0.0 BB. TC projection: 0.0 — edge: 0.00. Marginal conviction based on usage rate and defensive matchup.
P   Sam Hentges,San Francisco Giants,mlb,SB,Los_Angeles_Angels_at_San_Francisco_Giants,0.0,0.0,0.0,UNDER,"Marginal +EV opportunity: P   Sam Hentges is projected for 0.0 SB vs a line of 0.0, giving a UNDER edge of 0.00. Based on recent form, opponent matchup, and game context."
SS  Willy Adames,San Francisco Giants,mlb,3B,Los_Angeles_Angels_at_San_Francisco_Giants,0.01,0.01,0.0,UNDER,Targeting SS  Willy Adames UNDER 0.0 3B. Model projects 0.0 (0.00 edge). Recent trends and opponent weakness support this play.
SS  Willy Adames,San Francisco Giants,mlb,SB,Los_Angeles_Angels_at_San_Francisco_Giants,0.02,0.02,0.0,UNDER,SS  Willy Adames shows UNDER value at 0.0 SB. TC projection: 0.0 — edge: 0.00. Marginal conviction based on usage rate and defensive matchup.
C   Ali Sánchez,New York Yankees,mlb,HR,New_York_Yankees_at_Philadelphia_Phillies,0.0,0.0,0.0,UNDER,Targeting C   Ali Sánchez UNDER 0.0 HR. Model projects 0.0 (0.00 edge). Recent trends and opponent weakness support this play.
C   Ali Sánchez,New York Yankees,mlb,3B,New_York_Yankees_at_Philadelphia_Phillies,0.0,0.0,0.0,UNDER,Targeting C   Ali Sánchez UNDER 0.0 3B. Model projects 0.0 (0.00 edge). Recent trends and opponent weakness support this play.
C   Ali Sánchez,New York Yankees,mlb,SB,New_York_Yankees_at_Philadelphia_Phillies,0.0,0.0,0.0,UNDER,C   Ali Sánchez shows UNDER value at 0.0 SB. TC projection: 0.0 — edge: 0.00. Marginal conviction based on usage rate and defensive matchup.
3B  Amed Rosario,New York Yankees,mlb,3B,New_York_Yankees_at_Philadelphia_Phillies,0.01,0.01,0.0,UNDER,3B  Amed Rosario shows UNDER value at 0.0 3B. TC projection: 0.0 — edge: 0.00. Marginal conviction based on usage rate and defensive matchup.
3B  Amed Rosario,New York Yankees,mlb,SB,New_York_Yankees_at_Philadelphia_Phillies,0.01,0.01,0.0,UNDER,Targeting 3B  Amed Rosario UNDER 0.0 SB. Model projects 0.0 (0.00 edge). Recent trends and opponent weakness support this play.
SS  Anthony Volpe,New York Yankees,mlb,HR,New_York_Yankees_at_Philadelphia_Phillies,0.02,0.02,0.0,UNDER,SS  Anthony Volpe shows UNDER value at 0.0 HR. TC projection: 0.0 — edge: 0.00. Marginal conviction based on usage rate and defensive matchup.
SS  Anthony Volpe,New York Yankees,mlb,3B,New_York_Yankees_at_Philadelphia_Phillies,0.02,0.02,0.0,UNDER,Targeting SS  Anthony Volpe UNDER 0.0 3B. Model projects 0.0 (0.00 edge). Recent trends and opponent weakness support this play.
C   Austin Wells,New York Yankees,mlb,2B,New_York_Yankees_at_Philadelphia_Phillies,0.02,0.02,0.0,UNDER,C   Austin Wells shows UNDER value at 0.0 2B. TC projection: 0.0 — edge: 0.00. Marginal conviction based on usage rate and defensive matchup.
C   Austin Wells,New York Yankees,mlb,3B,New_York_Yankees_at_Philadelphia_Phillies,0.0,0.0,0.0,UNDER,Targeting C   Austin Wells UNDER 0.0 3B. Model projects 0.0 (0.00 edge). Recent trends and opponent weakness support this play.
C   Austin Wells,New York Yankees,mlb,SB,New_York_Yankees_at_Philadelphia_Phillies,0.01,0.01,0.0,UNDER,Targeting C   Austin Wells UNDER 0.0 SB. Model projects 0.0 (0.00 edge). Recent trends and opponent weakness support this play.
1B  Ben Rice,New York Yankees,mlb,SB,New_York_Yankees_at_Philadelphia_Phillies,0.02,0.02,0.0,UNDER,"Marginal +EV opportunity: 1B  Ben Rice is projected for 0.0 SB vs a line of 0.0, giving a UNDER edge of 0.00. Based on recent form, opponent matchup, and game context."
LF  Cody Bellinger,New York Yankees,mlb,3B,New_York_Yankees_at_Philadelphia_Phillies,0.02,0.02,0.0,UNDER,Targeting LF  Cody Bellinger UNDER 0.0 3B. Model projects 0.0 (0.00 edge). Recent trends and opponent weakness support this play.
P   David Bednar,New York Yankees,mlb,H,New_York_Yankees_at_Philadelphia_Phillies,0.0,0.0,0.0,UNDER,Targeting P   David Bednar UNDER 0.0 H. Model projects 0.0 (0.00 edge). Recent trends and opponent weakness support this play.
P   David Bednar,New York Yankees,mlb,R,New_York_Yankees_at_Philadelphia_Phillies,0.0,0.0,0.0,UNDER,"Marginal +EV opportunity: P   David Bednar is projected for 0.0 R vs a line of 0.0, giving a UNDER edge of 0.00. Based on recent form, opponent matchup, and game context."
P   David Bednar,New York Yankees,mlb,RBI,New_York_Yankees_at_Philadelphia_Phillies,0.0,0.0,0.0,UNDER,Targeting P   David Bednar UNDER 0.0 RBI. Model projects 0.0 (0.00 edge). Recent trends and opponent weakness support this play.
P   David Bednar,New York Yankees,mlb,HR,New_York_Yankees_at_Philadelphia_Phillies,0.0,0.0,0.0,UNDER,P   David Bednar shows UNDER value at 0.0 HR. TC projection: 0.0 — edge: 0.00. Marginal conviction based on usage rate and defensive matchup.
P   David Bednar,New York Yankees,mlb,2B,New_York_Yankees_at_Philadelphia_Phillies,0.0,0.0,0.0,UNDER,Targeting P   David Bednar UNDER 0.0 2B. Model projects 0.0 (0.00 edge). Recent trends and opponent weakness support this play.
P   David Bednar,New York Yankees,mlb,3B,New_York_Yankees_at_Philadelphia_Phillies,0.0,0.0,0.0,UNDER,"Marginal +EV opportunity: P   David Bednar is projected for 0.0 3B vs a line of 0.0, giving a UNDER edge of 0.00. Based on recent form, opponent matchup, and game context."
P   David Bednar,New York Yankees,mlb,BB,New_York_Yankees_at_Philadelphia_Phillies,0.0,0.0,0.0,UNDER,"Marginal +EV opportunity: P   David Bednar is projected for 0.0 BB vs a line of 0.0, giving a UNDER edge of 0.00. Based on recent form, opponent matchup, and game context."
P   David Bednar,New York Yankees,mlb,SB,New_York_Yankees_at_Philadelphia_Phillies,0.0,0.0,0.0,UNDER,Targeting P   David Bednar UNDER 0.0 SB. Model projects 0.0 (0.00 edge). Recent trends and opponent weakness support this play.
P   Fernando Cruz,New York Yankees,mlb,H,New_York_Yankees_at_Philadelphia_Phillies,0.0,0.0,0.0,UNDER,"Marginal +EV opportunity: P   Fernando Cruz is projected for 0.0 H vs a line of 0.0, giving a UNDER edge of 0.00. Based on recent form, opponent matchup, and game context."
P   Fernando Cruz,New York Yankees,mlb,R,New_York_Yankees_at_Philadelphia_Phillies,0.0,0.0,0.0,UNDER,P   Fernando Cruz shows UNDER value at 0.0 R. TC projection: 0.0 — edge: 0.00. Marginal conviction based on usage rate and defensive matchup.
P   Fernando Cruz,New York Yankees,mlb,RBI,New_York_Yankees_at_Philadelphia_Phillies,0.0,0.0,0.0,UNDER,"Marginal +EV opportunity: P   Fernando Cruz is projected for 0.0 RBI vs a line of 0.0, giving a UNDER edge of 0.00. Based on recent form, opponent matchup, and game context."
P   Fernando Cruz,New York Yankees,mlb,HR,New_York_Yankees_at_Philadelphia_Phillies,0.0,0.0,0.0,UNDER,Targeting P   Fernando Cruz UNDER 0.0 HR. Model projects 0.0 (0.00 edge). Recent trends and opponent weakness support this play.
P   Fernando Cruz,New York Yankees,mlb,2B,New_York_Yankees_at_Philadelphia_Phillies,0.0,0.0,0.0,UNDER,P   Fernando Cruz shows UNDER value at 0.0 2B. TC projection: 0.0 — edge: 0.00. Marginal conviction based on usage rate and defensive matchup.
P   Fernando Cruz,New York Yankees,mlb,3B,New_York_Yankees_at_Philadelphia_Phillies,0.0,0.0,0.0,UNDER,"Marginal +EV opportunity: P   Fernando Cruz is projected for 0.0 3B vs a line of 0.0, giving a UNDER edge of 0.00. Based on recent form, opponent matchup, and game context."
P   Fernando Cruz,New York Yankees,mlb,BB,New_York_Yankees_at_Philadelphia_Phillies,0.0,0.0,0.0,UNDER,"Marginal +EV opportunity: P   Fernando Cruz is projected for 0.0 BB vs a line of 0.0, giving a UNDER edge of 0.00. Based on recent form, opponent matchup, and game context."
P   Fernando Cruz,New York Yankees,mlb,SB,New_York_Yankees_at_Philadelphia_Phillies,0.0,0.0,0.0,UNDER,"Marginal +EV opportunity: P   Fernando Cruz is projected for 0.0 SB vs a line of 0.0, giving a UNDER edge of 0.00. Based on recent form, opponent matchup, and game context."
RF  Jasson Domínguez,New York Yankees,mlb,3B,New_York_Yankees_at_Philadelphia_Phillies,0.0,0.0,0.0,UNDER,RF  Jasson Domínguez shows UNDER value at 0.0 3B. TC projection: 0.0 — edge: 0.00. Marginal conviction based on usage rate and defensive matchup.
2B  Jazz Chisholm Jr.,New York Yankees,mlb,3B,New_York_Yankees_at_Philadelphia_Phillies,0.02,0.02,0.0,UNDER,Targeting 2B  Jazz Chisholm Jr. UNDER 0.0 3B. Model projects 0.0 (0.00 edge). Recent trends and opponent weakness support this play.
SS  José Caballero,New York Yankees,mlb,3B,New_York_Yankees_at_Philadelphia_Phillies,0.0,0.0,0.0,UNDER,"Marginal +EV opportunity: SS  José Caballero is projected for 0.0 3B vs a line of 0.0, giving a UNDER edge of 0.00. Based on recent form, opponent matchup, and game context."
SS  Max Schuemann,New York Yankees,mlb,3B,New_York_Yankees_at_Philadelphia_Phillies,0.0,0.0,0.0,UNDER,"Marginal +EV opportunity: SS  Max Schuemann is projected for 0.0 3B vs a line of 0.0, giving a UNDER edge of 0.00. Based on recent form, opponent matchup, and game context."
P   Paul Blackburn,New York Yankees,mlb,H,New_York_Yankees_at_Philadelphia_Phillies,0.0,0.0,0.0,UNDER,P   Paul Blackburn shows UNDER value at 0.0 H. TC projection: 0.0 — edge: 0.00. Marginal conviction based on usage rate and defensive matchup.
P   Paul Blackburn,New York Yankees,mlb,R,New_York_Yankees_at_Philadelphia_Phillies,0.0,0.0,0.0,UNDER,Targeting P   Paul Blackburn UNDER 0.0 R. Model projects 0.0 (0.00 edge). Recent trends and opponent weakness support this play.
P   Paul Blackburn,New York Yankees,mlb,RBI,New_York_Yankees_at_Philadelphia_Phillies,0.0,0.0,0.0,UNDER,Targeting P   Paul Blackburn UNDER 0.0 RBI. Model projects 0.0 (0.00 edge). Recent trends and opponent weakness support this play.
P   Paul Blackburn,New York Yankees,mlb,HR,New_York_Yankees_at_Philadelphia_Phillies,0.0,0.0,0.0,UNDER,"Marginal +EV opportunity: P   Paul Blackburn is projected for 0.0 HR vs a line of 0.0, giving a UNDER edge of 0.00. Based on recent form, opponent matchup, and game context."
P   Paul Blackburn,New York Yankees,mlb,2B,New_York_Yankees_at_Philadelphia_Phillies,0.0,0.0,0.0,UNDER,P   Paul Blackburn shows UNDER value at 0.0 2B. TC projection: 0.0 — edge: 0.00. Marginal conviction based on usage rate and defensive matchup.
P   Paul Blackburn,New York Yankees,mlb,3B,New_York_Yankees_at_Philadelphia_Phillies,0.0,0.0,0.0,UNDER,P   Paul Blackburn shows UNDER value at 0.0 3B. TC projection: 0.0 — edge: 0.00. Marginal conviction based on usage rate and defensive matchup.
P   Paul Blackburn,New York Yankees,mlb,BB,New_York_Yankees_at_Philadelphia_Phillies,0.0,0.0,0.0,UNDER,P   Paul Blackburn shows UNDER value at 0.0 BB. TC projection: 0.0 — edge: 0.00. Marginal conviction based on usage rate and defensive matchup.
P   Paul Blackburn,New York Yankees,mlb,SB,New_York_Yankees_at_Philadelphia_Phillies,0.0,0.0,0.0,UNDER,Targeting P   Paul Blackburn UNDER 0.0 SB. Model projects 0.0 (0.00 edge). Recent trends and opponent weakness support this play.
1B  Paul Goldschmidt,New York Yankees,mlb,3B,New_York_Yankees_at_Philadelphia_Phillies,0.01,0.01,0.0,UNDER,"Marginal +EV opportunity: 1B  Paul Goldschmidt is projected for 0.0 3B vs a line of 0.0, giving a UNDER edge of 0.00. Based on recent form, opponent matchup, and game context."
1B  Paul Goldschmidt,New York Yankees,mlb,SB,New_York_Yankees_at_Philadelphia_Phillies,0.01,0.01,0.0,UNDER,"Marginal +EV opportunity: 1B  Paul Goldschmidt is projected for 0.0 SB vs a line of 0.0, giving a UNDER edge of 0.00. Based on recent form, opponent matchup, and game context."
3B  Ryan McMahon,New York Yankees,mlb,3B,New_York_Yankees_at_Philadelphia_Phillies,0.0,0.0,0.0,UNDER,"Marginal +EV opportunity: 3B  Ryan McMahon is projected for 0.0 3B vs a line of 0.0, giving a UNDER edge of 0.00. Based on recent form, opponent matchup, and game context."
CF  Trent Grisham,New York Yankees,mlb,3B,New_York_Yankees_at_Philadelphia_Phillies,0.02,0.02,0.0,UNDER,"Marginal +EV opportunity: CF  Trent Grisham is projected for 0.0 3B vs a line of 0.0, giving a UNDER edge of 0.00. Based on recent form, opponent matchup, and game context."
3B  Alec Bohm,Philadelphia Phillies,mlb,3B,New_York_Yankees_at_Philadelphia_Phillies,0.0,0.0,0.0,UNDER,Targeting 3B  Alec Bohm UNDER 0.0 3B. Model projects 0.0 (0.00 edge). Recent trends and opponent weakness support this play.
3B  Alec Bohm,Philadelphia Phillies,mlb,SB,New_York_Yankees_at_Philadelphia_Phillies,0.01,0.01,0.0,UNDER,3B  Alec Bohm shows UNDER value at 0.0 SB. TC projection: 0.0 — edge: 0.00. Marginal conviction based on usage rate and defensive matchup.
LF  Brandon Marsh,Philadelphia Phillies,mlb,3B,New_York_Yankees_at_Philadelphia_Phillies,0.02,0.02,0.0,UNDER,LF  Brandon Marsh shows UNDER value at 0.0 3B. TC projection: 0.0 — edge: 0.00. Marginal conviction based on usage rate and defensive matchup.
1B  Bryce Harper,Philadelphia Phillies,mlb,3B,New_York_Yankees_at_Philadelphia_Phillies,0.02,0.02,0.0,UNDER,"Marginal +EV opportunity: 1B  Bryce Harper is projected for 0.0 3B vs a line of 0.0, giving a UNDER edge of 0.00. Based on recent form, opponent matchup, and game context."
P   Chase Shugart,Philadelphia Phillies,mlb,H,New_York_Yankees_at_Philadelphia_Phillies,0.0,0.0,0.0,UNDER,Targeting P   Chase Shugart UNDER 0.0 H. Model projects 0.0 (0.00 edge). Recent trends and opponent weakness support this play.
P   Chase Shugart,Philadelphia Phillies,mlb,R,New_York_Yankees_at_Philadelphia_Phillies,0.0,0.0,0.0,UNDER,"Marginal +EV opportunity: P   Chase Shugart is projected for 0.0 R vs a line of 0.0, giving a UNDER edge of 0.00. Based on recent form, opponent matchup, and game context."
P   Chase Shugart,Philadelphia Phillies,mlb,RBI,New_York_Yankees_at_Philadelphia_Phillies,0.0,0.0,0.0,UNDER,"Marginal +EV opportunity: P   Chase Shugart is projected for 0.0 RBI vs a line of 0.0, giving a UNDER edge of 0.00. Based on recent form, opponent matchup, and game context."
P   Chase Shugart,Philadelphia Phillies,mlb,HR,New_York_Yankees_at_Philadelphia_Phillies,0.0,0.0,0.0,UNDER,Targeting P   Chase Shugart UNDER 0.0 HR. Model projects 0.0 (0.00 edge). Recent trends and opponent weakness support this play.
P   Chase Shugart,Philadelphia Phillies,mlb,2B,New_York_Yankees_at_Philadelphia_Phillies,0.0,0.0,0.0,UNDER,P   Chase Shugart shows UNDER value at 0.0 2B. TC projection: 0.0 — edge: 0.00. Marginal conviction based on usage rate and defensive matchup.
P   Chase Shugart,Philadelphia Phillies,mlb,3B,New_York_Yankees_at_Philadelphia_Phillies,0.0,0.0,0.0,UNDER,P   Chase Shugart shows UNDER value at 0.0 3B. TC projection: 0.0 — edge: 0.00. Marginal conviction based on usage rate and defensive matchup.
P   Chase Shugart,Philadelphia Phillies,mlb,BB,New_York_Yankees_at_Philadelphia_Phillies,0.0,0.0,0.0,UNDER,Targeting P   Chase Shugart UNDER 0.0 BB. Model projects 0.0 (0.00 edge). Recent trends and opponent weakness support this play.
P   Chase Shugart,Philadelphia Phillies,mlb,SB,New_York_Yankees_at_Philadelphia_Phillies,0.0,0.0,0.0,UNDER,"Marginal +EV opportunity: P   Chase Shugart is projected for 0.0 SB vs a line of 0.0, giving a UNDER edge of 0.00. Based on recent form, opponent matchup, and game context."
RF  Derek Hill,Philadelphia Phillies,mlb,3B,New_York_Yankees_at_Philadelphia_Phillies,0.0,0.0,0.0,UNDER,Targeting RF  Derek Hill UNDER 0.0 3B. Model projects 0.0 (0.00 edge). Recent trends and opponent weakness support this play.
2B  Edmundo Sosa,Philadelphia Phillies,mlb,3B,New_York_Yankees_at_Philadelphia_Phillies,0.02,0.02,0.0,UNDER,"Marginal +EV opportunity: 2B  Edmundo Sosa is projected for 0.0 3B vs a line of 0.0, giving a UNDER edge of 0.00. Based on recent form, opponent matchup, and game context."
RF  Gabriel Rincones Jr.,Philadelphia Phillies,mlb,3B,New_York_Yankees_at_Philadelphia_Phillies,0.0,0.0,0.0,UNDER,"Marginal +EV opportunity: RF  Gabriel Rincones Jr. is projected for 0.0 3B vs a line of 0.0, giving a UNDER edge of 0.00. Based on recent form, opponent matchup, and game context."
RF  Gabriel Rincones Jr.,Philadelphia Phillies,mlb,SB,New_York_Yankees_at_Philadelphia_Phillies,0.0,0.0,0.0,UNDER,Targeting RF  Gabriel Rincones Jr. UNDER 0.0 SB. Model projects 0.0 (0.00 edge). Recent trends and opponent weakness support this play.
C   J.T. Realmuto,Philadelphia Phillies,mlb,3B,New_York_Yankees_at_Philadelphia_Phillies,0.0,0.0,0.0,UNDER,Targeting C   J.T. Realmuto UNDER 0.0 3B. Model projects 0.0 (0.00 edge). Recent trends and opponent weakness support this play.
P   Jhoan Duran,Philadelphia Phillies,mlb,H,New_York_Yankees_at_Philadelphia_Phillies,0.0,0.0,0.0,UNDER,"Marginal +EV opportunity: P   Jhoan Duran is projected for 0.0 H vs a line of 0.0, giving a UNDER edge of 0.00. Based on recent form, opponent matchup, and game context."
P   Jhoan Duran,Philadelphia Phillies,mlb,R,New_York_Yankees_at_Philadelphia_Phillies,0.0,0.0,0.0,UNDER,"Marginal +EV opportunity: P   Jhoan Duran is projected for 0.0 R vs a line of 0.0, giving a UNDER edge of 0.00. Based on recent form, opponent matchup, and game context."
P   Jhoan Duran,Philadelphia Phillies,mlb,RBI,New_York_Yankees_at_Philadelphia_Phillies,0.0,0.0,0.0,UNDER,Targeting P   Jhoan Duran UNDER 0.0 RBI. Model projects 0.0 (0.00 edge). Recent trends and opponent weakness support this play.
P   Jhoan Duran,Philadelphia Phillies,mlb,HR,New_York_Yankees_at_Philadelphia_Phillies,0.0,0.0,0.0,UNDER,P   Jhoan Duran shows UNDER value at 0.0 HR. TC projection: 0.0 — edge: 0.00. Marginal conviction based on usage rate and defensive matchup.
P   Jhoan Duran,Philadelphia Phillies,mlb,2B,New_York_Yankees_at_Philadelphia_Phillies,0.0,0.0,0.0,UNDER,P   Jhoan Duran shows UNDER value at 0.0 2B. TC projection: 0.0 — edge: 0.00. Marginal conviction based on usage rate and defensive matchup.
P   Jhoan Duran,Philadelphia Phillies,mlb,3B,New_York_Yankees_at_Philadelphia_Phillies,0.0,0.0,0.0,UNDER,P   Jhoan Duran shows UNDER value at 0.0 3B. TC projection: 0.0 — edge: 0.00. Marginal conviction based on usage rate and defensive matchup.
P   Jhoan Duran,Philadelphia Phillies,mlb,BB,New_York_Yankees_at_Philadelphia_Phillies,0.0,0.0,0.0,UNDER,"Marginal +EV opportunity: P   Jhoan Duran is projected for 0.0 BB vs a line of 0.0, giving a UNDER edge of 0.00. Based on recent form, opponent matchup, and game context."
P   Jhoan Duran,Philadelphia Phillies,mlb,SB,New_York_Yankees_at_Philadelphia_Phillies,0.0,0.0,0.0,UNDER,P   Jhoan Duran shows UNDER value at 0.0 SB. TC projection: 0.0 — edge: 0.00. Marginal conviction based on usage rate and defensive matchup.
CF  Justin Crawford,Philadelphia Phillies,mlb,HR,New_York_Yankees_at_Philadelphia_Phillies,0.02,0.02,0.0,UNDER,CF  Justin Crawford shows UNDER value at 0.0 HR. TC projection: 0.0 — edge: 0.00. Marginal conviction based on usage rate and defensive matchup.
DH  Kyle Schwarber,Philadelphia Phillies,mlb,3B,New_York_Yankees_at_Philadelphia_Phillies,0.01,0.01,0.0,UNDER,Targeting DH  Kyle Schwarber UNDER 0.0 3B. Model projects 0.0 (0.00 edge). Recent trends and opponent weakness support this play.
DH  Kyle Schwarber,Philadelphia Phillies,mlb,SB,New_York_Yankees_at_Philadelphia_Phillies,0.02,0.02,0.0,UNDER,Targeting DH  Kyle Schwarber UNDER 0.0 SB. Model projects 0.0 (0.00 edge). Recent trends and opponent weakness support this play.
P   Orion Kerkering,Philadelphia Phillies,mlb,H,New_York_Yankees_at_Philadelphia_Phillies,0.0,0.0,0.0,UNDER,Targeting P   Orion Kerkering UNDER 0.0 H. Model projects 0.0 (0.00 edge). Recent trends and opponent weakness support this play.
P   Orion Kerkering,Philadelphia Phillies,mlb,R,New_York_Yankees_at_Philadelphia_Phillies,0.0,0.0,0.0,UNDER,"Marginal +EV opportunity: P   Orion Kerkering is projected for 0.0 R vs a line of 0.0, giving a UNDER edge of 0.00. Based on recent form, opponent matchup, and game context."
P   Orion Kerkering,Philadelphia Phillies,mlb,RBI,New_York_Yankees_at_Philadelphia_Phillies,0.0,0.0,0.0,UNDER,Targeting P   Orion Kerkering UNDER 0.0 RBI. Model projects 0.0 (0.00 edge). Recent trends and opponent weakness support this play.
P   Orion Kerkering,Philadelphia Phillies,mlb,HR,New_York_Yankees_at_Philadelphia_Phillies,0.0,0.0,0.0,UNDER,Targeting P   Orion Kerkering UNDER 0.0 HR. Model projects 0.0 (0.00 edge). Recent trends and opponent weakness support this play.
P   Orion Kerkering,Philadelphia Phillies,mlb,2B,New_York_Yankees_at_Philadelphia_Phillies,0.0,0.0,0.0,UNDER,Targeting P   Orion Kerkering UNDER 0.0 2B. Model projects 0.0 (0.00 edge). Recent trends and opponent weakness support this play.
P   Orion Kerkering,Philadelphia Phillies,mlb,3B,New_York_Yankees_at_Philadelphia_Phillies,0.0,0.0,0.0,UNDER,P   Orion Kerkering shows UNDER value at 0.0 3B. TC projection: 0.0 — edge: 0.00. Marginal conviction based on usage rate and defensive matchup.
P   Orion Kerkering,Philadelphia Phillies,mlb,BB,New_York_Yankees_at_Philadelphia_Phillies,0.0,0.0,0.0,UNDER,"Marginal +EV opportunity: P   Orion Kerkering is projected for 0.0 BB vs a line of 0.0, giving a UNDER edge of 0.00. Based on recent form, opponent matchup, and game context."
P   Orion Kerkering,Philadelphia Phillies,mlb,SB,New_York_Yankees_at_Philadelphia_Phillies,0.0,0.0,0.0,UNDER,Targeting P   Orion Kerkering UNDER 0.0 SB. Model projects 0.0 (0.00 edge). Recent trends and opponent weakness support this play.
SS  Trea Turner,Philadelphia Phillies,mlb,3B,New_York_Yankees_at_Philadelphia_Phillies,0.0,0.0,0.0,UNDER,Targeting SS  Trea Turner UNDER 0.0 3B. Model projects 0.0 (0.00 edge). Recent trends and opponent weakness support this play.
RF  Fernando Tatis Jr.,San Diego Padres,mlb,3B,San_Diego_Padres_at_Miami_Marlins,0.02,0.02,0.0,UNDER,"Marginal +EV opportunity: RF  Fernando Tatis Jr. is projected for 0.0 3B vs a line of 0.0, giving a UNDER edge of 0.00. Based on recent form, opponent matchup, and game context."
C   Freddy Fermin,San Diego Padres,mlb,3B,San_Diego_Padres_at_Miami_Marlins,0.0,0.0,0.0,UNDER,C   Freddy Fermin shows UNDER value at 0.0 3B. TC projection: 0.0 — edge: 0.00. Marginal conviction based on usage rate and defensive matchup.
C   Freddy Fermin,San Diego Padres,mlb,SB,San_Diego_Padres_at_Miami_Marlins,0.0,0.0,0.0,UNDER,"Marginal +EV opportunity: C   Freddy Fermin is projected for 0.0 SB vs a line of 0.0, giving a UNDER edge of 0.00. Based on recent form, opponent matchup, and game context."
1B  Gavin Sheets,San Diego Padres,mlb,3B,San_Diego_Padres_at_Miami_Marlins,0.0,0.0,0.0,UNDER,1B  Gavin Sheets shows UNDER value at 0.0 3B. TC projection: 0.0 — edge: 0.00. Marginal conviction based on usage rate and defensive matchup.
CF  Jackson Merrill,San Diego Padres,mlb,3B,San_Diego_Padres_at_Miami_Marlins,0.01,0.01,0.0,UNDER,"Marginal +EV opportunity: CF  Jackson Merrill is projected for 0.0 3B vs a line of 0.0, giving a UNDER edge of 0.00. Based on recent form, opponent matchup, and game context."
2B  Jake Cronenworth,San Diego Padres,mlb,3B,San_Diego_Padres_at_Miami_Marlins,0.0,0.0,0.0,UNDER,"Marginal +EV opportunity: 2B  Jake Cronenworth is projected for 0.0 3B vs a line of 0.0, giving a UNDER edge of 0.00. Based on recent form, opponent matchup, and game context."
RF  Jase Bowen,San Diego Padres,mlb,HR,San_Diego_Padres_at_Miami_Marlins,0.0,0.0,0.0,UNDER,"Marginal +EV opportunity: RF  Jase Bowen is projected for 0.0 HR vs a line of 0.0, giving a UNDER edge of 0.00. Based on recent form, opponent matchup, and game context."
RF  Jase Bowen,San Diego Padres,mlb,3B,San_Diego_Padres_at_Miami_Marlins,0.0,0.0,0.0,UNDER,RF  Jase Bowen shows UNDER value at 0.0 3B. TC projection: 0.0 — edge: 0.00. Marginal conviction based on usage rate and defensive matchup.
C   Luis Campusano,San Diego Padres,mlb,3B,San_Diego_Padres_at_Miami_Marlins,0.0,0.0,0.0,UNDER,Targeting C   Luis Campusano UNDER 0.0 3B. Model projects 0.0 (0.00 edge). Recent trends and opponent weakness support this play.
C   Luis Campusano,San Diego Padres,mlb,SB,San_Diego_Padres_at_Miami_Marlins,0.0,0.0,0.0,UNDER,Targeting C   Luis Campusano UNDER 0.0 SB. Model projects 0.0 (0.00 edge). Recent trends and opponent weakness support this play.
3B  Luis Rengifo,San Diego Padres,mlb,3B,San_Diego_Padres_at_Miami_Marlins,0.0,0.0,0.0,UNDER,3B  Luis Rengifo shows UNDER value at 0.0 3B. TC projection: 0.0 — edge: 0.00. Marginal conviction based on usage rate and defensive matchup.
3B  Manny Machado,San Diego Padres,mlb,3B,San_Diego_Padres_at_Miami_Marlins,0.0,0.0,0.0,UNDER,"Marginal +EV opportunity: 3B  Manny Machado is projected for 0.0 3B vs a line of 0.0, giving a UNDER edge of 0.00. Based on recent form, opponent matchup, and game context."
3B  Manny Machado,San Diego Padres,mlb,SB,San_Diego_Padres_at_Miami_Marlins,0.02,0.02,0.0,UNDER,"Marginal +EV opportunity: 3B  Manny Machado is projected for 0.0 SB vs a line of 0.0, giving a UNDER edge of 0.00. Based on recent form, opponent matchup, and game context."
P   Randy Vásquez,San Diego Padres,mlb,H,San_Diego_Padres_at_Miami_Marlins,0.0,0.0,0.0,UNDER,P   Randy Vásquez shows UNDER value at 0.0 H. TC projection: 0.0 — edge: 0.00. Marginal conviction based on usage rate and defensive matchup.
P   Randy Vásquez,San Diego Padres,mlb,R,San_Diego_Padres_at_Miami_Marlins,0.0,0.0,0.0,UNDER,"Marginal +EV opportunity: P   Randy Vásquez is projected for 0.0 R vs a line of 0.0, giving a UNDER edge of 0.00. Based on recent form, opponent matchup, and game context."
P   Randy Vásquez,San Diego Padres,mlb,RBI,San_Diego_Padres_at_Miami_Marlins,0.0,0.0,0.0,UNDER,Targeting P   Randy Vásquez UNDER 0.0 RBI. Model projects 0.0 (0.00 edge). Recent trends and opponent weakness support this play.
P   Randy Vásquez,San Diego Padres,mlb,HR,San_Diego_Padres_at_Miami_Marlins,0.0,0.0,0.0,UNDER,"Marginal +EV opportunity: P   Randy Vásquez is projected for 0.0 HR vs a line of 0.0, giving a UNDER edge of 0.00. Based on recent form, opponent matchup, and game context."
P   Randy Vásquez,San Diego Padres,mlb,2B,San_Diego_Padres_at_Miami_Marlins,0.0,0.0,0.0,UNDER,P   Randy Vásquez shows UNDER value at 0.0 2B. TC projection: 0.0 — edge: 0.00. Marginal conviction based on usage rate and defensive matchup.
P   Randy Vásquez,San Diego Padres,mlb,3B,San_Diego_Padres_at_Miami_Marlins,0.0,0.0,0.0,UNDER,"Marginal +EV opportunity: P   Randy Vásquez is projected for 0.0 3B vs a line of 0.0, giving a UNDER edge of 0.00. Based on recent form, opponent matchup, and game context."
P   Randy Vásquez,San Diego Padres,mlb,BB,San_Diego_Padres_at_Miami_Marlins,0.0,0.0,0.0,UNDER,Targeting P   Randy Vásquez UNDER 0.0 BB. Model projects 0.0 (0.00 edge). Recent trends and opponent weakness support this play.
P   Randy Vásquez,San Diego Padres,mlb,SB,San_Diego_Padres_at_Miami_Marlins,0.0,0.0,0.0,UNDER,Targeting P   Randy Vásquez UNDER 0.0 SB. Model projects 0.0 (0.00 edge). Recent trends and opponent weakness support this play.
C   Rodolfo Durán,San Diego Padres,mlb,3B,San_Diego_Padres_at_Miami_Marlins,0.0,0.0,0.0,UNDER,C   Rodolfo Durán shows UNDER value at 0.0 3B. TC projection: 0.0 — edge: 0.00. Marginal conviction based on usage rate and defensive matchup.
C   Rodolfo Durán,San Diego Padres,mlb,SB,San_Diego_Padres_at_Miami_Marlins,0.0,0.0,0.0,UNDER,"Marginal +EV opportunity: C   Rodolfo Durán is projected for 0.0 SB vs a line of 0.0, giving a UNDER edge of 0.00. Based on recent form, opponent matchup, and game context."
2B  Sung-Mun Song,San Diego Padres,mlb,HR,San_Diego_Padres_at_Miami_Marlins,0.02,0.02,0.0,UNDER,Targeting 2B  Sung-Mun Song UNDER 0.0 HR. Model projects 0.0 (0.00 edge). Recent trends and opponent weakness support this play.
2B  Sung-Mun Song,San Diego Padres,mlb,3B,San_Diego_Padres_at_Miami_Marlins,0.0,0.0,0.0,UNDER,"Marginal +EV opportunity: 2B  Sung-Mun Song is projected for 0.0 3B vs a line of 0.0, giving a UNDER edge of 0.00. Based on recent form, opponent matchup, and game context."
1B  Ty France,San Diego Padres,mlb,3B,San_Diego_Padres_at_Miami_Marlins,0.02,0.02,0.0,UNDER,"Marginal +EV opportunity: 1B  Ty France is projected for 0.0 3B vs a line of 0.0, giving a UNDER edge of 0.00. Based on recent form, opponent matchup, and game context."
1B  Ty France,San Diego Padres,mlb,SB,San_Diego_Padres_at_Miami_Marlins,0.01,0.01,0.0,UNDER,"Marginal +EV opportunity: 1B  Ty France is projected for 0.0 SB vs a line of 0.0, giving a UNDER edge of 0.00. Based on recent form, opponent matchup, and game context."
P   Wandy Peralta,San Diego Padres,mlb,H,San_Diego_Padres_at_Miami_Marlins,0.0,0.0,0.0,UNDER,P   Wandy Peralta shows UNDER value at 0.0 H. TC projection: 0.0 — edge: 0.00. Marginal conviction based on usage rate and defensive matchup.
P   Wandy Peralta,San Diego Padres,mlb,R,San_Diego_Padres_at_Miami_Marlins,0.0,0.0,0.0,UNDER,P   Wandy Peralta shows UNDER value at 0.0 R. TC projection: 0.0 — edge: 0.00. Marginal conviction based on usage rate and defensive matchup.
P   Wandy Peralta,San Diego Padres,mlb,RBI,San_Diego_Padres_at_Miami_Marlins,0.0,0.0,0.0,UNDER,Targeting P   Wandy Peralta UNDER 0.0 RBI. Model projects 0.0 (0.00 edge). Recent trends and opponent weakness support this play.
P   Wandy Peralta,San Diego Padres,mlb,HR,San_Diego_Padres_at_Miami_Marlins,0.0,0.0,0.0,UNDER,Targeting P   Wandy Peralta UNDER 0.0 HR. Model projects 0.0 (0.00 edge). Recent trends and opponent weakness support this play.
P   Wandy Peralta,San Diego Padres,mlb,2B,San_Diego_Padres_at_Miami_Marlins,0.0,0.0,0.0,UNDER,"Marginal +EV opportunity: P   Wandy Peralta is projected for 0.0 2B vs a line of 0.0, giving a UNDER edge of 0.00. Based on recent form, opponent matchup, and game context."
P   Wandy Peralta,San Diego Padres,mlb,3B,San_Diego_Padres_at_Miami_Marlins,0.0,0.0,0.0,UNDER,"Marginal +EV opportunity: P   Wandy Peralta is projected for 0.0 3B vs a line of 0.0, giving a UNDER edge of 0.00. Based on recent form, opponent matchup, and game context."
P   Wandy Peralta,San Diego Padres,mlb,BB,San_Diego_Padres_at_Miami_Marlins,0.0,0.0,0.0,UNDER,Targeting P   Wandy Peralta UNDER 0.0 BB. Model projects 0.0 (0.00 edge). Recent trends and opponent weakness support this play.
P   Wandy Peralta,San Diego Padres,mlb,SB,San_Diego_Padres_at_Miami_Marlins,0.0,0.0,0.0,UNDER,"Marginal +EV opportunity: P   Wandy Peralta is projected for 0.0 SB vs a line of 0.0, giving a UNDER edge of 0.00. Based on recent form, opponent matchup, and game context."
SS  Xander Bogaerts,San Diego Padres,mlb,3B,San_Diego_Padres_at_Miami_Marlins,0.0,0.0,0.0,UNDER,Targeting SS  Xander Bogaerts UNDER 0.0 3B. Model projects 0.0 (0.00 edge). Recent trends and opponent weakness support this play.
C   Brian Navarreto,Miami Marlins,mlb,RBI,San_Diego_Padres_at_Miami_Marlins,0.0,0.0,0.0,UNDER,Targeting C   Brian Navarreto UNDER 0.0 RBI. Model projects 0.0 (0.00 edge). Recent trends and opponent weakness support this play.
C   Brian Navarreto,Miami Marlins,mlb,HR,San_Diego_Padres_at_Miami_Marlins,0.0,0.0,0.0,UNDER,"Marginal +EV opportunity: C   Brian Navarreto is projected for 0.0 HR vs a line of 0.0, giving a UNDER edge of 0.00. Based on recent form, opponent matchup, and game context."
C   Brian Navarreto,Miami Marlins,mlb,3B,San_Diego_Padres_at_Miami_Marlins,0.0,0.0,0.0,UNDER,Targeting C   Brian Navarreto UNDER 0.0 3B. Model projects 0.0 (0.00 edge). Recent trends and opponent weakness support this play.
C   Brian Navarreto,Miami Marlins,mlb,SB,San_Diego_Padres_at_Miami_Marlins,0.0,0.0,0.0,UNDER,Targeting C   Brian Navarreto UNDER 0.0 SB. Model projects 0.0 (0.00 edge). Recent trends and opponent weakness support this play.
P   Cade Gibson,Miami Marlins,mlb,H,San_Diego_Padres_at_Miami_Marlins,0.0,0.0,0.0,UNDER,"Marginal +EV opportunity: P   Cade Gibson is projected for 0.0 H vs a line of 0.0, giving a UNDER edge of 0.00. Based on recent form, opponent matchup, and game context."
P   Cade Gibson,Miami Marlins,mlb,R,San_Diego_Padres_at_Miami_Marlins,0.0,0.0,0.0,UNDER,Targeting P   Cade Gibson UNDER 0.0 R. Model projects 0.0 (0.00 edge). Recent trends and opponent weakness support this play.
P   Cade Gibson,Miami Marlins,mlb,RBI,San_Diego_Padres_at_Miami_Marlins,0.0,0.0,0.0,UNDER,Targeting P   Cade Gibson UNDER 0.0 RBI. Model projects 0.0 (0.00 edge). Recent trends and opponent weakness support this play.
P   Cade Gibson,Miami Marlins,mlb,HR,San_Diego_Padres_at_Miami_Marlins,0.0,0.0,0.0,UNDER,P   Cade Gibson shows UNDER value at 0.0 HR. TC projection: 0.0 — edge: 0.00. Marginal conviction based on usage rate and defensive matchup.
P   Cade Gibson,Miami Marlins,mlb,2B,San_Diego_Padres_at_Miami_Marlins,0.0,0.0,0.0,UNDER,"Marginal +EV opportunity: P   Cade Gibson is projected for 0.0 2B vs a line of 0.0, giving a UNDER edge of 0.00. Based on recent form, opponent matchup, and game context."
P   Cade Gibson,Miami Marlins,mlb,3B,San_Diego_Padres_at_Miami_Marlins,0.0,0.0,0.0,UNDER,"Marginal +EV opportunity: P   Cade Gibson is projected for 0.0 3B vs a line of 0.0, giving a UNDER edge of 0.00. Based on recent form, opponent matchup, and game context."
P   Cade Gibson,Miami Marlins,mlb,BB,San_Diego_Padres_at_Miami_Marlins,0.0,0.0,0.0,UNDER,Targeting P   Cade Gibson UNDER 0.0 BB. Model projects 0.0 (0.00 edge). Recent trends and opponent weakness support this play.
P   Cade Gibson,Miami Marlins,mlb,SB,San_Diego_Padres_at_Miami_Marlins,0.0,0.0,0.0,UNDER,Targeting P   Cade Gibson UNDER 0.0 SB. Model projects 0.0 (0.00 edge). Recent trends and opponent weakness support this play.
RF  Esteury Ruiz,Miami Marlins,mlb,3B,San_Diego_Padres_at_Miami_Marlins,0.01,0.01,0.0,UNDER,"Marginal +EV opportunity: RF  Esteury Ruiz is projected for 0.0 3B vs a line of 0.0, giving a UNDER edge of 0.00. Based on recent form, opponent matchup, and game context."
3B  Graham Pauley,Miami Marlins,mlb,HR,San_Diego_Padres_at_Miami_Marlins,0.02,0.02,0.0,UNDER,"Marginal +EV opportunity: 3B  Graham Pauley is projected for 0.0 HR vs a line of 0.0, giving a UNDER edge of 0.00. Based on recent form, opponent matchup, and game context."
3B  Graham Pauley,Miami Marlins,mlb,3B,San_Diego_Padres_at_Miami_Marlins,0.0,0.0,0.0,UNDER,3B  Graham Pauley shows UNDER value at 0.0 3B. TC projection: 0.0 — edge: 0.00. Marginal conviction based on usage rate and defensive matchup.
3B  Graham Pauley,Miami Marlins,mlb,SB,San_Diego_Padres_at_Miami_Marlins,0.02,0.02,0.0,UNDER,"Marginal +EV opportunity: 3B  Graham Pauley is projected for 0.0 SB vs a line of 0.0, giving a UNDER edge of 0.00. Based on recent form, opponent matchup, and game context."
LF  Griffin Conine,Miami Marlins,mlb,3B,San_Diego_Padres_at_Miami_Marlins,0.0,0.0,0.0,UNDER,LF  Griffin Conine shows UNDER value at 0.0 3B. TC projection: 0.0 — edge: 0.00. Marginal conviction based on usage rate and defensive matchup.
LF  Heriberto Hernández,Miami Marlins,mlb,3B,San_Diego_Padres_at_Miami_Marlins,0.01,0.01,0.0,UNDER,LF  Heriberto Hernández shows UNDER value at 0.0 3B. TC projection: 0.0 — edge: 0.00. Marginal conviction based on usage rate and defensive matchup.
3B  Javier Sanoja,Miami Marlins,mlb,3B,San_Diego_Padres_at_Miami_Marlins,0.02,0.02,0.0,UNDER,"Marginal +EV opportunity: 3B  Javier Sanoja is projected for 0.0 3B vs a line of 0.0, giving a UNDER edge of 0.00. Based on recent form, opponent matchup, and game context."
C   Joe Mack,Miami Marlins,mlb,3B,San_Diego_Padres_at_Miami_Marlins,0.0,0.0,0.0,UNDER,Targeting C   Joe Mack UNDER 0.0 3B. Model projects 0.0 (0.00 edge). Recent trends and opponent weakness support this play.
C   Joe Mack,Miami Marlins,mlb,SB,San_Diego_Padres_at_Miami_Marlins,0.0,0.0,0.0,UNDER,C   Joe Mack shows UNDER value at 0.0 SB. TC projection: 0.0 — edge: 0.00. Marginal conviction based on usage rate and defensive matchup.
LF  Kyle Stowers,Miami Marlins,mlb,SB,San_Diego_Padres_at_Miami_Marlins,0.01,0.01,0.0,UNDER,"Marginal +EV opportunity: LF  Kyle Stowers is projected for 0.0 SB vs a line of 0.0, giving a UNDER edge of 0.00. Based on recent form, opponent matchup, and game context."
3B  Leo Jiménez,Miami Marlins,mlb,3B,San_Diego_Padres_at_Miami_Marlins,0.0,0.0,0.0,UNDER,"Marginal +EV opportunity: 3B  Leo Jiménez is projected for 0.0 3B vs a line of 0.0, giving a UNDER edge of 0.00. Based on recent form, opponent matchup, and game context."
3B  Leo Jiménez,Miami Marlins,mlb,SB,San_Diego_Padres_at_Miami_Marlins,0.02,0.02,0.0,UNDER,Targeting 3B  Leo Jiménez UNDER 0.0 SB. Model projects 0.0 (0.00 edge). Recent trends and opponent weakness support this play.
C   Liam Hicks,Miami Marlins,mlb,3B,San_Diego_Padres_at_Miami_Marlins,0.01,0.01,0.0,UNDER,Targeting C   Liam Hicks UNDER 0.0 3B. Model projects 0.0 (0.00 edge). Recent trends and opponent weakness support this play.
C   Liam Hicks,Miami Marlins,mlb,SB,San_Diego_Padres_at_Miami_Marlins,0.02,0.02,0.0,UNDER,"Marginal +EV opportunity: C   Liam Hicks is projected for 0.0 SB vs a line of 0.0, giving a UNDER edge of 0.00. Based on recent form, opponent matchup, and game context."
P   Pete Fairbanks,Miami Marlins,mlb,H,San_Diego_Padres_at_Miami_Marlins,0.0,0.0,0.0,UNDER,"Marginal +EV opportunity: P   Pete Fairbanks is projected for 0.0 H vs a line of 0.0, giving a UNDER edge of 0.00. Based on recent form, opponent matchup, and game context."
P   Pete Fairbanks,Miami Marlins,mlb,R,San_Diego_Padres_at_Miami_Marlins,0.0,0.0,0.0,UNDER,"Marginal +EV opportunity: P   Pete Fairbanks is projected for 0.0 R vs a line of 0.0, giving a UNDER edge of 0.00. Based on recent form, opponent matchup, and game context."
P   Pete Fairbanks,Miami Marlins,mlb,RBI,San_Diego_Padres_at_Miami_Marlins,0.0,0.0,0.0,UNDER,Targeting P   Pete Fairbanks UNDER 0.0 RBI. Model projects 0.0 (0.00 edge). Recent trends and opponent weakness support this play.
P   Pete Fairbanks,Miami Marlins,mlb,HR,San_Diego_Padres_at_Miami_Marlins,0.0,0.0,0.0,UNDER,Targeting P   Pete Fairbanks UNDER 0.0 HR. Model projects 0.0 (0.00 edge). Recent trends and opponent weakness support this play.
P   Pete Fairbanks,Miami Marlins,mlb,2B,San_Diego_Padres_at_Miami_Marlins,0.0,0.0,0.0,UNDER,"Marginal +EV opportunity: P   Pete Fairbanks is projected for 0.0 2B vs a line of 0.0, giving a UNDER edge of 0.00. Based on recent form, opponent matchup, and game context."
P   Pete Fairbanks,Miami Marlins,mlb,3B,San_Diego_Padres_at_Miami_Marlins,0.0,0.0,0.0,UNDER,Targeting P   Pete Fairbanks UNDER 0.0 3B. Model projects 0.0 (0.00 edge). Recent trends and opponent weakness support this play.
P   Pete Fairbanks,Miami Marlins,mlb,BB,San_Diego_Padres_at_Miami_Marlins,0.0,0.0,0.0,UNDER,Targeting P   Pete Fairbanks UNDER 0.0 BB. Model projects 0.0 (0.00 edge). Recent trends and opponent weakness support this play.
P   Pete Fairbanks,Miami Marlins,mlb,SB,San_Diego_Padres_at_Miami_Marlins,0.0,0.0,0.0,UNDER,Targeting P   Pete Fairbanks UNDER 0.0 SB. Model projects 0.0 (0.00 edge). Recent trends and opponent weakness support this play.
C   Alejandro Kirk,Toronto Blue Jays,mlb,3B,Toronto_Blue_Jays_at_Boston_Red_Sox,0.0,0.0,0.0,UNDER,Targeting C   Alejandro Kirk UNDER 0.0 3B. Model projects 0.0 (0.00 edge). Recent trends and opponent weakness support this play.
C   Alejandro Kirk,Toronto Blue Jays,mlb,SB,Toronto_Blue_Jays_at_Boston_Red_Sox,0.0,0.0,0.0,UNDER,"Marginal +EV opportunity: C   Alejandro Kirk is projected for 0.0 SB vs a line of 0.0, giving a UNDER edge of 0.00. Based on recent form, opponent matchup, and game context."
SS  Andrés Giménez,Toronto Blue Jays,mlb,3B,Toronto_Blue_Jays_at_Boston_Red_Sox,0.01,0.01,0.0,UNDER,"Marginal +EV opportunity: SS  Andrés Giménez is projected for 0.0 3B vs a line of 0.0, giving a UNDER edge of 0.00. Based on recent form, opponent matchup, and game context."
C   Brandon Valenzuela,Toronto Blue Jays,mlb,3B,Toronto_Blue_Jays_at_Boston_Red_Sox,0.0,0.0,0.0,UNDER,"Marginal +EV opportunity: C   Brandon Valenzuela is projected for 0.0 3B vs a line of 0.0, giving a UNDER edge of 0.00. Based on recent form, opponent matchup, and game context."
C   Brandon Valenzuela,Toronto Blue Jays,mlb,SB,Toronto_Blue_Jays_at_Boston_Red_Sox,0.01,0.01,0.0,UNDER,"Marginal +EV opportunity: C   Brandon Valenzuela is projected for 0.0 SB vs a line of 0.0, giving a UNDER edge of 0.00. Based on recent form, opponent matchup, and game context."
CF  Daulton Varsho,Toronto Blue Jays,mlb,3B,Toronto_Blue_Jays_at_Boston_Red_Sox,0.02,0.02,0.0,UNDER,Targeting CF  Daulton Varsho UNDER 0.0 3B. Model projects 0.0 (0.00 edge). Recent trends and opponent weakness support this play.
LF  Davis Schneider,Toronto Blue Jays,mlb,3B,Toronto_Blue_Jays_at_Boston_Red_Sox,0.0,0.0,0.0,UNDER,LF  Davis Schneider shows UNDER value at 0.0 3B. TC projection: 0.0 — edge: 0.00. Marginal conviction based on usage rate and defensive matchup.
LF  Davis Schneider,Toronto Blue Jays,mlb,SB,Toronto_Blue_Jays_at_Boston_Red_Sox,0.02,0.02,0.0,UNDER,"Marginal +EV opportunity: LF  Davis Schneider is projected for 0.0 SB vs a line of 0.0, giving a UNDER edge of 0.00. Based on recent form, opponent matchup, and game context."
2B  Ernie Clement,Toronto Blue Jays,mlb,3B,Toronto_Blue_Jays_at_Boston_Red_Sox,0.01,0.01,0.0,UNDER,Targeting 2B  Ernie Clement UNDER 0.0 3B. Model projects 0.0 (0.00 edge). Recent trends and opponent weakness support this play.
2B  Ernie Clement,Toronto Blue Jays,mlb,SB,Toronto_Blue_Jays_at_Boston_Red_Sox,0.02,0.02,0.0,UNDER,2B  Ernie Clement shows UNDER value at 0.0 SB. TC projection: 0.0 — edge: 0.00. Marginal conviction based on usage rate and defensive matchup.
DH  George Springer,Toronto Blue Jays,mlb,3B,Toronto_Blue_Jays_at_Boston_Red_Sox,0.01,0.01,0.0,UNDER,DH  George Springer shows UNDER value at 0.0 3B. TC projection: 0.0 — edge: 0.00. Marginal conviction based on usage rate and defensive matchup.
3B  Kazuma Okamoto,Toronto Blue Jays,mlb,3B,Toronto_Blue_Jays_at_Boston_Red_Sox,0.0,0.0,0.0,UNDER,Targeting 3B  Kazuma Okamoto UNDER 0.0 3B. Model projects 0.0 (0.00 edge). Recent trends and opponent weakness support this play.
3B  Kazuma Okamoto,Toronto Blue Jays,mlb,SB,Toronto_Blue_Jays_at_Boston_Red_Sox,0.0,0.0,0.0,UNDER,Targeting 3B  Kazuma Okamoto UNDER 0.0 SB. Model projects 0.0 (0.00 edge). Recent trends and opponent weakness support this play.
2B  Luis Urías,Toronto Blue Jays,mlb,3B,Toronto_Blue_Jays_at_Boston_Red_Sox,0.0,0.0,0.0,UNDER,"Marginal +EV opportunity: 2B  Luis Urías is projected for 0.0 3B vs a line of 0.0, giving a UNDER edge of 0.00. Based on recent form, opponent matchup, and game context."
2B  Luis Urías,Toronto Blue Jays,mlb,SB,Toronto_Blue_Jays_at_Boston_Red_Sox,0.0,0.0,0.0,UNDER,Targeting 2B  Luis Urías UNDER 0.0 SB. Model projects 0.0 (0.00 edge). Recent trends and opponent weakness support this play.
RF  Myles Straw,Toronto Blue Jays,mlb,3B,Toronto_Blue_Jays_at_Boston_Red_Sox,0.0,0.0,0.0,UNDER,"Marginal +EV opportunity: RF  Myles Straw is projected for 0.0 3B vs a line of 0.0, giving a UNDER edge of 0.00. Based on recent form, opponent matchup, and game context."
RF  Nathan Lukes,Toronto Blue Jays,mlb,3B,Toronto_Blue_Jays_at_Boston_Red_Sox,0.0,0.0,0.0,UNDER,Targeting RF  Nathan Lukes UNDER 0.0 3B. Model projects 0.0 (0.00 edge). Recent trends and opponent weakness support this play.
RF  Nathan Lukes,Toronto Blue Jays,mlb,SB,Toronto_Blue_Jays_at_Boston_Red_Sox,0.0,0.0,0.0,UNDER,"Marginal +EV opportunity: RF  Nathan Lukes is projected for 0.0 SB vs a line of 0.0, giving a UNDER edge of 0.00. Based on recent form, opponent matchup, and game context."
1B  Vladimir Guerrero Jr.,Toronto Blue Jays,mlb,3B,Toronto_Blue_Jays_at_Boston_Red_Sox,0.0,0.0,0.0,UNDER,1B  Vladimir Guerrero Jr. shows UNDER value at 0.0 3B. TC projection: 0.0 — edge: 0.00. Marginal conviction based on usage rate and defensive matchup.
LF  Yohendrick Piñango,Toronto Blue Jays,mlb,3B,Toronto_Blue_Jays_at_Boston_Red_Sox,0.0,0.0,0.0,UNDER,LF  Yohendrick Piñango shows UNDER value at 0.0 3B. TC projection: 0.0 — edge: 0.00. Marginal conviction based on usage rate and defensive matchup.
LF  Yohendrick Piñango,Toronto Blue Jays,mlb,SB,Toronto_Blue_Jays_at_Boston_Red_Sox,0.0,0.0,0.0,UNDER,LF  Yohendrick Piñango shows UNDER value at 0.0 SB. TC projection: 0.0 — edge: 0.00. Marginal conviction based on usage rate and defensive matchup.
SS  Andruw Monasterio,Boston Red Sox,mlb,3B,Toronto_Blue_Jays_at_Boston_Red_Sox,0.01,0.01,0.0,UNDER,SS  Andruw Monasterio shows UNDER value at 0.0 3B. TC projection: 0.0 — edge: 0.00. Marginal conviction based on usage rate and defensive matchup.
2B  Anthony Seigler,Boston Red Sox,mlb,3B,Toronto_Blue_Jays_at_Boston_Red_Sox,0.0,0.0,0.0,UNDER,2B  Anthony Seigler shows UNDER value at 0.0 3B. TC projection: 0.0 — edge: 0.00. Marginal conviction based on usage rate and defensive matchup.
P   Aroldis Chapman,Boston Red Sox,mlb,H,Toronto_Blue_Jays_at_Boston_Red_Sox,0.0,0.0,0.0,UNDER,P   Aroldis Chapman shows UNDER value at 0.0 H. TC projection: 0.0 — edge: 0.00. Marginal conviction based on usage rate and defensive matchup.
P   Aroldis Chapman,Boston Red Sox,mlb,R,Toronto_Blue_Jays_at_Boston_Red_Sox,0.0,0.0,0.0,UNDER,P   Aroldis Chapman shows UNDER value at 0.0 R. TC projection: 0.0 — edge: 0.00. Marginal conviction based on usage rate and defensive matchup.
P   Aroldis Chapman,Boston Red Sox,mlb,RBI,Toronto_Blue_Jays_at_Boston_Red_Sox,0.0,0.0,0.0,UNDER,"Marginal +EV opportunity: P   Aroldis Chapman is projected for 0.0 RBI vs a line of 0.0, giving a UNDER edge of 0.00. Based on recent form, opponent matchup, and game context."
P   Aroldis Chapman,Boston Red Sox,mlb,HR,Toronto_Blue_Jays_at_Boston_Red_Sox,0.0,0.0,0.0,UNDER,"Marginal +EV opportunity: P   Aroldis Chapman is projected for 0.0 HR vs a line of 0.0, giving a UNDER edge of 0.00. Based on recent form, opponent matchup, and game context."
P   Aroldis Chapman,Boston Red Sox,mlb,2B,Toronto_Blue_Jays_at_Boston_Red_Sox,0.0,0.0,0.0,UNDER,P   Aroldis Chapman shows UNDER value at 0.0 2B. TC projection: 0.0 — edge: 0.00. Marginal conviction based on usage rate and defensive matchup.
P   Aroldis Chapman,Boston Red Sox,mlb,3B,Toronto_Blue_Jays_at_Boston_Red_Sox,0.0,0.0,0.0,UNDER,Targeting P   Aroldis Chapman UNDER 0.0 3B. Model projects 0.0 (0.00 edge). Recent trends and opponent weakness support this play.
P   Aroldis Chapman,Boston Red Sox,mlb,BB,Toronto_Blue_Jays_at_Boston_Red_Sox,0.0,0.0,0.0,UNDER,"Marginal +EV opportunity: P   Aroldis Chapman is projected for 0.0 BB vs a line of 0.0, giving a UNDER edge of 0.00. Based on recent form, opponent matchup, and game context."
P   Aroldis Chapman,Boston Red Sox,mlb,SB,Toronto_Blue_Jays_at_Boston_Red_Sox,0.0,0.0,0.0,UNDER,P   Aroldis Chapman shows UNDER value at 0.0 SB. TC projection: 0.0 — edge: 0.00. Marginal conviction based on usage rate and defensive matchup.
3B  Caleb Durbin,Boston Red Sox,mlb,3B,Toronto_Blue_Jays_at_Boston_Red_Sox,0.01,0.01,0.0,UNDER,"Marginal +EV opportunity: 3B  Caleb Durbin is projected for 0.0 3B vs a line of 0.0, giving a UNDER edge of 0.00. Based on recent form, opponent matchup, and game context."
C   Carlos Narváez,Boston Red Sox,mlb,3B,Toronto_Blue_Jays_at_Boston_Red_Sox,0.0,0.0,0.0,UNDER,"Marginal +EV opportunity: C   Carlos Narváez is projected for 0.0 3B vs a line of 0.0, giving a UNDER edge of 0.00. Based on recent form, opponent matchup, and game context."
C   Carlos Narváez,Boston Red Sox,mlb,SB,Toronto_Blue_Jays_at_Boston_Red_Sox,0.02,0.02,0.0,UNDER,"Marginal +EV opportunity: C   Carlos Narváez is projected for 0.0 SB vs a line of 0.0, giving a UNDER edge of 0.00. Based on recent form, opponent matchup, and game context."
C   Connor Wong,Boston Red Sox,mlb,HR,Toronto_Blue_Jays_at_Boston_Red_Sox,0.02,0.02,0.0,UNDER,C   Connor Wong shows UNDER value at 0.0 HR. TC projection: 0.0 — edge: 0.00. Marginal conviction based on usage rate and defensive matchup.
C   Connor Wong,Boston Red Sox,mlb,3B,Toronto_Blue_Jays_at_Boston_Red_Sox,0.0,0.0,0.0,UNDER,C   Connor Wong shows UNDER value at 0.0 3B. TC projection: 0.0 — edge: 0.00. Marginal conviction based on usage rate and defensive matchup.
P   Garrett Whitlock,Boston Red Sox,mlb,H,Toronto_Blue_Jays_at_Boston_Red_Sox,0.0,0.0,0.0,UNDER,"Marginal +EV opportunity: P   Garrett Whitlock is projected for 0.0 H vs a line of 0.0, giving a UNDER edge of 0.00. Based on recent form, opponent matchup, and game context."
P   Garrett Whitlock,Boston Red Sox,mlb,R,Toronto_Blue_Jays_at_Boston_Red_Sox,0.0,0.0,0.0,UNDER,Targeting P   Garrett Whitlock UNDER 0.0 R. Model projects 0.0 (0.00 edge). Recent trends and opponent weakness support this play.
P   Garrett Whitlock,Boston Red Sox,mlb,RBI,Toronto_Blue_Jays_at_Boston_Red_Sox,0.0,0.0,0.0,UNDER,P   Garrett Whitlock shows UNDER value at 0.0 RBI. TC projection: 0.0 — edge: 0.00. Marginal conviction based on usage rate and defensive matchup.
P   Garrett Whitlock,Boston Red Sox,mlb,HR,Toronto_Blue_Jays_at_Boston_Red_Sox,0.0,0.0,0.0,UNDER,"Marginal +EV opportunity: P   Garrett Whitlock is projected for 0.0 HR vs a line of 0.0, giving a UNDER edge of 0.00. Based on recent form, opponent matchup, and game context."
P   Garrett Whitlock,Boston Red Sox,mlb,2B,Toronto_Blue_Jays_at_Boston_Red_Sox,0.0,0.0,0.0,UNDER,P   Garrett Whitlock shows UNDER value at 0.0 2B. TC projection: 0.0 — edge: 0.00. Marginal conviction based on usage rate and defensive matchup.
P   Garrett Whitlock,Boston Red Sox,mlb,3B,Toronto_Blue_Jays_at_Boston_Red_Sox,0.0,0.0,0.0,UNDER,Targeting P   Garrett Whitlock UNDER 0.0 3B. Model projects 0.0 (0.00 edge). Recent trends and opponent weakness support this play.
P   Garrett Whitlock,Boston Red Sox,mlb,BB,Toronto_Blue_Jays_at_Boston_Red_Sox,0.0,0.0,0.0,UNDER,P   Garrett Whitlock shows UNDER value at 0.0 BB. TC projection: 0.0 — edge: 0.00. Marginal conviction based on usage rate and defensive matchup.
P   Garrett Whitlock,Boston Red Sox,mlb,SB,Toronto_Blue_Jays_at_Boston_Red_Sox,0.0,0.0,0.0,UNDER,P   Garrett Whitlock shows UNDER value at 0.0 SB. TC projection: 0.0 — edge: 0.00. Marginal conviction based on usage rate and defensive matchup.
OF  Jahmai Jones,Boston Red Sox,mlb,3B,Toronto_Blue_Jays_at_Boston_Red_Sox,0.0,0.0,0.0,UNDER,Targeting OF  Jahmai Jones UNDER 0.0 3B. Model projects 0.0 (0.00 edge). Recent trends and opponent weakness support this play.
OF  Jahmai Jones,Boston Red Sox,mlb,SB,Toronto_Blue_Jays_at_Boston_Red_Sox,0.0,0.0,0.0,UNDER,OF  Jahmai Jones shows UNDER value at 0.0 SB. TC projection: 0.0 — edge: 0.00. Marginal conviction based on usage rate and defensive matchup.
DH  Masataka Yoshida,Boston Red Sox,mlb,3B,Toronto_Blue_Jays_at_Boston_Red_Sox,0.01,0.01,0.0,UNDER,DH  Masataka Yoshida shows UNDER value at 0.0 3B. TC projection: 0.0 — edge: 0.00. Marginal conviction based on usage rate and defensive matchup.
SS  Tsung-Che Cheng,Boston Red Sox,mlb,HR,Toronto_Blue_Jays_at_Boston_Red_Sox,0.0,0.0,0.0,UNDER,SS  Tsung-Che Cheng shows UNDER value at 0.0 HR. TC projection: 0.0 — edge: 0.00. Marginal conviction based on usage rate and defensive matchup.
SS  Tsung-Che Cheng,Boston Red Sox,mlb,3B,Toronto_Blue_Jays_at_Boston_Red_Sox,0.0,0.0,0.0,UNDER,Targeting SS  Tsung-Che Cheng UNDER 0.0 3B. Model projects 0.0 (0.00 edge). Recent trends and opponent weakness support this play.
SS  Tsung-Che Cheng,Boston Red Sox,mlb,SB,Toronto_Blue_Jays_at_Boston_Red_Sox,0.0,0.0,0.0,UNDER,"Marginal +EV opportunity: SS  Tsung-Che Cheng is projected for 0.0 SB vs a line of 0.0, giving a UNDER edge of 0.00. Based on recent form, opponent matchup, and game context."
1B  Willson Contreras,Boston Red Sox,mlb,3B,Toronto_Blue_Jays_at_Boston_Red_Sox,0.02,0.02,0.0,UNDER,Targeting 1B  Willson Contreras UNDER 0.0 3B. Model projects 0.0 (0.00 edge). Recent trends and opponent weakness support this play.
