name,team,sport,stat,matchup,projection,line,edge,direction,reason
Max Scherzer,Toronto Blue Jays,mlb,ERA,Toronto_Blue_Jays_at_Washington_Nationals,8.696,6.9568,1.1130879999999999,OVER,"Moderate +EV opportunity: Max Scherzer is projected for 8.7 ERA vs a line of 7.0, giving a OVER edge of 1.74. Based on recent form, opponent matchup, and game context."
Jack Perkins,OAK,mlb,K,Boston_Red_Sox_at_Athletics,9.23,10.6145,-1.9936799999999986,UNDER,Jack Perkins shows UNDER value at 10.6 K. TC projection: 9.2 — edge: 1.38. Moderate conviction based on usage rate and defensive matchup.
Jack Perkins,OAK,mlb,H,Boston_Red_Sox_at_Athletics,7.89,9.0735,-1.7042399999999993,UNDER,Jack Perkins shows UNDER value at 9.1 H. TC projection: 7.9 — edge: 1.18. Moderate conviction based on usage rate and defensive matchup.
Jack Perkins,OAK,mlb,ERA,Boston_Red_Sox_at_Athletics,5.737,4.5896,0.7343360000000002,OVER,Targeting Jack Perkins OVER 4.6 ERA. Model projects 5.7 (1.15 edge). Recent trends and opponent weakness support this play.
David Peterson,CHC,mlb,H,Chicago_Cubs_at_St_Louis_Cardinals,7.15,6.0775,0.6864000000000005,OVER,Targeting David Peterson OVER 6.1 H. Model projects 7.2 (1.07 edge). Recent trends and opponent weakness support this play.
Noah Schultz,CHW,mlb,ERA,New_York_Yankees_at_Chicago_White_Sox,5.134,4.1072,0.6571520000000004,OVER,"Moderate +EV opportunity: Noah Schultz is projected for 5.1 ERA vs a line of 4.1, giving a OVER edge of 1.03. Based on recent form, opponent matchup, and game context."
David Peterson,CHC,mlb,ERA,Chicago_Cubs_at_St_Louis_Cardinals,5.074,4.0592,0.6494720000000002,OVER,David Peterson shows OVER value at 4.1 ERA. TC projection: 5.1 — edge: 1.01. Moderate conviction based on usage rate and defensive matchup.
Tatsuya Imai,HOU,mlb,ERA,Houston_Astros_at_Los_Angeles_Angels,4.752,5.7024,-1.3685760000000002,UNDER,"Marginal +EV opportunity: Tatsuya Imai is projected for 4.8 ERA vs a line of 5.7, giving a UNDER edge of 0.95. Based on recent form, opponent matchup, and game context."
Tyler Phillips,MIA,mlb,H,Philadelphia_Phillies_at_Miami_Marlins,6.29,7.2335,-1.3586400000000003,UNDER,Targeting Tyler Phillips UNDER 7.2 H. Model projects 6.3 (0.94 edge). Recent trends and opponent weakness support this play.
Zack Wheeler,PHI,mlb,K,Philadelphia_Phillies_at_Miami_Marlins,6.22,7.153,-1.3435199999999996,UNDER,Targeting Zack Wheeler UNDER 7.2 K. Model projects 6.2 (0.93 edge). Recent trends and opponent weakness support this play.
Tyler Mahle,SF,mlb,ERA,Milwaukee_Brewers_at_San_Francisco_Giants,4.513,3.6104,0.5776640000000001,OVER,"Marginal +EV opportunity: Tyler Mahle is projected for 4.5 ERA vs a line of 3.6, giving a OVER edge of 0.90. Based on recent form, opponent matchup, and game context."
Merrill Kelly,ARI,mlb,ERA,Arizona_Diamondbacks_at_Pittsburgh_Pirates,4.352,3.4816,0.5570560000000004,OVER,Merrill Kelly shows OVER value at 3.5 ERA. TC projection: 4.4 — edge: 0.87. Marginal conviction based on usage rate and defensive matchup.
Brandon Sproat,MIL,mlb,ERA,Milwaukee_Brewers_at_San_Francisco_Giants,4.326,3.4608,0.5537279999999999,OVER,Targeting Brandon Sproat OVER 3.5 ERA. Model projects 4.3 (0.87 edge). Recent trends and opponent weakness support this play.
Jack Perkins,OAK,mlb,ER,Boston_Red_Sox_at_Athletics,5.71,4.8535,0.5481599999999998,OVER,"Marginal +EV opportunity: Jack Perkins is projected for 5.7 ER vs a line of 4.9, giving a OVER edge of 0.86. Based on recent form, opponent matchup, and game context."
Mitch Keller,PIT,mlb,ERA,Arizona_Diamondbacks_at_Pittsburgh_Pirates,4.165,4.998,-1.1995200000000001,UNDER,"Marginal +EV opportunity: Mitch Keller is projected for 4.2 ERA vs a line of 5.0, giving a UNDER edge of 0.83. Based on recent form, opponent matchup, and game context."
Chase Burns,CIN,mlb,K,Cleveland_Guardians_at_Cincinnati_Reds,5.55,6.3825,-1.1988000000000005,UNDER,Chase Burns shows UNDER value at 6.4 K. TC projection: 5.5 — edge: 0.83. Marginal conviction based on usage rate and defensive matchup.
George Kirby,SEA,mlb,H,Seattle_Mariners_at_Texas_Rangers,5.55,6.3825,-1.1988000000000005,UNDER,Targeting George Kirby UNDER 6.4 H. Model projects 5.5 (0.83 edge). Recent trends and opponent weakness support this play.
Merrill Kelly,ARI,mlb,H,Arizona_Diamondbacks_at_Pittsburgh_Pirates,5.29,4.4965,0.50784,OVER,Targeting Merrill Kelly OVER 4.5 H. Model projects 5.3 (0.79 edge). Recent trends and opponent weakness support this play.
David Peterson,CHC,mlb,K,Chicago_Cubs_at_St_Louis_Cardinals,5.24,6.026,-1.1318399999999993,UNDER,"Marginal +EV opportunity: David Peterson is projected for 5.2 K vs a line of 6.0, giving a UNDER edge of 0.79. Based on recent form, opponent matchup, and game context."
Slade Cecconi,CLE,mlb,ERA,Cleveland_Guardians_at_Cincinnati_Reds,3.91,3.128,0.50048,OVER,Targeting Slade Cecconi OVER 3.1 ERA. Model projects 3.9 (0.78 edge). Recent trends and opponent weakness support this play.
Payton Tolle,BOS,mlb,K,Boston_Red_Sox_at_Athletics,5.1,4.335,0.4895999999999998,OVER,"Marginal +EV opportunity: Payton Tolle is projected for 5.1 K vs a line of 4.3, giving a OVER edge of 0.76. Based on recent form, opponent matchup, and game context."
Slade Cecconi,CLE,mlb,H,Cleveland_Guardians_at_Cincinnati_Reds,4.93,4.1905,0.47327999999999976,OVER,Slade Cecconi shows OVER value at 4.2 H. TC projection: 4.9 — edge: 0.74. Marginal conviction based on usage rate and defensive matchup.
Tyler Phillips,MIA,mlb,K,Philadelphia_Phillies_at_Miami_Marlins,4.93,4.1905,0.47327999999999976,OVER,Tyler Phillips shows OVER value at 4.2 K. TC projection: 4.9 — edge: 0.74. Marginal conviction based on usage rate and defensive matchup.
Kumar Rocker,TEX,mlb,ERA,Seattle_Mariners_at_Texas_Rangers,3.51,4.212,-1.0108799999999998,UNDER,"Marginal +EV opportunity: Kumar Rocker is projected for 3.5 ERA vs a line of 4.2, giving a UNDER edge of 0.70. Based on recent form, opponent matchup, and game context."
Kyle Bradish,BAL,mlb,K,Baltimore_Orioles_at_Detroit_Tigers,4.67,5.3705,-1.0087199999999998,UNDER,"Marginal +EV opportunity: Kyle Bradish is projected for 4.7 K vs a line of 5.4, giving a UNDER edge of 0.70. Based on recent form, opponent matchup, and game context."
George Kirby,SEA,mlb,K,Seattle_Mariners_at_Texas_Rangers,4.65,3.9525,0.44640000000000013,OVER,George Kirby shows OVER value at 4.0 K. TC projection: 4.7 — edge: 0.70. Marginal conviction based on usage rate and defensive matchup.
Tyler Mahle,SF,mlb,H,Milwaukee_Brewers_at_San_Francisco_Giants,4.62,5.313,-0.9979199999999995,UNDER,"Marginal +EV opportunity: Tyler Mahle is projected for 4.6 H vs a line of 5.3, giving a UNDER edge of 0.69. Based on recent form, opponent matchup, and game context."
Brandon Sproat,MIL,mlb,K,Milwaukee_Brewers_at_San_Francisco_Giants,4.55,3.8675,0.4367999999999998,OVER,Targeting Brandon Sproat OVER 3.9 K. Model projects 4.5 (0.68 edge). Recent trends and opponent weakness support this play.
Kumar Rocker,TEX,mlb,H,Seattle_Mariners_at_Texas_Rangers,4.5,5.175,-0.9719999999999996,UNDER,"Marginal +EV opportunity: Kumar Rocker is projected for 4.5 H vs a line of 5.2, giving a UNDER edge of 0.67. Based on recent form, opponent matchup, and game context."
Mitch Keller,PIT,mlb,H,Arizona_Diamondbacks_at_Pittsburgh_Pirates,4.46,5.129,-0.9633599999999993,UNDER,"Marginal +EV opportunity: Mitch Keller is projected for 4.5 H vs a line of 5.1, giving a UNDER edge of 0.67. Based on recent form, opponent matchup, and game context."
Walbert Ureña,Los Angeles Angels,mlb,K,Houston_Astros_at_Los_Angeles_Angels,4.41,3.7485,0.4233600000000002,OVER,"Marginal +EV opportunity: Walbert Ureña is projected for 4.4 K vs a line of 3.7, giving a OVER edge of 0.66. Based on recent form, opponent matchup, and game context."
Max Fried,NYY,mlb,K,New_York_Yankees_at_Chicago_White_Sox,4.4,3.74,0.4224000000000001,OVER,"Marginal +EV opportunity: Max Fried is projected for 4.4 K vs a line of 3.7, giving a OVER edge of 0.66. Based on recent form, opponent matchup, and game context."
Tatsuya Imai,HOU,mlb,K,Houston_Astros_at_Los_Angeles_Angels,4.31,3.6635,0.41375999999999985,OVER,Tatsuya Imai shows OVER value at 3.7 K. TC projection: 4.3 — edge: 0.65. Marginal conviction based on usage rate and defensive matchup.
Kumar Rocker,TEX,mlb,K,Seattle_Mariners_at_Texas_Rangers,4.3,4.945,-0.9288000000000006,UNDER,Kumar Rocker shows UNDER value at 4.9 K. TC projection: 4.3 — edge: 0.65. Marginal conviction based on usage rate and defensive matchup.
Keider Montero,DET,mlb,H,Baltimore_Orioles_at_Detroit_Tigers,4.25,4.8875,-0.9180000000000003,UNDER,Targeting Keider Montero UNDER 4.9 H. Model projects 4.2 (0.64 edge). Recent trends and opponent weakness support this play.
Kyle Bradish,BAL,mlb,H,Baltimore_Orioles_at_Detroit_Tigers,4.21,4.8415,-0.9093599999999998,UNDER,"Marginal +EV opportunity: Kyle Bradish is projected for 4.2 H vs a line of 4.8, giving a UNDER edge of 0.63. Based on recent form, opponent matchup, and game context."
David Peterson,CHC,mlb,ER,Chicago_Cubs_at_St_Louis_Cardinals,4.18,4.807,-0.9028800000000008,UNDER,David Peterson shows UNDER value at 4.8 ER. TC projection: 4.2 — edge: 0.63. Marginal conviction based on usage rate and defensive matchup.
Keider Montero,DET,mlb,K,Baltimore_Orioles_at_Detroit_Tigers,4.14,3.519,0.3974399999999998,OVER,Targeting Keider Montero OVER 3.5 K. Model projects 4.1 (0.62 edge). Recent trends and opponent weakness support this play.
Tyler Mahle,SF,mlb,K,Milwaukee_Brewers_at_San_Francisco_Giants,4.09,3.4765,0.3926399999999999,OVER,"Marginal +EV opportunity: Tyler Mahle is projected for 4.1 K vs a line of 3.5, giving a OVER edge of 0.61. Based on recent form, opponent matchup, and game context."
George Kirby,SEA,mlb,ERA,Seattle_Mariners_at_Texas_Rangers,3.034,3.6408,-0.8737920000000002,UNDER,Targeting George Kirby UNDER 3.6 ERA. Model projects 3.0 (0.61 edge). Recent trends and opponent weakness support this play.
Tyler Phillips,MIA,mlb,ERA,Philadelphia_Phillies_at_Miami_Marlins,2.992,3.5904,-0.8616959999999997,UNDER,"Marginal +EV opportunity: Tyler Phillips is projected for 3.0 ERA vs a line of 3.6, giving a UNDER edge of 0.60. Based on recent form, opponent matchup, and game context."
Kyle Bradish,BAL,mlb,ERA,Baltimore_Orioles_at_Detroit_Tigers,2.966,3.5592,-0.8542079999999999,UNDER,Targeting Kyle Bradish UNDER 3.6 ERA. Model projects 3.0 (0.59 edge). Recent trends and opponent weakness support this play.
Payton Tolle,BOS,mlb,H,Boston_Red_Sox_at_Athletics,3.88,3.298,0.3724799999999999,OVER,Payton Tolle shows OVER value at 3.3 H. TC projection: 3.9 — edge: 0.58. Marginal conviction based on usage rate and defensive matchup.
Brandon Sproat,MIL,mlb,H,Milwaukee_Brewers_at_San_Francisco_Giants,3.85,3.2725,0.36960000000000015,OVER,Targeting Brandon Sproat OVER 3.3 H. Model projects 3.9 (0.58 edge). Recent trends and opponent weakness support this play.
Martín Pérez,Atlanta Braves,mlb,ERA,Atlanta_Braves_at_New_York_Mets,2.873,2.2984,0.3677440000000002,OVER,"Marginal +EV opportunity: Martín Pérez is projected for 2.9 ERA vs a line of 2.3, giving a OVER edge of 0.57. Based on recent form, opponent matchup, and game context."
Noah Schultz,CHW,mlb,H,New_York_Yankees_at_Chicago_White_Sox,3.82,4.393,-0.8251199999999999,UNDER,Targeting Noah Schultz UNDER 4.4 H. Model projects 3.8 (0.57 edge). Recent trends and opponent weakness support this play.
Max Scherzer,Toronto Blue Jays,mlb,H,Toronto_Blue_Jays_at_Washington_Nationals,3.82,4.393,-0.8251199999999999,UNDER,"Marginal +EV opportunity: Max Scherzer is projected for 3.8 H vs a line of 4.4, giving a UNDER edge of 0.57. Based on recent form, opponent matchup, and game context."
Payton Tolle,BOS,mlb,ERA,Boston_Red_Sox_at_Athletics,2.813,3.3756,-0.8101439999999996,UNDER,"Marginal +EV opportunity: Payton Tolle is projected for 2.8 ERA vs a line of 3.4, giving a UNDER edge of 0.56. Based on recent form, opponent matchup, and game context."
Martín Pérez,Atlanta Braves,mlb,H,Atlanta_Braves_at_New_York_Mets,3.74,4.301,-0.8078399999999999,UNDER,Martín Pérez shows UNDER value at 4.3 H. TC projection: 3.7 — edge: 0.56. Marginal conviction based on usage rate and defensive matchup.
Martín Pérez,Atlanta Braves,mlb,K,Atlanta_Braves_at_New_York_Mets,3.68,4.232,-0.7948799999999999,UNDER,"Marginal +EV opportunity: Martín Pérez is projected for 3.7 K vs a line of 4.2, giving a UNDER edge of 0.55. Based on recent form, opponent matchup, and game context."
Tyler Phillips,MIA,mlb,BB,Philadelphia_Phillies_at_Miami_Marlins,3.06,3.6108,-0.7931519999999995,UNDER,Targeting Tyler Phillips UNDER 3.6 BB. Model projects 3.1 (0.55 edge). Recent trends and opponent weakness support this play.
Zac Thornton,NYM,mlb,K,Atlanta_Braves_at_New_York_Mets,3.61,3.0685,0.3465600000000001,OVER,"Marginal +EV opportunity: Zac Thornton is projected for 3.6 K vs a line of 3.1, giving a OVER edge of 0.54. Based on recent form, opponent matchup, and game context."
Chase Burns,CIN,mlb,H,Cleveland_Guardians_at_Cincinnati_Reds,3.58,4.117,-0.7732799999999999,UNDER,Chase Burns shows UNDER value at 4.1 H. TC projection: 3.6 — edge: 0.54. Marginal conviction based on usage rate and defensive matchup.
Walbert Ureña,Los Angeles Angels,mlb,H,Houston_Astros_at_Los_Angeles_Angels,3.56,4.094,-0.7689600000000003,UNDER,Targeting Walbert Ureña UNDER 4.1 H. Model projects 3.6 (0.53 edge). Recent trends and opponent weakness support this play.
Keider Montero,DET,mlb,ERA,Baltimore_Orioles_at_Detroit_Tigers,2.669,2.1352,0.34163199999999994,OVER,Targeting Keider Montero OVER 2.1 ERA. Model projects 2.7 (0.53 edge). Recent trends and opponent weakness support this play.
Max Scherzer,Toronto Blue Jays,mlb,ER,Toronto_Blue_Jays_at_Washington_Nationals,3.54,3.009,0.33984000000000014,OVER,"Marginal +EV opportunity: Max Scherzer is projected for 3.5 ER vs a line of 3.0, giving a OVER edge of 0.53. Based on recent form, opponent matchup, and game context."
Mitch Keller,PIT,mlb,K,Arizona_Diamondbacks_at_Pittsburgh_Pirates,3.53,3.0005,0.33887999999999985,OVER,Targeting Mitch Keller OVER 3.0 K. Model projects 3.5 (0.53 edge). Recent trends and opponent weakness support this play.
Zack Wheeler,PHI,mlb,H,Philadelphia_Phillies_at_Miami_Marlins,3.51,4.0365,-0.7581600000000005,UNDER,"Marginal +EV opportunity: Zack Wheeler is projected for 3.5 H vs a line of 4.0, giving a UNDER edge of 0.53. Based on recent form, opponent matchup, and game context."
Jack Perkins,OAK,mlb,BB,Boston_Red_Sox_at_Athletics,2.91,2.3862,0.3352320000000001,OVER,Targeting Jack Perkins OVER 2.4 BB. Model projects 2.9 (0.52 edge). Recent trends and opponent weakness support this play.
Slade Cecconi,CLE,mlb,K,Cleveland_Guardians_at_Cincinnati_Reds,3.48,2.958,0.33407999999999993,OVER,Slade Cecconi shows OVER value at 3.0 K. TC projection: 3.5 — edge: 0.52. Marginal conviction based on usage rate and defensive matchup.
Noah Schultz,CHW,mlb,K,New_York_Yankees_at_Chicago_White_Sox,3.47,2.9495,0.33312000000000014,OVER,"Marginal +EV opportunity: Noah Schultz is projected for 3.5 K vs a line of 2.9, giving a OVER edge of 0.52. Based on recent form, opponent matchup, and game context."
Max Fried,NYY,mlb,H,New_York_Yankees_at_Chicago_White_Sox,3.4,2.89,0.3263999999999999,OVER,Targeting Max Fried OVER 2.9 H. Model projects 3.4 (0.51 edge). Recent trends and opponent weakness support this play.
Max Fried,NYY,mlb,ERA,New_York_Yankees_at_Chicago_White_Sox,2.525,2.02,0.32319999999999993,OVER,Targeting Max Fried OVER 2.0 ERA. Model projects 2.5 (0.50 edge). Recent trends and opponent weakness support this play.
David Peterson,CHC,mlb,BB,Chicago_Cubs_at_St_Louis_Cardinals,2.69,2.2058,0.309888,OVER,David Peterson shows OVER value at 2.2 BB. TC projection: 2.7 — edge: 0.48. Marginal conviction based on usage rate and defensive matchup.
Walbert Ureña,Los Angeles Angels,mlb,ERA,Houston_Astros_at_Los_Angeles_Angels,2.363,1.8904,0.302464,OVER,Targeting Walbert Ureña OVER 1.9 ERA. Model projects 2.4 (0.47 edge). Recent trends and opponent weakness support this play.
Merrill Kelly,ARI,mlb,K,Arizona_Diamondbacks_at_Pittsburgh_Pirates,3.07,3.5305,-0.66312,UNDER,"Marginal +EV opportunity: Merrill Kelly is projected for 3.1 K vs a line of 3.5, giving a UNDER edge of 0.46. Based on recent form, opponent matchup, and game context."
Walbert Ureña,Los Angeles Angels,mlb,BB,Houston_Astros_at_Los_Angeles_Angels,2.5,2.05,0.28800000000000014,OVER,Walbert Ureña shows OVER value at 2.0 BB. TC projection: 2.5 — edge: 0.45. Marginal conviction based on usage rate and defensive matchup.
Tatsuya Imai,HOU,mlb,H,Houston_Astros_at_Los_Angeles_Angels,2.98,2.533,0.28608000000000006,OVER,"Marginal +EV opportunity: Tatsuya Imai is projected for 3.0 H vs a line of 2.5, giving a OVER edge of 0.45. Based on recent form, opponent matchup, and game context."
Zac Thornton,NYM,mlb,H,Atlanta_Braves_at_New_York_Mets,2.98,3.427,-0.6436800000000001,UNDER,Targeting Zac Thornton UNDER 3.4 H. Model projects 3.0 (0.45 edge). Recent trends and opponent weakness support this play.
Merrill Kelly,ARI,mlb,ER,Arizona_Diamondbacks_at_Pittsburgh_Pirates,2.79,2.3715,0.26783999999999997,OVER,Merrill Kelly shows OVER value at 2.4 ER. TC projection: 2.8 — edge: 0.42. Marginal conviction based on usage rate and defensive matchup.
Chase Burns,CIN,mlb,ERA,Cleveland_Guardians_at_Cincinnati_Reds,2.057,2.4684,-0.5924159999999999,UNDER,"Marginal +EV opportunity: Chase Burns is projected for 2.1 ERA vs a line of 2.5, giving a UNDER edge of 0.41. Based on recent form, opponent matchup, and game context."
Noah Schultz,CHW,mlb,ER,New_York_Yankees_at_Chicago_White_Sox,2.69,3.0935,-0.5810400000000002,UNDER,Targeting Noah Schultz UNDER 3.1 ER. Model projects 2.7 (0.40 edge). Recent trends and opponent weakness support this play.
Tyler Phillips,MIA,mlb,ER,Philadelphia_Phillies_at_Miami_Marlins,2.63,2.2355,0.2524799999999999,OVER,"Marginal +EV opportunity: Tyler Phillips is projected for 2.6 ER vs a line of 2.2, giving a OVER edge of 0.39. Based on recent form, opponent matchup, and game context."
Tatsuya Imai,HOU,mlb,BB,Houston_Astros_at_Los_Angeles_Angels,2.19,1.7958,0.25228799999999996,OVER,"Marginal +EV opportunity: Tatsuya Imai is projected for 2.2 BB vs a line of 1.8, giving a OVER edge of 0.39. Based on recent form, opponent matchup, and game context."
Kyle Bradish,BAL,mlb,BB,Baltimore_Orioles_at_Detroit_Tigers,2.17,2.5606,-0.562464,UNDER,"Marginal +EV opportunity: Kyle Bradish is projected for 2.2 BB vs a line of 2.6, giving a UNDER edge of 0.39. Based on recent form, opponent matchup, and game context."
Tyler Mahle,SF,mlb,ER,Milwaukee_Brewers_at_San_Francisco_Giants,2.6,2.99,-0.5616000000000001,UNDER,"Marginal +EV opportunity: Tyler Mahle is projected for 2.6 ER vs a line of 3.0, giving a UNDER edge of 0.39. Based on recent form, opponent matchup, and game context."
Brandon Sproat,MIL,mlb,BB,Milwaukee_Brewers_at_San_Francisco_Giants,2.15,1.763,0.24768000000000004,OVER,Brandon Sproat shows OVER value at 1.8 BB. TC projection: 2.1 — edge: 0.39. Marginal conviction based on usage rate and defensive matchup.
Mitch Keller,PIT,mlb,ER,Arizona_Diamondbacks_at_Pittsburgh_Pirates,2.51,2.1335,0.24095999999999976,OVER,Targeting Mitch Keller OVER 2.1 ER. Model projects 2.5 (0.38 edge). Recent trends and opponent weakness support this play.
Noah Schultz,CHW,mlb,BB,New_York_Yankees_at_Chicago_White_Sox,2.05,1.681,0.2361599999999999,OVER,Targeting Noah Schultz OVER 1.7 BB. Model projects 2.0 (0.37 edge). Recent trends and opponent weakness support this play.
Brandon Sproat,MIL,mlb,ER,Milwaukee_Brewers_at_San_Francisco_Giants,2.45,2.0825,0.23520000000000013,OVER,Targeting Brandon Sproat OVER 2.1 ER. Model projects 2.5 (0.37 edge). Recent trends and opponent weakness support this play.
Martín Pérez,Atlanta Braves,mlb,BB,Atlanta_Braves_at_New_York_Mets,2.04,1.6728,0.235008,OVER,Targeting Martín Pérez OVER 1.7 BB. Model projects 2.0 (0.37 edge). Recent trends and opponent weakness support this play.
Zack Wheeler,PHI,mlb,ERA,Philadelphia_Phillies_at_Miami_Marlins,1.836,2.2032,-0.5287679999999996,UNDER,Zack Wheeler shows UNDER value at 2.2 ERA. TC projection: 1.8 — edge: 0.37. Marginal conviction based on usage rate and defensive matchup.
Merrill Kelly,ARI,mlb,BB,Arizona_Diamondbacks_at_Pittsburgh_Pirates,1.94,2.2892,-0.5028480000000002,UNDER,Merrill Kelly shows UNDER value at 2.3 BB. TC projection: 1.9 — edge: 0.35. Marginal conviction based on usage rate and defensive matchup.
Slade Cecconi,CLE,mlb,ER,Cleveland_Guardians_at_Cincinnati_Reds,2.25,2.5875,-0.4859999999999998,UNDER,Targeting Slade Cecconi UNDER 2.6 ER. Model projects 2.2 (0.34 edge). Recent trends and opponent weakness support this play.
Kumar Rocker,TEX,mlb,ER,Seattle_Mariners_at_Texas_Rangers,2.2,2.53,-0.4751999999999994,UNDER,Kumar Rocker shows UNDER value at 2.5 ER. TC projection: 2.2 — edge: 0.33. Marginal conviction based on usage rate and defensive matchup.
Tatsuya Imai,HOU,mlb,ER,Houston_Astros_at_Los_Angeles_Angels,2.19,2.5185,-0.47303999999999996,UNDER,"Marginal +EV opportunity: Tatsuya Imai is projected for 2.2 ER vs a line of 2.5, giving a UNDER edge of 0.33. Based on recent form, opponent matchup, and game context."
Zac Thornton,NYM,mlb,ERA,Atlanta_Braves_at_New_York_Mets,1.64,1.968,-0.4723200000000001,UNDER,"Marginal +EV opportunity: Zac Thornton is projected for 1.6 ERA vs a line of 2.0, giving a UNDER edge of 0.33. Based on recent form, opponent matchup, and game context."
Kumar Rocker,TEX,mlb,BB,Seattle_Mariners_at_Texas_Rangers,1.8,2.124,-0.4665600000000001,UNDER,"Marginal +EV opportunity: Kumar Rocker is projected for 1.8 BB vs a line of 2.1, giving a UNDER edge of 0.32. Based on recent form, opponent matchup, and game context."
Tyler Mahle,SF,mlb,BB,Milwaukee_Brewers_at_San_Francisco_Giants,1.75,2.065,-0.4535999999999999,UNDER,Tyler Mahle shows UNDER value at 2.1 BB. TC projection: 1.8 — edge: 0.31. Marginal conviction based on usage rate and defensive matchup.
Chase Burns,CIN,mlb,BB,Cleveland_Guardians_at_Cincinnati_Reds,1.74,2.0532,-0.45100799999999985,UNDER,Chase Burns shows UNDER value at 2.1 BB. TC projection: 1.7 — edge: 0.31. Marginal conviction based on usage rate and defensive matchup.
George Kirby,SEA,mlb,ER,Seattle_Mariners_at_Texas_Rangers,2.06,1.751,0.19776000000000013,OVER,George Kirby shows OVER value at 1.8 ER. TC projection: 2.1 — edge: 0.31. Marginal conviction based on usage rate and defensive matchup.
Max Scherzer,Toronto Blue Jays,mlb,K,Toronto_Blue_Jays_at_Washington_Nationals,1.98,1.683,0.19007999999999997,OVER,Max Scherzer shows OVER value at 1.7 K. TC projection: 2.0 — edge: 0.30. Marginal conviction based on usage rate and defensive matchup.
Keider Montero,DET,mlb,ER,Baltimore_Orioles_at_Detroit_Tigers,1.97,2.2655,-0.42551999999999984,UNDER,Targeting Keider Montero UNDER 2.3 ER. Model projects 2.0 (0.30 edge). Recent trends and opponent weakness support this play.
Max Scherzer,Toronto Blue Jays,mlb,WHIP,Toronto_Blue_Jays_at_Washington_Nationals,1.47,1.764,-0.42336000000000007,UNDER,Max Scherzer shows UNDER value at 1.8 WHIP. TC projection: 1.5 — edge: 0.29. Marginal conviction based on usage rate and defensive matchup.
Mitch Keller,PIT,mlb,BB,Arizona_Diamondbacks_at_Pittsburgh_Pirates,1.57,1.2874,0.180864,OVER,Mitch Keller shows OVER value at 1.3 BB. TC projection: 1.6 — edge: 0.28. Marginal conviction based on usage rate and defensive matchup.
Max Scherzer,Toronto Blue Jays,mlb,BB,Toronto_Blue_Jays_at_Washington_Nationals,1.56,1.2792,0.17971200000000012,OVER,Max Scherzer shows OVER value at 1.3 BB. TC projection: 1.6 — edge: 0.28. Marginal conviction based on usage rate and defensive matchup.
Kyle Bradish,BAL,mlb,ER,Baltimore_Orioles_at_Detroit_Tigers,1.87,2.1505,-0.40391999999999995,UNDER,Kyle Bradish shows UNDER value at 2.2 ER. TC projection: 1.9 — edge: 0.28. Marginal conviction based on usage rate and defensive matchup.
Max Fried,NYY,mlb,BB,New_York_Yankees_at_Chicago_White_Sox,1.55,1.271,0.1785600000000001,OVER,"Marginal +EV opportunity: Max Fried is projected for 1.6 BB vs a line of 1.3, giving a OVER edge of 0.28. Based on recent form, opponent matchup, and game context."
Martín Pérez,Atlanta Braves,mlb,ER,Atlanta_Braves_at_New_York_Mets,1.81,2.0815,-0.3909600000000001,UNDER,Targeting Martín Pérez UNDER 2.1 ER. Model projects 1.8 (0.27 edge). Recent trends and opponent weakness support this play.
David Peterson,CHC,mlb,WHIP,Chicago_Cubs_at_St_Louis_Cardinals,1.326,1.0608,0.1697280000000001,OVER,David Peterson shows OVER value at 1.1 WHIP. TC projection: 1.3 — edge: 0.27. Marginal conviction based on usage rate and defensive matchup.
Payton Tolle,BOS,mlb,ER,Boston_Red_Sox_at_Athletics,1.75,1.4875,0.16799999999999998,OVER,Targeting Payton Tolle OVER 1.5 ER. Model projects 1.8 (0.26 edge). Recent trends and opponent weakness support this play.
Slade Cecconi,CLE,mlb,BB,Cleveland_Guardians_at_Cincinnati_Reds,1.44,1.6992,-0.3732480000000001,UNDER,Targeting Slade Cecconi UNDER 1.7 BB. Model projects 1.4 (0.26 edge). Recent trends and opponent weakness support this play.
Max Fried,NYY,mlb,ER,New_York_Yankees_at_Chicago_White_Sox,1.7,1.445,0.16319999999999996,OVER,Targeting Max Fried OVER 1.4 ER. Model projects 1.7 (0.25 edge). Recent trends and opponent weakness support this play.
Merrill Kelly,ARI,mlb,WHIP,Arizona_Diamondbacks_at_Pittsburgh_Pirates,1.258,1.5096,-0.362304,UNDER,Merrill Kelly shows UNDER value at 1.5 WHIP. TC projection: 1.3 — edge: 0.25. Marginal conviction based on usage rate and defensive matchup.
Tatsuya Imai,HOU,mlb,WHIP,Houston_Astros_at_Los_Angeles_Angels,1.25,1.0,0.16000000000000003,OVER,Tatsuya Imai shows OVER value at 1.0 WHIP. TC projection: 1.2 — edge: 0.25. Marginal conviction based on usage rate and defensive matchup.
Payton Tolle,BOS,mlb,BB,Boston_Red_Sox_at_Athletics,1.38,1.1316,0.158976,OVER,Targeting Payton Tolle OVER 1.1 BB. Model projects 1.4 (0.25 edge). Recent trends and opponent weakness support this play.
Noah Schultz,CHW,mlb,WHIP,New_York_Yankees_at_Chicago_White_Sox,1.241,1.4892,-0.3574079999999999,UNDER,Noah Schultz shows UNDER value at 1.5 WHIP. TC projection: 1.2 — edge: 0.25. Marginal conviction based on usage rate and defensive matchup.
Tyler Mahle,SF,mlb,WHIP,Milwaukee_Brewers_at_San_Francisco_Giants,1.232,0.9856,0.15769599999999998,OVER,Targeting Tyler Mahle OVER 1.0 WHIP. Model projects 1.2 (0.25 edge). Recent trends and opponent weakness support this play.
Slade Cecconi,CLE,mlb,WHIP,Cleveland_Guardians_at_Cincinnati_Reds,1.232,1.4784,-0.3548159999999999,UNDER,Slade Cecconi shows UNDER value at 1.5 WHIP. TC projection: 1.2 — edge: 0.25. Marginal conviction based on usage rate and defensive matchup.
Jack Perkins,OAK,mlb,WHIP,Boston_Red_Sox_at_Athletics,1.207,1.4484,-0.3476159999999997,UNDER,Targeting Jack Perkins UNDER 1.4 WHIP. Model projects 1.2 (0.24 edge). Recent trends and opponent weakness support this play.
Tyler Phillips,MIA,mlb,WHIP,Philadelphia_Phillies_at_Miami_Marlins,1.181,0.9448,0.15116800000000008,OVER,Targeting Tyler Phillips OVER 0.9 WHIP. Model projects 1.2 (0.24 edge). Recent trends and opponent weakness support this play.
Brandon Sproat,MIL,mlb,WHIP,Milwaukee_Brewers_at_San_Francisco_Giants,1.173,0.9384,0.15014400000000006,OVER,"Marginal +EV opportunity: Brandon Sproat is projected for 1.2 WHIP vs a line of 0.9, giving a OVER edge of 0.23. Based on recent form, opponent matchup, and game context."
Zac Thornton,NYM,mlb,BB,Atlanta_Braves_at_New_York_Mets,1.27,1.0414,0.14630399999999996,OVER,Zac Thornton shows OVER value at 1.0 BB. TC projection: 1.3 — edge: 0.23. Marginal conviction based on usage rate and defensive matchup.
Kyle Bradish,BAL,mlb,WHIP,Baltimore_Orioles_at_Detroit_Tigers,1.122,1.3464,-0.32313599999999987,UNDER,Kyle Bradish shows UNDER value at 1.3 WHIP. TC projection: 1.1 — edge: 0.22. Marginal conviction based on usage rate and defensive matchup.
Mitch Keller,PIT,mlb,WHIP,Arizona_Diamondbacks_at_Pittsburgh_Pirates,1.113,1.3356,-0.32054399999999983,UNDER,Mitch Keller shows UNDER value at 1.3 WHIP. TC projection: 1.1 — edge: 0.22. Marginal conviction based on usage rate and defensive matchup.
Walbert Ureña,Los Angeles Angels,mlb,WHIP,Houston_Astros_at_Los_Angeles_Angels,1.113,1.3356,-0.32054399999999983,UNDER,"Marginal +EV opportunity: Walbert Ureña is projected for 1.1 WHIP vs a line of 1.3, giving a UNDER edge of 0.22. Based on recent form, opponent matchup, and game context."
Kumar Rocker,TEX,mlb,WHIP,Seattle_Mariners_at_Texas_Rangers,1.113,1.3356,-0.32054399999999983,UNDER,Targeting Kumar Rocker UNDER 1.3 WHIP. Model projects 1.1 (0.22 edge). Recent trends and opponent weakness support this play.
George Kirby,SEA,mlb,WHIP,Seattle_Mariners_at_Texas_Rangers,1.088,1.3056,-0.313344,UNDER,Targeting George Kirby UNDER 1.3 WHIP. Model projects 1.1 (0.22 edge). Recent trends and opponent weakness support this play.
Walbert Ureña,Los Angeles Angels,mlb,ER,Houston_Astros_at_Los_Angeles_Angels,1.43,1.2155,0.13727999999999996,OVER,"Marginal +EV opportunity: Walbert Ureña is projected for 1.4 ER vs a line of 1.2, giving a OVER edge of 0.21. Based on recent form, opponent matchup, and game context."
Keider Montero,DET,mlb,BB,Baltimore_Orioles_at_Detroit_Tigers,1.17,1.3806,-0.30326400000000014,UNDER,Keider Montero shows UNDER value at 1.4 BB. TC projection: 1.2 — edge: 0.21. Marginal conviction based on usage rate and defensive matchup.
Zack Wheeler,PHI,mlb,BB,Philadelphia_Phillies_at_Miami_Marlins,1.17,1.3806,-0.30326400000000014,UNDER,Targeting Zack Wheeler UNDER 1.4 BB. Model projects 1.2 (0.21 edge). Recent trends and opponent weakness support this play.
Martín Pérez,Atlanta Braves,mlb,WHIP,Atlanta_Braves_at_New_York_Mets,1.02,0.816,0.13056000000000006,OVER,Martín Pérez shows OVER value at 0.8 WHIP. TC projection: 1.0 — edge: 0.20. Marginal conviction based on usage rate and defensive matchup.
George Kirby,SEA,mlb,BB,Seattle_Mariners_at_Texas_Rangers,1.12,1.3216,-0.290304,UNDER,Targeting George Kirby UNDER 1.3 BB. Model projects 1.1 (0.20 edge). Recent trends and opponent weakness support this play.
Chase Burns,CIN,mlb,ER,Cleveland_Guardians_at_Cincinnati_Reds,1.3,1.495,-0.28080000000000005,UNDER,"Marginal +EV opportunity: Chase Burns is projected for 1.3 ER vs a line of 1.5, giving a UNDER edge of 0.20. Based on recent form, opponent matchup, and game context."
Zack Wheeler,PHI,mlb,ER,Philadelphia_Phillies_at_Miami_Marlins,1.27,1.4605,-0.27431999999999984,UNDER,Targeting Zack Wheeler UNDER 1.5 ER. Model projects 1.3 (0.19 edge). Recent trends and opponent weakness support this play.
Chase Burns,CIN,mlb,WHIP,Cleveland_Guardians_at_Cincinnati_Reds,0.944,0.7552,0.120832,OVER,Targeting Chase Burns OVER 0.8 WHIP. Model projects 0.9 (0.19 edge). Recent trends and opponent weakness support this play.
Payton Tolle,BOS,mlb,WHIP,Boston_Red_Sox_at_Athletics,0.935,1.122,-0.2692800000000001,UNDER,"Marginal +EV opportunity: Payton Tolle is projected for 0.9 WHIP vs a line of 1.1, giving a UNDER edge of 0.19. Based on recent form, opponent matchup, and game context."
3B  Christian Encarnacion-Strand,Baltimore Orioles,mlb,H,Baltimore_Orioles_at_Detroit_Tigers,1.19,1.0115,0.11423999999999992,OVER,3B  Christian Encarnacion-Strand shows OVER value at 1.0 H. TC projection: 1.2 — edge: 0.18. Marginal conviction based on usage rate and defensive matchup.
SS  Otto Lopez,Miami Marlins,mlb,H,Philadelphia_Phillies_at_Miami_Marlins,1.13,1.2995,-0.2440800000000003,UNDER,SS  Otto Lopez shows UNDER value at 1.3 H. TC projection: 1.1 — edge: 0.17. Marginal conviction based on usage rate and defensive matchup.
2B  Luis Arraez,San Francisco Giants,mlb,H,Milwaukee_Brewers_at_San_Francisco_Giants,1.13,0.9605,0.10847999999999994,OVER,"Marginal +EV opportunity: 2B  Luis Arraez is projected for 1.1 H vs a line of 1.0, giving a OVER edge of 0.17. Based on recent form, opponent matchup, and game context."
Keider Montero,DET,mlb,WHIP,Baltimore_Orioles_at_Detroit_Tigers,0.816,0.9792,-0.235008,UNDER,Keider Montero shows UNDER value at 1.0 WHIP. TC projection: 0.8 — edge: 0.16. Marginal conviction based on usage rate and defensive matchup.
Max Fried,NYY,mlb,WHIP,New_York_Yankees_at_Chicago_White_Sox,0.816,0.9792,-0.235008,UNDER,Targeting Max Fried UNDER 1.0 WHIP. Model projects 0.8 (0.16 edge). Recent trends and opponent weakness support this play.
3B  Tommy White,Athletics,mlb,H,Boston_Red_Sox_at_Athletics,1.08,0.918,0.10368000000000002,OVER,"Marginal +EV opportunity: 3B  Tommy White is projected for 1.1 H vs a line of 0.9, giving a OVER edge of 0.16. Based on recent form, opponent matchup, and game context."
3B  Christian Encarnacion-Strand,Baltimore Orioles,mlb,RBI,Baltimore_Orioles_at_Detroit_Tigers,1.07,0.9095,0.10272000000000006,OVER,Targeting 3B  Christian Encarnacion-Strand OVER 0.9 RBI. Model projects 1.1 (0.16 edge). Recent trends and opponent weakness support this play.
Zac Thornton,NYM,mlb,ER,Atlanta_Braves_at_New_York_Mets,1.06,0.901,0.10176000000000003,OVER,Targeting Zac Thornton OVER 0.9 ER. Model projects 1.1 (0.16 edge). Recent trends and opponent weakness support this play.
3B  Nick Gonzales,Pittsburgh Pirates,mlb,H,Arizona_Diamondbacks_at_Pittsburgh_Pirates,1.02,0.867,0.09792000000000002,OVER,Targeting 3B  Nick Gonzales OVER 0.9 H. Model projects 1.0 (0.15 edge). Recent trends and opponent weakness support this play.
SS  Jeremy Peña,Houston Astros,mlb,H,Houston_Astros_at_Los_Angeles_Angels,1.02,1.173,-0.22032000000000002,UNDER,"Marginal +EV opportunity: SS  Jeremy Peña is projected for 1.0 H vs a line of 1.2, giving a UNDER edge of 0.15. Based on recent form, opponent matchup, and game context."
LF  Wyatt Langford,Texas Rangers,mlb,H,Seattle_Mariners_at_Texas_Rangers,1.01,1.1615,-0.21815999999999994,UNDER,"Marginal +EV opportunity: LF  Wyatt Langford is projected for 1.0 H vs a line of 1.2, giving a UNDER edge of 0.15. Based on recent form, opponent matchup, and game context."
Zack Wheeler,PHI,mlb,WHIP,Philadelphia_Phillies_at_Miami_Marlins,0.748,0.5984,0.09574399999999998,OVER,Zack Wheeler shows OVER value at 0.6 WHIP. TC projection: 0.7 — edge: 0.15. Marginal conviction based on usage rate and defensive matchup.
DH  Yordan Alvarez,Houston Astros,mlb,H,Houston_Astros_at_Los_Angeles_Angels,0.98,0.833,0.09408000000000002,OVER,"Marginal +EV opportunity: DH  Yordan Alvarez is projected for 1.0 H vs a line of 0.8, giving a OVER edge of 0.15. Based on recent form, opponent matchup, and game context."
RF  Jung Hoo Lee,San Francisco Giants,mlb,H,Milwaukee_Brewers_at_San_Francisco_Giants,0.98,0.833,0.09408000000000002,OVER,Targeting RF  Jung Hoo Lee OVER 0.8 H. Model projects 1.0 (0.15 edge). Recent trends and opponent weakness support this play.
Zac Thornton,NYM,mlb,WHIP,Atlanta_Braves_at_New_York_Mets,0.731,0.8772,-0.21052799999999997,UNDER,Targeting Zac Thornton UNDER 0.9 WHIP. Model projects 0.7 (0.15 edge). Recent trends and opponent weakness support this play.
1B  Alec Burleson,St. Louis Cardinals,mlb,H,Chicago_Cubs_at_St_Louis_Cardinals,0.97,0.8245,0.09311999999999998,OVER,"Marginal +EV opportunity: 1B  Alec Burleson is projected for 1.0 H vs a line of 0.8, giving a OVER edge of 0.15. Based on recent form, opponent matchup, and game context."
SS  Jacob Wilson,Athletics,mlb,H,Boston_Red_Sox_at_Athletics,0.97,1.1155,-0.20951999999999993,UNDER,"Marginal +EV opportunity: SS  Jacob Wilson is projected for 1.0 H vs a line of 1.1, giving a UNDER edge of 0.15. Based on recent form, opponent matchup, and game context."
SS  CJ Abrams,Washington Nationals,mlb,H,Toronto_Blue_Jays_at_Washington_Nationals,0.97,1.1155,-0.20951999999999993,UNDER,Targeting SS  CJ Abrams UNDER 1.1 H. Model projects 1.0 (0.15 edge). Recent trends and opponent weakness support this play.
RF  Jordan Walker,St. Louis Cardinals,mlb,H,Chicago_Cubs_at_St_Louis_Cardinals,0.96,1.104,-0.20736000000000018,UNDER,"Marginal +EV opportunity: RF  Jordan Walker is projected for 1.0 H vs a line of 1.1, giving a UNDER edge of 0.14. Based on recent form, opponent matchup, and game context."
SS  Elly De La Cruz,Cincinnati Reds,mlb,H,Cleveland_Guardians_at_Cincinnati_Reds,0.96,1.104,-0.20736000000000018,UNDER,Targeting SS  Elly De La Cruz UNDER 1.1 H. Model projects 1.0 (0.14 edge). Recent trends and opponent weakness support this play.
LF  Jackson Chourio,Milwaukee Brewers,mlb,H,Milwaukee_Brewers_at_San_Francisco_Giants,0.96,1.104,-0.20736000000000018,UNDER,Targeting LF  Jackson Chourio UNDER 1.1 H. Model projects 1.0 (0.14 edge). Recent trends and opponent weakness support this play.
2B  Ernie Clement,Toronto Blue Jays,mlb,H,Toronto_Blue_Jays_at_Washington_Nationals,0.95,1.0925,-0.20520000000000008,UNDER,Targeting 2B  Ernie Clement UNDER 1.1 H. Model projects 0.9 (0.14 edge). Recent trends and opponent weakness support this play.
CF  Michael Harris II,Atlanta Braves,mlb,H,Atlanta_Braves_at_New_York_Mets,0.95,0.8075,0.09119999999999999,OVER,CF  Michael Harris II shows OVER value at 0.8 H. TC projection: 0.9 — edge: 0.14. Marginal conviction based on usage rate and defensive matchup.
LF  Casey Schmitt,San Francisco Giants,mlb,H,Milwaukee_Brewers_at_San_Francisco_Giants,0.93,1.0695,-0.20087999999999975,UNDER,Targeting LF  Casey Schmitt UNDER 1.1 H. Model projects 0.9 (0.14 edge). Recent trends and opponent weakness support this play.
SS  Kevin McGonigle,Detroit Tigers,mlb,H,Baltimore_Orioles_at_Detroit_Tigers,0.92,0.782,0.08832000000000001,OVER,SS  Kevin McGonigle shows OVER value at 0.8 H. TC projection: 0.9 — edge: 0.14. Marginal conviction based on usage rate and defensive matchup.
2B  Xavier Edwards,Miami Marlins,mlb,H,Philadelphia_Phillies_at_Miami_Marlins,0.92,0.782,0.08832000000000001,OVER,"Marginal +EV opportunity: 2B  Xavier Edwards is projected for 0.9 H vs a line of 0.8, giving a OVER edge of 0.14. Based on recent form, opponent matchup, and game context."
C   Gabriel Moreno,Arizona Diamondbacks,mlb,H,Arizona_Diamondbacks_at_Pittsburgh_Pirates,0.91,1.0465,-0.19655999999999993,UNDER,"Marginal +EV opportunity: C   Gabriel Moreno is projected for 0.9 H vs a line of 1.0, giving a UNDER edge of 0.14. Based on recent form, opponent matchup, and game context."
RF  James Wood,Washington Nationals,mlb,H,Toronto_Blue_Jays_at_Washington_Nationals,0.91,1.0465,-0.19655999999999993,UNDER,Targeting RF  James Wood UNDER 1.0 H. Model projects 0.9 (0.14 edge). Recent trends and opponent weakness support this play.
RF  Ryan O'Hearn,Pittsburgh Pirates,mlb,H,Arizona_Diamondbacks_at_Pittsburgh_Pirates,0.9,0.765,0.08640000000000002,OVER,RF  Ryan O'Hearn shows OVER value at 0.8 H. TC projection: 0.9 — edge: 0.14. Marginal conviction based on usage rate and defensive matchup.
CF  Pete Crow-Armstrong,Chicago Cubs,mlb,H,Chicago_Cubs_at_St_Louis_Cardinals,0.9,0.765,0.08640000000000002,OVER,CF  Pete Crow-Armstrong shows OVER value at 0.8 H. TC projection: 0.9 — edge: 0.14. Marginal conviction based on usage rate and defensive matchup.
1B  Nolan Schanuel,Los Angeles Angels,mlb,H,Houston_Astros_at_Los_Angeles_Angels,0.9,1.035,-0.19439999999999982,UNDER,Targeting 1B  Nolan Schanuel UNDER 1.0 H. Model projects 0.9 (0.13 edge). Recent trends and opponent weakness support this play.
C   Drake Baldwin,Atlanta Braves,mlb,H,Atlanta_Braves_at_New_York_Mets,0.89,0.7565,0.08544000000000006,OVER,Targeting C   Drake Baldwin OVER 0.8 H. Model projects 0.9 (0.13 edge). Recent trends and opponent weakness support this play.
CF  Ceddanne Rafaela,Boston Red Sox,mlb,H,Boston_Red_Sox_at_Athletics,0.89,0.7565,0.08544000000000006,OVER,CF  Ceddanne Rafaela shows OVER value at 0.8 H. TC projection: 0.9 — edge: 0.13. Marginal conviction based on usage rate and defensive matchup.
RF  Brandon Nimmo,Texas Rangers,mlb,H,Seattle_Mariners_at_Texas_Rangers,0.89,0.7565,0.08544000000000006,OVER,"Marginal +EV opportunity: RF  Brandon Nimmo is projected for 0.9 H vs a line of 0.8, giving a OVER edge of 0.13. Based on recent form, opponent matchup, and game context."
CF  Mike Trout,Los Angeles Angels,mlb,BB,Houston_Astros_at_Los_Angeles_Angels,0.74,0.8732,-0.19180799999999998,UNDER,Targeting CF  Mike Trout UNDER 0.9 BB. Model projects 0.7 (0.13 edge). Recent trends and opponent weakness support this play.
RF  Chase DeLauter,Cleveland Guardians,mlb,H,Cleveland_Guardians_at_Cincinnati_Reds,0.88,0.748,0.08448000000000001,OVER,Targeting RF  Chase DeLauter OVER 0.7 H. Model projects 0.9 (0.13 edge). Recent trends and opponent weakness support this play.
2B  Chase Meidroth,Chicago White Sox,mlb,H,New_York_Yankees_at_Chicago_White_Sox,0.88,0.748,0.08448000000000001,OVER,"Marginal +EV opportunity: 2B  Chase Meidroth is projected for 0.9 H vs a line of 0.7, giving a OVER edge of 0.13. Based on recent form, opponent matchup, and game context."
3B  Bo Bichette,New York Mets,mlb,H,Atlanta_Braves_at_New_York_Mets,0.88,1.012,-0.19008,UNDER,3B  Bo Bichette shows UNDER value at 1.0 H. TC projection: 0.9 — edge: 0.13. Marginal conviction based on usage rate and defensive matchup.
C   Dillon Dingler,Detroit Tigers,mlb,H,Baltimore_Orioles_at_Detroit_Tigers,0.88,1.012,-0.19008,UNDER,"Marginal +EV opportunity: C   Dillon Dingler is projected for 0.9 H vs a line of 1.0, giving a UNDER edge of 0.13. Based on recent form, opponent matchup, and game context."
LF  Riley Greene,Detroit Tigers,mlb,H,Baltimore_Orioles_at_Detroit_Tigers,0.88,1.012,-0.19008,UNDER,"Marginal +EV opportunity: LF  Riley Greene is projected for 0.9 H vs a line of 1.0, giving a UNDER edge of 0.13. Based on recent form, opponent matchup, and game context."
C   William Contreras,Milwaukee Brewers,mlb,H,Milwaukee_Brewers_at_San_Francisco_Giants,0.88,1.012,-0.19008,UNDER,C   William Contreras shows UNDER value at 1.0 H. TC projection: 0.9 — edge: 0.13. Marginal conviction based on usage rate and defensive matchup.
LF  Heliot Ramos,San Francisco Giants,mlb,H,Milwaukee_Brewers_at_San_Francisco_Giants,0.88,1.012,-0.19008,UNDER,Targeting LF  Heliot Ramos UNDER 1.0 H. Model projects 0.9 (0.13 edge). Recent trends and opponent weakness support this play.
2B  Brice Turang,Milwaukee Brewers,mlb,H,Milwaukee_Brewers_at_San_Francisco_Giants,0.87,0.7395,0.08351999999999998,OVER,"Marginal +EV opportunity: 2B  Brice Turang is projected for 0.9 H vs a line of 0.7, giving a OVER edge of 0.13. Based on recent form, opponent matchup, and game context."
LF  Brandon Marsh,Philadelphia Phillies,mlb,H,Philadelphia_Phillies_at_Miami_Marlins,0.87,0.7395,0.08351999999999998,OVER,"Marginal +EV opportunity: LF  Brandon Marsh is projected for 0.9 H vs a line of 0.7, giving a OVER edge of 0.13. Based on recent form, opponent matchup, and game context."
LF  Randy Arozarena,Seattle Mariners,mlb,H,Seattle_Mariners_at_Texas_Rangers,0.87,0.7395,0.08351999999999998,OVER,LF  Randy Arozarena shows OVER value at 0.7 H. TC projection: 0.9 — edge: 0.13. Marginal conviction based on usage rate and defensive matchup.
2B  JJ Wetherholt,St. Louis Cardinals,mlb,H,Chicago_Cubs_at_St_Louis_Cardinals,0.86,0.731,0.08256000000000002,OVER,2B  JJ Wetherholt shows OVER value at 0.7 H. TC projection: 0.9 — edge: 0.13. Marginal conviction based on usage rate and defensive matchup.
2B  Ketel Marte,Arizona Diamondbacks,mlb,H,Arizona_Diamondbacks_at_Pittsburgh_Pirates,0.86,0.989,-0.18575999999999998,UNDER,2B  Ketel Marte shows UNDER value at 1.0 H. TC projection: 0.9 — edge: 0.13. Marginal conviction based on usage rate and defensive matchup.
1B  Matt Olson,Atlanta Braves,mlb,H,Atlanta_Braves_at_New_York_Mets,0.86,0.989,-0.18575999999999998,UNDER,Targeting 1B  Matt Olson UNDER 1.0 H. Model projects 0.9 (0.13 edge). Recent trends and opponent weakness support this play.
LF  Sam Antonacci,Chicago White Sox,mlb,H,New_York_Yankees_at_Chicago_White_Sox,0.86,0.989,-0.18575999999999998,UNDER,"Marginal +EV opportunity: LF  Sam Antonacci is projected for 0.9 H vs a line of 1.0, giving a UNDER edge of 0.13. Based on recent form, opponent matchup, and game context."
1B  Nick Kurtz,Athletics,mlb,BB,Boston_Red_Sox_at_Athletics,0.71,0.8378,-0.18403200000000003,UNDER,1B  Nick Kurtz shows UNDER value at 0.8 BB. TC projection: 0.7 — edge: 0.13. Marginal conviction based on usage rate and defensive matchup.
LF  Bryan Reynolds,Pittsburgh Pirates,mlb,H,Arizona_Diamondbacks_at_Pittsburgh_Pirates,0.85,0.9775,-0.18360000000000007,UNDER,LF  Bryan Reynolds shows UNDER value at 1.0 H. TC projection: 0.8 — edge: 0.13. Marginal conviction based on usage rate and defensive matchup.
2B  Ozzie Albies,Atlanta Braves,mlb,H,Atlanta_Braves_at_New_York_Mets,0.85,0.9775,-0.18360000000000007,UNDER,"Marginal +EV opportunity: 2B  Ozzie Albies is projected for 0.8 H vs a line of 1.0, giving a UNDER edge of 0.13. Based on recent form, opponent matchup, and game context."
2B  Gleyber Torres,Detroit Tigers,mlb,H,Baltimore_Orioles_at_Detroit_Tigers,0.85,0.9775,-0.18360000000000007,UNDER,"Marginal +EV opportunity: 2B  Gleyber Torres is projected for 0.8 H vs a line of 1.0, giving a UNDER edge of 0.13. Based on recent form, opponent matchup, and game context."
1B  Ben Rice,New York Yankees,mlb,H,New_York_Yankees_at_Chicago_White_Sox,0.85,0.9775,-0.18360000000000007,UNDER,1B  Ben Rice shows UNDER value at 1.0 H. TC projection: 0.8 — edge: 0.13. Marginal conviction based on usage rate and defensive matchup.
2B  Brandon Lowe,Pittsburgh Pirates,mlb,H,Arizona_Diamondbacks_at_Pittsburgh_Pirates,0.84,0.714,0.08064,OVER,Targeting 2B  Brandon Lowe OVER 0.7 H. Model projects 0.8 (0.13 edge). Recent trends and opponent weakness support this play.
RF  Esmerlyn Valdez,Pittsburgh Pirates,mlb,H,Arizona_Diamondbacks_at_Pittsburgh_Pirates,0.84,0.714,0.08064,OVER,RF  Esmerlyn Valdez shows OVER value at 0.7 H. TC projection: 0.8 — edge: 0.13. Marginal conviction based on usage rate and defensive matchup.
RF  Esmerlyn Valdez,Pittsburgh Pirates,mlb,RBI,Arizona_Diamondbacks_at_Pittsburgh_Pirates,0.84,0.714,0.08064,OVER,"Marginal +EV opportunity: RF  Esmerlyn Valdez is projected for 0.8 RBI vs a line of 0.7, giving a OVER edge of 0.13. Based on recent form, opponent matchup, and game context."
RF  Carson Benge,New York Mets,mlb,H,Atlanta_Braves_at_New_York_Mets,0.84,0.714,0.08064,OVER,RF  Carson Benge shows OVER value at 0.7 H. TC projection: 0.8 — edge: 0.13. Marginal conviction based on usage rate and defensive matchup.
1B  Willson Contreras,Boston Red Sox,mlb,H,Boston_Red_Sox_at_Athletics,0.84,0.966,-0.18144,UNDER,Targeting 1B  Willson Contreras UNDER 1.0 H. Model projects 0.8 (0.13 edge). Recent trends and opponent weakness support this play.
C   Liam Hicks,Miami Marlins,mlb,H,Philadelphia_Phillies_at_Miami_Marlins,0.84,0.966,-0.18144,UNDER,C   Liam Hicks shows UNDER value at 1.0 H. TC projection: 0.8 — edge: 0.13. Marginal conviction based on usage rate and defensive matchup.
1B  Josh Naylor,Seattle Mariners,mlb,H,Seattle_Mariners_at_Texas_Rangers,0.84,0.966,-0.18144,UNDER,1B  Josh Naylor shows UNDER value at 1.0 H. TC projection: 0.8 — edge: 0.13. Marginal conviction based on usage rate and defensive matchup.
1B  Nick Kurtz,Athletics,mlb,H,Boston_Red_Sox_at_Athletics,0.83,0.9545,-0.17928000000000008,UNDER,"Marginal +EV opportunity: 1B  Nick Kurtz is projected for 0.8 H vs a line of 1.0, giving a UNDER edge of 0.12. Based on recent form, opponent matchup, and game context."
RF  Seiya Suzuki,Chicago Cubs,mlb,H,Chicago_Cubs_at_St_Louis_Cardinals,0.83,0.9545,-0.17928000000000008,UNDER,Targeting RF  Seiya Suzuki UNDER 1.0 H. Model projects 0.8 (0.12 edge). Recent trends and opponent weakness support this play.
SS  Trea Turner,Philadelphia Phillies,mlb,H,Philadelphia_Phillies_at_Miami_Marlins,0.83,0.9545,-0.17928000000000008,UNDER,SS  Trea Turner shows UNDER value at 1.0 H. TC projection: 0.8 — edge: 0.12. Marginal conviction based on usage rate and defensive matchup.
CF  Julio Rodríguez,Seattle Mariners,mlb,H,Seattle_Mariners_at_Texas_Rangers,0.83,0.9545,-0.17928000000000008,UNDER,CF  Julio Rodríguez shows UNDER value at 1.0 H. TC projection: 0.8 — edge: 0.12. Marginal conviction based on usage rate and defensive matchup.
1B  Tyler Locklear,Arizona Diamondbacks,mlb,H,Arizona_Diamondbacks_at_Pittsburgh_Pirates,0.83,0.7055,0.07967999999999997,OVER,"Marginal +EV opportunity: 1B  Tyler Locklear is projected for 0.8 H vs a line of 0.7, giving a OVER edge of 0.12. Based on recent form, opponent matchup, and game context."
1B  Tyler Locklear,Arizona Diamondbacks,mlb,RBI,Arizona_Diamondbacks_at_Pittsburgh_Pirates,0.83,0.7055,0.07967999999999997,OVER,"Marginal +EV opportunity: 1B  Tyler Locklear is projected for 0.8 RBI vs a line of 0.7, giving a OVER edge of 0.12. Based on recent form, opponent matchup, and game context."
CF  Jake Mangum,Pittsburgh Pirates,mlb,H,Arizona_Diamondbacks_at_Pittsburgh_Pirates,0.83,0.7055,0.07967999999999997,OVER,Targeting CF  Jake Mangum OVER 0.7 H. Model projects 0.8 (0.12 edge). Recent trends and opponent weakness support this play.
1B  Sal Stewart,Cincinnati Reds,mlb,H,Cleveland_Guardians_at_Cincinnati_Reds,0.83,0.7055,0.07967999999999997,OVER,1B  Sal Stewart shows OVER value at 0.7 H. TC projection: 0.8 — edge: 0.12. Marginal conviction based on usage rate and defensive matchup.
LF  Mauricio Dubón,Atlanta Braves,mlb,H,Atlanta_Braves_at_New_York_Mets,0.82,0.697,0.07872000000000001,OVER,"Marginal +EV opportunity: LF  Mauricio Dubón is projected for 0.8 H vs a line of 0.7, giving a OVER edge of 0.12. Based on recent form, opponent matchup, and game context."
2B  Nico Hoerner,Chicago Cubs,mlb,H,Chicago_Cubs_at_St_Louis_Cardinals,0.82,0.697,0.07872000000000001,OVER,Targeting 2B  Nico Hoerner OVER 0.7 H. Model projects 0.8 (0.12 edge). Recent trends and opponent weakness support this play.
LF  Daylen Lile,Washington Nationals,mlb,H,Toronto_Blue_Jays_at_Washington_Nationals,0.82,0.697,0.07872000000000001,OVER,"Marginal +EV opportunity: LF  Daylen Lile is projected for 0.8 H vs a line of 0.7, giving a OVER edge of 0.12. Based on recent form, opponent matchup, and game context."
1B  Rafael Devers,San Francisco Giants,mlb,H,Milwaukee_Brewers_at_San_Francisco_Giants,0.82,0.943,-0.17711999999999997,UNDER,1B  Rafael Devers shows UNDER value at 0.9 H. TC projection: 0.8 — edge: 0.12. Marginal conviction based on usage rate and defensive matchup.
1B  Vladimir Guerrero Jr.,Toronto Blue Jays,mlb,H,Toronto_Blue_Jays_at_Washington_Nationals,0.82,0.943,-0.17711999999999997,UNDER,"Marginal +EV opportunity: 1B  Vladimir Guerrero Jr. is projected for 0.8 H vs a line of 0.9, giving a UNDER edge of 0.12. Based on recent form, opponent matchup, and game context."
1B  Munetaka Murakami,Chicago White Sox,mlb,BB,New_York_Yankees_at_Chicago_White_Sox,0.68,0.5576,0.07833600000000006,OVER,1B  Munetaka Murakami shows OVER value at 0.6 BB. TC projection: 0.7 — edge: 0.12. Marginal conviction based on usage rate and defensive matchup.
CF  A.J. Ewing,New York Mets,mlb,H,Atlanta_Braves_at_New_York_Mets,0.81,0.6885,0.07776000000000005,OVER,"Marginal +EV opportunity: CF  A.J. Ewing is projected for 0.8 H vs a line of 0.7, giving a OVER edge of 0.12. Based on recent form, opponent matchup, and game context."
RF  Wilyer Abreu,Boston Red Sox,mlb,H,Boston_Red_Sox_at_Athletics,0.81,0.6885,0.07776000000000005,OVER,RF  Wilyer Abreu shows OVER value at 0.7 H. TC projection: 0.8 — edge: 0.12. Marginal conviction based on usage rate and defensive matchup.
RF  Jo Adell,Los Angeles Angels,mlb,H,Houston_Astros_at_Los_Angeles_Angels,0.81,0.6885,0.07776000000000005,OVER,RF  Jo Adell shows OVER value at 0.7 H. TC projection: 0.8 — edge: 0.12. Marginal conviction based on usage rate and defensive matchup.
1B  Luis García Jr.,Washington Nationals,mlb,H,Toronto_Blue_Jays_at_Washington_Nationals,0.81,0.9315,-0.17495999999999992,UNDER,"Marginal +EV opportunity: 1B  Luis García Jr. is projected for 0.8 H vs a line of 0.9, giving a UNDER edge of 0.12. Based on recent form, opponent matchup, and game context."
RF  James Wood,Washington Nationals,mlb,BB,Toronto_Blue_Jays_at_Washington_Nationals,0.67,0.7906,-0.17366399999999987,UNDER,"Marginal +EV opportunity: RF  James Wood is projected for 0.7 BB vs a line of 0.8, giving a UNDER edge of 0.12. Based on recent form, opponent matchup, and game context."
DH  Christian Yelich,Milwaukee Brewers,mlb,H,Milwaukee_Brewers_at_San_Francisco_Giants,0.8,0.68,0.07680000000000001,OVER,DH  Christian Yelich shows OVER value at 0.7 H. TC projection: 0.8 — edge: 0.12. Marginal conviction based on usage rate and defensive matchup.
SS  Zach Neto,Los Angeles Angels,mlb,H,Houston_Astros_at_Los_Angeles_Angels,0.8,0.92,-0.17279999999999998,UNDER,Targeting SS  Zach Neto UNDER 0.9 H. Model projects 0.8 (0.12 edge). Recent trends and opponent weakness support this play.
SS  Ezequiel Duran,Texas Rangers,mlb,H,Seattle_Mariners_at_Texas_Rangers,0.8,0.92,-0.17279999999999998,UNDER,"Marginal +EV opportunity: SS  Ezequiel Duran is projected for 0.8 H vs a line of 0.9, giving a UNDER edge of 0.12. Based on recent form, opponent matchup, and game context."
RF  James Wood,Washington Nationals,mlb,R,Toronto_Blue_Jays_at_Washington_Nationals,0.79,0.6715,0.07584000000000005,OVER,Targeting RF  James Wood OVER 0.7 R. Model projects 0.8 (0.12 edge). Recent trends and opponent weakness support this play.
LF  Taylor Ward,Baltimore Orioles,mlb,H,Baltimore_Orioles_at_Detroit_Tigers,0.79,0.9085,-0.17063999999999988,UNDER,"Marginal +EV opportunity: LF  Taylor Ward is projected for 0.8 H vs a line of 0.9, giving a UNDER edge of 0.12. Based on recent form, opponent matchup, and game context."
3B  Isaac Paredes,Houston Astros,mlb,H,Houston_Astros_at_Los_Angeles_Angels,0.79,0.9085,-0.17063999999999988,UNDER,"Marginal +EV opportunity: 3B  Isaac Paredes is projected for 0.8 H vs a line of 0.9, giving a UNDER edge of 0.12. Based on recent form, opponent matchup, and game context."
RF  Corbin Carroll,Arizona Diamondbacks,mlb,H,Arizona_Diamondbacks_at_Pittsburgh_Pirates,0.78,0.663,0.07488,OVER,RF  Corbin Carroll shows OVER value at 0.7 H. TC projection: 0.8 — edge: 0.12. Marginal conviction based on usage rate and defensive matchup.
1B  Pete Alonso,Baltimore Orioles,mlb,H,Baltimore_Orioles_at_Detroit_Tigers,0.78,0.663,0.07488,OVER,"Marginal +EV opportunity: 1B  Pete Alonso is projected for 0.8 H vs a line of 0.7, giving a OVER edge of 0.12. Based on recent form, opponent matchup, and game context."
LF  Tyler Soderstrom,Athletics,mlb,H,Boston_Red_Sox_at_Athletics,0.78,0.663,0.07488,OVER,"Marginal +EV opportunity: LF  Tyler Soderstrom is projected for 0.8 H vs a line of 0.7, giving a OVER edge of 0.12. Based on recent form, opponent matchup, and game context."
DH  Iván Herrera,St. Louis Cardinals,mlb,H,Chicago_Cubs_at_St_Louis_Cardinals,0.78,0.663,0.07488,OVER,DH  Iván Herrera shows OVER value at 0.7 H. TC projection: 0.8 — edge: 0.12. Marginal conviction based on usage rate and defensive matchup.
SS  Brayan Rocchio,Cleveland Guardians,mlb,H,Cleveland_Guardians_at_Cincinnati_Reds,0.78,0.663,0.07488,OVER,SS  Brayan Rocchio shows OVER value at 0.7 H. TC projection: 0.8 — edge: 0.12. Marginal conviction based on usage rate and defensive matchup.
DH  Bryce Eldridge,San Francisco Giants,mlb,H,Milwaukee_Brewers_at_San_Francisco_Giants,0.78,0.663,0.07488,OVER,"Marginal +EV opportunity: DH  Bryce Eldridge is projected for 0.8 H vs a line of 0.7, giving a OVER edge of 0.12. Based on recent form, opponent matchup, and game context."
RF  Braden Montgomery,Chicago White Sox,mlb,H,New_York_Yankees_at_Chicago_White_Sox,0.78,0.663,0.07488,OVER,RF  Braden Montgomery shows OVER value at 0.7 H. TC projection: 0.8 — edge: 0.12. Marginal conviction based on usage rate and defensive matchup.
DH  Kyle Schwarber,Philadelphia Phillies,mlb,H,Philadelphia_Phillies_at_Miami_Marlins,0.78,0.663,0.07488,OVER,Targeting DH  Kyle Schwarber OVER 0.7 H. Model projects 0.8 (0.12 edge). Recent trends and opponent weakness support this play.
2B  Anthony Seigler,Boston Red Sox,mlb,H,Boston_Red_Sox_at_Athletics,0.78,0.897,-0.16848,UNDER,Targeting 2B  Anthony Seigler UNDER 0.9 H. Model projects 0.8 (0.12 edge). Recent trends and opponent weakness support this play.
3B  Alex Bregman,Chicago Cubs,mlb,H,Chicago_Cubs_at_St_Louis_Cardinals,0.77,0.6545,0.07392000000000003,OVER,"Marginal +EV opportunity: 3B  Alex Bregman is projected for 0.8 H vs a line of 0.7, giving a OVER edge of 0.12. Based on recent form, opponent matchup, and game context."
1B  Michael Busch,Chicago Cubs,mlb,H,Chicago_Cubs_at_St_Louis_Cardinals,0.77,0.6545,0.07392000000000003,OVER,1B  Michael Busch shows OVER value at 0.7 H. TC projection: 0.8 — edge: 0.12. Marginal conviction based on usage rate and defensive matchup.
3B  Denzer Guzman,Los Angeles Angels,mlb,H,Houston_Astros_at_Los_Angeles_Angels,0.77,0.6545,0.07392000000000003,OVER,"Marginal +EV opportunity: 3B  Denzer Guzman is projected for 0.8 H vs a line of 0.7, giving a OVER edge of 0.12. Based on recent form, opponent matchup, and game context."
2B  Cole Young,Seattle Mariners,mlb,H,Seattle_Mariners_at_Texas_Rangers,0.77,0.6545,0.07392000000000003,OVER,2B  Cole Young shows OVER value at 0.7 H. TC projection: 0.8 — edge: 0.12. Marginal conviction based on usage rate and defensive matchup.
CF  Mike Trout,Los Angeles Angels,mlb,H,Houston_Astros_at_Los_Angeles_Angels,0.77,0.8855,-0.16631999999999988,UNDER,"Marginal +EV opportunity: CF  Mike Trout is projected for 0.8 H vs a line of 0.9, giving a UNDER edge of 0.12. Based on recent form, opponent matchup, and game context."
3B  Miguel Vargas,Chicago White Sox,mlb,H,New_York_Yankees_at_Chicago_White_Sox,0.77,0.8855,-0.16631999999999988,UNDER,Targeting 3B  Miguel Vargas UNDER 0.9 H. Model projects 0.8 (0.12 edge). Recent trends and opponent weakness support this play.
LF  Taylor Ward,Baltimore Orioles,mlb,BB,Baltimore_Orioles_at_Detroit_Tigers,0.64,0.5248,0.07372799999999999,OVER,"Marginal +EV opportunity: LF  Taylor Ward is projected for 0.6 BB vs a line of 0.5, giving a OVER edge of 0.12. Based on recent form, opponent matchup, and game context."
1B  Jake Burger,Texas Rangers,mlb,H,Seattle_Mariners_at_Texas_Rangers,0.76,0.646,0.07296000000000001,OVER,1B  Jake Burger shows OVER value at 0.6 H. TC projection: 0.8 — edge: 0.11. Marginal conviction based on usage rate and defensive matchup.
SS  Gunnar Henderson,Baltimore Orioles,mlb,H,Baltimore_Orioles_at_Detroit_Tigers,0.76,0.874,-0.16415999999999997,UNDER,SS  Gunnar Henderson shows UNDER value at 0.9 H. TC projection: 0.8 — edge: 0.11. Marginal conviction based on usage rate and defensive matchup.
SS  Willy Adames,San Francisco Giants,mlb,H,Milwaukee_Brewers_at_San_Francisco_Giants,0.76,0.874,-0.16415999999999997,UNDER,Targeting SS  Willy Adames UNDER 0.9 H. Model projects 0.8 (0.11 edge). Recent trends and opponent weakness support this play.
1B  Paul Goldschmidt,New York Yankees,mlb,H,New_York_Yankees_at_Chicago_White_Sox,0.76,0.874,-0.16415999999999997,UNDER,Targeting 1B  Paul Goldschmidt UNDER 0.9 H. Model projects 0.8 (0.11 edge). Recent trends and opponent weakness support this play.
LF  Kyle Stowers,Miami Marlins,mlb,H,Philadelphia_Phillies_at_Miami_Marlins,0.76,0.874,-0.16415999999999997,UNDER,"Marginal +EV opportunity: LF  Kyle Stowers is projected for 0.8 H vs a line of 0.9, giving a UNDER edge of 0.11. Based on recent form, opponent matchup, and game context."
DH  George Springer,Toronto Blue Jays,mlb,H,Toronto_Blue_Jays_at_Washington_Nationals,0.76,0.874,-0.16415999999999997,UNDER,"Marginal +EV opportunity: DH  George Springer is projected for 0.8 H vs a line of 0.9, giving a UNDER edge of 0.11. Based on recent form, opponent matchup, and game context."
RF  Nathan Lukes,Toronto Blue Jays,mlb,H,Toronto_Blue_Jays_at_Washington_Nationals,0.76,0.874,-0.16415999999999997,UNDER,"Marginal +EV opportunity: RF  Nathan Lukes is projected for 0.8 H vs a line of 0.9, giving a UNDER edge of 0.11. Based on recent form, opponent matchup, and game context."
1B  Ildemaro Vargas,Arizona Diamondbacks,mlb,H,Arizona_Diamondbacks_at_Pittsburgh_Pirates,0.75,0.6375,0.07200000000000004,OVER,1B  Ildemaro Vargas shows OVER value at 0.6 H. TC projection: 0.8 — edge: 0.11. Marginal conviction based on usage rate and defensive matchup.
2B  Jose Altuve,Houston Astros,mlb,H,Houston_Astros_at_Los_Angeles_Angels,0.75,0.6375,0.07200000000000004,OVER,"Marginal +EV opportunity: 2B  Jose Altuve is projected for 0.8 H vs a line of 0.6, giving a OVER edge of 0.11. Based on recent form, opponent matchup, and game context."
SS  Cooper Pratt,Milwaukee Brewers,mlb,H,Milwaukee_Brewers_at_San_Francisco_Giants,0.75,0.6375,0.07200000000000004,OVER,SS  Cooper Pratt shows OVER value at 0.6 H. TC projection: 0.8 — edge: 0.11. Marginal conviction based on usage rate and defensive matchup.
2B  Nicky Lopez,Texas Rangers,mlb,H,Seattle_Mariners_at_Texas_Rangers,0.75,0.6375,0.07200000000000004,OVER,"Marginal +EV opportunity: 2B  Nicky Lopez is projected for 0.8 H vs a line of 0.6, giving a OVER edge of 0.11. Based on recent form, opponent matchup, and game context."
3B  Brady House,Washington Nationals,mlb,H,Toronto_Blue_Jays_at_Washington_Nationals,0.75,0.6375,0.07200000000000004,OVER,"Marginal +EV opportunity: 3B  Brady House is projected for 0.8 H vs a line of 0.6, giving a OVER edge of 0.11. Based on recent form, opponent matchup, and game context."
C   Keibert Ruiz,Washington Nationals,mlb,H,Toronto_Blue_Jays_at_Washington_Nationals,0.75,0.6375,0.07200000000000004,OVER,C   Keibert Ruiz shows OVER value at 0.6 H. TC projection: 0.8 — edge: 0.11. Marginal conviction based on usage rate and defensive matchup.
2B  Travis Bazzana,Cleveland Guardians,mlb,H,Cleveland_Guardians_at_Cincinnati_Reds,0.74,0.629,0.07103999999999999,OVER,2B  Travis Bazzana shows OVER value at 0.6 H. TC projection: 0.7 — edge: 0.11. Marginal conviction based on usage rate and defensive matchup.
SS  Francisco Lindor,New York Mets,mlb,H,Atlanta_Braves_at_New_York_Mets,0.74,0.851,-0.15983999999999998,UNDER,SS  Francisco Lindor shows UNDER value at 0.9 H. TC projection: 0.7 — edge: 0.11. Marginal conviction based on usage rate and defensive matchup.
SS  Masyn Winn,St. Louis Cardinals,mlb,H,Chicago_Cubs_at_St_Louis_Cardinals,0.74,0.851,-0.15983999999999998,UNDER,SS  Masyn Winn shows UNDER value at 0.9 H. TC projection: 0.7 — edge: 0.11. Marginal conviction based on usage rate and defensive matchup.
1B  Jake Bauers,Milwaukee Brewers,mlb,H,Milwaukee_Brewers_at_San_Francisco_Giants,0.74,0.851,-0.15983999999999998,UNDER,"Marginal +EV opportunity: 1B  Jake Bauers is projected for 0.7 H vs a line of 0.9, giving a UNDER edge of 0.11. Based on recent form, opponent matchup, and game context."
1B  Bryce Harper,Philadelphia Phillies,mlb,H,Philadelphia_Phillies_at_Miami_Marlins,0.74,0.851,-0.15983999999999998,UNDER,Targeting 1B  Bryce Harper UNDER 0.9 H. Model projects 0.7 (0.11 edge). Recent trends and opponent weakness support this play.
2B  Bryson Stott,Philadelphia Phillies,mlb,H,Philadelphia_Phillies_at_Miami_Marlins,0.74,0.851,-0.15983999999999998,UNDER,Targeting 2B  Bryson Stott UNDER 0.9 H. Model projects 0.7 (0.11 edge). Recent trends and opponent weakness support this play.
CF  Ryan Waldschmidt,Arizona Diamondbacks,mlb,H,Arizona_Diamondbacks_at_Pittsburgh_Pirates,0.73,0.8395,-0.15768000000000004,UNDER,"Marginal +EV opportunity: CF  Ryan Waldschmidt is projected for 0.7 H vs a line of 0.8, giving a UNDER edge of 0.11. Based on recent form, opponent matchup, and game context."
RF  Brewer Hicklen,Atlanta Braves,mlb,H,Atlanta_Braves_at_New_York_Mets,0.73,0.8395,-0.15768000000000004,UNDER,Targeting RF  Brewer Hicklen UNDER 0.8 H. Model projects 0.7 (0.11 edge). Recent trends and opponent weakness support this play.
C   Francisco Alvarez,New York Mets,mlb,H,Atlanta_Braves_at_New_York_Mets,0.73,0.8395,-0.15768000000000004,UNDER,"Marginal +EV opportunity: C   Francisco Alvarez is projected for 0.7 H vs a line of 0.8, giving a UNDER edge of 0.11. Based on recent form, opponent matchup, and game context."
LF  JJ Bleday,Cincinnati Reds,mlb,H,Cleveland_Guardians_at_Cincinnati_Reds,0.73,0.8395,-0.15768000000000004,UNDER,"Marginal +EV opportunity: LF  JJ Bleday is projected for 0.7 H vs a line of 0.8, giving a UNDER edge of 0.11. Based on recent form, opponent matchup, and game context."
3B  José Ramírez,Cleveland Guardians,mlb,H,Cleveland_Guardians_at_Cincinnati_Reds,0.73,0.6205,0.07007999999999996,OVER,3B  José Ramírez shows OVER value at 0.6 H. TC projection: 0.7 — edge: 0.11. Marginal conviction based on usage rate and defensive matchup.
C   Yainer Diaz,Houston Astros,mlb,H,Houston_Astros_at_Los_Angeles_Angels,0.73,0.6205,0.07007999999999996,OVER,C   Yainer Diaz shows OVER value at 0.6 H. TC projection: 0.7 — edge: 0.11. Marginal conviction based on usage rate and defensive matchup.
2B  Vaughn Grissom,Los Angeles Angels,mlb,H,Houston_Astros_at_Los_Angeles_Angels,0.73,0.6205,0.07007999999999996,OVER,2B  Vaughn Grissom shows OVER value at 0.6 H. TC projection: 0.7 — edge: 0.11. Marginal conviction based on usage rate and defensive matchup.
LF  Wade Meckler,Los Angeles Angels,mlb,H,Houston_Astros_at_Los_Angeles_Angels,0.73,0.6205,0.07007999999999996,OVER,Targeting LF  Wade Meckler OVER 0.6 H. Model projects 0.7 (0.11 edge). Recent trends and opponent weakness support this play.
1B  Munetaka Murakami,Chicago White Sox,mlb,H,New_York_Yankees_at_Chicago_White_Sox,0.73,0.6205,0.07007999999999996,OVER,"Marginal +EV opportunity: 1B  Munetaka Murakami is projected for 0.7 H vs a line of 0.6, giving a OVER edge of 0.11. Based on recent form, opponent matchup, and game context."
RF  Dylan Crews,Washington Nationals,mlb,H,Toronto_Blue_Jays_at_Washington_Nationals,0.73,0.6205,0.07007999999999996,OVER,RF  Dylan Crews shows OVER value at 0.6 H. TC projection: 0.7 — edge: 0.11. Marginal conviction based on usage rate and defensive matchup.
2B  Gleyber Torres,Detroit Tigers,mlb,BB,Baltimore_Orioles_at_Detroit_Tigers,0.6,0.708,-0.15551999999999996,UNDER,2B  Gleyber Torres shows UNDER value at 0.7 BB. TC projection: 0.6 — edge: 0.11. Marginal conviction based on usage rate and defensive matchup.
1B  Spencer Steer,Cincinnati Reds,mlb,H,Cleveland_Guardians_at_Cincinnati_Reds,0.72,0.828,-0.15551999999999996,UNDER,1B  Spencer Steer shows UNDER value at 0.8 H. TC projection: 0.7 — edge: 0.11. Marginal conviction based on usage rate and defensive matchup.
CF  Garrett Mitchell,Milwaukee Brewers,mlb,H,Milwaukee_Brewers_at_San_Francisco_Giants,0.72,0.828,-0.15551999999999996,UNDER,"Marginal +EV opportunity: CF  Garrett Mitchell is projected for 0.7 H vs a line of 0.8, giving a UNDER edge of 0.11. Based on recent form, opponent matchup, and game context."
1B  Christian Walker,Houston Astros,mlb,H,Houston_Astros_at_Los_Angeles_Angels,0.71,0.8165,-0.15336000000000005,UNDER,Targeting 1B  Christian Walker UNDER 0.8 H. Model projects 0.7 (0.11 edge). Recent trends and opponent weakness support this play.
SS  Colson Montgomery,Chicago White Sox,mlb,H,New_York_Yankees_at_Chicago_White_Sox,0.71,0.8165,-0.15336000000000005,UNDER,"Marginal +EV opportunity: SS  Colson Montgomery is projected for 0.7 H vs a line of 0.8, giving a UNDER edge of 0.11. Based on recent form, opponent matchup, and game context."
CF  Steven Kwan,Cleveland Guardians,mlb,H,Cleveland_Guardians_at_Cincinnati_Reds,0.7,0.805,-0.15120000000000014,UNDER,CF  Steven Kwan shows UNDER value at 0.8 H. TC projection: 0.7 — edge: 0.11. Marginal conviction based on usage rate and defensive matchup.
RF  Brewer Hicklen,Atlanta Braves,mlb,2B,Atlanta_Braves_at_New_York_Mets,0.42,0.525,-0.15120000000000003,UNDER,RF  Brewer Hicklen shows UNDER value at 0.5 2B. TC projection: 0.4 — edge: 0.11. Marginal conviction based on usage rate and defensive matchup.
1B  Andrew Vaughn,Milwaukee Brewers,mlb,H,Milwaukee_Brewers_at_San_Francisco_Giants,0.7,0.595,0.0672,OVER,"Marginal +EV opportunity: 1B  Andrew Vaughn is projected for 0.7 H vs a line of 0.6, giving a OVER edge of 0.10. Based on recent form, opponent matchup, and game context."
RF  Jasson Domínguez,New York Yankees,mlb,H,New_York_Yankees_at_Chicago_White_Sox,0.7,0.595,0.0672,OVER,Targeting RF  Jasson Domínguez OVER 0.6 H. Model projects 0.7 (0.10 edge). Recent trends and opponent weakness support this play.
SS  CJ Abrams,Washington Nationals,mlb,RBI,Toronto_Blue_Jays_at_Washington_Nationals,0.7,0.595,0.0672,OVER,Targeting SS  CJ Abrams OVER 0.6 RBI. Model projects 0.7 (0.10 edge). Recent trends and opponent weakness support this play.
3B  Nolan Arenado,Arizona Diamondbacks,mlb,H,Arizona_Diamondbacks_at_Pittsburgh_Pirates,0.69,0.7935,-0.14904000000000003,UNDER,"Marginal +EV opportunity: 3B  Nolan Arenado is projected for 0.7 H vs a line of 0.8, giving a UNDER edge of 0.10. Based on recent form, opponent matchup, and game context."
3B  Curtis Mead,Boston Red Sox,mlb,H,Boston_Red_Sox_at_Athletics,0.69,0.7935,-0.14904000000000003,UNDER,Targeting 3B  Curtis Mead UNDER 0.8 H. Model projects 0.7 (0.10 edge). Recent trends and opponent weakness support this play.
CF  Henry Bolte,Athletics,mlb,H,Boston_Red_Sox_at_Athletics,0.69,0.7935,-0.14904000000000003,UNDER,CF  Henry Bolte shows UNDER value at 0.8 H. TC projection: 0.7 — edge: 0.10. Marginal conviction based on usage rate and defensive matchup.
3B  Javier Sanoja,Miami Marlins,mlb,H,Philadelphia_Phillies_at_Miami_Marlins,0.69,0.7935,-0.14904000000000003,UNDER,Targeting 3B  Javier Sanoja UNDER 0.8 H. Model projects 0.7 (0.10 edge). Recent trends and opponent weakness support this play.
C   Harry Ford,Washington Nationals,mlb,RBI,Toronto_Blue_Jays_at_Washington_Nationals,0.69,0.7935,-0.14904000000000003,UNDER,Targeting C   Harry Ford UNDER 0.8 RBI. Model projects 0.7 (0.10 edge). Recent trends and opponent weakness support this play.
CF  Daulton Varsho,Toronto Blue Jays,mlb,H,Toronto_Blue_Jays_at_Washington_Nationals,0.69,0.5865,0.06623999999999995,OVER,"Marginal +EV opportunity: CF  Daulton Varsho is projected for 0.7 H vs a line of 0.6, giving a OVER edge of 0.10. Based on recent form, opponent matchup, and game context."
C   Harry Ford,Washington Nationals,mlb,H,Toronto_Blue_Jays_at_Washington_Nationals,0.69,0.5865,0.06623999999999995,OVER,C   Harry Ford shows OVER value at 0.6 H. TC projection: 0.7 — edge: 0.10. Marginal conviction based on usage rate and defensive matchup.
LF  Ian Happ,Chicago Cubs,mlb,H,Chicago_Cubs_at_St_Louis_Cardinals,0.68,0.578,0.06528000000000006,OVER,LF  Ian Happ shows OVER value at 0.6 H. TC projection: 0.7 — edge: 0.10. Marginal conviction based on usage rate and defensive matchup.
3B  Blaze Jordan,St. Louis Cardinals,mlb,H,Chicago_Cubs_at_St_Louis_Cardinals,0.68,0.578,0.06528000000000006,OVER,"Marginal +EV opportunity: 3B  Blaze Jordan is projected for 0.7 H vs a line of 0.6, giving a OVER edge of 0.10. Based on recent form, opponent matchup, and game context."
LF  Lars Nootbaar,St. Louis Cardinals,mlb,H,Chicago_Cubs_at_St_Louis_Cardinals,0.68,0.578,0.06528000000000006,OVER,LF  Lars Nootbaar shows OVER value at 0.6 H. TC projection: 0.7 — edge: 0.10. Marginal conviction based on usage rate and defensive matchup.
CF  Tristan Peters,Chicago White Sox,mlb,H,New_York_Yankees_at_Chicago_White_Sox,0.68,0.578,0.06528000000000006,OVER,CF  Tristan Peters shows OVER value at 0.6 H. TC projection: 0.7 — edge: 0.10. Marginal conviction based on usage rate and defensive matchup.
3B  Kazuma Okamoto,Toronto Blue Jays,mlb,H,Toronto_Blue_Jays_at_Washington_Nationals,0.68,0.578,0.06528000000000006,OVER,"Marginal +EV opportunity: 3B  Kazuma Okamoto is projected for 0.7 H vs a line of 0.6, giving a OVER edge of 0.10. Based on recent form, opponent matchup, and game context."
SS  Geraldo Perdomo,Arizona Diamondbacks,mlb,H,Arizona_Diamondbacks_at_Pittsburgh_Pirates,0.68,0.782,-0.14687999999999996,UNDER,SS  Geraldo Perdomo shows UNDER value at 0.8 H. TC projection: 0.7 — edge: 0.10. Marginal conviction based on usage rate and defensive matchup.
3B  Donovan Walton,Athletics,mlb,H,Boston_Red_Sox_at_Athletics,0.68,0.782,-0.14687999999999996,UNDER,3B  Donovan Walton shows UNDER value at 0.8 H. TC projection: 0.7 — edge: 0.10. Marginal conviction based on usage rate and defensive matchup.
3B  Alec Bohm,Philadelphia Phillies,mlb,H,Philadelphia_Phillies_at_Miami_Marlins,0.68,0.782,-0.14687999999999996,UNDER,3B  Alec Bohm shows UNDER value at 0.8 H. TC projection: 0.7 — edge: 0.10. Marginal conviction based on usage rate and defensive matchup.
SS  Geraldo Perdomo,Arizona Diamondbacks,mlb,BB,Arizona_Diamondbacks_at_Pittsburgh_Pirates,0.56,0.4592,0.06451200000000004,OVER,Targeting SS  Geraldo Perdomo OVER 0.5 BB. Model projects 0.6 (0.10 edge). Recent trends and opponent weakness support this play.
DH  Yordan Alvarez,Houston Astros,mlb,BB,Houston_Astros_at_Los_Angeles_Angels,0.56,0.6608,-0.145152,UNDER,DH  Yordan Alvarez shows UNDER value at 0.7 BB. TC projection: 0.6 — edge: 0.10. Marginal conviction based on usage rate and defensive matchup.
1B  Munetaka Murakami,Chicago White Sox,mlb,R,New_York_Yankees_at_Chicago_White_Sox,0.67,0.5695,0.06432000000000003,OVER,Targeting 1B  Munetaka Murakami OVER 0.6 R. Model projects 0.7 (0.10 edge). Recent trends and opponent weakness support this play.
SS  Jim Jarvis,Atlanta Braves,mlb,H,Atlanta_Braves_at_New_York_Mets,0.67,0.7705,-0.14471999999999988,UNDER,"Marginal +EV opportunity: SS  Jim Jarvis is projected for 0.7 H vs a line of 0.8, giving a UNDER edge of 0.10. Based on recent form, opponent matchup, and game context."
C   Carson Kelly,Chicago Cubs,mlb,H,Chicago_Cubs_at_St_Louis_Cardinals,0.67,0.7705,-0.14471999999999988,UNDER,"Marginal +EV opportunity: C   Carson Kelly is projected for 0.7 H vs a line of 0.8, giving a UNDER edge of 0.10. Based on recent form, opponent matchup, and game context."
C   Tyler Stephenson,Cincinnati Reds,mlb,H,Cleveland_Guardians_at_Cincinnati_Reds,0.66,0.561,0.06336,OVER,"Marginal +EV opportunity: C   Tyler Stephenson is projected for 0.7 H vs a line of 0.6, giving a OVER edge of 0.10. Based on recent form, opponent matchup, and game context."
SS  Jeremy Peña,Houston Astros,mlb,R,Houston_Astros_at_Los_Angeles_Angels,0.66,0.561,0.06336,OVER,Targeting SS  Jeremy Peña OVER 0.6 R. Model projects 0.7 (0.10 edge). Recent trends and opponent weakness support this play.
SS  José Caballero,New York Yankees,mlb,H,New_York_Yankees_at_Chicago_White_Sox,0.66,0.561,0.06336,OVER,Targeting SS  José Caballero OVER 0.6 H. Model projects 0.7 (0.10 edge). Recent trends and opponent weakness support this play.
LF  Heriberto Hernández,Miami Marlins,mlb,H,Philadelphia_Phillies_at_Miami_Marlins,0.66,0.561,0.06336,OVER,"Marginal +EV opportunity: LF  Heriberto Hernández is projected for 0.7 H vs a line of 0.6, giving a OVER edge of 0.10. Based on recent form, opponent matchup, and game context."
3B  Austin Riley,Atlanta Braves,mlb,H,Atlanta_Braves_at_New_York_Mets,0.66,0.759,-0.14255999999999994,UNDER,"Marginal +EV opportunity: 3B  Austin Riley is projected for 0.7 H vs a line of 0.8, giving a UNDER edge of 0.10. Based on recent form, opponent matchup, and game context."
2B  Hao-Yu Lee,Detroit Tigers,mlb,H,Baltimore_Orioles_at_Detroit_Tigers,0.66,0.759,-0.14255999999999994,UNDER,Targeting 2B  Hao-Yu Lee UNDER 0.8 H. Model projects 0.7 (0.10 edge). Recent trends and opponent weakness support this play.
C   Jonah Heim,Athletics,mlb,H,Boston_Red_Sox_at_Athletics,0.66,0.759,-0.14255999999999994,UNDER,C   Jonah Heim shows UNDER value at 0.8 H. TC projection: 0.7 — edge: 0.10. Marginal conviction based on usage rate and defensive matchup.
RF  Ryan O'Hearn,Pittsburgh Pirates,mlb,RBI,Arizona_Diamondbacks_at_Pittsburgh_Pirates,0.65,0.5525,0.062400000000000025,OVER,"Marginal +EV opportunity: RF  Ryan O'Hearn is projected for 0.7 RBI vs a line of 0.6, giving a OVER edge of 0.10. Based on recent form, opponent matchup, and game context."
3B  Caleb Durbin,Boston Red Sox,mlb,H,Boston_Red_Sox_at_Athletics,0.65,0.5525,0.062400000000000025,OVER,Targeting 3B  Caleb Durbin OVER 0.6 H. Model projects 0.7 (0.10 edge). Recent trends and opponent weakness support this play.
LF  Angel Martínez,Cleveland Guardians,mlb,H,Cleveland_Guardians_at_Cincinnati_Reds,0.65,0.5525,0.062400000000000025,OVER,Targeting LF  Angel Martínez OVER 0.6 H. Model projects 0.7 (0.10 edge). Recent trends and opponent weakness support this play.
2B  Marcus Semien,New York Mets,mlb,H,Atlanta_Braves_at_New_York_Mets,0.65,0.7475,-0.14040000000000002,UNDER,"Marginal +EV opportunity: 2B  Marcus Semien is projected for 0.7 H vs a line of 0.7, giving a UNDER edge of 0.10. Based on recent form, opponent matchup, and game context."
RF  Carlos Cortes,Athletics,mlb,H,Boston_Red_Sox_at_Athletics,0.65,0.7475,-0.14040000000000002,UNDER,Targeting RF  Carlos Cortes UNDER 0.7 H. Model projects 0.7 (0.10 edge). Recent trends and opponent weakness support this play.
2B  Jeff McNeil,Athletics,mlb,H,Boston_Red_Sox_at_Athletics,0.65,0.7475,-0.14040000000000002,UNDER,Targeting 2B  Jeff McNeil UNDER 0.7 H. Model projects 0.7 (0.10 edge). Recent trends and opponent weakness support this play.
RF  Jordan Walker,St. Louis Cardinals,mlb,RBI,Chicago_Cubs_at_St_Louis_Cardinals,0.65,0.7475,-0.14040000000000002,UNDER,RF  Jordan Walker shows UNDER value at 0.7 RBI. TC projection: 0.7 — edge: 0.10. Marginal conviction based on usage rate and defensive matchup.
DH  Eugenio Suárez,Cincinnati Reds,mlb,H,Cleveland_Guardians_at_Cincinnati_Reds,0.65,0.7475,-0.14040000000000002,UNDER,"Marginal +EV opportunity: DH  Eugenio Suárez is projected for 0.7 H vs a line of 0.7, giving a UNDER edge of 0.10. Based on recent form, opponent matchup, and game context."
DH  Nathaniel Lowe,Cincinnati Reds,mlb,H,Cleveland_Guardians_at_Cincinnati_Reds,0.65,0.7475,-0.14040000000000002,UNDER,Targeting DH  Nathaniel Lowe UNDER 0.7 H. Model projects 0.7 (0.10 edge). Recent trends and opponent weakness support this play.
2B  Jazz Chisholm Jr.,New York Yankees,mlb,H,New_York_Yankees_at_Chicago_White_Sox,0.65,0.7475,-0.14040000000000002,UNDER,2B  Jazz Chisholm Jr. shows UNDER value at 0.7 H. TC projection: 0.7 — edge: 0.10. Marginal conviction based on usage rate and defensive matchup.
DH  Andrew Benintendi,Chicago White Sox,mlb,H,New_York_Yankees_at_Chicago_White_Sox,0.65,0.7475,-0.14040000000000002,UNDER,"Marginal +EV opportunity: DH  Andrew Benintendi is projected for 0.7 H vs a line of 0.7, giving a UNDER edge of 0.10. Based on recent form, opponent matchup, and game context."
2B  Nasim Nuñez,Washington Nationals,mlb,H,Toronto_Blue_Jays_at_Washington_Nationals,0.65,0.7475,-0.14040000000000002,UNDER,"Marginal +EV opportunity: 2B  Nasim Nuñez is projected for 0.7 H vs a line of 0.7, giving a UNDER edge of 0.10. Based on recent form, opponent matchup, and game context."
SS  Kevin McGonigle,Detroit Tigers,mlb,BB,Baltimore_Orioles_at_Detroit_Tigers,0.54,0.6372,-0.13996799999999993,UNDER,SS  Kevin McGonigle shows UNDER value at 0.6 BB. TC projection: 0.5 — edge: 0.10. Marginal conviction based on usage rate and defensive matchup.
1B  Nick Kurtz,Athletics,mlb,RBI,Boston_Red_Sox_at_Athletics,0.64,0.544,0.06143999999999999,OVER,1B  Nick Kurtz shows OVER value at 0.5 RBI. TC projection: 0.6 — edge: 0.10. Marginal conviction based on usage rate and defensive matchup.
C   Alejandro Kirk,Toronto Blue Jays,mlb,H,Toronto_Blue_Jays_at_Washington_Nationals,0.64,0.544,0.06143999999999999,OVER,C   Alejandro Kirk shows OVER value at 0.5 H. TC projection: 0.6 — edge: 0.10. Marginal conviction based on usage rate and defensive matchup.
3B  Colt Keith,Detroit Tigers,mlb,H,Baltimore_Orioles_at_Detroit_Tigers,0.64,0.736,-0.13823999999999995,UNDER,Targeting 3B  Colt Keith UNDER 0.7 H. Model projects 0.6 (0.10 edge). Recent trends and opponent weakness support this play.
LF  Jarren Duran,Boston Red Sox,mlb,H,Boston_Red_Sox_at_Athletics,0.64,0.736,-0.13823999999999995,UNDER,Targeting LF  Jarren Duran UNDER 0.7 H. Model projects 0.6 (0.10 edge). Recent trends and opponent weakness support this play.
DH  Jorge Soler,Los Angeles Angels,mlb,H,Houston_Astros_at_Los_Angeles_Angels,0.64,0.736,-0.13823999999999995,UNDER,Targeting DH  Jorge Soler UNDER 0.7 H. Model projects 0.6 (0.10 edge). Recent trends and opponent weakness support this play.
RF  Luis Lara,Milwaukee Brewers,mlb,H,Milwaukee_Brewers_at_San_Francisco_Giants,0.64,0.736,-0.13823999999999995,UNDER,RF  Luis Lara shows UNDER value at 0.7 H. TC projection: 0.6 — edge: 0.10. Marginal conviction based on usage rate and defensive matchup.
SS  J.P. Crawford,Seattle Mariners,mlb,H,Seattle_Mariners_at_Texas_Rangers,0.64,0.736,-0.13823999999999995,UNDER,SS  J.P. Crawford shows UNDER value at 0.7 H. TC projection: 0.6 — edge: 0.10. Marginal conviction based on usage rate and defensive matchup.
DH  Joc Pederson,Texas Rangers,mlb,H,Seattle_Mariners_at_Texas_Rangers,0.64,0.736,-0.13823999999999995,UNDER,"Marginal +EV opportunity: DH  Joc Pederson is projected for 0.6 H vs a line of 0.7, giving a UNDER edge of 0.10. Based on recent form, opponent matchup, and game context."
CF  Jacob Young,Washington Nationals,mlb,H,Toronto_Blue_Jays_at_Washington_Nationals,0.64,0.736,-0.13823999999999995,UNDER,"Marginal +EV opportunity: CF  Jacob Young is projected for 0.6 H vs a line of 0.7, giving a UNDER edge of 0.10. Based on recent form, opponent matchup, and game context."
LF  LaMonte Wade Jr.,Houston Astros,mlb,BB,Houston_Astros_at_Los_Angeles_Angels,0.53,0.4346,0.061056000000000034,OVER,LF  LaMonte Wade Jr. shows OVER value at 0.4 BB. TC projection: 0.5 — edge: 0.10. Marginal conviction based on usage rate and defensive matchup.
1B  Michael Busch,Chicago Cubs,mlb,BB,Chicago_Cubs_at_St_Louis_Cardinals,0.53,0.6254,-0.1373759999999999,UNDER,Targeting 1B  Michael Busch UNDER 0.6 BB. Model projects 0.5 (0.10 edge). Recent trends and opponent weakness support this play.
SS  Jared Triolo,Pittsburgh Pirates,mlb,H,Arizona_Diamondbacks_at_Pittsburgh_Pirates,0.63,0.5355,0.06048000000000003,OVER,SS  Jared Triolo shows OVER value at 0.5 H. TC projection: 0.6 — edge: 0.09. Marginal conviction based on usage rate and defensive matchup.
2B  Pedro Ramírez,Chicago Cubs,mlb,H,Chicago_Cubs_at_St_Louis_Cardinals,0.63,0.5355,0.06048000000000003,OVER,Targeting 2B  Pedro Ramírez OVER 0.5 H. Model projects 0.6 (0.09 edge). Recent trends and opponent weakness support this play.
C   J.T. Realmuto,Philadelphia Phillies,mlb,H,Philadelphia_Phillies_at_Miami_Marlins,0.63,0.5355,0.06048000000000003,OVER,"Marginal +EV opportunity: C   J.T. Realmuto is projected for 0.6 H vs a line of 0.5, giving a OVER edge of 0.09. Based on recent form, opponent matchup, and game context."
DH  Masataka Yoshida,Boston Red Sox,mlb,H,Boston_Red_Sox_at_Athletics,0.63,0.7245,-0.13608000000000003,UNDER,DH  Masataka Yoshida shows UNDER value at 0.7 H. TC projection: 0.6 — edge: 0.09. Marginal conviction based on usage rate and defensive matchup.
SS  Dansby Swanson,Chicago Cubs,mlb,H,Chicago_Cubs_at_St_Louis_Cardinals,0.63,0.7245,-0.13608000000000003,UNDER,SS  Dansby Swanson shows UNDER value at 0.7 H. TC projection: 0.6 — edge: 0.09. Marginal conviction based on usage rate and defensive matchup.
1B  Sal Stewart,Cincinnati Reds,mlb,RBI,Cleveland_Guardians_at_Cincinnati_Reds,0.63,0.7245,-0.13608000000000003,UNDER,1B  Sal Stewart shows UNDER value at 0.7 RBI. TC projection: 0.6 — edge: 0.09. Marginal conviction based on usage rate and defensive matchup.
SS  Anthony Volpe,New York Yankees,mlb,H,New_York_Yankees_at_Chicago_White_Sox,0.63,0.7245,-0.13608000000000003,UNDER,SS  Anthony Volpe shows UNDER value at 0.7 H. TC projection: 0.6 — edge: 0.09. Marginal conviction based on usage rate and defensive matchup.
LF  Bryan Reynolds,Pittsburgh Pirates,mlb,BB,Arizona_Diamondbacks_at_Pittsburgh_Pirates,0.52,0.4264,0.05990400000000001,OVER,"Marginal +EV opportunity: LF  Bryan Reynolds is projected for 0.5 BB vs a line of 0.4, giving a OVER edge of 0.09. Based on recent form, opponent matchup, and game context."
C   Gary Sánchez,Milwaukee Brewers,mlb,BB,Milwaukee_Brewers_at_San_Francisco_Giants,0.52,0.4264,0.05990400000000001,OVER,C   Gary Sánchez shows OVER value at 0.4 BB. TC projection: 0.5 — edge: 0.09. Marginal conviction based on usage rate and defensive matchup.
DH  Kyle Schwarber,Philadelphia Phillies,mlb,BB,Philadelphia_Phillies_at_Miami_Marlins,0.52,0.4264,0.05990400000000001,OVER,"Marginal +EV opportunity: DH  Kyle Schwarber is projected for 0.5 BB vs a line of 0.4, giving a OVER edge of 0.09. Based on recent form, opponent matchup, and game context."
C   James McCann,Arizona Diamondbacks,mlb,H,Arizona_Diamondbacks_at_Pittsburgh_Pirates,0.62,0.527,0.05951999999999999,OVER,"Marginal +EV opportunity: C   James McCann is projected for 0.6 H vs a line of 0.5, giving a OVER edge of 0.09. Based on recent form, opponent matchup, and game context."
DH  Marcell Ozuna,Pittsburgh Pirates,mlb,H,Arizona_Diamondbacks_at_Pittsburgh_Pirates,0.62,0.527,0.05951999999999999,OVER,Targeting DH  Marcell Ozuna OVER 0.5 H. Model projects 0.6 (0.09 edge). Recent trends and opponent weakness support this play.
RF  Dylan Beavers,Baltimore Orioles,mlb,H,Baltimore_Orioles_at_Detroit_Tigers,0.62,0.527,0.05951999999999999,OVER,"Marginal +EV opportunity: RF  Dylan Beavers is projected for 0.6 H vs a line of 0.5, giving a OVER edge of 0.09. Based on recent form, opponent matchup, and game context."
C   Jose Trevino,Cincinnati Reds,mlb,H,Cleveland_Guardians_at_Cincinnati_Reds,0.62,0.527,0.05951999999999999,OVER,"Marginal +EV opportunity: C   Jose Trevino is projected for 0.6 H vs a line of 0.5, giving a OVER edge of 0.09. Based on recent form, opponent matchup, and game context."
CF  Trent Grisham,New York Yankees,mlb,H,New_York_Yankees_at_Chicago_White_Sox,0.62,0.527,0.05951999999999999,OVER,Targeting CF  Trent Grisham OVER 0.5 H. Model projects 0.6 (0.09 edge). Recent trends and opponent weakness support this play.
CF  Justin Crawford,Philadelphia Phillies,mlb,H,Philadelphia_Phillies_at_Miami_Marlins,0.62,0.527,0.05951999999999999,OVER,"Marginal +EV opportunity: CF  Justin Crawford is projected for 0.6 H vs a line of 0.5, giving a OVER edge of 0.09. Based on recent form, opponent matchup, and game context."
1B  Luis García Jr.,Washington Nationals,mlb,RBI,Toronto_Blue_Jays_at_Washington_Nationals,0.62,0.527,0.05951999999999999,OVER,"Marginal +EV opportunity: 1B  Luis García Jr. is projected for 0.6 RBI vs a line of 0.5, giving a OVER edge of 0.09. Based on recent form, opponent matchup, and game context."
2B  Edwin Arroyo,Cincinnati Reds,mlb,H,Cleveland_Guardians_at_Cincinnati_Reds,0.62,0.713,-0.13391999999999996,UNDER,Targeting 2B  Edwin Arroyo UNDER 0.7 H. Model projects 0.6 (0.09 edge). Recent trends and opponent weakness support this play.
LF  Yohendrick Piñango,Toronto Blue Jays,mlb,H,Toronto_Blue_Jays_at_Washington_Nationals,0.62,0.713,-0.13391999999999996,UNDER,LF  Yohendrick Piñango shows UNDER value at 0.7 H. TC projection: 0.6 — edge: 0.09. Marginal conviction based on usage rate and defensive matchup.
CF  Luis Robert Jr.,New York Mets,mlb,H,Atlanta_Braves_at_New_York_Mets,0.61,0.5185,0.05856000000000003,OVER,Targeting CF  Luis Robert Jr. OVER 0.5 H. Model projects 0.6 (0.09 edge). Recent trends and opponent weakness support this play.
3B  Gabriel Arias,Cleveland Guardians,mlb,H,Cleveland_Guardians_at_Cincinnati_Reds,0.61,0.5185,0.05856000000000003,OVER,3B  Gabriel Arias shows OVER value at 0.5 H. TC projection: 0.6 — edge: 0.09. Marginal conviction based on usage rate and defensive matchup.
DH  Yordan Alvarez,Houston Astros,mlb,RBI,Houston_Astros_at_Los_Angeles_Angels,0.61,0.5185,0.05856000000000003,OVER,DH  Yordan Alvarez shows OVER value at 0.5 RBI. TC projection: 0.6 — edge: 0.09. Marginal conviction based on usage rate and defensive matchup.
2B  Oswald Peraza,Los Angeles Angels,mlb,H,Houston_Astros_at_Los_Angeles_Angels,0.61,0.5185,0.05856000000000003,OVER,2B  Oswald Peraza shows OVER value at 0.5 H. TC projection: 0.6 — edge: 0.09. Marginal conviction based on usage rate and defensive matchup.
C   Joe Mack,Miami Marlins,mlb,H,Philadelphia_Phillies_at_Miami_Marlins,0.61,0.5185,0.05856000000000003,OVER,Targeting C   Joe Mack OVER 0.5 H. Model projects 0.6 (0.09 edge). Recent trends and opponent weakness support this play.
SS  Andrés Giménez,Toronto Blue Jays,mlb,H,Toronto_Blue_Jays_at_Washington_Nationals,0.61,0.5185,0.05856000000000003,OVER,"Marginal +EV opportunity: SS  Andrés Giménez is projected for 0.6 H vs a line of 0.5, giving a OVER edge of 0.09. Based on recent form, opponent matchup, and game context."
RF  Esmerlyn Valdez,Pittsburgh Pirates,mlb,R,Arizona_Diamondbacks_at_Pittsburgh_Pirates,0.61,0.7015,-0.13176000000000002,UNDER,"Marginal +EV opportunity: RF  Esmerlyn Valdez is projected for 0.6 R vs a line of 0.7, giving a UNDER edge of 0.09. Based on recent form, opponent matchup, and game context."
C   Dillon Dingler,Detroit Tigers,mlb,RBI,Baltimore_Orioles_at_Detroit_Tigers,0.61,0.7015,-0.13176000000000002,UNDER,C   Dillon Dingler shows UNDER value at 0.7 RBI. TC projection: 0.6 — edge: 0.09. Marginal conviction based on usage rate and defensive matchup.
DH  Dominic Canzone,Seattle Mariners,mlb,H,Seattle_Mariners_at_Texas_Rangers,0.61,0.7015,-0.13176000000000002,UNDER,DH  Dominic Canzone shows UNDER value at 0.7 H. TC projection: 0.6 — edge: 0.09. Marginal conviction based on usage rate and defensive matchup.
2B  Brice Turang,Milwaukee Brewers,mlb,BB,Milwaukee_Brewers_at_San_Francisco_Giants,0.5,0.41,0.05760000000000002,OVER,Targeting 2B  Brice Turang OVER 0.4 BB. Model projects 0.5 (0.09 edge). Recent trends and opponent weakness support this play.
SS  J.P. Crawford,Seattle Mariners,mlb,BB,Seattle_Mariners_at_Texas_Rangers,0.5,0.41,0.05760000000000002,OVER,SS  J.P. Crawford shows OVER value at 0.4 BB. TC projection: 0.5 — edge: 0.09. Marginal conviction based on usage rate and defensive matchup.
3B  Christian Encarnacion-Strand,Baltimore Orioles,mlb,HR,Baltimore_Orioles_at_Detroit_Tigers,0.36,0.45,-0.12960000000000002,UNDER,3B  Christian Encarnacion-Strand shows UNDER value at 0.5 HR. TC projection: 0.4 — edge: 0.09. Marginal conviction based on usage rate and defensive matchup.
1B  Spencer Torkelson,Detroit Tigers,mlb,H,Baltimore_Orioles_at_Detroit_Tigers,0.6,0.51,0.057599999999999985,OVER,Targeting 1B  Spencer Torkelson OVER 0.5 H. Model projects 0.6 (0.09 edge). Recent trends and opponent weakness support this play.
C   Austin Hedges,Cleveland Guardians,mlb,H,Cleveland_Guardians_at_Cincinnati_Reds,0.6,0.51,0.057599999999999985,OVER,C   Austin Hedges shows OVER value at 0.5 H. TC projection: 0.6 — edge: 0.09. Marginal conviction based on usage rate and defensive matchup.
3B  Miguel Vargas,Chicago White Sox,mlb,R,New_York_Yankees_at_Chicago_White_Sox,0.6,0.51,0.057599999999999985,OVER,3B  Miguel Vargas shows OVER value at 0.5 R. TC projection: 0.6 — edge: 0.09. Marginal conviction based on usage rate and defensive matchup.
3B  Brett Baty,New York Mets,mlb,H,Atlanta_Braves_at_New_York_Mets,0.6,0.69,-0.12959999999999994,UNDER,"Marginal +EV opportunity: 3B  Brett Baty is projected for 0.6 H vs a line of 0.7, giving a UNDER edge of 0.09. Based on recent form, opponent matchup, and game context."
3B  Blaze Jordan,St. Louis Cardinals,mlb,RBI,Chicago_Cubs_at_St_Louis_Cardinals,0.6,0.69,-0.12959999999999994,UNDER,"Marginal +EV opportunity: 3B  Blaze Jordan is projected for 0.6 RBI vs a line of 0.7, giving a UNDER edge of 0.09. Based on recent form, opponent matchup, and game context."
LF  JJ Bleday,Cincinnati Reds,mlb,BB,Cleveland_Guardians_at_Cincinnati_Reds,0.5,0.59,-0.12959999999999994,UNDER,Targeting LF  JJ Bleday UNDER 0.6 BB. Model projects 0.5 (0.09 edge). Recent trends and opponent weakness support this play.
CF  Mike Trout,Los Angeles Angels,mlb,R,Houston_Astros_at_Los_Angeles_Angels,0.6,0.69,-0.12959999999999994,UNDER,CF  Mike Trout shows UNDER value at 0.7 R. TC projection: 0.6 — edge: 0.09. Marginal conviction based on usage rate and defensive matchup.
LF  Jackson Chourio,Milwaukee Brewers,mlb,R,Milwaukee_Brewers_at_San_Francisco_Giants,0.6,0.69,-0.12959999999999994,UNDER,Targeting LF  Jackson Chourio UNDER 0.7 R. Model projects 0.6 (0.09 edge). Recent trends and opponent weakness support this play.
1B  Ben Rice,New York Yankees,mlb,RBI,New_York_Yankees_at_Chicago_White_Sox,0.6,0.69,-0.12959999999999994,UNDER,Targeting 1B  Ben Rice UNDER 0.7 RBI. Model projects 0.6 (0.09 edge). Recent trends and opponent weakness support this play.
1B  Munetaka Murakami,Chicago White Sox,mlb,RBI,New_York_Yankees_at_Chicago_White_Sox,0.6,0.69,-0.12959999999999994,UNDER,"Marginal +EV opportunity: 1B  Munetaka Murakami is projected for 0.6 RBI vs a line of 0.7, giving a UNDER edge of 0.09. Based on recent form, opponent matchup, and game context."
1B  Bryce Harper,Philadelphia Phillies,mlb,BB,Philadelphia_Phillies_at_Miami_Marlins,0.5,0.59,-0.12959999999999994,UNDER,Targeting 1B  Bryce Harper UNDER 0.6 BB. Model projects 0.5 (0.09 edge). Recent trends and opponent weakness support this play.
LF  Griffin Conine,Miami Marlins,mlb,H,Philadelphia_Phillies_at_Miami_Marlins,0.6,0.69,-0.12959999999999994,UNDER,Targeting LF  Griffin Conine UNDER 0.7 H. Model projects 0.6 (0.09 edge). Recent trends and opponent weakness support this play.
LF  Alejandro Osuna,Texas Rangers,mlb,H,Seattle_Mariners_at_Texas_Rangers,0.6,0.69,-0.12959999999999994,UNDER,LF  Alejandro Osuna shows UNDER value at 0.7 H. TC projection: 0.6 — edge: 0.09. Marginal conviction based on usage rate and defensive matchup.
C   Drake Baldwin,Atlanta Braves,mlb,R,Atlanta_Braves_at_New_York_Mets,0.59,0.5015,0.05664000000000002,OVER,"Marginal +EV opportunity: C   Drake Baldwin is projected for 0.6 R vs a line of 0.5, giving a OVER edge of 0.09. Based on recent form, opponent matchup, and game context."
2B  Jeremiah Jackson,Baltimore Orioles,mlb,H,Baltimore_Orioles_at_Detroit_Tigers,0.59,0.5015,0.05664000000000002,OVER,"Marginal +EV opportunity: 2B  Jeremiah Jackson is projected for 0.6 H vs a line of 0.5, giving a OVER edge of 0.09. Based on recent form, opponent matchup, and game context."
1B  Alec Burleson,St. Louis Cardinals,mlb,RBI,Chicago_Cubs_at_St_Louis_Cardinals,0.59,0.5015,0.05664000000000002,OVER,Targeting 1B  Alec Burleson OVER 0.5 RBI. Model projects 0.6 (0.09 edge). Recent trends and opponent weakness support this play.
SS  Elly De La Cruz,Cincinnati Reds,mlb,R,Cleveland_Guardians_at_Cincinnati_Reds,0.59,0.5015,0.05664000000000002,OVER,SS  Elly De La Cruz shows OVER value at 0.5 R. TC projection: 0.6 — edge: 0.09. Marginal conviction based on usage rate and defensive matchup.
2B  Brice Turang,Milwaukee Brewers,mlb,R,Milwaukee_Brewers_at_San_Francisco_Giants,0.59,0.5015,0.05664000000000002,OVER,"Marginal +EV opportunity: 2B  Brice Turang is projected for 0.6 R vs a line of 0.5, giving a OVER edge of 0.09. Based on recent form, opponent matchup, and game context."
RF  James Wood,Washington Nationals,mlb,RBI,Toronto_Blue_Jays_at_Washington_Nationals,0.59,0.5015,0.05664000000000002,OVER,"Marginal +EV opportunity: RF  James Wood is projected for 0.6 RBI vs a line of 0.5, giving a OVER edge of 0.09. Based on recent form, opponent matchup, and game context."
LF  Bryan Reynolds,Pittsburgh Pirates,mlb,R,Arizona_Diamondbacks_at_Pittsburgh_Pirates,0.59,0.6785,-0.12744000000000003,UNDER,"Marginal +EV opportunity: LF  Bryan Reynolds is projected for 0.6 R vs a line of 0.7, giving a UNDER edge of 0.09. Based on recent form, opponent matchup, and game context."
1B  Jared Young,New York Mets,mlb,H,Atlanta_Braves_at_New_York_Mets,0.59,0.6785,-0.12744000000000003,UNDER,1B  Jared Young shows UNDER value at 0.7 H. TC projection: 0.6 — edge: 0.09. Marginal conviction based on usage rate and defensive matchup.
DH  Romy Gonzalez,Boston Red Sox,mlb,H,Boston_Red_Sox_at_Athletics,0.59,0.6785,-0.12744000000000003,UNDER,DH  Romy Gonzalez shows UNDER value at 0.7 H. TC projection: 0.6 — edge: 0.09. Marginal conviction based on usage rate and defensive matchup.
CF  Nathan Church,St. Louis Cardinals,mlb,H,Chicago_Cubs_at_St_Louis_Cardinals,0.59,0.6785,-0.12744000000000003,UNDER,Targeting CF  Nathan Church UNDER 0.7 H. Model projects 0.6 (0.09 edge). Recent trends and opponent weakness support this play.
SS  Zach Neto,Los Angeles Angels,mlb,R,Houston_Astros_at_Los_Angeles_Angels,0.59,0.6785,-0.12744000000000003,UNDER,Targeting SS  Zach Neto UNDER 0.7 R. Model projects 0.6 (0.09 edge). Recent trends and opponent weakness support this play.
3B  Miguel Vargas,Chicago White Sox,mlb,BB,New_York_Yankees_at_Chicago_White_Sox,0.49,0.5782,-0.12700800000000007,UNDER,3B  Miguel Vargas shows UNDER value at 0.6 BB. TC projection: 0.5 — edge: 0.09. Marginal conviction based on usage rate and defensive matchup.
C   Connor Wong,Boston Red Sox,mlb,H,Boston_Red_Sox_at_Athletics,0.58,0.667,-0.1252800000000001,UNDER,Targeting C   Connor Wong UNDER 0.7 H. Model projects 0.6 (0.09 edge). Recent trends and opponent weakness support this play.
SS  Trea Turner,Philadelphia Phillies,mlb,R,Philadelphia_Phillies_at_Miami_Marlins,0.58,0.667,-0.1252800000000001,UNDER,SS  Trea Turner shows UNDER value at 0.7 R. TC projection: 0.6 — edge: 0.09. Marginal conviction based on usage rate and defensive matchup.
CF  Jakob Marsee,Miami Marlins,mlb,H,Philadelphia_Phillies_at_Miami_Marlins,0.58,0.667,-0.1252800000000001,UNDER,Targeting CF  Jakob Marsee UNDER 0.7 H. Model projects 0.6 (0.09 edge). Recent trends and opponent weakness support this play.
2B  Josh Smith,Texas Rangers,mlb,H,Seattle_Mariners_at_Texas_Rangers,0.58,0.667,-0.1252800000000001,UNDER,Targeting 2B  Josh Smith UNDER 0.7 H. Model projects 0.6 (0.09 edge). Recent trends and opponent weakness support this play.
2B  Brandon Lowe,Pittsburgh Pirates,mlb,RBI,Arizona_Diamondbacks_at_Pittsburgh_Pirates,0.58,0.493,0.055679999999999986,OVER,2B  Brandon Lowe shows OVER value at 0.5 RBI. TC projection: 0.6 — edge: 0.09. Marginal conviction based on usage rate and defensive matchup.
1B  Jacob Gonzalez,Pittsburgh Pirates,mlb,H,Arizona_Diamondbacks_at_Pittsburgh_Pirates,0.58,0.493,0.055679999999999986,OVER,1B  Jacob Gonzalez shows OVER value at 0.5 H. TC projection: 0.6 — edge: 0.09. Marginal conviction based on usage rate and defensive matchup.
DH  Dominic Smith,Atlanta Braves,mlb,H,Atlanta_Braves_at_New_York_Mets,0.58,0.493,0.055679999999999986,OVER,"Marginal +EV opportunity: DH  Dominic Smith is projected for 0.6 H vs a line of 0.5, giving a OVER edge of 0.09. Based on recent form, opponent matchup, and game context."
CF  Leody Taveras,Baltimore Orioles,mlb,H,Baltimore_Orioles_at_Detroit_Tigers,0.58,0.493,0.055679999999999986,OVER,CF  Leody Taveras shows OVER value at 0.5 H. TC projection: 0.6 — edge: 0.09. Marginal conviction based on usage rate and defensive matchup.
2B  JJ Wetherholt,St. Louis Cardinals,mlb,R,Chicago_Cubs_at_St_Louis_Cardinals,0.58,0.493,0.055679999999999986,OVER,Targeting 2B  JJ Wetherholt OVER 0.5 R. Model projects 0.6 (0.09 edge). Recent trends and opponent weakness support this play.
C   Daniel Susac,San Francisco Giants,mlb,H,Milwaukee_Brewers_at_San_Francisco_Giants,0.58,0.493,0.055679999999999986,OVER,Targeting C   Daniel Susac OVER 0.5 H. Model projects 0.6 (0.09 edge). Recent trends and opponent weakness support this play.
DH  Bryce Eldridge,San Francisco Giants,mlb,BB,Milwaukee_Brewers_at_San_Francisco_Giants,0.48,0.5664,-0.12441600000000004,UNDER,Targeting DH  Bryce Eldridge UNDER 0.6 BB. Model projects 0.5 (0.09 edge). Recent trends and opponent weakness support this play.
C   Drake Baldwin,Atlanta Braves,mlb,RBI,Atlanta_Braves_at_New_York_Mets,0.57,0.6555,-0.12312000000000002,UNDER,"Marginal +EV opportunity: C   Drake Baldwin is projected for 0.6 RBI vs a line of 0.7, giving a UNDER edge of 0.09. Based on recent form, opponent matchup, and game context."
1B  Nick Kurtz,Athletics,mlb,R,Boston_Red_Sox_at_Athletics,0.57,0.6555,-0.12312000000000002,UNDER,"Marginal +EV opportunity: 1B  Nick Kurtz is projected for 0.6 R vs a line of 0.7, giving a UNDER edge of 0.09. Based on recent form, opponent matchup, and game context."
LF  José Fermín,St. Louis Cardinals,mlb,H,Chicago_Cubs_at_St_Louis_Cardinals,0.57,0.6555,-0.12312000000000002,UNDER,LF  José Fermín shows UNDER value at 0.7 H. TC projection: 0.6 — edge: 0.09. Marginal conviction based on usage rate and defensive matchup.
LF  Sam Antonacci,Chicago White Sox,mlb,R,New_York_Yankees_at_Chicago_White_Sox,0.57,0.6555,-0.12312000000000002,UNDER,Targeting LF  Sam Antonacci UNDER 0.7 R. Model projects 0.6 (0.09 edge). Recent trends and opponent weakness support this play.
SS  Andruw Monasterio,Boston Red Sox,mlb,H,Boston_Red_Sox_at_Athletics,0.57,0.4845,0.054719999999999984,OVER,SS  Andruw Monasterio shows OVER value at 0.5 H. TC projection: 0.6 — edge: 0.09. Marginal conviction based on usage rate and defensive matchup.
1B  Willson Contreras,Boston Red Sox,mlb,RBI,Boston_Red_Sox_at_Athletics,0.57,0.4845,0.054719999999999984,OVER,Targeting 1B  Willson Contreras OVER 0.5 RBI. Model projects 0.6 (0.09 edge). Recent trends and opponent weakness support this play.
DH  Yordan Alvarez,Houston Astros,mlb,R,Houston_Astros_at_Los_Angeles_Angels,0.57,0.4845,0.054719999999999984,OVER,Targeting DH  Yordan Alvarez OVER 0.5 R. Model projects 0.6 (0.09 edge). Recent trends and opponent weakness support this play.
C   Logan O'Hoppe,Los Angeles Angels,mlb,H,Houston_Astros_at_Los_Angeles_Angels,0.57,0.4845,0.054719999999999984,OVER,Targeting C   Logan O'Hoppe OVER 0.5 H. Model projects 0.6 (0.09 edge). Recent trends and opponent weakness support this play.
1B  Ben Rice,New York Yankees,mlb,R,New_York_Yankees_at_Chicago_White_Sox,0.57,0.4845,0.054719999999999984,OVER,1B  Ben Rice shows OVER value at 0.5 R. TC projection: 0.6 — edge: 0.09. Marginal conviction based on usage rate and defensive matchup.
LF  Ian Happ,Chicago Cubs,mlb,BB,Chicago_Cubs_at_St_Louis_Cardinals,0.47,0.5546,-0.12182400000000002,UNDER,Targeting LF  Ian Happ UNDER 0.6 BB. Model projects 0.5 (0.08 edge). Recent trends and opponent weakness support this play.
LF  Lars Nootbaar,St. Louis Cardinals,mlb,BB,Chicago_Cubs_at_St_Louis_Cardinals,0.47,0.5546,-0.12182400000000002,UNDER,LF  Lars Nootbaar shows UNDER value at 0.6 BB. TC projection: 0.5 — edge: 0.08. Marginal conviction based on usage rate and defensive matchup.
3B  José Ramírez,Cleveland Guardians,mlb,BB,Cleveland_Guardians_at_Cincinnati_Reds,0.47,0.5546,-0.12182400000000002,UNDER,"Marginal +EV opportunity: 3B  José Ramírez is projected for 0.5 BB vs a line of 0.6, giving a UNDER edge of 0.08. Based on recent form, opponent matchup, and game context."
1B  Tyler Locklear,Arizona Diamondbacks,mlb,R,Arizona_Diamondbacks_at_Pittsburgh_Pirates,0.56,0.476,0.05376000000000006,OVER,Targeting 1B  Tyler Locklear OVER 0.5 R. Model projects 0.6 (0.08 edge). Recent trends and opponent weakness support this play.
CF  Pete Crow-Armstrong,Chicago Cubs,mlb,R,Chicago_Cubs_at_St_Louis_Cardinals,0.56,0.476,0.05376000000000006,OVER,Targeting CF  Pete Crow-Armstrong OVER 0.5 R. Model projects 0.6 (0.08 edge). Recent trends and opponent weakness support this play.
RF  Cam Smith,Houston Astros,mlb,H,Houston_Astros_at_Los_Angeles_Angels,0.56,0.476,0.05376000000000006,OVER,Targeting RF  Cam Smith OVER 0.5 H. Model projects 0.6 (0.08 edge). Recent trends and opponent weakness support this play.
SS  CJ Abrams,Washington Nationals,mlb,R,Toronto_Blue_Jays_at_Washington_Nationals,0.56,0.476,0.05376000000000006,OVER,"Marginal +EV opportunity: SS  CJ Abrams is projected for 0.6 R vs a line of 0.5, giving a OVER edge of 0.08. Based on recent form, opponent matchup, and game context."
2B  Brandon Lowe,Pittsburgh Pirates,mlb,R,Arizona_Diamondbacks_at_Pittsburgh_Pirates,0.56,0.644,-0.12095999999999994,UNDER,2B  Brandon Lowe shows UNDER value at 0.6 R. TC projection: 0.6 — edge: 0.08. Marginal conviction based on usage rate and defensive matchup.
1B  Matt Olson,Atlanta Braves,mlb,R,Atlanta_Braves_at_New_York_Mets,0.56,0.644,-0.12095999999999994,UNDER,Targeting 1B  Matt Olson UNDER 0.6 R. Model projects 0.6 (0.08 edge). Recent trends and opponent weakness support this play.
LF  Wyatt Langford,Texas Rangers,mlb,R,Seattle_Mariners_at_Texas_Rangers,0.56,0.644,-0.12095999999999994,UNDER,LF  Wyatt Langford shows UNDER value at 0.6 R. TC projection: 0.6 — edge: 0.08. Marginal conviction based on usage rate and defensive matchup.
CF  Luis Robert Jr.,New York Mets,mlb,BB,Atlanta_Braves_at_New_York_Mets,0.46,0.5428,-0.11923199999999988,UNDER,CF  Luis Robert Jr. shows UNDER value at 0.5 BB. TC projection: 0.5 — edge: 0.08. Marginal conviction based on usage rate and defensive matchup.
RF  Esmerlyn Valdez,Pittsburgh Pirates,mlb,HR,Arizona_Diamondbacks_at_Pittsburgh_Pirates,0.33,0.2475,0.052800000000000014,OVER,RF  Esmerlyn Valdez shows OVER value at 0.2 HR. TC projection: 0.3 — edge: 0.08. Marginal conviction based on usage rate and defensive matchup.
RF  Jordan Walker,St. Louis Cardinals,mlb,R,Chicago_Cubs_at_St_Louis_Cardinals,0.55,0.4675,0.052800000000000014,OVER,Targeting RF  Jordan Walker OVER 0.5 R. Model projects 0.6 (0.08 edge). Recent trends and opponent weakness support this play.
C   Brandon Valenzuela,Toronto Blue Jays,mlb,H,Toronto_Blue_Jays_at_Washington_Nationals,0.55,0.4675,0.052800000000000014,OVER,C   Brandon Valenzuela shows OVER value at 0.5 H. TC projection: 0.6 — edge: 0.08. Marginal conviction based on usage rate and defensive matchup.
2B  Nasim Nuñez,Washington Nationals,mlb,SB,Toronto_Blue_Jays_at_Washington_Nationals,0.33,0.2475,0.052800000000000014,OVER,Targeting 2B  Nasim Nuñez OVER 0.2 SB. Model projects 0.3 (0.08 edge). Recent trends and opponent weakness support this play.
CF  Grant McCray,San Francisco Giants,mlb,SB,Milwaukee_Brewers_at_San_Francisco_Giants,0.33,0.4125,-0.11879999999999993,UNDER,Targeting CF  Grant McCray UNDER 0.4 SB. Model projects 0.3 (0.08 edge). Recent trends and opponent weakness support this play.
2B  Vaughn Grissom,Los Angeles Angels,mlb,RBI,Houston_Astros_at_Los_Angeles_Angels,0.55,0.6325,-0.11879999999999985,UNDER,2B  Vaughn Grissom shows UNDER value at 0.6 RBI. TC projection: 0.6 — edge: 0.08. Marginal conviction based on usage rate and defensive matchup.
3B  David Hamilton,Milwaukee Brewers,mlb,H,Milwaukee_Brewers_at_San_Francisco_Giants,0.55,0.6325,-0.11879999999999985,UNDER,"Marginal +EV opportunity: 3B  David Hamilton is projected for 0.6 H vs a line of 0.6, giving a UNDER edge of 0.08. Based on recent form, opponent matchup, and game context."
C   Liam Hicks,Miami Marlins,mlb,RBI,Philadelphia_Phillies_at_Miami_Marlins,0.55,0.6325,-0.11879999999999985,UNDER,C   Liam Hicks shows UNDER value at 0.6 RBI. TC projection: 0.6 — edge: 0.08. Marginal conviction based on usage rate and defensive matchup.
LF  Randy Arozarena,Seattle Mariners,mlb,R,Seattle_Mariners_at_Texas_Rangers,0.55,0.6325,-0.11879999999999985,UNDER,Targeting LF  Randy Arozarena UNDER 0.6 R. Model projects 0.6 (0.08 edge). Recent trends and opponent weakness support this play.
C   Elias Díaz,Texas Rangers,mlb,H,Seattle_Mariners_at_Texas_Rangers,0.55,0.6325,-0.11879999999999985,UNDER,"Marginal +EV opportunity: C   Elias Díaz is projected for 0.6 H vs a line of 0.6, giving a UNDER edge of 0.08. Based on recent form, opponent matchup, and game context."
1B  Jake Burger,Texas Rangers,mlb,RBI,Seattle_Mariners_at_Texas_Rangers,0.55,0.6325,-0.11879999999999985,UNDER,"Marginal +EV opportunity: 1B  Jake Burger is projected for 0.6 RBI vs a line of 0.6, giving a UNDER edge of 0.08. Based on recent form, opponent matchup, and game context."
LF  Riley Greene,Detroit Tigers,mlb,BB,Baltimore_Orioles_at_Detroit_Tigers,0.45,0.369,0.05184000000000001,OVER,LF  Riley Greene shows OVER value at 0.4 BB. TC projection: 0.5 — edge: 0.08. Marginal conviction based on usage rate and defensive matchup.
1B  Kyle Manzardo,Cleveland Guardians,mlb,H,Cleveland_Guardians_at_Cincinnati_Reds,0.54,0.459,0.05184000000000001,OVER,"Marginal +EV opportunity: 1B  Kyle Manzardo is projected for 0.5 H vs a line of 0.5, giving a OVER edge of 0.08. Based on recent form, opponent matchup, and game context."
SS  Colt Emerson,Seattle Mariners,mlb,H,Seattle_Mariners_at_Texas_Rangers,0.54,0.459,0.05184000000000001,OVER,"Marginal +EV opportunity: SS  Colt Emerson is projected for 0.5 H vs a line of 0.5, giving a OVER edge of 0.08. Based on recent form, opponent matchup, and game context."
RF  Luke Raley,Seattle Mariners,mlb,H,Seattle_Mariners_at_Texas_Rangers,0.54,0.459,0.05184000000000001,OVER,RF  Luke Raley shows OVER value at 0.5 H. TC projection: 0.5 — edge: 0.08. Marginal conviction based on usage rate and defensive matchup.
RF  Esmerlyn Valdez,Pittsburgh Pirates,mlb,BB,Arizona_Diamondbacks_at_Pittsburgh_Pirates,0.45,0.531,-0.11664000000000002,UNDER,"Marginal +EV opportunity: RF  Esmerlyn Valdez is projected for 0.5 BB vs a line of 0.5, giving a UNDER edge of 0.08. Based on recent form, opponent matchup, and game context."
1B  Jake Bauers,Milwaukee Brewers,mlb,BB,Milwaukee_Brewers_at_San_Francisco_Giants,0.45,0.531,-0.11664000000000002,UNDER,1B  Jake Bauers shows UNDER value at 0.5 BB. TC projection: 0.5 — edge: 0.08. Marginal conviction based on usage rate and defensive matchup.
CF  Jakob Marsee,Miami Marlins,mlb,BB,Philadelphia_Phillies_at_Miami_Marlins,0.45,0.531,-0.11664000000000002,UNDER,Targeting CF  Jakob Marsee UNDER 0.5 BB. Model projects 0.5 (0.08 edge). Recent trends and opponent weakness support this play.
SS  Dansby Swanson,Chicago Cubs,mlb,R,Chicago_Cubs_at_St_Louis_Cardinals,0.54,0.621,-0.11663999999999994,UNDER,Targeting SS  Dansby Swanson UNDER 0.6 R. Model projects 0.5 (0.08 edge). Recent trends and opponent weakness support this play.
RF  Seiya Suzuki,Chicago Cubs,mlb,RBI,Chicago_Cubs_at_St_Louis_Cardinals,0.54,0.621,-0.11663999999999994,UNDER,"Marginal +EV opportunity: RF  Seiya Suzuki is projected for 0.5 RBI vs a line of 0.6, giving a UNDER edge of 0.08. Based on recent form, opponent matchup, and game context."
DH  Iván Herrera,St. Louis Cardinals,mlb,R,Chicago_Cubs_at_St_Louis_Cardinals,0.54,0.621,-0.11663999999999994,UNDER,"Marginal +EV opportunity: DH  Iván Herrera is projected for 0.5 R vs a line of 0.6, giving a UNDER edge of 0.08. Based on recent form, opponent matchup, and game context."
1B  Jake Bauers,Milwaukee Brewers,mlb,R,Milwaukee_Brewers_at_San_Francisco_Giants,0.54,0.621,-0.11663999999999994,UNDER,"Marginal +EV opportunity: 1B  Jake Bauers is projected for 0.5 R vs a line of 0.6, giving a UNDER edge of 0.08. Based on recent form, opponent matchup, and game context."
RF  Esteury Ruiz,Miami Marlins,mlb,SB,Philadelphia_Phillies_at_Miami_Marlins,0.32,0.24,0.051200000000000016,OVER,Targeting RF  Esteury Ruiz OVER 0.2 SB. Model projects 0.3 (0.08 edge). Recent trends and opponent weakness support this play.
2B  Ozzie Albies,Atlanta Braves,mlb,R,Atlanta_Braves_at_New_York_Mets,0.53,0.4505,0.050880000000000015,OVER,Targeting 2B  Ozzie Albies OVER 0.5 R. Model projects 0.5 (0.08 edge). Recent trends and opponent weakness support this play.
C   Luis Torrens,New York Mets,mlb,H,Atlanta_Braves_at_New_York_Mets,0.53,0.4505,0.050880000000000015,OVER,C   Luis Torrens shows OVER value at 0.5 H. TC projection: 0.5 — edge: 0.08. Marginal conviction based on usage rate and defensive matchup.
LF  Ian Happ,Chicago Cubs,mlb,R,Chicago_Cubs_at_St_Louis_Cardinals,0.53,0.4505,0.050880000000000015,OVER,Targeting LF  Ian Happ OVER 0.5 R. Model projects 0.5 (0.08 edge). Recent trends and opponent weakness support this play.
DH  Christian Yelich,Milwaukee Brewers,mlb,R,Milwaukee_Brewers_at_San_Francisco_Giants,0.53,0.4505,0.050880000000000015,OVER,DH  Christian Yelich shows OVER value at 0.5 R. TC projection: 0.5 — edge: 0.08. Marginal conviction based on usage rate and defensive matchup.
2B  Justin Foscue,Texas Rangers,mlb,H,Seattle_Mariners_at_Texas_Rangers,0.53,0.4505,0.050880000000000015,OVER,"Marginal +EV opportunity: 2B  Justin Foscue is projected for 0.5 H vs a line of 0.5, giving a OVER edge of 0.08. Based on recent form, opponent matchup, and game context."
3B  Kazuma Okamoto,Toronto Blue Jays,mlb,RBI,Toronto_Blue_Jays_at_Washington_Nationals,0.53,0.4505,0.050880000000000015,OVER,"Marginal +EV opportunity: 3B  Kazuma Okamoto is projected for 0.5 RBI vs a line of 0.5, giving a OVER edge of 0.08. Based on recent form, opponent matchup, and game context."
1B  Pete Alonso,Baltimore Orioles,mlb,RBI,Baltimore_Orioles_at_Detroit_Tigers,0.53,0.6095,-0.11448000000000001,UNDER,Targeting 1B  Pete Alonso UNDER 0.6 RBI. Model projects 0.5 (0.08 edge). Recent trends and opponent weakness support this play.
SS  Kevin McGonigle,Detroit Tigers,mlb,R,Baltimore_Orioles_at_Detroit_Tigers,0.53,0.6095,-0.11448000000000001,UNDER,SS  Kevin McGonigle shows UNDER value at 0.6 R. TC projection: 0.5 — edge: 0.08. Marginal conviction based on usage rate and defensive matchup.
3B  Miguel Vargas,Chicago White Sox,mlb,RBI,New_York_Yankees_at_Chicago_White_Sox,0.53,0.6095,-0.11448000000000001,UNDER,"Marginal +EV opportunity: 3B  Miguel Vargas is projected for 0.5 RBI vs a line of 0.6, giving a UNDER edge of 0.08. Based on recent form, opponent matchup, and game context."
SS  Otto Lopez,Miami Marlins,mlb,R,Philadelphia_Phillies_at_Miami_Marlins,0.53,0.6095,-0.11448000000000001,UNDER,Targeting SS  Otto Lopez UNDER 0.6 R. Model projects 0.5 (0.08 edge). Recent trends and opponent weakness support this play.
LF  Tyler Soderstrom,Athletics,mlb,BB,Boston_Red_Sox_at_Athletics,0.44,0.5192,-0.11404799999999998,UNDER,"Marginal +EV opportunity: LF  Tyler Soderstrom is projected for 0.4 BB vs a line of 0.5, giving a UNDER edge of 0.08. Based on recent form, opponent matchup, and game context."
CF  Trent Grisham,New York Yankees,mlb,BB,New_York_Yankees_at_Chicago_White_Sox,0.44,0.5192,-0.11404799999999998,UNDER,Targeting CF  Trent Grisham UNDER 0.5 BB. Model projects 0.4 (0.08 edge). Recent trends and opponent weakness support this play.
2B  Zach McKinstry,Detroit Tigers,mlb,H,Baltimore_Orioles_at_Detroit_Tigers,0.52,0.442,0.04992000000000001,OVER,Targeting 2B  Zach McKinstry OVER 0.4 H. Model projects 0.5 (0.08 edge). Recent trends and opponent weakness support this play.
SS  Alika Williams,Athletics,mlb,H,Boston_Red_Sox_at_Athletics,0.52,0.442,0.04992000000000001,OVER,"Marginal +EV opportunity: SS  Alika Williams is projected for 0.5 H vs a line of 0.4, giving a OVER edge of 0.08. Based on recent form, opponent matchup, and game context."
RF  Noelvi Marte,Cincinnati Reds,mlb,H,Cleveland_Guardians_at_Cincinnati_Reds,0.52,0.442,0.04992000000000001,OVER,Targeting RF  Noelvi Marte OVER 0.4 H. Model projects 0.5 (0.08 edge). Recent trends and opponent weakness support this play.
CF  Drew Gilbert,San Francisco Giants,mlb,H,Milwaukee_Brewers_at_San_Francisco_Giants,0.52,0.442,0.04992000000000001,OVER,Targeting CF  Drew Gilbert OVER 0.4 H. Model projects 0.5 (0.08 edge). Recent trends and opponent weakness support this play.
C   Harry Ford,Washington Nationals,mlb,R,Toronto_Blue_Jays_at_Washington_Nationals,0.52,0.442,0.04992000000000001,OVER,Targeting C   Harry Ford OVER 0.4 R. Model projects 0.5 (0.08 edge). Recent trends and opponent weakness support this play.
LF  Max Kepler,Arizona Diamondbacks,mlb,H,Arizona_Diamondbacks_at_Pittsburgh_Pirates,0.52,0.598,-0.11231999999999993,UNDER,Targeting LF  Max Kepler UNDER 0.6 H. Model projects 0.5 (0.08 edge). Recent trends and opponent weakness support this play.
RF  Brewer Hicklen,Atlanta Braves,mlb,R,Atlanta_Braves_at_New_York_Mets,0.52,0.598,-0.11231999999999993,UNDER,RF  Brewer Hicklen shows UNDER value at 0.6 R. TC projection: 0.5 — edge: 0.08. Marginal conviction based on usage rate and defensive matchup.
CF  Lucas Spence,Houston Astros,mlb,H,Houston_Astros_at_Los_Angeles_Angels,0.52,0.598,-0.11231999999999993,UNDER,Targeting CF  Lucas Spence UNDER 0.6 H. Model projects 0.5 (0.08 edge). Recent trends and opponent weakness support this play.
2B  Brice Turang,Milwaukee Brewers,mlb,RBI,Milwaukee_Brewers_at_San_Francisco_Giants,0.52,0.598,-0.11231999999999993,UNDER,Targeting 2B  Brice Turang UNDER 0.6 RBI. Model projects 0.5 (0.08 edge). Recent trends and opponent weakness support this play.
1B  Jake Bauers,Milwaukee Brewers,mlb,RBI,Milwaukee_Brewers_at_San_Francisco_Giants,0.52,0.598,-0.11231999999999993,UNDER,Targeting 1B  Jake Bauers UNDER 0.6 RBI. Model projects 0.5 (0.08 edge). Recent trends and opponent weakness support this play.
SS  Joey Ortiz,Milwaukee Brewers,mlb,H,Milwaukee_Brewers_at_San_Francisco_Giants,0.52,0.598,-0.11231999999999993,UNDER,"Marginal +EV opportunity: SS  Joey Ortiz is projected for 0.5 H vs a line of 0.6, giving a UNDER edge of 0.08. Based on recent form, opponent matchup, and game context."
SS  Colson Montgomery,Chicago White Sox,mlb,RBI,New_York_Yankees_at_Chicago_White_Sox,0.52,0.598,-0.11231999999999993,UNDER,"Marginal +EV opportunity: SS  Colson Montgomery is projected for 0.5 RBI vs a line of 0.6, giving a UNDER edge of 0.08. Based on recent form, opponent matchup, and game context."
3B  Jorbit Vivas,Washington Nationals,mlb,H,Toronto_Blue_Jays_at_Washington_Nationals,0.52,0.598,-0.11231999999999993,UNDER,Targeting 3B  Jorbit Vivas UNDER 0.6 H. Model projects 0.5 (0.08 edge). Recent trends and opponent weakness support this play.
DH  Iván Herrera,St. Louis Cardinals,mlb,BB,Chicago_Cubs_at_St_Louis_Cardinals,0.43,0.3526,0.04953599999999998,OVER,DH  Iván Herrera shows OVER value at 0.4 BB. TC projection: 0.4 — edge: 0.08. Marginal conviction based on usage rate and defensive matchup.
2B  Xavier Edwards,Miami Marlins,mlb,BB,Philadelphia_Phillies_at_Miami_Marlins,0.43,0.3526,0.04953599999999998,OVER,Targeting 2B  Xavier Edwards OVER 0.4 BB. Model projects 0.4 (0.08 edge). Recent trends and opponent weakness support this play.
C   Cal Raleigh,Seattle Mariners,mlb,BB,Seattle_Mariners_at_Texas_Rangers,0.43,0.3526,0.04953599999999998,OVER,Targeting C   Cal Raleigh OVER 0.4 BB. Model projects 0.4 (0.08 edge). Recent trends and opponent weakness support this play.
1B  Pete Alonso,Baltimore Orioles,mlb,BB,Baltimore_Orioles_at_Detroit_Tigers,0.43,0.5074,-0.11145599999999996,UNDER,Targeting 1B  Pete Alonso UNDER 0.5 BB. Model projects 0.4 (0.08 edge). Recent trends and opponent weakness support this play.
3B  Alex Bregman,Chicago Cubs,mlb,BB,Chicago_Cubs_at_St_Louis_Cardinals,0.43,0.5074,-0.11145599999999996,UNDER,"Marginal +EV opportunity: 3B  Alex Bregman is projected for 0.4 BB vs a line of 0.5, giving a UNDER edge of 0.08. Based on recent form, opponent matchup, and game context."
1B  Rhys Hoskins,Cleveland Guardians,mlb,BB,Cleveland_Guardians_at_Cincinnati_Reds,0.43,0.5074,-0.11145599999999996,UNDER,Targeting 1B  Rhys Hoskins UNDER 0.5 BB. Model projects 0.4 (0.08 edge). Recent trends and opponent weakness support this play.
CF  Steven Kwan,Cleveland Guardians,mlb,BB,Cleveland_Guardians_at_Cincinnati_Reds,0.43,0.5074,-0.11145599999999996,UNDER,Targeting CF  Steven Kwan UNDER 0.5 BB. Model projects 0.4 (0.08 edge). Recent trends and opponent weakness support this play.
CF  Michael Harris II,Atlanta Braves,mlb,RBI,Atlanta_Braves_at_New_York_Mets,0.51,0.4335,0.04896000000000001,OVER,Targeting CF  Michael Harris II OVER 0.4 RBI. Model projects 0.5 (0.08 edge). Recent trends and opponent weakness support this play.
1B  Pete Alonso,Baltimore Orioles,mlb,R,Baltimore_Orioles_at_Detroit_Tigers,0.51,0.4335,0.04896000000000001,OVER,Targeting 1B  Pete Alonso OVER 0.4 R. Model projects 0.5 (0.08 edge). Recent trends and opponent weakness support this play.
RF  Kerry Carpenter,Detroit Tigers,mlb,H,Baltimore_Orioles_at_Detroit_Tigers,0.51,0.4335,0.04896000000000001,OVER,Targeting RF  Kerry Carpenter OVER 0.4 H. Model projects 0.5 (0.08 edge). Recent trends and opponent weakness support this play.
RF  Seiya Suzuki,Chicago Cubs,mlb,R,Chicago_Cubs_at_St_Louis_Cardinals,0.51,0.4335,0.04896000000000001,OVER,RF  Seiya Suzuki shows OVER value at 0.4 R. TC projection: 0.5 — edge: 0.08. Marginal conviction based on usage rate and defensive matchup.
2B  Chase Meidroth,Chicago White Sox,mlb,R,New_York_Yankees_at_Chicago_White_Sox,0.51,0.4335,0.04896000000000001,OVER,"Marginal +EV opportunity: 2B  Chase Meidroth is projected for 0.5 R vs a line of 0.4, giving a OVER edge of 0.08. Based on recent form, opponent matchup, and game context."
DH  Kyle Schwarber,Philadelphia Phillies,mlb,RBI,Philadelphia_Phillies_at_Miami_Marlins,0.51,0.4335,0.04896000000000001,OVER,Targeting DH  Kyle Schwarber OVER 0.4 RBI. Model projects 0.5 (0.08 edge). Recent trends and opponent weakness support this play.
DH  José Tena,Washington Nationals,mlb,H,Toronto_Blue_Jays_at_Washington_Nationals,0.51,0.4335,0.04896000000000001,OVER,"Marginal +EV opportunity: DH  José Tena is projected for 0.5 H vs a line of 0.4, giving a OVER edge of 0.08. Based on recent form, opponent matchup, and game context."
DH  Adrian Del Castillo,Arizona Diamondbacks,mlb,H,Arizona_Diamondbacks_at_Pittsburgh_Pirates,0.51,0.5865,-0.11016000000000001,UNDER,DH  Adrian Del Castillo shows UNDER value at 0.6 H. TC projection: 0.5 — edge: 0.08. Marginal conviction based on usage rate and defensive matchup.
RF  Corbin Carroll,Arizona Diamondbacks,mlb,R,Arizona_Diamondbacks_at_Pittsburgh_Pirates,0.51,0.5865,-0.11016000000000001,UNDER,"Marginal +EV opportunity: RF  Corbin Carroll is projected for 0.5 R vs a line of 0.6, giving a UNDER edge of 0.08. Based on recent form, opponent matchup, and game context."
CF  Matt Vierling,Detroit Tigers,mlb,H,Baltimore_Orioles_at_Detroit_Tigers,0.51,0.5865,-0.11016000000000001,UNDER,CF  Matt Vierling shows UNDER value at 0.6 H. TC projection: 0.5 — edge: 0.08. Marginal conviction based on usage rate and defensive matchup.
C   Miguel Amaya,Chicago Cubs,mlb,H,Chicago_Cubs_at_St_Louis_Cardinals,0.51,0.5865,-0.11016000000000001,UNDER,"Marginal +EV opportunity: C   Miguel Amaya is projected for 0.5 H vs a line of 0.6, giving a UNDER edge of 0.08. Based on recent form, opponent matchup, and game context."
C   Christian Vázquez,Houston Astros,mlb,H,Houston_Astros_at_Los_Angeles_Angels,0.51,0.5865,-0.11016000000000001,UNDER,C   Christian Vázquez shows UNDER value at 0.6 H. TC projection: 0.5 — edge: 0.08. Marginal conviction based on usage rate and defensive matchup.
LF  Josh Lowe,Los Angeles Angels,mlb,H,Houston_Astros_at_Los_Angeles_Angels,0.51,0.5865,-0.11016000000000001,UNDER,Targeting LF  Josh Lowe UNDER 0.6 H. Model projects 0.5 (0.08 edge). Recent trends and opponent weakness support this play.
3B  Amed Rosario,New York Yankees,mlb,H,New_York_Yankees_at_Chicago_White_Sox,0.51,0.5865,-0.11016000000000001,UNDER,Targeting 3B  Amed Rosario UNDER 0.6 H. Model projects 0.5 (0.08 edge). Recent trends and opponent weakness support this play.
DH  Kyle Schwarber,Philadelphia Phillies,mlb,R,Philadelphia_Phillies_at_Miami_Marlins,0.51,0.5865,-0.11016000000000001,UNDER,Targeting DH  Kyle Schwarber UNDER 0.6 R. Model projects 0.5 (0.08 edge). Recent trends and opponent weakness support this play.
C   Cal Raleigh,Seattle Mariners,mlb,H,Seattle_Mariners_at_Texas_Rangers,0.51,0.5865,-0.11016000000000001,UNDER,C   Cal Raleigh shows UNDER value at 0.6 H. TC projection: 0.5 — edge: 0.08. Marginal conviction based on usage rate and defensive matchup.
1B  Tyler Locklear,Arizona Diamondbacks,mlb,BB,Arizona_Diamondbacks_at_Pittsburgh_Pirates,0.42,0.3444,0.04838400000000001,OVER,1B  Tyler Locklear shows OVER value at 0.3 BB. TC projection: 0.4 — edge: 0.08. Marginal conviction based on usage rate and defensive matchup.
RF  Brewer Hicklen,Atlanta Braves,mlb,BB,Atlanta_Braves_at_New_York_Mets,0.42,0.3444,0.04838400000000001,OVER,"Marginal +EV opportunity: RF  Brewer Hicklen is projected for 0.4 BB vs a line of 0.3, giving a OVER edge of 0.08. Based on recent form, opponent matchup, and game context."
C   Drake Baldwin,Atlanta Braves,mlb,BB,Atlanta_Braves_at_New_York_Mets,0.42,0.3444,0.04838400000000001,OVER,Targeting C   Drake Baldwin OVER 0.3 BB. Model projects 0.4 (0.08 edge). Recent trends and opponent weakness support this play.
2B  Jackson Holliday,Baltimore Orioles,mlb,BB,Baltimore_Orioles_at_Detroit_Tigers,0.42,0.3444,0.04838400000000001,OVER,Targeting 2B  Jackson Holliday OVER 0.3 BB. Model projects 0.4 (0.08 edge). Recent trends and opponent weakness support this play.
2B  Travis Bazzana,Cleveland Guardians,mlb,BB,Cleveland_Guardians_at_Cincinnati_Reds,0.42,0.3444,0.04838400000000001,OVER,2B  Travis Bazzana shows OVER value at 0.3 BB. TC projection: 0.4 — edge: 0.08. Marginal conviction based on usage rate and defensive matchup.
RF  Corbin Carroll,Arizona Diamondbacks,mlb,BB,Arizona_Diamondbacks_at_Pittsburgh_Pirates,0.42,0.4956,-0.10886399999999999,UNDER,"Marginal +EV opportunity: RF  Corbin Carroll is projected for 0.4 BB vs a line of 0.5, giving a UNDER edge of 0.08. Based on recent form, opponent matchup, and game context."
CF  Pete Crow-Armstrong,Chicago Cubs,mlb,BB,Chicago_Cubs_at_St_Louis_Cardinals,0.42,0.4956,-0.10886399999999999,UNDER,CF  Pete Crow-Armstrong shows UNDER value at 0.5 BB. TC projection: 0.4 — edge: 0.08. Marginal conviction based on usage rate and defensive matchup.
1B  Matt Olson,Atlanta Braves,mlb,RBI,Atlanta_Braves_at_New_York_Mets,0.5,0.425,0.048000000000000015,OVER,"Marginal +EV opportunity: 1B  Matt Olson is projected for 0.5 RBI vs a line of 0.4, giving a OVER edge of 0.08. Based on recent form, opponent matchup, and game context."
C   Drew Cavanaugh,San Francisco Giants,mlb,H,Milwaukee_Brewers_at_San_Francisco_Giants,0.5,0.425,0.048000000000000015,OVER,"Marginal +EV opportunity: C   Drew Cavanaugh is projected for 0.5 H vs a line of 0.4, giving a OVER edge of 0.08. Based on recent form, opponent matchup, and game context."
1B  Rafael Devers,San Francisco Giants,mlb,RBI,Milwaukee_Brewers_at_San_Francisco_Giants,0.5,0.425,0.048000000000000015,OVER,Targeting 1B  Rafael Devers OVER 0.4 RBI. Model projects 0.5 (0.08 edge). Recent trends and opponent weakness support this play.
DH  Andrew Benintendi,Chicago White Sox,mlb,RBI,New_York_Yankees_at_Chicago_White_Sox,0.5,0.425,0.048000000000000015,OVER,"Marginal +EV opportunity: DH  Andrew Benintendi is projected for 0.5 RBI vs a line of 0.4, giving a OVER edge of 0.08. Based on recent form, opponent matchup, and game context."
LF  Edmundo Sosa,Philadelphia Phillies,mlb,H,Philadelphia_Phillies_at_Miami_Marlins,0.5,0.425,0.048000000000000015,OVER,LF  Edmundo Sosa shows OVER value at 0.4 H. TC projection: 0.5 — edge: 0.08. Marginal conviction based on usage rate and defensive matchup.
C   Liam Hicks,Miami Marlins,mlb,R,Philadelphia_Phillies_at_Miami_Marlins,0.5,0.425,0.048000000000000015,OVER,"Marginal +EV opportunity: C   Liam Hicks is projected for 0.5 R vs a line of 0.4, giving a OVER edge of 0.08. Based on recent form, opponent matchup, and game context."
2B  Ketel Marte,Arizona Diamondbacks,mlb,RBI,Arizona_Diamondbacks_at_Pittsburgh_Pirates,0.5,0.575,-0.10799999999999993,UNDER,2B  Ketel Marte shows UNDER value at 0.6 RBI. TC projection: 0.5 — edge: 0.07. Marginal conviction based on usage rate and defensive matchup.
3B  Nick Gonzales,Pittsburgh Pirates,mlb,R,Arizona_Diamondbacks_at_Pittsburgh_Pirates,0.5,0.575,-0.10799999999999993,UNDER,3B  Nick Gonzales shows UNDER value at 0.6 R. TC projection: 0.5 — edge: 0.07. Marginal conviction based on usage rate and defensive matchup.
RF  Ryan O'Hearn,Pittsburgh Pirates,mlb,R,Arizona_Diamondbacks_at_Pittsburgh_Pirates,0.5,0.575,-0.10799999999999993,UNDER,"Marginal +EV opportunity: RF  Ryan O'Hearn is projected for 0.5 R vs a line of 0.6, giving a UNDER edge of 0.07. Based on recent form, opponent matchup, and game context."
LF  Mike Yastrzemski,Atlanta Braves,mlb,H,Atlanta_Braves_at_New_York_Mets,0.5,0.575,-0.10799999999999993,UNDER,"Marginal +EV opportunity: LF  Mike Yastrzemski is projected for 0.5 H vs a line of 0.6, giving a UNDER edge of 0.07. Based on recent form, opponent matchup, and game context."
LF  Taylor Ward,Baltimore Orioles,mlb,R,Baltimore_Orioles_at_Detroit_Tigers,0.5,0.575,-0.10799999999999993,UNDER,Targeting LF  Taylor Ward UNDER 0.6 R. Model projects 0.5 (0.07 edge). Recent trends and opponent weakness support this play.
2B  Gleyber Torres,Detroit Tigers,mlb,R,Baltimore_Orioles_at_Detroit_Tigers,0.5,0.575,-0.10799999999999993,UNDER,2B  Gleyber Torres shows UNDER value at 0.6 R. TC projection: 0.5 — edge: 0.07. Marginal conviction based on usage rate and defensive matchup.
SS  Dansby Swanson,Chicago Cubs,mlb,RBI,Chicago_Cubs_at_St_Louis_Cardinals,0.5,0.575,-0.10799999999999993,UNDER,"Marginal +EV opportunity: SS  Dansby Swanson is projected for 0.5 RBI vs a line of 0.6, giving a UNDER edge of 0.07. Based on recent form, opponent matchup, and game context."
LF  JJ Bleday,Cincinnati Reds,mlb,RBI,Cleveland_Guardians_at_Cincinnati_Reds,0.5,0.575,-0.10799999999999993,UNDER,"Marginal +EV opportunity: LF  JJ Bleday is projected for 0.5 RBI vs a line of 0.6, giving a UNDER edge of 0.07. Based on recent form, opponent matchup, and game context."
DH  Jorge Soler,Los Angeles Angels,mlb,RBI,Houston_Astros_at_Los_Angeles_Angels,0.5,0.575,-0.10799999999999993,UNDER,DH  Jorge Soler shows UNDER value at 0.6 RBI. TC projection: 0.5 — edge: 0.07. Marginal conviction based on usage rate and defensive matchup.
C   Jesus Rodriguez,San Francisco Giants,mlb,H,Milwaukee_Brewers_at_San_Francisco_Giants,0.5,0.575,-0.10799999999999993,UNDER,Targeting C   Jesus Rodriguez UNDER 0.6 H. Model projects 0.5 (0.07 edge). Recent trends and opponent weakness support this play.
SS  Ezequiel Duran,Texas Rangers,mlb,RBI,Seattle_Mariners_at_Texas_Rangers,0.5,0.575,-0.10799999999999993,UNDER,"Marginal +EV opportunity: SS  Ezequiel Duran is projected for 0.5 RBI vs a line of 0.6, giving a UNDER edge of 0.07. Based on recent form, opponent matchup, and game context."
3B  Brady House,Washington Nationals,mlb,RBI,Toronto_Blue_Jays_at_Washington_Nationals,0.5,0.575,-0.10799999999999993,UNDER,3B  Brady House shows UNDER value at 0.6 RBI. TC projection: 0.5 — edge: 0.07. Marginal conviction based on usage rate and defensive matchup.
RF  Dylan Crews,Washington Nationals,mlb,R,Toronto_Blue_Jays_at_Washington_Nationals,0.5,0.575,-0.10799999999999993,UNDER,RF  Dylan Crews shows UNDER value at 0.6 R. TC projection: 0.5 — edge: 0.07. Marginal conviction based on usage rate and defensive matchup.
C   Drew Cavanaugh,San Francisco Giants,mlb,BB,Milwaukee_Brewers_at_San_Francisco_Giants,0.41,0.4838,-0.10627200000000005,UNDER,Targeting C   Drew Cavanaugh UNDER 0.5 BB. Model projects 0.4 (0.07 edge). Recent trends and opponent weakness support this play.
RF  Seiya Suzuki,Chicago Cubs,mlb,BB,Chicago_Cubs_at_St_Louis_Cardinals,0.41,0.3362,0.04723199999999999,OVER,Targeting RF  Seiya Suzuki OVER 0.3 BB. Model projects 0.4 (0.07 edge). Recent trends and opponent weakness support this play.
1B  Ben Rice,New York Yankees,mlb,BB,New_York_Yankees_at_Chicago_White_Sox,0.41,0.3362,0.04723199999999999,OVER,"Marginal +EV opportunity: 1B  Ben Rice is projected for 0.4 BB vs a line of 0.3, giving a OVER edge of 0.07. Based on recent form, opponent matchup, and game context."
1B  Jacob Gonzalez,Pittsburgh Pirates,mlb,RBI,Arizona_Diamondbacks_at_Pittsburgh_Pirates,0.49,0.4165,0.04704000000000001,OVER,Targeting 1B  Jacob Gonzalez OVER 0.4 RBI. Model projects 0.5 (0.07 edge). Recent trends and opponent weakness support this play.
RF  Jo Adell,Los Angeles Angels,mlb,RBI,Houston_Astros_at_Los_Angeles_Angels,0.49,0.4165,0.04704000000000001,OVER,Targeting RF  Jo Adell OVER 0.4 RBI. Model projects 0.5 (0.07 edge). Recent trends and opponent weakness support this play.
LF  Casey Schmitt,San Francisco Giants,mlb,RBI,Milwaukee_Brewers_at_San_Francisco_Giants,0.49,0.4165,0.04704000000000001,OVER,Targeting LF  Casey Schmitt OVER 0.4 RBI. Model projects 0.5 (0.07 edge). Recent trends and opponent weakness support this play.
1B  Bryce Harper,Philadelphia Phillies,mlb,R,Philadelphia_Phillies_at_Miami_Marlins,0.49,0.4165,0.04704000000000001,OVER,1B  Bryce Harper shows OVER value at 0.4 R. TC projection: 0.5 — edge: 0.07. Marginal conviction based on usage rate and defensive matchup.
DH  Jorge Polanco,New York Mets,mlb,H,Atlanta_Braves_at_New_York_Mets,0.49,0.5635,-0.10584000000000002,UNDER,"Marginal +EV opportunity: DH  Jorge Polanco is projected for 0.5 H vs a line of 0.6, giving a UNDER edge of 0.07. Based on recent form, opponent matchup, and game context."
2B  Jackson Holliday,Baltimore Orioles,mlb,H,Baltimore_Orioles_at_Detroit_Tigers,0.49,0.5635,-0.10584000000000002,UNDER,2B  Jackson Holliday shows UNDER value at 0.6 H. TC projection: 0.5 — edge: 0.07. Marginal conviction based on usage rate and defensive matchup.
1B  Christian Walker,Houston Astros,mlb,RBI,Houston_Astros_at_Los_Angeles_Angels,0.49,0.5635,-0.10584000000000002,UNDER,Targeting 1B  Christian Walker UNDER 0.6 RBI. Model projects 0.5 (0.07 edge). Recent trends and opponent weakness support this play.
2B  Jose Altuve,Houston Astros,mlb,R,Houston_Astros_at_Los_Angeles_Angels,0.49,0.5635,-0.10584000000000002,UNDER,"Marginal +EV opportunity: 2B  Jose Altuve is projected for 0.5 R vs a line of 0.6, giving a UNDER edge of 0.07. Based on recent form, opponent matchup, and game context."
CF  Taylor Trammell,Houston Astros,mlb,H,Houston_Astros_at_Los_Angeles_Angels,0.49,0.5635,-0.10584000000000002,UNDER,"Marginal +EV opportunity: CF  Taylor Trammell is projected for 0.5 H vs a line of 0.6, giving a UNDER edge of 0.07. Based on recent form, opponent matchup, and game context."
CF  Trent Grisham,New York Yankees,mlb,R,New_York_Yankees_at_Chicago_White_Sox,0.49,0.5635,-0.10584000000000002,UNDER,Targeting CF  Trent Grisham UNDER 0.6 R. Model projects 0.5 (0.07 edge). Recent trends and opponent weakness support this play.
2B  Ketel Marte,Arizona Diamondbacks,mlb,R,Arizona_Diamondbacks_at_Pittsburgh_Pirates,0.48,0.552,-0.10368000000000009,UNDER,"Marginal +EV opportunity: 2B  Ketel Marte is projected for 0.5 R vs a line of 0.6, giving a UNDER edge of 0.07. Based on recent form, opponent matchup, and game context."
LF  Tim Tawa,Arizona Diamondbacks,mlb,H,Arizona_Diamondbacks_at_Pittsburgh_Pirates,0.48,0.552,-0.10368000000000009,UNDER,Targeting LF  Tim Tawa UNDER 0.6 H. Model projects 0.5 (0.07 edge). Recent trends and opponent weakness support this play.
SS  Gunnar Henderson,Baltimore Orioles,mlb,R,Baltimore_Orioles_at_Detroit_Tigers,0.48,0.552,-0.10368000000000009,UNDER,SS  Gunnar Henderson shows UNDER value at 0.6 R. TC projection: 0.5 — edge: 0.07. Marginal conviction based on usage rate and defensive matchup.
C   Jonah Heim,Athletics,mlb,RBI,Boston_Red_Sox_at_Athletics,0.48,0.552,-0.10368000000000009,UNDER,C   Jonah Heim shows UNDER value at 0.6 RBI. TC projection: 0.5 — edge: 0.07. Marginal conviction based on usage rate and defensive matchup.
CF  Pete Crow-Armstrong,Chicago Cubs,mlb,RBI,Chicago_Cubs_at_St_Louis_Cardinals,0.48,0.552,-0.10368000000000009,UNDER,"Marginal +EV opportunity: CF  Pete Crow-Armstrong is projected for 0.5 RBI vs a line of 0.6, giving a UNDER edge of 0.07. Based on recent form, opponent matchup, and game context."
1B  Bryce Harper,Philadelphia Phillies,mlb,RBI,Philadelphia_Phillies_at_Miami_Marlins,0.48,0.552,-0.10368000000000009,UNDER,"Marginal +EV opportunity: 1B  Bryce Harper is projected for 0.5 RBI vs a line of 0.6, giving a UNDER edge of 0.07. Based on recent form, opponent matchup, and game context."
LF  Kyle Stowers,Miami Marlins,mlb,RBI,Philadelphia_Phillies_at_Miami_Marlins,0.48,0.552,-0.10368000000000009,UNDER,"Marginal +EV opportunity: LF  Kyle Stowers is projected for 0.5 RBI vs a line of 0.6, giving a UNDER edge of 0.07. Based on recent form, opponent matchup, and game context."
C   Gabriel Moreno,Arizona Diamondbacks,mlb,BB,Arizona_Diamondbacks_at_Pittsburgh_Pirates,0.4,0.328,0.04608000000000001,OVER,Targeting C   Gabriel Moreno OVER 0.3 BB. Model projects 0.4 (0.07 edge). Recent trends and opponent weakness support this play.
LF  Max Kepler,Arizona Diamondbacks,mlb,RBI,Arizona_Diamondbacks_at_Pittsburgh_Pirates,0.48,0.408,0.04608000000000001,OVER,"Marginal +EV opportunity: LF  Max Kepler is projected for 0.5 RBI vs a line of 0.4, giving a OVER edge of 0.07. Based on recent form, opponent matchup, and game context."
LF  Bryan Reynolds,Pittsburgh Pirates,mlb,RBI,Arizona_Diamondbacks_at_Pittsburgh_Pirates,0.48,0.408,0.04608000000000001,OVER,LF  Bryan Reynolds shows OVER value at 0.4 RBI. TC projection: 0.5 — edge: 0.07. Marginal conviction based on usage rate and defensive matchup.
C   Joey Bart,Atlanta Braves,mlb,H,Atlanta_Braves_at_New_York_Mets,0.48,0.408,0.04608000000000001,OVER,"Marginal +EV opportunity: C   Joey Bart is projected for 0.5 H vs a line of 0.4, giving a OVER edge of 0.07. Based on recent form, opponent matchup, and game context."
3B  Coby Mayo,Baltimore Orioles,mlb,H,Baltimore_Orioles_at_Detroit_Tigers,0.48,0.408,0.04608000000000001,OVER,"Marginal +EV opportunity: 3B  Coby Mayo is projected for 0.5 H vs a line of 0.4, giving a OVER edge of 0.07. Based on recent form, opponent matchup, and game context."
C   Dillon Dingler,Detroit Tigers,mlb,R,Baltimore_Orioles_at_Detroit_Tigers,0.48,0.408,0.04608000000000001,OVER,Targeting C   Dillon Dingler OVER 0.4 R. Model projects 0.5 (0.07 edge). Recent trends and opponent weakness support this play.
SS  Elly De La Cruz,Cincinnati Reds,mlb,RBI,Cleveland_Guardians_at_Cincinnati_Reds,0.48,0.408,0.04608000000000001,OVER,Targeting SS  Elly De La Cruz OVER 0.4 RBI. Model projects 0.5 (0.07 edge). Recent trends and opponent weakness support this play.
1B  Spencer Steer,Cincinnati Reds,mlb,R,Cleveland_Guardians_at_Cincinnati_Reds,0.48,0.408,0.04608000000000001,OVER,"Marginal +EV opportunity: 1B  Spencer Steer is projected for 0.5 R vs a line of 0.4, giving a OVER edge of 0.07. Based on recent form, opponent matchup, and game context."
C   William Contreras,Milwaukee Brewers,mlb,RBI,Milwaukee_Brewers_at_San_Francisco_Giants,0.48,0.408,0.04608000000000001,OVER,Targeting C   William Contreras OVER 0.4 RBI. Model projects 0.5 (0.07 edge). Recent trends and opponent weakness support this play.
RF  Braden Montgomery,Chicago White Sox,mlb,R,New_York_Yankees_at_Chicago_White_Sox,0.48,0.408,0.04608000000000001,OVER,RF  Braden Montgomery shows OVER value at 0.4 R. TC projection: 0.5 — edge: 0.07. Marginal conviction based on usage rate and defensive matchup.
SS  Elly De La Cruz,Cincinnati Reds,mlb,BB,Cleveland_Guardians_at_Cincinnati_Reds,0.4,0.472,-0.10367999999999992,UNDER,"Marginal +EV opportunity: SS  Elly De La Cruz is projected for 0.4 BB vs a line of 0.5, giving a UNDER edge of 0.07. Based on recent form, opponent matchup, and game context."
1B  Alec Burleson,St. Louis Cardinals,mlb,R,Chicago_Cubs_at_St_Louis_Cardinals,0.47,0.5405,-0.10152000000000001,UNDER,1B  Alec Burleson shows UNDER value at 0.5 R. TC projection: 0.5 — edge: 0.07. Marginal conviction based on usage rate and defensive matchup.
RF  Chase DeLauter,Cleveland Guardians,mlb,RBI,Cleveland_Guardians_at_Cincinnati_Reds,0.47,0.5405,-0.10152000000000001,UNDER,"Marginal +EV opportunity: RF  Chase DeLauter is projected for 0.5 RBI vs a line of 0.5, giving a UNDER edge of 0.07. Based on recent form, opponent matchup, and game context."
3B  José Ramírez,Cleveland Guardians,mlb,R,Cleveland_Guardians_at_Cincinnati_Reds,0.47,0.5405,-0.10152000000000001,UNDER,3B  José Ramírez shows UNDER value at 0.5 R. TC projection: 0.5 — edge: 0.07. Marginal conviction based on usage rate and defensive matchup.
CF  TJ Friedl,Cincinnati Reds,mlb,H,Cleveland_Guardians_at_Cincinnati_Reds,0.47,0.5405,-0.10152000000000001,UNDER,CF  TJ Friedl shows UNDER value at 0.5 H. TC projection: 0.5 — edge: 0.07. Marginal conviction based on usage rate and defensive matchup.
3B  Isaac Paredes,Houston Astros,mlb,RBI,Houston_Astros_at_Los_Angeles_Angels,0.47,0.5405,-0.10152000000000001,UNDER,3B  Isaac Paredes shows UNDER value at 0.5 RBI. TC projection: 0.5 — edge: 0.07. Marginal conviction based on usage rate and defensive matchup.
C   Gary Sánchez,Milwaukee Brewers,mlb,H,Milwaukee_Brewers_at_San_Francisco_Giants,0.47,0.5405,-0.10152000000000001,UNDER,C   Gary Sánchez shows UNDER value at 0.5 H. TC projection: 0.5 — edge: 0.07. Marginal conviction based on usage rate and defensive matchup.
LF  Jackson Chourio,Milwaukee Brewers,mlb,RBI,Milwaukee_Brewers_at_San_Francisco_Giants,0.47,0.5405,-0.10152000000000001,UNDER,"Marginal +EV opportunity: LF  Jackson Chourio is projected for 0.5 RBI vs a line of 0.5, giving a UNDER edge of 0.07. Based on recent form, opponent matchup, and game context."
3B  Alec Bohm,Philadelphia Phillies,mlb,RBI,Philadelphia_Phillies_at_Miami_Marlins,0.47,0.5405,-0.10152000000000001,UNDER,"Marginal +EV opportunity: 3B  Alec Bohm is projected for 0.5 RBI vs a line of 0.5, giving a UNDER edge of 0.07. Based on recent form, opponent matchup, and game context."
RF  Victor Robles,Seattle Mariners,mlb,H,Seattle_Mariners_at_Texas_Rangers,0.47,0.5405,-0.10152000000000001,UNDER,Targeting RF  Victor Robles UNDER 0.5 H. Model projects 0.5 (0.07 edge). Recent trends and opponent weakness support this play.
3B  Curtis Mead,Boston Red Sox,mlb,R,Boston_Red_Sox_at_Athletics,0.47,0.3995,0.04511999999999997,OVER,"Marginal +EV opportunity: 3B  Curtis Mead is projected for 0.5 R vs a line of 0.4, giving a OVER edge of 0.07. Based on recent form, opponent matchup, and game context."
C   Patrick Bailey,Cleveland Guardians,mlb,H,Cleveland_Guardians_at_Cincinnati_Reds,0.47,0.3995,0.04511999999999997,OVER,Targeting C   Patrick Bailey OVER 0.4 H. Model projects 0.5 (0.07 edge). Recent trends and opponent weakness support this play.
1B  Paul Goldschmidt,New York Yankees,mlb,RBI,New_York_Yankees_at_Chicago_White_Sox,0.47,0.3995,0.04511999999999997,OVER,1B  Paul Goldschmidt shows OVER value at 0.4 RBI. TC projection: 0.5 — edge: 0.07. Marginal conviction based on usage rate and defensive matchup.
CF  Evan Carter,Texas Rangers,mlb,H,Seattle_Mariners_at_Texas_Rangers,0.47,0.3995,0.04511999999999997,OVER,Targeting CF  Evan Carter OVER 0.4 H. Model projects 0.5 (0.07 edge). Recent trends and opponent weakness support this play.
LF  Wyatt Langford,Texas Rangers,mlb,RBI,Seattle_Mariners_at_Texas_Rangers,0.47,0.3995,0.04511999999999997,OVER,LF  Wyatt Langford shows OVER value at 0.4 RBI. TC projection: 0.5 — edge: 0.07. Marginal conviction based on usage rate and defensive matchup.
SS  Zach Neto,Los Angeles Angels,mlb,BB,Houston_Astros_at_Los_Angeles_Angels,0.39,0.3198,0.04492800000000003,OVER,SS  Zach Neto shows OVER value at 0.3 BB. TC projection: 0.4 — edge: 0.07. Marginal conviction based on usage rate and defensive matchup.
DH  Christian Yelich,Milwaukee Brewers,mlb,BB,Milwaukee_Brewers_at_San_Francisco_Giants,0.39,0.3198,0.04492800000000003,OVER,"Marginal +EV opportunity: DH  Christian Yelich is projected for 0.4 BB vs a line of 0.3, giving a OVER edge of 0.07. Based on recent form, opponent matchup, and game context."
2B  JJ Wetherholt,St. Louis Cardinals,mlb,BB,Chicago_Cubs_at_St_Louis_Cardinals,0.39,0.4602,-0.10108799999999997,UNDER,Targeting 2B  JJ Wetherholt UNDER 0.5 BB. Model projects 0.4 (0.07 edge). Recent trends and opponent weakness support this play.
1B  Munetaka Murakami,Chicago White Sox,mlb,HR,New_York_Yankees_at_Chicago_White_Sox,0.28,0.21,0.04480000000000003,OVER,1B  Munetaka Murakami shows OVER value at 0.2 HR. TC projection: 0.3 — edge: 0.07. Marginal conviction based on usage rate and defensive matchup.
C   James McCann,Arizona Diamondbacks,mlb,RBI,Arizona_Diamondbacks_at_Pittsburgh_Pirates,0.46,0.391,0.044160000000000005,OVER,"Marginal +EV opportunity: C   James McCann is projected for 0.5 RBI vs a line of 0.4, giving a OVER edge of 0.07. Based on recent form, opponent matchup, and game context."
LF  Tyler Callihan,Pittsburgh Pirates,mlb,H,Arizona_Diamondbacks_at_Pittsburgh_Pirates,0.46,0.391,0.044160000000000005,OVER,"Marginal +EV opportunity: LF  Tyler Callihan is projected for 0.5 H vs a line of 0.4, giving a OVER edge of 0.07. Based on recent form, opponent matchup, and game context."
RF  Carson Benge,New York Mets,mlb,R,Atlanta_Braves_at_New_York_Mets,0.46,0.391,0.044160000000000005,OVER,RF  Carson Benge shows OVER value at 0.4 R. TC projection: 0.5 — edge: 0.07. Marginal conviction based on usage rate and defensive matchup.
C   Carlos Narváez,Boston Red Sox,mlb,H,Boston_Red_Sox_at_Athletics,0.46,0.391,0.044160000000000005,OVER,Targeting C   Carlos Narváez OVER 0.4 H. Model projects 0.5 (0.07 edge). Recent trends and opponent weakness support this play.
3B  Curtis Mead,Boston Red Sox,mlb,RBI,Boston_Red_Sox_at_Athletics,0.46,0.391,0.044160000000000005,OVER,Targeting 3B  Curtis Mead OVER 0.4 RBI. Model projects 0.5 (0.07 edge). Recent trends and opponent weakness support this play.
LF  Jarren Duran,Boston Red Sox,mlb,RBI,Boston_Red_Sox_at_Athletics,0.46,0.391,0.044160000000000005,OVER,LF  Jarren Duran shows OVER value at 0.4 RBI. TC projection: 0.5 — edge: 0.07. Marginal conviction based on usage rate and defensive matchup.
1B  Willson Contreras,Boston Red Sox,mlb,R,Boston_Red_Sox_at_Athletics,0.46,0.391,0.044160000000000005,OVER,Targeting 1B  Willson Contreras OVER 0.4 R. Model projects 0.5 (0.07 edge). Recent trends and opponent weakness support this play.
LF  Tyler Soderstrom,Athletics,mlb,R,Boston_Red_Sox_at_Athletics,0.46,0.391,0.044160000000000005,OVER,LF  Tyler Soderstrom shows OVER value at 0.4 R. TC projection: 0.5 — edge: 0.07. Marginal conviction based on usage rate and defensive matchup.
SS  Luisangel Acuña,Chicago White Sox,mlb,H,New_York_Yankees_at_Chicago_White_Sox,0.46,0.391,0.044160000000000005,OVER,"Marginal +EV opportunity: SS  Luisangel Acuña is projected for 0.5 H vs a line of 0.4, giving a OVER edge of 0.07. Based on recent form, opponent matchup, and game context."
DH  Randal Grichuk,Chicago White Sox,mlb,H,New_York_Yankees_at_Chicago_White_Sox,0.46,0.391,0.044160000000000005,OVER,DH  Randal Grichuk shows OVER value at 0.4 H. TC projection: 0.5 — edge: 0.07. Marginal conviction based on usage rate and defensive matchup.
CF  Cam Cauley,Texas Rangers,mlb,H,Seattle_Mariners_at_Texas_Rangers,0.46,0.391,0.044160000000000005,OVER,CF  Cam Cauley shows OVER value at 0.4 H. TC projection: 0.5 — edge: 0.07. Marginal conviction based on usage rate and defensive matchup.
3B  Brady House,Washington Nationals,mlb,R,Toronto_Blue_Jays_at_Washington_Nationals,0.46,0.391,0.044160000000000005,OVER,Targeting 3B  Brady House OVER 0.4 R. Model projects 0.5 (0.07 edge). Recent trends and opponent weakness support this play.
RF  Lawrence Butler,Athletics,mlb,H,Boston_Red_Sox_at_Athletics,0.46,0.529,-0.09935999999999999,UNDER,"Marginal +EV opportunity: RF  Lawrence Butler is projected for 0.5 H vs a line of 0.5, giving a UNDER edge of 0.07. Based on recent form, opponent matchup, and game context."
LF  Tyler Soderstrom,Athletics,mlb,RBI,Boston_Red_Sox_at_Athletics,0.46,0.529,-0.09935999999999999,UNDER,Targeting LF  Tyler Soderstrom UNDER 0.5 RBI. Model projects 0.5 (0.07 edge). Recent trends and opponent weakness support this play.
1B  Sal Stewart,Cincinnati Reds,mlb,R,Cleveland_Guardians_at_Cincinnati_Reds,0.46,0.529,-0.09935999999999999,UNDER,Targeting 1B  Sal Stewart UNDER 0.5 R. Model projects 0.5 (0.07 edge). Recent trends and opponent weakness support this play.
RF  Jung Hoo Lee,San Francisco Giants,mlb,R,Milwaukee_Brewers_at_San_Francisco_Giants,0.46,0.529,-0.09935999999999999,UNDER,"Marginal +EV opportunity: RF  Jung Hoo Lee is projected for 0.5 R vs a line of 0.5, giving a UNDER edge of 0.07. Based on recent form, opponent matchup, and game context."
3B  Ryan McMahon,New York Yankees,mlb,H,New_York_Yankees_at_Chicago_White_Sox,0.46,0.529,-0.09935999999999999,UNDER,"Marginal +EV opportunity: 3B  Ryan McMahon is projected for 0.5 H vs a line of 0.5, giving a UNDER edge of 0.07. Based on recent form, opponent matchup, and game context."
1B  Matt Olson,Atlanta Braves,mlb,BB,Atlanta_Braves_at_New_York_Mets,0.38,0.3116,0.043776000000000016,OVER,Targeting 1B  Matt Olson OVER 0.3 BB. Model projects 0.4 (0.07 edge). Recent trends and opponent weakness support this play.
1B  Sal Stewart,Cincinnati Reds,mlb,BB,Cleveland_Guardians_at_Cincinnati_Reds,0.38,0.3116,0.043776000000000016,OVER,1B  Sal Stewart shows OVER value at 0.3 BB. TC projection: 0.4 — edge: 0.07. Marginal conviction based on usage rate and defensive matchup.
CF  Evan Carter,Texas Rangers,mlb,BB,Seattle_Mariners_at_Texas_Rangers,0.38,0.3116,0.043776000000000016,OVER,CF  Evan Carter shows OVER value at 0.3 BB. TC projection: 0.4 — edge: 0.07. Marginal conviction based on usage rate and defensive matchup.
RF  Luis Lara,Milwaukee Brewers,mlb,BB,Milwaukee_Brewers_at_San_Francisco_Giants,0.38,0.4484,-0.09849600000000001,UNDER,Targeting RF  Luis Lara UNDER 0.4 BB. Model projects 0.4 (0.07 edge). Recent trends and opponent weakness support this play.
C   Gabriel Moreno,Arizona Diamondbacks,mlb,R,Arizona_Diamondbacks_at_Pittsburgh_Pirates,0.45,0.3825,0.04320000000000001,OVER,Targeting C   Gabriel Moreno OVER 0.4 R. Model projects 0.5 (0.07 edge). Recent trends and opponent weakness support this play.
LF  Mauricio Dubón,Atlanta Braves,mlb,RBI,Atlanta_Braves_at_New_York_Mets,0.45,0.3825,0.04320000000000001,OVER,Targeting LF  Mauricio Dubón OVER 0.4 RBI. Model projects 0.5 (0.07 edge). Recent trends and opponent weakness support this play.
CF  Michael Harris II,Atlanta Braves,mlb,R,Atlanta_Braves_at_New_York_Mets,0.45,0.3825,0.04320000000000001,OVER,"Marginal +EV opportunity: CF  Michael Harris II is projected for 0.5 R vs a line of 0.4, giving a OVER edge of 0.07. Based on recent form, opponent matchup, and game context."
2B  Ozzie Albies,Atlanta Braves,mlb,RBI,Atlanta_Braves_at_New_York_Mets,0.45,0.3825,0.04320000000000001,OVER,Targeting 2B  Ozzie Albies OVER 0.4 RBI. Model projects 0.5 (0.07 edge). Recent trends and opponent weakness support this play.
RF  Tyler O'Neill,Baltimore Orioles,mlb,H,Baltimore_Orioles_at_Detroit_Tigers,0.45,0.3825,0.04320000000000001,OVER,"Marginal +EV opportunity: RF  Tyler O'Neill is projected for 0.5 H vs a line of 0.4, giving a OVER edge of 0.07. Based on recent form, opponent matchup, and game context."
1B  Michael Busch,Chicago Cubs,mlb,RBI,Chicago_Cubs_at_St_Louis_Cardinals,0.45,0.3825,0.04320000000000001,OVER,"Marginal +EV opportunity: 1B  Michael Busch is projected for 0.5 RBI vs a line of 0.4, giving a OVER edge of 0.07. Based on recent form, opponent matchup, and game context."
DH  Eugenio Suárez,Cincinnati Reds,mlb,RBI,Cleveland_Guardians_at_Cincinnati_Reds,0.45,0.3825,0.04320000000000001,OVER,DH  Eugenio Suárez shows OVER value at 0.4 RBI. TC projection: 0.5 — edge: 0.07. Marginal conviction based on usage rate and defensive matchup.
DH  Yordan Alvarez,Houston Astros,mlb,HR,Houston_Astros_at_Los_Angeles_Angels,0.27,0.2025,0.04320000000000001,OVER,DH  Yordan Alvarez shows OVER value at 0.2 HR. TC projection: 0.3 — edge: 0.07. Marginal conviction based on usage rate and defensive matchup.
CF  Jose Siri,Los Angeles Angels,mlb,H,Houston_Astros_at_Los_Angeles_Angels,0.45,0.3825,0.04320000000000001,OVER,"Marginal +EV opportunity: CF  Jose Siri is projected for 0.5 H vs a line of 0.4, giving a OVER edge of 0.07. Based on recent form, opponent matchup, and game context."
SS  Willy Adames,San Francisco Giants,mlb,R,Milwaukee_Brewers_at_San_Francisco_Giants,0.45,0.3825,0.04320000000000001,OVER,Targeting SS  Willy Adames OVER 0.4 R. Model projects 0.5 (0.07 edge). Recent trends and opponent weakness support this play.
LF  Brandon Marsh,Philadelphia Phillies,mlb,R,Philadelphia_Phillies_at_Miami_Marlins,0.45,0.3825,0.04320000000000001,OVER,"Marginal +EV opportunity: LF  Brandon Marsh is projected for 0.5 R vs a line of 0.4, giving a OVER edge of 0.07. Based on recent form, opponent matchup, and game context."
DH  Kyle Schwarber,Philadelphia Phillies,mlb,HR,Philadelphia_Phillies_at_Miami_Marlins,0.27,0.2025,0.04320000000000001,OVER,Targeting DH  Kyle Schwarber OVER 0.2 HR. Model projects 0.3 (0.07 edge). Recent trends and opponent weakness support this play.
3B  Leo Jiménez,Miami Marlins,mlb,H,Philadelphia_Phillies_at_Miami_Marlins,0.45,0.3825,0.04320000000000001,OVER,3B  Leo Jiménez shows OVER value at 0.4 H. TC projection: 0.5 — edge: 0.07. Marginal conviction based on usage rate and defensive matchup.
LF  Riley Greene,Detroit Tigers,mlb,R,Baltimore_Orioles_at_Detroit_Tigers,0.45,0.5175,-0.09719999999999991,UNDER,Targeting LF  Riley Greene UNDER 0.5 R. Model projects 0.5 (0.07 edge). Recent trends and opponent weakness support this play.
C   Pedro Pagés,St. Louis Cardinals,mlb,H,Chicago_Cubs_at_St_Louis_Cardinals,0.45,0.5175,-0.09719999999999991,UNDER,Targeting C   Pedro Pagés UNDER 0.5 H. Model projects 0.5 (0.07 edge). Recent trends and opponent weakness support this play.
DH  Christian Yelich,Milwaukee Brewers,mlb,RBI,Milwaukee_Brewers_at_San_Francisco_Giants,0.45,0.5175,-0.09719999999999991,UNDER,Targeting DH  Christian Yelich UNDER 0.5 RBI. Model projects 0.5 (0.07 edge). Recent trends and opponent weakness support this play.
RF  Luis Lara,Milwaukee Brewers,mlb,RBI,Milwaukee_Brewers_at_San_Francisco_Giants,0.45,0.5175,-0.09719999999999991,UNDER,RF  Luis Lara shows UNDER value at 0.5 RBI. TC projection: 0.5 — edge: 0.07. Marginal conviction based on usage rate and defensive matchup.
1B  Rafael Devers,San Francisco Giants,mlb,R,Milwaukee_Brewers_at_San_Francisco_Giants,0.45,0.5175,-0.09719999999999991,UNDER,"Marginal +EV opportunity: 1B  Rafael Devers is projected for 0.5 R vs a line of 0.5, giving a UNDER edge of 0.07. Based on recent form, opponent matchup, and game context."
1B  Vladimir Guerrero Jr.,Toronto Blue Jays,mlb,R,Toronto_Blue_Jays_at_Washington_Nationals,0.45,0.5175,-0.09719999999999991,UNDER,"Marginal +EV opportunity: 1B  Vladimir Guerrero Jr. is projected for 0.5 R vs a line of 0.5, giving a UNDER edge of 0.07. Based on recent form, opponent matchup, and game context."
C   Keibert Ruiz,Washington Nationals,mlb,RBI,Toronto_Blue_Jays_at_Washington_Nationals,0.45,0.5175,-0.09719999999999991,UNDER,C   Keibert Ruiz shows UNDER value at 0.5 RBI. TC projection: 0.5 — edge: 0.07. Marginal conviction based on usage rate and defensive matchup.
SS  Francisco Lindor,New York Mets,mlb,BB,Atlanta_Braves_at_New_York_Mets,0.37,0.3034,0.042623999999999995,OVER,"Marginal +EV opportunity: SS  Francisco Lindor is projected for 0.4 BB vs a line of 0.3, giving a OVER edge of 0.07. Based on recent form, opponent matchup, and game context."
1B  Spencer Torkelson,Detroit Tigers,mlb,BB,Baltimore_Orioles_at_Detroit_Tigers,0.37,0.3034,0.042623999999999995,OVER,1B  Spencer Torkelson shows OVER value at 0.3 BB. TC projection: 0.4 — edge: 0.07. Marginal conviction based on usage rate and defensive matchup.
3B  Curtis Mead,Boston Red Sox,mlb,BB,Boston_Red_Sox_at_Athletics,0.37,0.3034,0.042623999999999995,OVER,"Marginal +EV opportunity: 3B  Curtis Mead is projected for 0.4 BB vs a line of 0.3, giving a OVER edge of 0.07. Based on recent form, opponent matchup, and game context."
SS  Anthony Volpe,New York Yankees,mlb,BB,New_York_Yankees_at_Chicago_White_Sox,0.37,0.3034,0.042623999999999995,OVER,SS  Anthony Volpe shows OVER value at 0.3 BB. TC projection: 0.4 — edge: 0.07. Marginal conviction based on usage rate and defensive matchup.
1B  Vladimir Guerrero Jr.,Toronto Blue Jays,mlb,BB,Toronto_Blue_Jays_at_Washington_Nationals,0.37,0.3034,0.042623999999999995,OVER,"Marginal +EV opportunity: 1B  Vladimir Guerrero Jr. is projected for 0.4 BB vs a line of 0.3, giving a OVER edge of 0.07. Based on recent form, opponent matchup, and game context."
CF  Tyrone Taylor,New York Mets,mlb,H,Atlanta_Braves_at_New_York_Mets,0.44,0.374,0.04224000000000001,OVER,"Marginal +EV opportunity: CF  Tyrone Taylor is projected for 0.4 H vs a line of 0.4, giving a OVER edge of 0.07. Based on recent form, opponent matchup, and game context."
LF  LaMonte Wade Jr.,Houston Astros,mlb,H,Houston_Astros_at_Los_Angeles_Angels,0.44,0.374,0.04224000000000001,OVER,"Marginal +EV opportunity: LF  LaMonte Wade Jr. is projected for 0.4 H vs a line of 0.4, giving a OVER edge of 0.07. Based on recent form, opponent matchup, and game context."
LF  Heliot Ramos,San Francisco Giants,mlb,R,Milwaukee_Brewers_at_San_Francisco_Giants,0.44,0.374,0.04224000000000001,OVER,"Marginal +EV opportunity: LF  Heliot Ramos is projected for 0.4 R vs a line of 0.4, giving a OVER edge of 0.07. Based on recent form, opponent matchup, and game context."
2B  Luis Arraez,San Francisco Giants,mlb,R,Milwaukee_Brewers_at_San_Francisco_Giants,0.44,0.374,0.04224000000000001,OVER,Targeting 2B  Luis Arraez OVER 0.4 R. Model projects 0.4 (0.07 edge). Recent trends and opponent weakness support this play.
LF  Daylen Lile,Washington Nationals,mlb,R,Toronto_Blue_Jays_at_Washington_Nationals,0.44,0.374,0.04224000000000001,OVER,LF  Daylen Lile shows OVER value at 0.4 R. TC projection: 0.4 — edge: 0.07. Marginal conviction based on usage rate and defensive matchup.
1B  Ildemaro Vargas,Arizona Diamondbacks,mlb,RBI,Arizona_Diamondbacks_at_Pittsburgh_Pirates,0.44,0.506,-0.09504,UNDER,Targeting 1B  Ildemaro Vargas UNDER 0.5 RBI. Model projects 0.4 (0.07 edge). Recent trends and opponent weakness support this play.
DH  Michael Conforto,Chicago Cubs,mlb,H,Chicago_Cubs_at_St_Louis_Cardinals,0.44,0.506,-0.09504,UNDER,Targeting DH  Michael Conforto UNDER 0.5 H. Model projects 0.4 (0.07 edge). Recent trends and opponent weakness support this play.
CF  Dane Myers,Cincinnati Reds,mlb,H,Cleveland_Guardians_at_Cincinnati_Reds,0.44,0.506,-0.09504,UNDER,Targeting CF  Dane Myers UNDER 0.5 H. Model projects 0.4 (0.07 edge). Recent trends and opponent weakness support this play.
LF  JJ Bleday,Cincinnati Reds,mlb,R,Cleveland_Guardians_at_Cincinnati_Reds,0.44,0.506,-0.09504,UNDER,"Marginal +EV opportunity: LF  JJ Bleday is projected for 0.4 R vs a line of 0.5, giving a UNDER edge of 0.07. Based on recent form, opponent matchup, and game context."
LF  LaMonte Wade Jr.,Houston Astros,mlb,RBI,Houston_Astros_at_Los_Angeles_Angels,0.44,0.506,-0.09504,UNDER,Targeting LF  LaMonte Wade Jr. UNDER 0.5 RBI. Model projects 0.4 (0.07 edge). Recent trends and opponent weakness support this play.
DH  Bryce Eldridge,San Francisco Giants,mlb,R,Milwaukee_Brewers_at_San_Francisco_Giants,0.44,0.506,-0.09504,UNDER,Targeting DH  Bryce Eldridge UNDER 0.5 R. Model projects 0.4 (0.07 edge). Recent trends and opponent weakness support this play.
CF  Spencer Jones,New York Yankees,mlb,H,New_York_Yankees_at_Chicago_White_Sox,0.44,0.506,-0.09504,UNDER,CF  Spencer Jones shows UNDER value at 0.5 H. TC projection: 0.4 — edge: 0.07. Marginal conviction based on usage rate and defensive matchup.
3B  José Ramírez,Cleveland Guardians,mlb,SB,Cleveland_Guardians_at_Cincinnati_Reds,0.26,0.195,0.041600000000000005,OVER,Targeting 3B  José Ramírez OVER 0.2 SB. Model projects 0.3 (0.07 edge). Recent trends and opponent weakness support this play.
RF  Luis Lara,Milwaukee Brewers,mlb,2B,Milwaukee_Brewers_at_San_Francisco_Giants,0.26,0.195,0.041600000000000005,OVER,Targeting RF  Luis Lara OVER 0.2 2B. Model projects 0.3 (0.07 edge). Recent trends and opponent weakness support this play.
C   Keibert Ruiz,Washington Nationals,mlb,2B,Toronto_Blue_Jays_at_Washington_Nationals,0.26,0.195,0.041600000000000005,OVER,C   Keibert Ruiz shows OVER value at 0.2 2B. TC projection: 0.3 — edge: 0.07. Marginal conviction based on usage rate and defensive matchup.
2B  Anthony Seigler,Boston Red Sox,mlb,2B,Boston_Red_Sox_at_Athletics,0.26,0.325,-0.0936,UNDER,2B  Anthony Seigler shows UNDER value at 0.3 2B. TC projection: 0.3 — edge: 0.07. Marginal conviction based on usage rate and defensive matchup.
1B  Ben Rice,New York Yankees,mlb,HR,New_York_Yankees_at_Chicago_White_Sox,0.26,0.325,-0.0936,UNDER,1B  Ben Rice shows UNDER value at 0.3 HR. TC projection: 0.3 — edge: 0.07. Marginal conviction based on usage rate and defensive matchup.
2B  Brandon Lowe,Pittsburgh Pirates,mlb,BB,Arizona_Diamondbacks_at_Pittsburgh_Pirates,0.36,0.4248,-0.09331200000000002,UNDER,"Marginal +EV opportunity: 2B  Brandon Lowe is projected for 0.4 BB vs a line of 0.4, giving a UNDER edge of 0.06. Based on recent form, opponent matchup, and game context."
C   Mitch Garver,Seattle Mariners,mlb,BB,Seattle_Mariners_at_Texas_Rangers,0.36,0.4248,-0.09331200000000002,UNDER,C   Mitch Garver shows UNDER value at 0.4 BB. TC projection: 0.4 — edge: 0.06. Marginal conviction based on usage rate and defensive matchup.
DH  George Springer,Toronto Blue Jays,mlb,BB,Toronto_Blue_Jays_at_Washington_Nationals,0.36,0.2952,0.04147199999999998,OVER,DH  George Springer shows OVER value at 0.3 BB. TC projection: 0.4 — edge: 0.06. Marginal conviction based on usage rate and defensive matchup.
C   Gabriel Moreno,Arizona Diamondbacks,mlb,RBI,Arizona_Diamondbacks_at_Pittsburgh_Pirates,0.43,0.3655,0.04128000000000001,OVER,"Marginal +EV opportunity: C   Gabriel Moreno is projected for 0.4 RBI vs a line of 0.4, giving a OVER edge of 0.06. Based on recent form, opponent matchup, and game context."
3B  Bo Bichette,New York Mets,mlb,RBI,Atlanta_Braves_at_New_York_Mets,0.43,0.3655,0.04128000000000001,OVER,"Marginal +EV opportunity: 3B  Bo Bichette is projected for 0.4 RBI vs a line of 0.4, giving a OVER edge of 0.06. Based on recent form, opponent matchup, and game context."
LF  Riley Greene,Detroit Tigers,mlb,RBI,Baltimore_Orioles_at_Detroit_Tigers,0.43,0.3655,0.04128000000000001,OVER,"Marginal +EV opportunity: LF  Riley Greene is projected for 0.4 RBI vs a line of 0.4, giving a OVER edge of 0.06. Based on recent form, opponent matchup, and game context."
3B  Tommy White,Athletics,mlb,R,Boston_Red_Sox_at_Athletics,0.43,0.3655,0.04128000000000001,OVER,Targeting 3B  Tommy White OVER 0.4 R. Model projects 0.4 (0.06 edge). Recent trends and opponent weakness support this play.
CF  Garrett Mitchell,Milwaukee Brewers,mlb,RBI,Milwaukee_Brewers_at_San_Francisco_Giants,0.43,0.3655,0.04128000000000001,OVER,CF  Garrett Mitchell shows OVER value at 0.4 RBI. TC projection: 0.4 — edge: 0.06. Marginal conviction based on usage rate and defensive matchup.
C   William Contreras,Milwaukee Brewers,mlb,R,Milwaukee_Brewers_at_San_Francisco_Giants,0.43,0.3655,0.04128000000000001,OVER,C   William Contreras shows OVER value at 0.4 R. TC projection: 0.4 — edge: 0.06. Marginal conviction based on usage rate and defensive matchup.
2B  Jazz Chisholm Jr.,New York Yankees,mlb,R,New_York_Yankees_at_Chicago_White_Sox,0.43,0.3655,0.04128000000000001,OVER,Targeting 2B  Jazz Chisholm Jr. OVER 0.4 R. Model projects 0.4 (0.06 edge). Recent trends and opponent weakness support this play.
C   Joe Mack,Miami Marlins,mlb,RBI,Philadelphia_Phillies_at_Miami_Marlins,0.43,0.3655,0.04128000000000001,OVER,C   Joe Mack shows OVER value at 0.4 RBI. TC projection: 0.4 — edge: 0.06. Marginal conviction based on usage rate and defensive matchup.
3B  Bo Bichette,New York Mets,mlb,R,Atlanta_Braves_at_New_York_Mets,0.43,0.4945,-0.09287999999999999,UNDER,Targeting 3B  Bo Bichette UNDER 0.5 R. Model projects 0.4 (0.06 edge). Recent trends and opponent weakness support this play.
2B  Anthony Seigler,Boston Red Sox,mlb,R,Boston_Red_Sox_at_Athletics,0.43,0.4945,-0.09287999999999999,UNDER,Targeting 2B  Anthony Seigler UNDER 0.5 R. Model projects 0.4 (0.06 edge). Recent trends and opponent weakness support this play.
SS  Jacob Wilson,Athletics,mlb,RBI,Boston_Red_Sox_at_Athletics,0.43,0.4945,-0.09287999999999999,UNDER,Targeting SS  Jacob Wilson UNDER 0.5 RBI. Model projects 0.4 (0.06 edge). Recent trends and opponent weakness support this play.
LF  Zach Dezenzo,Houston Astros,mlb,H,Houston_Astros_at_Los_Angeles_Angels,0.43,0.4945,-0.09287999999999999,UNDER,"Marginal +EV opportunity: LF  Zach Dezenzo is projected for 0.4 H vs a line of 0.5, giving a UNDER edge of 0.06. Based on recent form, opponent matchup, and game context."
RF  Braden Montgomery,Chicago White Sox,mlb,RBI,New_York_Yankees_at_Chicago_White_Sox,0.43,0.4945,-0.09287999999999999,UNDER,Targeting RF  Braden Montgomery UNDER 0.5 RBI. Model projects 0.4 (0.06 edge). Recent trends and opponent weakness support this play.
C   Edgar Quero,Chicago White Sox,mlb,H,New_York_Yankees_at_Chicago_White_Sox,0.43,0.4945,-0.09287999999999999,UNDER,"Marginal +EV opportunity: C   Edgar Quero is projected for 0.4 H vs a line of 0.5, giving a UNDER edge of 0.06. Based on recent form, opponent matchup, and game context."
RF  Gabriel Rincones Jr.,Philadelphia Phillies,mlb,H,Philadelphia_Phillies_at_Miami_Marlins,0.43,0.4945,-0.09287999999999999,UNDER,Targeting RF  Gabriel Rincones Jr. UNDER 0.5 H. Model projects 0.4 (0.06 edge). Recent trends and opponent weakness support this play.
LF  Heriberto Hernández,Miami Marlins,mlb,RBI,Philadelphia_Phillies_at_Miami_Marlins,0.43,0.4945,-0.09287999999999999,UNDER,LF  Heriberto Hernández shows UNDER value at 0.5 RBI. TC projection: 0.4 — edge: 0.06. Marginal conviction based on usage rate and defensive matchup.
CF  Julio Rodríguez,Seattle Mariners,mlb,R,Seattle_Mariners_at_Texas_Rangers,0.43,0.4945,-0.09287999999999999,UNDER,Targeting CF  Julio Rodríguez UNDER 0.5 R. Model projects 0.4 (0.06 edge). Recent trends and opponent weakness support this play.
LF  Daylen Lile,Washington Nationals,mlb,RBI,Toronto_Blue_Jays_at_Washington_Nationals,0.43,0.4945,-0.09287999999999999,UNDER,LF  Daylen Lile shows UNDER value at 0.5 RBI. TC projection: 0.4 — edge: 0.06. Marginal conviction based on usage rate and defensive matchup.
SS  Francisco Lindor,New York Mets,mlb,R,Atlanta_Braves_at_New_York_Mets,0.42,0.357,0.04032,OVER,SS  Francisco Lindor shows OVER value at 0.4 R. TC projection: 0.4 — edge: 0.06. Marginal conviction based on usage rate and defensive matchup.
2B  Jeremiah Jackson,Baltimore Orioles,mlb,RBI,Baltimore_Orioles_at_Detroit_Tigers,0.42,0.357,0.04032,OVER,Targeting 2B  Jeremiah Jackson OVER 0.4 RBI. Model projects 0.4 (0.06 edge). Recent trends and opponent weakness support this play.
C   Miguel Amaya,Chicago Cubs,mlb,R,Chicago_Cubs_at_St_Louis_Cardinals,0.42,0.357,0.04032,OVER,Targeting C   Miguel Amaya OVER 0.4 R. Model projects 0.4 (0.06 edge). Recent trends and opponent weakness support this play.
RF  Chase DeLauter,Cleveland Guardians,mlb,BB,Cleveland_Guardians_at_Cincinnati_Reds,0.35,0.287,0.04032,OVER,"Marginal +EV opportunity: RF  Chase DeLauter is projected for 0.3 BB vs a line of 0.3, giving a OVER edge of 0.06. Based on recent form, opponent matchup, and game context."
1B  Rafael Devers,San Francisco Giants,mlb,BB,Milwaukee_Brewers_at_San_Francisco_Giants,0.35,0.287,0.04032,OVER,Targeting 1B  Rafael Devers OVER 0.3 BB. Model projects 0.3 (0.06 edge). Recent trends and opponent weakness support this play.
SS  Colson Montgomery,Chicago White Sox,mlb,R,New_York_Yankees_at_Chicago_White_Sox,0.42,0.357,0.04032,OVER,Targeting SS  Colson Montgomery OVER 0.4 R. Model projects 0.4 (0.06 edge). Recent trends and opponent weakness support this play.
2B  Xavier Edwards,Miami Marlins,mlb,R,Philadelphia_Phillies_at_Miami_Marlins,0.42,0.357,0.04032,OVER,Targeting 2B  Xavier Edwards OVER 0.4 R. Model projects 0.4 (0.06 edge). Recent trends and opponent weakness support this play.
DH  Dominic Canzone,Seattle Mariners,mlb,RBI,Seattle_Mariners_at_Texas_Rangers,0.42,0.357,0.04032,OVER,Targeting DH  Dominic Canzone OVER 0.4 RBI. Model projects 0.4 (0.06 edge). Recent trends and opponent weakness support this play.
3B  Kazuma Okamoto,Toronto Blue Jays,mlb,R,Toronto_Blue_Jays_at_Washington_Nationals,0.42,0.357,0.04032,OVER,Targeting 3B  Kazuma Okamoto OVER 0.4 R. Model projects 0.4 (0.06 edge). Recent trends and opponent weakness support this play.
DH  Marcell Ozuna,Pittsburgh Pirates,mlb,BB,Arizona_Diamondbacks_at_Pittsburgh_Pirates,0.35,0.413,-0.09072,UNDER,DH  Marcell Ozuna shows UNDER value at 0.4 BB. TC projection: 0.3 — edge: 0.06. Marginal conviction based on usage rate and defensive matchup.
RF  Wilyer Abreu,Boston Red Sox,mlb,R,Boston_Red_Sox_at_Athletics,0.42,0.483,-0.09072,UNDER,"Marginal +EV opportunity: RF  Wilyer Abreu is projected for 0.4 R vs a line of 0.5, giving a UNDER edge of 0.06. Based on recent form, opponent matchup, and game context."
RF  Wilyer Abreu,Boston Red Sox,mlb,RBI,Boston_Red_Sox_at_Athletics,0.42,0.483,-0.09072,UNDER,Targeting RF  Wilyer Abreu UNDER 0.5 RBI. Model projects 0.4 (0.06 edge). Recent trends and opponent weakness support this play.
3B  Donovan Walton,Athletics,mlb,R,Boston_Red_Sox_at_Athletics,0.42,0.483,-0.09072,UNDER,Targeting 3B  Donovan Walton UNDER 0.5 R. Model projects 0.4 (0.06 edge). Recent trends and opponent weakness support this play.
SS  Jeremy Peña,Houston Astros,mlb,RBI,Houston_Astros_at_Los_Angeles_Angels,0.42,0.483,-0.09072,UNDER,Targeting SS  Jeremy Peña UNDER 0.5 RBI. Model projects 0.4 (0.06 edge). Recent trends and opponent weakness support this play.
CF  Garrett Mitchell,Milwaukee Brewers,mlb,BB,Milwaukee_Brewers_at_San_Francisco_Giants,0.35,0.413,-0.09072,UNDER,CF  Garrett Mitchell shows UNDER value at 0.4 BB. TC projection: 0.3 — edge: 0.06. Marginal conviction based on usage rate and defensive matchup.
LF  Casey Schmitt,San Francisco Giants,mlb,R,Milwaukee_Brewers_at_San_Francisco_Giants,0.42,0.483,-0.09072,UNDER,"Marginal +EV opportunity: LF  Casey Schmitt is projected for 0.4 R vs a line of 0.5, giving a UNDER edge of 0.06. Based on recent form, opponent matchup, and game context."
SS  Ezequiel Duran,Texas Rangers,mlb,R,Seattle_Mariners_at_Texas_Rangers,0.42,0.483,-0.09072,UNDER,SS  Ezequiel Duran shows UNDER value at 0.5 R. TC projection: 0.4 — edge: 0.06. Marginal conviction based on usage rate and defensive matchup.
C   Harry Ford,Washington Nationals,mlb,BB,Toronto_Blue_Jays_at_Washington_Nationals,0.35,0.413,-0.09072,UNDER,C   Harry Ford shows UNDER value at 0.4 BB. TC projection: 0.3 — edge: 0.06. Marginal conviction based on usage rate and defensive matchup.
RF  James Wood,Washington Nationals,mlb,HR,Toronto_Blue_Jays_at_Washington_Nationals,0.25,0.1875,0.04000000000000001,OVER,RF  James Wood shows OVER value at 0.2 HR. TC projection: 0.2 — edge: 0.06. Marginal conviction based on usage rate and defensive matchup.
1B  Ildemaro Vargas,Arizona Diamondbacks,mlb,R,Arizona_Diamondbacks_at_Pittsburgh_Pirates,0.41,0.3485,0.039360000000000006,OVER,"Marginal +EV opportunity: 1B  Ildemaro Vargas is projected for 0.4 R vs a line of 0.3, giving a OVER edge of 0.06. Based on recent form, opponent matchup, and game context."
3B  Nolan Arenado,Arizona Diamondbacks,mlb,RBI,Arizona_Diamondbacks_at_Pittsburgh_Pirates,0.41,0.3485,0.039360000000000006,OVER,"Marginal +EV opportunity: 3B  Nolan Arenado is projected for 0.4 RBI vs a line of 0.3, giving a OVER edge of 0.06. Based on recent form, opponent matchup, and game context."
RF  Ben Malgeri,Detroit Tigers,mlb,H,Baltimore_Orioles_at_Detroit_Tigers,0.41,0.3485,0.039360000000000006,OVER,Targeting RF  Ben Malgeri OVER 0.3 H. Model projects 0.4 (0.06 edge). Recent trends and opponent weakness support this play.
1B  Spencer Torkelson,Detroit Tigers,mlb,RBI,Baltimore_Orioles_at_Detroit_Tigers,0.41,0.3485,0.039360000000000006,OVER,"Marginal +EV opportunity: 1B  Spencer Torkelson is projected for 0.4 RBI vs a line of 0.3, giving a OVER edge of 0.06. Based on recent form, opponent matchup, and game context."
SS  Jacob Wilson,Athletics,mlb,R,Boston_Red_Sox_at_Athletics,0.41,0.3485,0.039360000000000006,OVER,"Marginal +EV opportunity: SS  Jacob Wilson is projected for 0.4 R vs a line of 0.3, giving a OVER edge of 0.06. Based on recent form, opponent matchup, and game context."
1B  Rhys Hoskins,Cleveland Guardians,mlb,H,Cleveland_Guardians_at_Cincinnati_Reds,0.41,0.3485,0.039360000000000006,OVER,Targeting 1B  Rhys Hoskins OVER 0.3 H. Model projects 0.4 (0.06 edge). Recent trends and opponent weakness support this play.
CF  Jakob Marsee,Miami Marlins,mlb,R,Philadelphia_Phillies_at_Miami_Marlins,0.41,0.3485,0.039360000000000006,OVER,CF  Jakob Marsee shows OVER value at 0.3 R. TC projection: 0.4 — edge: 0.06. Marginal conviction based on usage rate and defensive matchup.
CF  Cam Cauley,Texas Rangers,mlb,R,Seattle_Mariners_at_Texas_Rangers,0.41,0.3485,0.039360000000000006,OVER,"Marginal +EV opportunity: CF  Cam Cauley is projected for 0.4 R vs a line of 0.3, giving a OVER edge of 0.06. Based on recent form, opponent matchup, and game context."
1B  Andrés Chaparro,Washington Nationals,mlb,RBI,Toronto_Blue_Jays_at_Washington_Nationals,0.41,0.3485,0.039360000000000006,OVER,"Marginal +EV opportunity: 1B  Andrés Chaparro is projected for 0.4 RBI vs a line of 0.3, giving a OVER edge of 0.06. Based on recent form, opponent matchup, and game context."
1B  Luis García Jr.,Washington Nationals,mlb,R,Toronto_Blue_Jays_at_Washington_Nationals,0.41,0.3485,0.039360000000000006,OVER,Targeting 1B  Luis García Jr. OVER 0.3 R. Model projects 0.4 (0.06 edge). Recent trends and opponent weakness support this play.
SS  Geraldo Perdomo,Arizona Diamondbacks,mlb,R,Arizona_Diamondbacks_at_Pittsburgh_Pirates,0.41,0.4715,-0.08855999999999999,UNDER,Targeting SS  Geraldo Perdomo UNDER 0.5 R. Model projects 0.4 (0.06 edge). Recent trends and opponent weakness support this play.
3B  Nolan Arenado,Arizona Diamondbacks,mlb,R,Arizona_Diamondbacks_at_Pittsburgh_Pirates,0.41,0.4715,-0.08855999999999999,UNDER,3B  Nolan Arenado shows UNDER value at 0.5 R. TC projection: 0.4 — edge: 0.06. Marginal conviction based on usage rate and defensive matchup.
C   Henry Davis,Pittsburgh Pirates,mlb,H,Arizona_Diamondbacks_at_Pittsburgh_Pirates,0.41,0.4715,-0.08855999999999999,UNDER,Targeting C   Henry Davis UNDER 0.5 H. Model projects 0.4 (0.06 edge). Recent trends and opponent weakness support this play.
3B  Nick Gonzales,Pittsburgh Pirates,mlb,RBI,Arizona_Diamondbacks_at_Pittsburgh_Pirates,0.41,0.4715,-0.08855999999999999,UNDER,Targeting 3B  Nick Gonzales UNDER 0.5 RBI. Model projects 0.4 (0.06 edge). Recent trends and opponent weakness support this play.
CF  Ceddanne Rafaela,Boston Red Sox,mlb,R,Boston_Red_Sox_at_Athletics,0.41,0.4715,-0.08855999999999999,UNDER,CF  Ceddanne Rafaela shows UNDER value at 0.5 R. TC projection: 0.4 — edge: 0.06. Marginal conviction based on usage rate and defensive matchup.
3B  Alex Bregman,Chicago Cubs,mlb,R,Chicago_Cubs_at_St_Louis_Cardinals,0.41,0.4715,-0.08855999999999999,UNDER,3B  Alex Bregman shows UNDER value at 0.5 R. TC projection: 0.4 — edge: 0.06. Marginal conviction based on usage rate and defensive matchup.
1B  Christian Walker,Houston Astros,mlb,R,Houston_Astros_at_Los_Angeles_Angels,0.41,0.4715,-0.08855999999999999,UNDER,"Marginal +EV opportunity: 1B  Christian Walker is projected for 0.4 R vs a line of 0.5, giving a UNDER edge of 0.06. Based on recent form, opponent matchup, and game context."
CF  Garrett Mitchell,Milwaukee Brewers,mlb,R,Milwaukee_Brewers_at_San_Francisco_Giants,0.41,0.4715,-0.08855999999999999,UNDER,CF  Garrett Mitchell shows UNDER value at 0.5 R. TC projection: 0.4 — edge: 0.06. Marginal conviction based on usage rate and defensive matchup.
C   Keibert Ruiz,Washington Nationals,mlb,R,Toronto_Blue_Jays_at_Washington_Nationals,0.41,0.4715,-0.08855999999999999,UNDER,"Marginal +EV opportunity: C   Keibert Ruiz is projected for 0.4 R vs a line of 0.5, giving a UNDER edge of 0.06. Based on recent form, opponent matchup, and game context."
CF  A.J. Ewing,New York Mets,mlb,BB,Atlanta_Braves_at_New_York_Mets,0.34,0.2788,0.03916800000000003,OVER,Targeting CF  A.J. Ewing OVER 0.3 BB. Model projects 0.3 (0.06 edge). Recent trends and opponent weakness support this play.
C   Carson Kelly,Chicago Cubs,mlb,BB,Chicago_Cubs_at_St_Louis_Cardinals,0.34,0.2788,0.03916800000000003,OVER,C   Carson Kelly shows OVER value at 0.3 BB. TC projection: 0.3 — edge: 0.06. Marginal conviction based on usage rate and defensive matchup.
1B  Willson Contreras,Boston Red Sox,mlb,BB,Boston_Red_Sox_at_Athletics,0.34,0.4012,-0.08812799999999996,UNDER,1B  Willson Contreras shows UNDER value at 0.4 BB. TC projection: 0.3 — edge: 0.06. Marginal conviction based on usage rate and defensive matchup.
RF  Wilyer Abreu,Boston Red Sox,mlb,BB,Boston_Red_Sox_at_Athletics,0.34,0.4012,-0.08812799999999996,UNDER,"Marginal +EV opportunity: RF  Wilyer Abreu is projected for 0.3 BB vs a line of 0.4, giving a UNDER edge of 0.06. Based on recent form, opponent matchup, and game context."
RF  Lawrence Butler,Athletics,mlb,BB,Boston_Red_Sox_at_Athletics,0.34,0.4012,-0.08812799999999996,UNDER,RF  Lawrence Butler shows UNDER value at 0.4 BB. TC projection: 0.3 — edge: 0.06. Marginal conviction based on usage rate and defensive matchup.
DH  Jorge Soler,Los Angeles Angels,mlb,BB,Houston_Astros_at_Los_Angeles_Angels,0.34,0.4012,-0.08812799999999996,UNDER,DH  Jorge Soler shows UNDER value at 0.4 BB. TC projection: 0.3 — edge: 0.06. Marginal conviction based on usage rate and defensive matchup.
LF  Randy Arozarena,Seattle Mariners,mlb,BB,Seattle_Mariners_at_Texas_Rangers,0.34,0.4012,-0.08812799999999996,UNDER,LF  Randy Arozarena shows UNDER value at 0.4 BB. TC projection: 0.3 — edge: 0.06. Marginal conviction based on usage rate and defensive matchup.
CF  Colton Cowser,Baltimore Orioles,mlb,H,Baltimore_Orioles_at_Detroit_Tigers,0.4,0.34,0.038400000000000004,OVER,"Marginal +EV opportunity: CF  Colton Cowser is projected for 0.4 H vs a line of 0.3, giving a OVER edge of 0.06. Based on recent form, opponent matchup, and game context."
LF  Nelson Velázquez,St. Louis Cardinals,mlb,H,Chicago_Cubs_at_St_Louis_Cardinals,0.4,0.34,0.038400000000000004,OVER,LF  Nelson Velázquez shows OVER value at 0.3 H. TC projection: 0.4 — edge: 0.06. Marginal conviction based on usage rate and defensive matchup.
LF  Heliot Ramos,San Francisco Giants,mlb,RBI,Milwaukee_Brewers_at_San_Francisco_Giants,0.4,0.34,0.038400000000000004,OVER,"Marginal +EV opportunity: LF  Heliot Ramos is projected for 0.4 RBI vs a line of 0.3, giving a OVER edge of 0.06. Based on recent form, opponent matchup, and game context."
CF  Trent Grisham,New York Yankees,mlb,RBI,New_York_Yankees_at_Chicago_White_Sox,0.4,0.34,0.038400000000000004,OVER,"Marginal +EV opportunity: CF  Trent Grisham is projected for 0.4 RBI vs a line of 0.3, giving a OVER edge of 0.06. Based on recent form, opponent matchup, and game context."
2B  Nasim Nuñez,Washington Nationals,mlb,R,Toronto_Blue_Jays_at_Washington_Nationals,0.4,0.34,0.038400000000000004,OVER,"Marginal +EV opportunity: 2B  Nasim Nuñez is projected for 0.4 R vs a line of 0.3, giving a OVER edge of 0.06. Based on recent form, opponent matchup, and game context."
RF  Corbin Carroll,Arizona Diamondbacks,mlb,RBI,Arizona_Diamondbacks_at_Pittsburgh_Pirates,0.4,0.46,-0.08639999999999999,UNDER,Targeting RF  Corbin Carroll UNDER 0.5 RBI. Model projects 0.4 (0.06 edge). Recent trends and opponent weakness support this play.
3B  Austin Riley,Atlanta Braves,mlb,RBI,Atlanta_Braves_at_New_York_Mets,0.4,0.46,-0.08639999999999999,UNDER,Targeting 3B  Austin Riley UNDER 0.5 RBI. Model projects 0.4 (0.06 edge). Recent trends and opponent weakness support this play.
SS  Jorge Mateo,Atlanta Braves,mlb,H,Atlanta_Braves_at_New_York_Mets,0.4,0.46,-0.08639999999999999,UNDER,"Marginal +EV opportunity: SS  Jorge Mateo is projected for 0.4 H vs a line of 0.5, giving a UNDER edge of 0.06. Based on recent form, opponent matchup, and game context."
LF  Mauricio Dubón,Atlanta Braves,mlb,R,Atlanta_Braves_at_New_York_Mets,0.4,0.46,-0.08639999999999999,UNDER,"Marginal +EV opportunity: LF  Mauricio Dubón is projected for 0.4 R vs a line of 0.5, giving a UNDER edge of 0.06. Based on recent form, opponent matchup, and game context."
CF  Luis Robert Jr.,New York Mets,mlb,R,Atlanta_Braves_at_New_York_Mets,0.4,0.46,-0.08639999999999999,UNDER,Targeting CF  Luis Robert Jr. UNDER 0.5 R. Model projects 0.4 (0.06 edge). Recent trends and opponent weakness support this play.
LF  Lars Nootbaar,St. Louis Cardinals,mlb,R,Chicago_Cubs_at_St_Louis_Cardinals,0.4,0.46,-0.08639999999999999,UNDER,LF  Lars Nootbaar shows UNDER value at 0.5 R. TC projection: 0.4 — edge: 0.06. Marginal conviction based on usage rate and defensive matchup.
LF  Angel Martínez,Cleveland Guardians,mlb,RBI,Cleveland_Guardians_at_Cincinnati_Reds,0.4,0.46,-0.08639999999999999,UNDER,"Marginal +EV opportunity: LF  Angel Martínez is projected for 0.4 RBI vs a line of 0.5, giving a UNDER edge of 0.06. Based on recent form, opponent matchup, and game context."
CF  Mike Trout,Los Angeles Angels,mlb,RBI,Houston_Astros_at_Los_Angeles_Angels,0.4,0.46,-0.08639999999999999,UNDER,Targeting CF  Mike Trout UNDER 0.5 RBI. Model projects 0.4 (0.06 edge). Recent trends and opponent weakness support this play.
C   Gary Sánchez,Milwaukee Brewers,mlb,R,Milwaukee_Brewers_at_San_Francisco_Giants,0.4,0.46,-0.08639999999999999,UNDER,"Marginal +EV opportunity: C   Gary Sánchez is projected for 0.4 R vs a line of 0.5, giving a UNDER edge of 0.06. Based on recent form, opponent matchup, and game context."
LF  Kyle Stowers,Miami Marlins,mlb,R,Philadelphia_Phillies_at_Miami_Marlins,0.4,0.46,-0.08639999999999999,UNDER,"Marginal +EV opportunity: LF  Kyle Stowers is projected for 0.4 R vs a line of 0.5, giving a UNDER edge of 0.06. Based on recent form, opponent matchup, and game context."
SS  Otto Lopez,Miami Marlins,mlb,RBI,Philadelphia_Phillies_at_Miami_Marlins,0.4,0.46,-0.08639999999999999,UNDER,SS  Otto Lopez shows UNDER value at 0.5 RBI. TC projection: 0.4 — edge: 0.06. Marginal conviction based on usage rate and defensive matchup.
2B  Chase Meidroth,Chicago White Sox,mlb,BB,New_York_Yankees_at_Chicago_White_Sox,0.33,0.2706,0.03801600000000001,OVER,Targeting 2B  Chase Meidroth OVER 0.3 BB. Model projects 0.3 (0.06 edge). Recent trends and opponent weakness support this play.
C   Liam Hicks,Miami Marlins,mlb,BB,Philadelphia_Phillies_at_Miami_Marlins,0.33,0.2706,0.03801600000000001,OVER,Targeting C   Liam Hicks OVER 0.3 BB. Model projects 0.3 (0.06 edge). Recent trends and opponent weakness support this play.
2B  Nasim Nuñez,Washington Nationals,mlb,BB,Toronto_Blue_Jays_at_Washington_Nationals,0.33,0.2706,0.03801600000000001,OVER,"Marginal +EV opportunity: 2B  Nasim Nuñez is projected for 0.3 BB vs a line of 0.3, giving a OVER edge of 0.06. Based on recent form, opponent matchup, and game context."
SS  Dansby Swanson,Chicago Cubs,mlb,BB,Chicago_Cubs_at_St_Louis_Cardinals,0.33,0.3894,-0.08553600000000001,UNDER,Targeting SS  Dansby Swanson UNDER 0.4 BB. Model projects 0.3 (0.06 edge). Recent trends and opponent weakness support this play.
3B  Isaac Paredes,Houston Astros,mlb,BB,Houston_Astros_at_Los_Angeles_Angels,0.33,0.3894,-0.08553600000000001,UNDER,"Marginal +EV opportunity: 3B  Isaac Paredes is projected for 0.3 BB vs a line of 0.4, giving a UNDER edge of 0.06. Based on recent form, opponent matchup, and game context."
1B  Nolan Schanuel,Los Angeles Angels,mlb,BB,Houston_Astros_at_Los_Angeles_Angels,0.33,0.3894,-0.08553600000000001,UNDER,1B  Nolan Schanuel shows UNDER value at 0.4 BB. TC projection: 0.3 — edge: 0.06. Marginal conviction based on usage rate and defensive matchup.
LF  Kyle Stowers,Miami Marlins,mlb,BB,Philadelphia_Phillies_at_Miami_Marlins,0.33,0.3894,-0.08553600000000001,UNDER,LF  Kyle Stowers shows UNDER value at 0.4 BB. TC projection: 0.3 — edge: 0.06. Marginal conviction based on usage rate and defensive matchup.
DH  Joc Pederson,Texas Rangers,mlb,BB,Seattle_Mariners_at_Texas_Rangers,0.33,0.3894,-0.08553600000000001,UNDER,DH  Joc Pederson shows UNDER value at 0.4 BB. TC projection: 0.3 — edge: 0.06. Marginal conviction based on usage rate and defensive matchup.
DH  Dominic Smith,Atlanta Braves,mlb,RBI,Atlanta_Braves_at_New_York_Mets,0.39,0.3315,0.03744,OVER,"Marginal +EV opportunity: DH  Dominic Smith is projected for 0.4 RBI vs a line of 0.3, giving a OVER edge of 0.06. Based on recent form, opponent matchup, and game context."
3B  Caleb Durbin,Boston Red Sox,mlb,R,Boston_Red_Sox_at_Athletics,0.39,0.3315,0.03744,OVER,Targeting 3B  Caleb Durbin OVER 0.3 R. Model projects 0.4 (0.06 edge). Recent trends and opponent weakness support this play.
C   Carson Kelly,Chicago Cubs,mlb,R,Chicago_Cubs_at_St_Louis_Cardinals,0.39,0.3315,0.03744,OVER,"Marginal +EV opportunity: C   Carson Kelly is projected for 0.4 R vs a line of 0.3, giving a OVER edge of 0.06. Based on recent form, opponent matchup, and game context."
SS  Brayan Rocchio,Cleveland Guardians,mlb,RBI,Cleveland_Guardians_at_Cincinnati_Reds,0.39,0.3315,0.03744,OVER,SS  Brayan Rocchio shows OVER value at 0.3 RBI. TC projection: 0.4 — edge: 0.06. Marginal conviction based on usage rate and defensive matchup.
LF  LaMonte Wade Jr.,Houston Astros,mlb,R,Houston_Astros_at_Los_Angeles_Angels,0.39,0.3315,0.03744,OVER,"Marginal +EV opportunity: LF  LaMonte Wade Jr. is projected for 0.4 R vs a line of 0.3, giving a OVER edge of 0.06. Based on recent form, opponent matchup, and game context."
SS  Zach Neto,Los Angeles Angels,mlb,RBI,Houston_Astros_at_Los_Angeles_Angels,0.39,0.3315,0.03744,OVER,"Marginal +EV opportunity: SS  Zach Neto is projected for 0.4 RBI vs a line of 0.3, giving a OVER edge of 0.06. Based on recent form, opponent matchup, and game context."
SS  Cooper Pratt,Milwaukee Brewers,mlb,R,Milwaukee_Brewers_at_San_Francisco_Giants,0.39,0.3315,0.03744,OVER,SS  Cooper Pratt shows OVER value at 0.3 R. TC projection: 0.4 — edge: 0.06. Marginal conviction based on usage rate and defensive matchup.
C   Austin Wells,New York Yankees,mlb,H,New_York_Yankees_at_Chicago_White_Sox,0.39,0.3315,0.03744,OVER,"Marginal +EV opportunity: C   Austin Wells is projected for 0.4 H vs a line of 0.3, giving a OVER edge of 0.06. Based on recent form, opponent matchup, and game context."
SS  Max Schuemann,New York Yankees,mlb,R,New_York_Yankees_at_Chicago_White_Sox,0.39,0.3315,0.03744,OVER,Targeting SS  Max Schuemann OVER 0.3 R. Model projects 0.4 (0.06 edge). Recent trends and opponent weakness support this play.
DH  Andrew Benintendi,Chicago White Sox,mlb,R,New_York_Yankees_at_Chicago_White_Sox,0.39,0.3315,0.03744,OVER,DH  Andrew Benintendi shows OVER value at 0.3 R. TC projection: 0.4 — edge: 0.06. Marginal conviction based on usage rate and defensive matchup.
LF  Brandon Marsh,Philadelphia Phillies,mlb,RBI,Philadelphia_Phillies_at_Miami_Marlins,0.39,0.3315,0.03744,OVER,LF  Brandon Marsh shows OVER value at 0.3 RBI. TC projection: 0.4 — edge: 0.06. Marginal conviction based on usage rate and defensive matchup.
2B  Cole Young,Seattle Mariners,mlb,R,Seattle_Mariners_at_Texas_Rangers,0.39,0.3315,0.03744,OVER,"Marginal +EV opportunity: 2B  Cole Young is projected for 0.4 R vs a line of 0.3, giving a OVER edge of 0.06. Based on recent form, opponent matchup, and game context."
RF  Brandon Nimmo,Texas Rangers,mlb,R,Seattle_Mariners_at_Texas_Rangers,0.39,0.3315,0.03744,OVER,Targeting RF  Brandon Nimmo OVER 0.3 R. Model projects 0.4 (0.06 edge). Recent trends and opponent weakness support this play.
DH  George Springer,Toronto Blue Jays,mlb,R,Toronto_Blue_Jays_at_Washington_Nationals,0.39,0.3315,0.03744,OVER,Targeting DH  George Springer OVER 0.3 R. Model projects 0.4 (0.06 edge). Recent trends and opponent weakness support this play.
RF  Kerry Carpenter,Detroit Tigers,mlb,RBI,Baltimore_Orioles_at_Detroit_Tigers,0.39,0.4485,-0.08424,UNDER,Targeting RF  Kerry Carpenter UNDER 0.4 RBI. Model projects 0.4 (0.06 edge). Recent trends and opponent weakness support this play.
LF  Jarren Duran,Boston Red Sox,mlb,R,Boston_Red_Sox_at_Athletics,0.39,0.4485,-0.08424,UNDER,LF  Jarren Duran shows UNDER value at 0.4 R. TC projection: 0.4 — edge: 0.06. Marginal conviction based on usage rate and defensive matchup.
C   Carson Kelly,Chicago Cubs,mlb,RBI,Chicago_Cubs_at_St_Louis_Cardinals,0.39,0.4485,-0.08424,UNDER,C   Carson Kelly shows UNDER value at 0.4 RBI. TC projection: 0.4 — edge: 0.06. Marginal conviction based on usage rate and defensive matchup.
SS  Willy Adames,San Francisco Giants,mlb,RBI,Milwaukee_Brewers_at_San_Francisco_Giants,0.39,0.4485,-0.08424,UNDER,Targeting SS  Willy Adames UNDER 0.4 RBI. Model projects 0.4 (0.06 edge). Recent trends and opponent weakness support this play.
2B  Bryson Stott,Philadelphia Phillies,mlb,RBI,Philadelphia_Phillies_at_Miami_Marlins,0.39,0.4485,-0.08424,UNDER,2B  Bryson Stott shows UNDER value at 0.4 RBI. TC projection: 0.4 — edge: 0.06. Marginal conviction based on usage rate and defensive matchup.
C   Cal Raleigh,Seattle Mariners,mlb,RBI,Seattle_Mariners_at_Texas_Rangers,0.39,0.4485,-0.08424,UNDER,"Marginal +EV opportunity: C   Cal Raleigh is projected for 0.4 RBI vs a line of 0.4, giving a UNDER edge of 0.06. Based on recent form, opponent matchup, and game context."
CF  Julio Rodríguez,Seattle Mariners,mlb,RBI,Seattle_Mariners_at_Texas_Rangers,0.39,0.4485,-0.08424,UNDER,"Marginal +EV opportunity: CF  Julio Rodríguez is projected for 0.4 RBI vs a line of 0.4, giving a UNDER edge of 0.06. Based on recent form, opponent matchup, and game context."
LF  Randy Arozarena,Seattle Mariners,mlb,RBI,Seattle_Mariners_at_Texas_Rangers,0.39,0.4485,-0.08424,UNDER,"Marginal +EV opportunity: LF  Randy Arozarena is projected for 0.4 RBI vs a line of 0.4, giving a UNDER edge of 0.06. Based on recent form, opponent matchup, and game context."
DH  Joc Pederson,Texas Rangers,mlb,R,Seattle_Mariners_at_Texas_Rangers,0.39,0.4485,-0.08424,UNDER,DH  Joc Pederson shows UNDER value at 0.4 R. TC projection: 0.4 — edge: 0.06. Marginal conviction based on usage rate and defensive matchup.
C   Alejandro Kirk,Toronto Blue Jays,mlb,BB,Toronto_Blue_Jays_at_Washington_Nationals,0.32,0.2624,0.036863999999999994,OVER,"Marginal +EV opportunity: C   Alejandro Kirk is projected for 0.3 BB vs a line of 0.3, giving a OVER edge of 0.06. Based on recent form, opponent matchup, and game context."
C   Austin Wells,New York Yankees,mlb,BB,New_York_Yankees_at_Chicago_White_Sox,0.32,0.3776,-0.08294399999999996,UNDER,Targeting C   Austin Wells UNDER 0.4 BB. Model projects 0.3 (0.06 edge). Recent trends and opponent weakness support this play.
2B  Jazz Chisholm Jr.,New York Yankees,mlb,SB,New_York_Yankees_at_Chicago_White_Sox,0.23,0.1725,0.03680000000000002,OVER,Targeting 2B  Jazz Chisholm Jr. OVER 0.2 SB. Model projects 0.2 (0.06 edge). Recent trends and opponent weakness support this play.
RF  Braden Montgomery,Chicago White Sox,mlb,2B,New_York_Yankees_at_Chicago_White_Sox,0.23,0.2875,-0.08279999999999996,UNDER,"Marginal +EV opportunity: RF  Braden Montgomery is projected for 0.2 2B vs a line of 0.3, giving a UNDER edge of 0.06. Based on recent form, opponent matchup, and game context."
SS  Otto Lopez,Miami Marlins,mlb,2B,Philadelphia_Phillies_at_Miami_Marlins,0.23,0.2875,-0.08279999999999996,UNDER,SS  Otto Lopez shows UNDER value at 0.3 2B. TC projection: 0.2 — edge: 0.06. Marginal conviction based on usage rate and defensive matchup.
SS  CJ Abrams,Washington Nationals,mlb,HR,Toronto_Blue_Jays_at_Washington_Nationals,0.23,0.2875,-0.08279999999999996,UNDER,SS  CJ Abrams shows UNDER value at 0.3 HR. TC projection: 0.2 — edge: 0.06. Marginal conviction based on usage rate and defensive matchup.
3B  Caleb Durbin,Boston Red Sox,mlb,RBI,Boston_Red_Sox_at_Athletics,0.38,0.323,0.036480000000000005,OVER,3B  Caleb Durbin shows OVER value at 0.3 RBI. TC projection: 0.4 — edge: 0.06. Marginal conviction based on usage rate and defensive matchup.
CF  Ceddanne Rafaela,Boston Red Sox,mlb,RBI,Boston_Red_Sox_at_Athletics,0.38,0.323,0.036480000000000005,OVER,CF  Ceddanne Rafaela shows OVER value at 0.3 RBI. TC projection: 0.4 — edge: 0.06. Marginal conviction based on usage rate and defensive matchup.
C   Jimmy Crooks,St. Louis Cardinals,mlb,H,Chicago_Cubs_at_St_Louis_Cardinals,0.38,0.323,0.036480000000000005,OVER,"Marginal +EV opportunity: C   Jimmy Crooks is projected for 0.4 H vs a line of 0.3, giving a OVER edge of 0.06. Based on recent form, opponent matchup, and game context."
2B  Travis Bazzana,Cleveland Guardians,mlb,R,Cleveland_Guardians_at_Cincinnati_Reds,0.38,0.323,0.036480000000000005,OVER,2B  Travis Bazzana shows OVER value at 0.3 R. TC projection: 0.4 — edge: 0.06. Marginal conviction based on usage rate and defensive matchup.
C   Yainer Diaz,Houston Astros,mlb,RBI,Houston_Astros_at_Los_Angeles_Angels,0.38,0.323,0.036480000000000005,OVER,Targeting C   Yainer Diaz OVER 0.3 RBI. Model projects 0.4 (0.06 edge). Recent trends and opponent weakness support this play.
RF  Jo Adell,Los Angeles Angels,mlb,R,Houston_Astros_at_Los_Angeles_Angels,0.38,0.323,0.036480000000000005,OVER,RF  Jo Adell shows OVER value at 0.3 R. TC projection: 0.4 — edge: 0.06. Marginal conviction based on usage rate and defensive matchup.
1B  Andrew Vaughn,Milwaukee Brewers,mlb,RBI,Milwaukee_Brewers_at_San_Francisco_Giants,0.38,0.323,0.036480000000000005,OVER,1B  Andrew Vaughn shows OVER value at 0.3 RBI. TC projection: 0.4 — edge: 0.06. Marginal conviction based on usage rate and defensive matchup.
C   Ali Sánchez,New York Yankees,mlb,H,New_York_Yankees_at_Chicago_White_Sox,0.38,0.323,0.036480000000000005,OVER,"Marginal +EV opportunity: C   Ali Sánchez is projected for 0.4 H vs a line of 0.3, giving a OVER edge of 0.06. Based on recent form, opponent matchup, and game context."
C   Joe Mack,Miami Marlins,mlb,R,Philadelphia_Phillies_at_Miami_Marlins,0.38,0.323,0.036480000000000005,OVER,C   Joe Mack shows OVER value at 0.3 R. TC projection: 0.4 — edge: 0.06. Marginal conviction based on usage rate and defensive matchup.
2B  Cole Young,Seattle Mariners,mlb,RBI,Seattle_Mariners_at_Texas_Rangers,0.38,0.323,0.036480000000000005,OVER,"Marginal +EV opportunity: 2B  Cole Young is projected for 0.4 RBI vs a line of 0.3, giving a OVER edge of 0.06. Based on recent form, opponent matchup, and game context."
SS  J.P. Crawford,Seattle Mariners,mlb,R,Seattle_Mariners_at_Texas_Rangers,0.38,0.323,0.036480000000000005,OVER,Targeting SS  J.P. Crawford OVER 0.3 R. Model projects 0.4 (0.06 edge). Recent trends and opponent weakness support this play.
C   Mitch Garver,Seattle Mariners,mlb,H,Seattle_Mariners_at_Texas_Rangers,0.38,0.323,0.036480000000000005,OVER,Targeting C   Mitch Garver OVER 0.3 H. Model projects 0.4 (0.06 edge). Recent trends and opponent weakness support this play.
CF  A.J. Ewing,New York Mets,mlb,R,Atlanta_Braves_at_New_York_Mets,0.38,0.437,-0.08207999999999999,UNDER,"Marginal +EV opportunity: CF  A.J. Ewing is projected for 0.4 R vs a line of 0.4, giving a UNDER edge of 0.06. Based on recent form, opponent matchup, and game context."
1B  Michael Busch,Chicago Cubs,mlb,R,Chicago_Cubs_at_St_Louis_Cardinals,0.38,0.437,-0.08207999999999999,UNDER,Targeting 1B  Michael Busch UNDER 0.4 R. Model projects 0.4 (0.06 edge). Recent trends and opponent weakness support this play.
SS  Masyn Winn,St. Louis Cardinals,mlb,RBI,Chicago_Cubs_at_St_Louis_Cardinals,0.38,0.437,-0.08207999999999999,UNDER,SS  Masyn Winn shows UNDER value at 0.4 RBI. TC projection: 0.4 — edge: 0.06. Marginal conviction based on usage rate and defensive matchup.
3B  José Ramírez,Cleveland Guardians,mlb,RBI,Cleveland_Guardians_at_Cincinnati_Reds,0.38,0.437,-0.08207999999999999,UNDER,3B  José Ramírez shows UNDER value at 0.4 RBI. TC projection: 0.4 — edge: 0.06. Marginal conviction based on usage rate and defensive matchup.
DH  Nathaniel Lowe,Cincinnati Reds,mlb,RBI,Cleveland_Guardians_at_Cincinnati_Reds,0.38,0.437,-0.08207999999999999,UNDER,"Marginal +EV opportunity: DH  Nathaniel Lowe is projected for 0.4 RBI vs a line of 0.4, giving a UNDER edge of 0.06. Based on recent form, opponent matchup, and game context."
DH  Jorge Soler,Los Angeles Angels,mlb,R,Houston_Astros_at_Los_Angeles_Angels,0.38,0.437,-0.08207999999999999,UNDER,Targeting DH  Jorge Soler UNDER 0.4 R. Model projects 0.4 (0.06 edge). Recent trends and opponent weakness support this play.
1B  Paul Goldschmidt,New York Yankees,mlb,R,New_York_Yankees_at_Chicago_White_Sox,0.38,0.437,-0.08207999999999999,UNDER,1B  Paul Goldschmidt shows UNDER value at 0.4 R. TC projection: 0.4 — edge: 0.06. Marginal conviction based on usage rate and defensive matchup.
3B  Graham Pauley,Miami Marlins,mlb,H,Philadelphia_Phillies_at_Miami_Marlins,0.38,0.437,-0.08207999999999999,UNDER,"Marginal +EV opportunity: 3B  Graham Pauley is projected for 0.4 H vs a line of 0.4, giving a UNDER edge of 0.06. Based on recent form, opponent matchup, and game context."
LF  Griffin Conine,Miami Marlins,mlb,R,Philadelphia_Phillies_at_Miami_Marlins,0.38,0.437,-0.08207999999999999,UNDER,"Marginal +EV opportunity: LF  Griffin Conine is projected for 0.4 R vs a line of 0.4, giving a UNDER edge of 0.06. Based on recent form, opponent matchup, and game context."
1B  Jake Burger,Texas Rangers,mlb,R,Seattle_Mariners_at_Texas_Rangers,0.38,0.437,-0.08207999999999999,UNDER,"Marginal +EV opportunity: 1B  Jake Burger is projected for 0.4 R vs a line of 0.4, giving a UNDER edge of 0.06. Based on recent form, opponent matchup, and game context."
1B  Spencer Steer,Cincinnati Reds,mlb,BB,Cleveland_Guardians_at_Cincinnati_Reds,0.31,0.2542,0.035712000000000015,OVER,1B  Spencer Steer shows OVER value at 0.3 BB. TC projection: 0.3 — edge: 0.06. Marginal conviction based on usage rate and defensive matchup.
SS  Cooper Pratt,Milwaukee Brewers,mlb,BB,Milwaukee_Brewers_at_San_Francisco_Giants,0.31,0.2542,0.035712000000000015,OVER,"Marginal +EV opportunity: SS  Cooper Pratt is projected for 0.3 BB vs a line of 0.3, giving a OVER edge of 0.06. Based on recent form, opponent matchup, and game context."
2B  Jazz Chisholm Jr.,New York Yankees,mlb,BB,New_York_Yankees_at_Chicago_White_Sox,0.31,0.2542,0.035712000000000015,OVER,"Marginal +EV opportunity: 2B  Jazz Chisholm Jr. is projected for 0.3 BB vs a line of 0.3, giving a OVER edge of 0.06. Based on recent form, opponent matchup, and game context."
CF  Leody Taveras,Baltimore Orioles,mlb,BB,Baltimore_Orioles_at_Detroit_Tigers,0.31,0.3658,-0.08035200000000002,UNDER,"Marginal +EV opportunity: CF  Leody Taveras is projected for 0.3 BB vs a line of 0.4, giving a UNDER edge of 0.06. Based on recent form, opponent matchup, and game context."
C   Jake Rogers,Detroit Tigers,mlb,BB,Baltimore_Orioles_at_Detroit_Tigers,0.31,0.3658,-0.08035200000000002,UNDER,"Marginal +EV opportunity: C   Jake Rogers is projected for 0.3 BB vs a line of 0.4, giving a UNDER edge of 0.06. Based on recent form, opponent matchup, and game context."
SS  Masyn Winn,St. Louis Cardinals,mlb,BB,Chicago_Cubs_at_St_Louis_Cardinals,0.31,0.3658,-0.08035200000000002,UNDER,SS  Masyn Winn shows UNDER value at 0.4 BB. TC projection: 0.3 — edge: 0.06. Marginal conviction based on usage rate and defensive matchup.
C   William Contreras,Milwaukee Brewers,mlb,BB,Milwaukee_Brewers_at_San_Francisco_Giants,0.31,0.3658,-0.08035200000000002,UNDER,Targeting C   William Contreras UNDER 0.4 BB. Model projects 0.3 (0.06 edge). Recent trends and opponent weakness support this play.
3B  Kazuma Okamoto,Toronto Blue Jays,mlb,BB,Toronto_Blue_Jays_at_Washington_Nationals,0.31,0.3658,-0.08035200000000002,UNDER,"Marginal +EV opportunity: 3B  Kazuma Okamoto is projected for 0.3 BB vs a line of 0.4, giving a UNDER edge of 0.06. Based on recent form, opponent matchup, and game context."
SS  CJ Abrams,Washington Nationals,mlb,BB,Toronto_Blue_Jays_at_Washington_Nationals,0.31,0.3658,-0.08035200000000002,UNDER,"Marginal +EV opportunity: SS  CJ Abrams is projected for 0.3 BB vs a line of 0.4, giving a UNDER edge of 0.06. Based on recent form, opponent matchup, and game context."
C   Chadwick Tromp,Baltimore Orioles,mlb,H,Baltimore_Orioles_at_Detroit_Tigers,0.37,0.3145,0.035519999999999996,OVER,Targeting C   Chadwick Tromp OVER 0.3 H. Model projects 0.4 (0.06 edge). Recent trends and opponent weakness support this play.
LF  Bryan Torres,St. Louis Cardinals,mlb,H,Chicago_Cubs_at_St_Louis_Cardinals,0.37,0.3145,0.035519999999999996,OVER,"Marginal +EV opportunity: LF  Bryan Torres is projected for 0.4 H vs a line of 0.3, giving a OVER edge of 0.06. Based on recent form, opponent matchup, and game context."
DH  Iván Herrera,St. Louis Cardinals,mlb,RBI,Chicago_Cubs_at_St_Louis_Cardinals,0.37,0.3145,0.035519999999999996,OVER,Targeting DH  Iván Herrera OVER 0.3 RBI. Model projects 0.4 (0.06 edge). Recent trends and opponent weakness support this play.
C   Gary Sánchez,Milwaukee Brewers,mlb,RBI,Milwaukee_Brewers_at_San_Francisco_Giants,0.37,0.3145,0.035519999999999996,OVER,Targeting C   Gary Sánchez OVER 0.3 RBI. Model projects 0.4 (0.06 edge). Recent trends and opponent weakness support this play.
3B  Amed Rosario,New York Yankees,mlb,RBI,New_York_Yankees_at_Chicago_White_Sox,0.37,0.3145,0.035519999999999996,OVER,"Marginal +EV opportunity: 3B  Amed Rosario is projected for 0.4 RBI vs a line of 0.3, giving a OVER edge of 0.06. Based on recent form, opponent matchup, and game context."
2B  Jazz Chisholm Jr.,New York Yankees,mlb,RBI,New_York_Yankees_at_Chicago_White_Sox,0.37,0.3145,0.035519999999999996,OVER,2B  Jazz Chisholm Jr. shows OVER value at 0.3 RBI. TC projection: 0.4 — edge: 0.06. Marginal conviction based on usage rate and defensive matchup.
RF  Derek Hill,Philadelphia Phillies,mlb,H,Philadelphia_Phillies_at_Miami_Marlins,0.37,0.3145,0.035519999999999996,OVER,Targeting RF  Derek Hill OVER 0.3 H. Model projects 0.4 (0.06 edge). Recent trends and opponent weakness support this play.
C   J.T. Realmuto,Philadelphia Phillies,mlb,RBI,Philadelphia_Phillies_at_Miami_Marlins,0.37,0.3145,0.035519999999999996,OVER,"Marginal +EV opportunity: C   J.T. Realmuto is projected for 0.4 RBI vs a line of 0.3, giving a OVER edge of 0.06. Based on recent form, opponent matchup, and game context."
2B  Ernie Clement,Toronto Blue Jays,mlb,R,Toronto_Blue_Jays_at_Washington_Nationals,0.37,0.3145,0.035519999999999996,OVER,2B  Ernie Clement shows OVER value at 0.3 R. TC projection: 0.4 — edge: 0.06. Marginal conviction based on usage rate and defensive matchup.
1B  Andrés Chaparro,Washington Nationals,mlb,H,Toronto_Blue_Jays_at_Washington_Nationals,0.37,0.3145,0.035519999999999996,OVER,Targeting 1B  Andrés Chaparro OVER 0.3 H. Model projects 0.4 (0.06 edge). Recent trends and opponent weakness support this play.
SS  Jorge Mateo,Atlanta Braves,mlb,R,Atlanta_Braves_at_New_York_Mets,0.37,0.4255,-0.07991999999999999,UNDER,SS  Jorge Mateo shows UNDER value at 0.4 R. TC projection: 0.4 — edge: 0.06. Marginal conviction based on usage rate and defensive matchup.
LF  Ian Happ,Chicago Cubs,mlb,RBI,Chicago_Cubs_at_St_Louis_Cardinals,0.37,0.4255,-0.07991999999999999,UNDER,LF  Ian Happ shows UNDER value at 0.4 RBI. TC projection: 0.4 — edge: 0.06. Marginal conviction based on usage rate and defensive matchup.
2B  Travis Bazzana,Cleveland Guardians,mlb,RBI,Cleveland_Guardians_at_Cincinnati_Reds,0.37,0.4255,-0.07991999999999999,UNDER,2B  Travis Bazzana shows UNDER value at 0.4 RBI. TC projection: 0.4 — edge: 0.06. Marginal conviction based on usage rate and defensive matchup.
C   Tyler Heineman,Los Angeles Angels,mlb,H,Houston_Astros_at_Los_Angeles_Angels,0.37,0.4255,-0.07991999999999999,UNDER,"Marginal +EV opportunity: C   Tyler Heineman is projected for 0.4 H vs a line of 0.4, giving a UNDER edge of 0.06. Based on recent form, opponent matchup, and game context."
C   Jesus Rodriguez,San Francisco Giants,mlb,RBI,Milwaukee_Brewers_at_San_Francisco_Giants,0.37,0.4255,-0.07991999999999999,UNDER,C   Jesus Rodriguez shows UNDER value at 0.4 RBI. TC projection: 0.4 — edge: 0.06. Marginal conviction based on usage rate and defensive matchup.
RF  Esteury Ruiz,Miami Marlins,mlb,H,Philadelphia_Phillies_at_Miami_Marlins,0.37,0.4255,-0.07991999999999999,UNDER,"Marginal +EV opportunity: RF  Esteury Ruiz is projected for 0.4 H vs a line of 0.4, giving a UNDER edge of 0.06. Based on recent form, opponent matchup, and game context."
2B  Luis Urías,Toronto Blue Jays,mlb,H,Toronto_Blue_Jays_at_Washington_Nationals,0.37,0.4255,-0.07991999999999999,UNDER,Targeting 2B  Luis Urías UNDER 0.4 H. Model projects 0.4 (0.06 edge). Recent trends and opponent weakness support this play.
CF  Ryan Waldschmidt,Arizona Diamondbacks,mlb,2B,Arizona_Diamondbacks_at_Pittsburgh_Pirates,0.22,0.275,-0.07920000000000002,UNDER,CF  Ryan Waldschmidt shows UNDER value at 0.3 2B. TC projection: 0.2 — edge: 0.06. Marginal conviction based on usage rate and defensive matchup.
LF  Jackson Chourio,Milwaukee Brewers,mlb,2B,Milwaukee_Brewers_at_San_Francisco_Giants,0.22,0.275,-0.07920000000000002,UNDER,Targeting LF  Jackson Chourio UNDER 0.3 2B. Model projects 0.2 (0.06 edge). Recent trends and opponent weakness support this play.
3B  Tommy White,Athletics,mlb,2B,Boston_Red_Sox_at_Athletics,0.22,0.165,0.0352,OVER,"Marginal +EV opportunity: 3B  Tommy White is projected for 0.2 2B vs a line of 0.2, giving a OVER edge of 0.05. Based on recent form, opponent matchup, and game context."
1B  Alec Burleson,St. Louis Cardinals,mlb,2B,Chicago_Cubs_at_St_Louis_Cardinals,0.22,0.165,0.0352,OVER,1B  Alec Burleson shows OVER value at 0.2 2B. TC projection: 0.2 — edge: 0.05. Marginal conviction based on usage rate and defensive matchup.
1B  Rafael Devers,San Francisco Giants,mlb,2B,Milwaukee_Brewers_at_San_Francisco_Giants,0.22,0.165,0.0352,OVER,1B  Rafael Devers shows OVER value at 0.2 2B. TC projection: 0.2 — edge: 0.05. Marginal conviction based on usage rate and defensive matchup.
DH  Marcell Ozuna,Pittsburgh Pirates,mlb,RBI,Arizona_Diamondbacks_at_Pittsburgh_Pirates,0.36,0.306,0.03456,OVER,"Marginal +EV opportunity: DH  Marcell Ozuna is projected for 0.4 RBI vs a line of 0.3, giving a OVER edge of 0.05. Based on recent form, opponent matchup, and game context."
3B  Christian Encarnacion-Strand,Baltimore Orioles,mlb,R,Baltimore_Orioles_at_Detroit_Tigers,0.36,0.306,0.03456,OVER,"Marginal +EV opportunity: 3B  Christian Encarnacion-Strand is projected for 0.4 R vs a line of 0.3, giving a OVER edge of 0.05. Based on recent form, opponent matchup, and game context."
3B  Coby Mayo,Baltimore Orioles,mlb,RBI,Baltimore_Orioles_at_Detroit_Tigers,0.36,0.306,0.03456,OVER,Targeting 3B  Coby Mayo OVER 0.3 RBI. Model projects 0.4 (0.05 edge). Recent trends and opponent weakness support this play.
SS  Gunnar Henderson,Baltimore Orioles,mlb,RBI,Baltimore_Orioles_at_Detroit_Tigers,0.36,0.306,0.03456,OVER,"Marginal +EV opportunity: SS  Gunnar Henderson is projected for 0.4 RBI vs a line of 0.3, giving a OVER edge of 0.05. Based on recent form, opponent matchup, and game context."
1B  Spencer Torkelson,Detroit Tigers,mlb,R,Baltimore_Orioles_at_Detroit_Tigers,0.36,0.306,0.03456,OVER,Targeting 1B  Spencer Torkelson OVER 0.3 R. Model projects 0.4 (0.05 edge). Recent trends and opponent weakness support this play.
DH  Eugenio Suárez,Cincinnati Reds,mlb,BB,Cleveland_Guardians_at_Cincinnati_Reds,0.3,0.246,0.03456,OVER,Targeting DH  Eugenio Suárez OVER 0.2 BB. Model projects 0.3 (0.05 edge). Recent trends and opponent weakness support this play.
DH  Nathaniel Lowe,Cincinnati Reds,mlb,BB,Cleveland_Guardians_at_Cincinnati_Reds,0.3,0.246,0.03456,OVER,Targeting DH  Nathaniel Lowe OVER 0.2 BB. Model projects 0.3 (0.05 edge). Recent trends and opponent weakness support this play.
3B  Isaac Paredes,Houston Astros,mlb,R,Houston_Astros_at_Los_Angeles_Angels,0.36,0.306,0.03456,OVER,Targeting 3B  Isaac Paredes OVER 0.3 R. Model projects 0.4 (0.05 edge). Recent trends and opponent weakness support this play.
SS  Nick Allen,Houston Astros,mlb,H,Houston_Astros_at_Los_Angeles_Angels,0.36,0.306,0.03456,OVER,SS  Nick Allen shows OVER value at 0.3 H. TC projection: 0.4 — edge: 0.05. Marginal conviction based on usage rate and defensive matchup.
RF  Braden Montgomery,Chicago White Sox,mlb,BB,New_York_Yankees_at_Chicago_White_Sox,0.3,0.246,0.03456,OVER,RF  Braden Montgomery shows OVER value at 0.2 BB. TC projection: 0.3 — edge: 0.05. Marginal conviction based on usage rate and defensive matchup.
LF  Griffin Conine,Miami Marlins,mlb,RBI,Philadelphia_Phillies_at_Miami_Marlins,0.36,0.306,0.03456,OVER,"Marginal +EV opportunity: LF  Griffin Conine is projected for 0.4 RBI vs a line of 0.3, giving a OVER edge of 0.05. Based on recent form, opponent matchup, and game context."
RF  Luke Raley,Seattle Mariners,mlb,RBI,Seattle_Mariners_at_Texas_Rangers,0.36,0.306,0.03456,OVER,"Marginal +EV opportunity: RF  Luke Raley is projected for 0.4 RBI vs a line of 0.3, giving a OVER edge of 0.05. Based on recent form, opponent matchup, and game context."
LF  Davis Schneider,Toronto Blue Jays,mlb,BB,Toronto_Blue_Jays_at_Washington_Nationals,0.3,0.246,0.03456,OVER,"Marginal +EV opportunity: LF  Davis Schneider is projected for 0.3 BB vs a line of 0.2, giving a OVER edge of 0.05. Based on recent form, opponent matchup, and game context."
DH  Adrian Del Castillo,Arizona Diamondbacks,mlb,RBI,Arizona_Diamondbacks_at_Pittsburgh_Pirates,0.36,0.414,-0.07775999999999998,UNDER,"Marginal +EV opportunity: DH  Adrian Del Castillo is projected for 0.4 RBI vs a line of 0.4, giving a UNDER edge of 0.05. Based on recent form, opponent matchup, and game context."
3B  Nolan Arenado,Arizona Diamondbacks,mlb,BB,Arizona_Diamondbacks_at_Pittsburgh_Pirates,0.3,0.354,-0.07775999999999998,UNDER,Targeting 3B  Nolan Arenado UNDER 0.4 BB. Model projects 0.3 (0.05 edge). Recent trends and opponent weakness support this play.
C   Henry Davis,Pittsburgh Pirates,mlb,RBI,Arizona_Diamondbacks_at_Pittsburgh_Pirates,0.36,0.414,-0.07775999999999998,UNDER,Targeting C   Henry Davis UNDER 0.4 RBI. Model projects 0.4 (0.05 edge). Recent trends and opponent weakness support this play.
CF  Jake Mangum,Pittsburgh Pirates,mlb,R,Arizona_Diamondbacks_at_Pittsburgh_Pirates,0.36,0.414,-0.07775999999999998,UNDER,"Marginal +EV opportunity: CF  Jake Mangum is projected for 0.4 R vs a line of 0.4, giving a UNDER edge of 0.05. Based on recent form, opponent matchup, and game context."
RF  Eli White,Atlanta Braves,mlb,H,Atlanta_Braves_at_New_York_Mets,0.36,0.414,-0.07775999999999998,UNDER,"Marginal +EV opportunity: RF  Eli White is projected for 0.4 H vs a line of 0.4, giving a UNDER edge of 0.05. Based on recent form, opponent matchup, and game context."
CF  Colton Cowser,Baltimore Orioles,mlb,BB,Baltimore_Orioles_at_Detroit_Tigers,0.3,0.354,-0.07775999999999998,UNDER,"Marginal +EV opportunity: CF  Colton Cowser is projected for 0.3 BB vs a line of 0.4, giving a UNDER edge of 0.05. Based on recent form, opponent matchup, and game context."
RF  Dylan Beavers,Baltimore Orioles,mlb,BB,Baltimore_Orioles_at_Detroit_Tigers,0.3,0.354,-0.07775999999999998,UNDER,Targeting RF  Dylan Beavers UNDER 0.4 BB. Model projects 0.3 (0.05 edge). Recent trends and opponent weakness support this play.
C   Jake Rogers,Detroit Tigers,mlb,H,Baltimore_Orioles_at_Detroit_Tigers,0.36,0.414,-0.07775999999999998,UNDER,Targeting C   Jake Rogers UNDER 0.4 H. Model projects 0.4 (0.05 edge). Recent trends and opponent weakness support this play.
RF  Colby Thomas,Athletics,mlb,H,Boston_Red_Sox_at_Athletics,0.36,0.414,-0.07775999999999998,UNDER,"Marginal +EV opportunity: RF  Colby Thomas is projected for 0.4 H vs a line of 0.4, giving a UNDER edge of 0.05. Based on recent form, opponent matchup, and game context."
3B  Alex Bregman,Chicago Cubs,mlb,RBI,Chicago_Cubs_at_St_Louis_Cardinals,0.36,0.414,-0.07775999999999998,UNDER,Targeting 3B  Alex Bregman UNDER 0.4 RBI. Model projects 0.4 (0.05 edge). Recent trends and opponent weakness support this play.
2B  Nico Hoerner,Chicago Cubs,mlb,RBI,Chicago_Cubs_at_St_Louis_Cardinals,0.36,0.414,-0.07775999999999998,UNDER,2B  Nico Hoerner shows UNDER value at 0.4 RBI. TC projection: 0.4 — edge: 0.05. Marginal conviction based on usage rate and defensive matchup.
SS  Masyn Winn,St. Louis Cardinals,mlb,R,Chicago_Cubs_at_St_Louis_Cardinals,0.36,0.414,-0.07775999999999998,UNDER,Targeting SS  Masyn Winn UNDER 0.4 R. Model projects 0.4 (0.05 edge). Recent trends and opponent weakness support this play.
CF  Steven Kwan,Cleveland Guardians,mlb,R,Cleveland_Guardians_at_Cincinnati_Reds,0.36,0.414,-0.07775999999999998,UNDER,"Marginal +EV opportunity: CF  Steven Kwan is projected for 0.4 R vs a line of 0.4, giving a UNDER edge of 0.05. Based on recent form, opponent matchup, and game context."
C   Tyler Stephenson,Cincinnati Reds,mlb,BB,Cleveland_Guardians_at_Cincinnati_Reds,0.3,0.354,-0.07775999999999998,UNDER,Targeting C   Tyler Stephenson UNDER 0.4 BB. Model projects 0.3 (0.05 edge). Recent trends and opponent weakness support this play.
1B  Nolan Schanuel,Los Angeles Angels,mlb,RBI,Houston_Astros_at_Los_Angeles_Angels,0.36,0.414,-0.07775999999999998,UNDER,"Marginal +EV opportunity: 1B  Nolan Schanuel is projected for 0.4 RBI vs a line of 0.4, giving a UNDER edge of 0.05. Based on recent form, opponent matchup, and game context."
SS  Colson Montgomery,Chicago White Sox,mlb,BB,New_York_Yankees_at_Chicago_White_Sox,0.3,0.354,-0.07775999999999998,UNDER,Targeting SS  Colson Montgomery UNDER 0.4 BB. Model projects 0.3 (0.05 edge). Recent trends and opponent weakness support this play.
LF  Edmundo Sosa,Philadelphia Phillies,mlb,RBI,Philadelphia_Phillies_at_Miami_Marlins,0.36,0.414,-0.07775999999999998,UNDER,"Marginal +EV opportunity: LF  Edmundo Sosa is projected for 0.4 RBI vs a line of 0.4, giving a UNDER edge of 0.05. Based on recent form, opponent matchup, and game context."
1B  Vladimir Guerrero Jr.,Toronto Blue Jays,mlb,RBI,Toronto_Blue_Jays_at_Washington_Nationals,0.36,0.414,-0.07775999999999998,UNDER,1B  Vladimir Guerrero Jr. shows UNDER value at 0.4 RBI. TC projection: 0.4 — edge: 0.05. Marginal conviction based on usage rate and defensive matchup.
RF  Dylan Crews,Washington Nationals,mlb,RBI,Toronto_Blue_Jays_at_Washington_Nationals,0.36,0.414,-0.07775999999999998,UNDER,RF  Dylan Crews shows UNDER value at 0.4 RBI. TC projection: 0.4 — edge: 0.05. Marginal conviction based on usage rate and defensive matchup.
CF  Jacob Young,Washington Nationals,mlb,R,Toronto_Blue_Jays_at_Washington_Nationals,0.36,0.414,-0.07775999999999998,UNDER,Targeting CF  Jacob Young UNDER 0.4 R. Model projects 0.4 (0.05 edge). Recent trends and opponent weakness support this play.
3B  Coby Mayo,Baltimore Orioles,mlb,R,Baltimore_Orioles_at_Detroit_Tigers,0.35,0.4025,-0.07560000000000007,UNDER,Targeting 3B  Coby Mayo UNDER 0.4 R. Model projects 0.3 (0.05 edge). Recent trends and opponent weakness support this play.
3B  Colt Keith,Detroit Tigers,mlb,R,Baltimore_Orioles_at_Detroit_Tigers,0.35,0.4025,-0.07560000000000007,UNDER,3B  Colt Keith shows UNDER value at 0.4 R. TC projection: 0.3 — edge: 0.05. Marginal conviction based on usage rate and defensive matchup.
1B  Spencer Steer,Cincinnati Reds,mlb,RBI,Cleveland_Guardians_at_Cincinnati_Reds,0.35,0.4025,-0.07560000000000007,UNDER,1B  Spencer Steer shows UNDER value at 0.4 RBI. TC projection: 0.3 — edge: 0.05. Marginal conviction based on usage rate and defensive matchup.
RF  Esteury Ruiz,Miami Marlins,mlb,R,Philadelphia_Phillies_at_Miami_Marlins,0.35,0.4025,-0.07560000000000007,UNDER,"Marginal +EV opportunity: RF  Esteury Ruiz is projected for 0.3 R vs a line of 0.4, giving a UNDER edge of 0.05. Based on recent form, opponent matchup, and game context."
3B  Weston Wilson,Seattle Mariners,mlb,H,Seattle_Mariners_at_Texas_Rangers,0.35,0.4025,-0.07560000000000007,UNDER,3B  Weston Wilson shows UNDER value at 0.4 H. TC projection: 0.3 — edge: 0.05. Marginal conviction based on usage rate and defensive matchup.
CF  Evan Carter,Texas Rangers,mlb,R,Seattle_Mariners_at_Texas_Rangers,0.35,0.4025,-0.07560000000000007,UNDER,Targeting CF  Evan Carter UNDER 0.4 R. Model projects 0.3 (0.05 edge). Recent trends and opponent weakness support this play.
1B  Matt Olson,Atlanta Braves,mlb,HR,Atlanta_Braves_at_New_York_Mets,0.21,0.2625,-0.07560000000000001,UNDER,"Marginal +EV opportunity: 1B  Matt Olson is projected for 0.2 HR vs a line of 0.3, giving a UNDER edge of 0.05. Based on recent form, opponent matchup, and game context."
CF  Ceddanne Rafaela,Boston Red Sox,mlb,2B,Boston_Red_Sox_at_Athletics,0.21,0.2625,-0.07560000000000001,UNDER,"Marginal +EV opportunity: CF  Ceddanne Rafaela is projected for 0.2 2B vs a line of 0.3, giving a UNDER edge of 0.05. Based on recent form, opponent matchup, and game context."
CF  Pete Crow-Armstrong,Chicago Cubs,mlb,SB,Chicago_Cubs_at_St_Louis_Cardinals,0.21,0.2625,-0.07560000000000001,UNDER,Targeting CF  Pete Crow-Armstrong UNDER 0.3 SB. Model projects 0.2 (0.05 edge). Recent trends and opponent weakness support this play.
2B  Brice Turang,Milwaukee Brewers,mlb,2B,Milwaukee_Brewers_at_San_Francisco_Giants,0.21,0.2625,-0.07560000000000001,UNDER,2B  Brice Turang shows UNDER value at 0.3 2B. TC projection: 0.2 — edge: 0.05. Marginal conviction based on usage rate and defensive matchup.
3B  David Hamilton,Milwaukee Brewers,mlb,SB,Milwaukee_Brewers_at_San_Francisco_Giants,0.21,0.2625,-0.07560000000000001,UNDER,3B  David Hamilton shows UNDER value at 0.3 SB. TC projection: 0.2 — edge: 0.05. Marginal conviction based on usage rate and defensive matchup.
1B  Matt Olson,Atlanta Braves,mlb,2B,Atlanta_Braves_at_New_York_Mets,0.21,0.1575,0.0336,OVER,Targeting 1B  Matt Olson OVER 0.2 2B. Model projects 0.2 (0.05 edge). Recent trends and opponent weakness support this play.
CF  Leody Taveras,Baltimore Orioles,mlb,R,Baltimore_Orioles_at_Detroit_Tigers,0.35,0.2975,0.0336,OVER,"Marginal +EV opportunity: CF  Leody Taveras is projected for 0.3 R vs a line of 0.3, giving a OVER edge of 0.05. Based on recent form, opponent matchup, and game context."
SS  Andruw Monasterio,Boston Red Sox,mlb,2B,Boston_Red_Sox_at_Athletics,0.21,0.1575,0.0336,OVER,Targeting SS  Andruw Monasterio OVER 0.2 2B. Model projects 0.2 (0.05 edge). Recent trends and opponent weakness support this play.
LF  Tyler Soderstrom,Athletics,mlb,2B,Boston_Red_Sox_at_Athletics,0.21,0.1575,0.0336,OVER,"Marginal +EV opportunity: LF  Tyler Soderstrom is projected for 0.2 2B vs a line of 0.2, giving a OVER edge of 0.05. Based on recent form, opponent matchup, and game context."
2B  JJ Wetherholt,St. Louis Cardinals,mlb,RBI,Chicago_Cubs_at_St_Louis_Cardinals,0.35,0.2975,0.0336,OVER,"Marginal +EV opportunity: 2B  JJ Wetherholt is projected for 0.3 RBI vs a line of 0.3, giving a OVER edge of 0.05. Based on recent form, opponent matchup, and game context."
LF  Nelson Velázquez,St. Louis Cardinals,mlb,RBI,Chicago_Cubs_at_St_Louis_Cardinals,0.35,0.2975,0.0336,OVER,LF  Nelson Velázquez shows OVER value at 0.3 RBI. TC projection: 0.3 — edge: 0.05. Marginal conviction based on usage rate and defensive matchup.
CF  Petey Halpin,Cleveland Guardians,mlb,H,Cleveland_Guardians_at_Cincinnati_Reds,0.35,0.2975,0.0336,OVER,Targeting CF  Petey Halpin OVER 0.3 H. Model projects 0.3 (0.05 edge). Recent trends and opponent weakness support this play.
3B  Denzer Guzman,Los Angeles Angels,mlb,RBI,Houston_Astros_at_Los_Angeles_Angels,0.35,0.2975,0.0336,OVER,"Marginal +EV opportunity: 3B  Denzer Guzman is projected for 0.3 RBI vs a line of 0.3, giving a OVER edge of 0.05. Based on recent form, opponent matchup, and game context."
CF  Jose Siri,Los Angeles Angels,mlb,R,Houston_Astros_at_Los_Angeles_Angels,0.35,0.2975,0.0336,OVER,CF  Jose Siri shows OVER value at 0.3 R. TC projection: 0.3 — edge: 0.05. Marginal conviction based on usage rate and defensive matchup.
DH  Christian Yelich,Milwaukee Brewers,mlb,2B,Milwaukee_Brewers_at_San_Francisco_Giants,0.21,0.1575,0.0336,OVER,"Marginal +EV opportunity: DH  Christian Yelich is projected for 0.2 2B vs a line of 0.2, giving a OVER edge of 0.05. Based on recent form, opponent matchup, and game context."
SS  Cooper Pratt,Milwaukee Brewers,mlb,SB,Milwaukee_Brewers_at_San_Francisco_Giants,0.21,0.1575,0.0336,OVER,"Marginal +EV opportunity: SS  Cooper Pratt is projected for 0.2 SB vs a line of 0.2, giving a OVER edge of 0.05. Based on recent form, opponent matchup, and game context."
2B  Luis Arraez,San Francisco Giants,mlb,RBI,Milwaukee_Brewers_at_San_Francisco_Giants,0.35,0.2975,0.0336,OVER,Targeting 2B  Luis Arraez OVER 0.3 RBI. Model projects 0.3 (0.05 edge). Recent trends and opponent weakness support this play.
SS  Willy Adames,San Francisco Giants,mlb,2B,Milwaukee_Brewers_at_San_Francisco_Giants,0.21,0.1575,0.0336,OVER,"Marginal +EV opportunity: SS  Willy Adames is projected for 0.2 2B vs a line of 0.2, giving a OVER edge of 0.05. Based on recent form, opponent matchup, and game context."
SS  José Caballero,New York Yankees,mlb,SB,New_York_Yankees_at_Chicago_White_Sox,0.21,0.1575,0.0336,OVER,Targeting SS  José Caballero OVER 0.2 SB. Model projects 0.2 (0.05 edge). Recent trends and opponent weakness support this play.
SS  Colson Montgomery,Chicago White Sox,mlb,HR,New_York_Yankees_at_Chicago_White_Sox,0.21,0.1575,0.0336,OVER,"Marginal +EV opportunity: SS  Colson Montgomery is projected for 0.2 HR vs a line of 0.2, giving a OVER edge of 0.05. Based on recent form, opponent matchup, and game context."
C   Drew Romo,Chicago White Sox,mlb,H,New_York_Yankees_at_Chicago_White_Sox,0.35,0.2975,0.0336,OVER,C   Drew Romo shows OVER value at 0.3 H. TC projection: 0.3 — edge: 0.05. Marginal conviction based on usage rate and defensive matchup.
SS  Gunnar Henderson,Baltimore Orioles,mlb,BB,Baltimore_Orioles_at_Detroit_Tigers,0.29,0.3422,-0.07516800000000003,UNDER,Targeting SS  Gunnar Henderson UNDER 0.3 BB. Model projects 0.3 (0.05 edge). Recent trends and opponent weakness support this play.
2B  Zach McKinstry,Detroit Tigers,mlb,BB,Baltimore_Orioles_at_Detroit_Tigers,0.29,0.3422,-0.07516800000000003,UNDER,Targeting 2B  Zach McKinstry UNDER 0.3 BB. Model projects 0.3 (0.05 edge). Recent trends and opponent weakness support this play.
RF  Jordan Walker,St. Louis Cardinals,mlb,BB,Chicago_Cubs_at_St_Louis_Cardinals,0.29,0.3422,-0.07516800000000003,UNDER,Targeting RF  Jordan Walker UNDER 0.3 BB. Model projects 0.3 (0.05 edge). Recent trends and opponent weakness support this play.
2B  Jose Altuve,Houston Astros,mlb,BB,Houston_Astros_at_Los_Angeles_Angels,0.29,0.3422,-0.07516800000000003,UNDER,"Marginal +EV opportunity: 2B  Jose Altuve is projected for 0.3 BB vs a line of 0.3, giving a UNDER edge of 0.05. Based on recent form, opponent matchup, and game context."
CF  Spencer Jones,New York Yankees,mlb,BB,New_York_Yankees_at_Chicago_White_Sox,0.29,0.3422,-0.07516800000000003,UNDER,"Marginal +EV opportunity: CF  Spencer Jones is projected for 0.3 BB vs a line of 0.3, giving a UNDER edge of 0.05. Based on recent form, opponent matchup, and game context."
LF  Griffin Conine,Miami Marlins,mlb,BB,Philadelphia_Phillies_at_Miami_Marlins,0.29,0.3422,-0.07516800000000003,UNDER,LF  Griffin Conine shows UNDER value at 0.3 BB. TC projection: 0.3 — edge: 0.05. Marginal conviction based on usage rate and defensive matchup.
RF  Brandon Nimmo,Texas Rangers,mlb,BB,Seattle_Mariners_at_Texas_Rangers,0.29,0.3422,-0.07516800000000003,UNDER,"Marginal +EV opportunity: RF  Brandon Nimmo is projected for 0.3 BB vs a line of 0.3, giving a UNDER edge of 0.05. Based on recent form, opponent matchup, and game context."
RF  Ryan O'Hearn,Pittsburgh Pirates,mlb,BB,Arizona_Diamondbacks_at_Pittsburgh_Pirates,0.29,0.2378,0.033407999999999986,OVER,RF  Ryan O'Hearn shows OVER value at 0.2 BB. TC projection: 0.3 — edge: 0.05. Marginal conviction based on usage rate and defensive matchup.
2B  Anthony Seigler,Boston Red Sox,mlb,BB,Boston_Red_Sox_at_Athletics,0.29,0.2378,0.033407999999999986,OVER,Targeting 2B  Anthony Seigler OVER 0.2 BB. Model projects 0.3 (0.05 edge). Recent trends and opponent weakness support this play.
2B  Nico Hoerner,Chicago Cubs,mlb,BB,Chicago_Cubs_at_St_Louis_Cardinals,0.29,0.2378,0.033407999999999986,OVER,Targeting 2B  Nico Hoerner OVER 0.2 BB. Model projects 0.3 (0.05 edge). Recent trends and opponent weakness support this play.
1B  Kyle Manzardo,Cleveland Guardians,mlb,BB,Cleveland_Guardians_at_Cincinnati_Reds,0.29,0.2378,0.033407999999999986,OVER,"Marginal +EV opportunity: 1B  Kyle Manzardo is projected for 0.3 BB vs a line of 0.2, giving a OVER edge of 0.05. Based on recent form, opponent matchup, and game context."
2B  Josh Smith,Texas Rangers,mlb,BB,Seattle_Mariners_at_Texas_Rangers,0.29,0.2378,0.033407999999999986,OVER,Targeting 2B  Josh Smith OVER 0.2 BB. Model projects 0.3 (0.05 edge). Recent trends and opponent weakness support this play.
C   Brandon Valenzuela,Toronto Blue Jays,mlb,BB,Toronto_Blue_Jays_at_Washington_Nationals,0.29,0.2378,0.033407999999999986,OVER,"Marginal +EV opportunity: C   Brandon Valenzuela is projected for 0.3 BB vs a line of 0.2, giving a OVER edge of 0.05. Based on recent form, opponent matchup, and game context."
LF  Tim Tawa,Arizona Diamondbacks,mlb,RBI,Arizona_Diamondbacks_at_Pittsburgh_Pirates,0.34,0.289,0.03264000000000003,OVER,Targeting LF  Tim Tawa OVER 0.3 RBI. Model projects 0.3 (0.05 edge). Recent trends and opponent weakness support this play.
3B  Austin Riley,Atlanta Braves,mlb,R,Atlanta_Braves_at_New_York_Mets,0.34,0.289,0.03264000000000003,OVER,"Marginal +EV opportunity: 3B  Austin Riley is projected for 0.3 R vs a line of 0.3, giving a OVER edge of 0.05. Based on recent form, opponent matchup, and game context."
DH  Dominic Smith,Atlanta Braves,mlb,R,Atlanta_Braves_at_New_York_Mets,0.34,0.289,0.03264000000000003,OVER,Targeting DH  Dominic Smith OVER 0.3 R. Model projects 0.3 (0.05 edge). Recent trends and opponent weakness support this play.
DH  Romy Gonzalez,Boston Red Sox,mlb,RBI,Boston_Red_Sox_at_Athletics,0.34,0.289,0.03264000000000003,OVER,"Marginal +EV opportunity: DH  Romy Gonzalez is projected for 0.3 RBI vs a line of 0.3, giving a OVER edge of 0.05. Based on recent form, opponent matchup, and game context."
SS  Brayan Rocchio,Cleveland Guardians,mlb,R,Cleveland_Guardians_at_Cincinnati_Reds,0.34,0.289,0.03264000000000003,OVER,Targeting SS  Brayan Rocchio OVER 0.3 R. Model projects 0.3 (0.05 edge). Recent trends and opponent weakness support this play.
3B  Ke'Bryan Hayes,Cincinnati Reds,mlb,H,Cleveland_Guardians_at_Cincinnati_Reds,0.34,0.289,0.03264000000000003,OVER,Targeting 3B  Ke'Bryan Hayes OVER 0.3 H. Model projects 0.3 (0.05 edge). Recent trends and opponent weakness support this play.
LF  Wade Meckler,Los Angeles Angels,mlb,R,Houston_Astros_at_Los_Angeles_Angels,0.34,0.289,0.03264000000000003,OVER,"Marginal +EV opportunity: LF  Wade Meckler is projected for 0.3 R vs a line of 0.3, giving a OVER edge of 0.05. Based on recent form, opponent matchup, and game context."
2B  Bryson Stott,Philadelphia Phillies,mlb,R,Philadelphia_Phillies_at_Miami_Marlins,0.34,0.289,0.03264000000000003,OVER,2B  Bryson Stott shows OVER value at 0.3 R. TC projection: 0.3 — edge: 0.05. Marginal conviction based on usage rate and defensive matchup.
RF  Brandon Nimmo,Texas Rangers,mlb,RBI,Seattle_Mariners_at_Texas_Rangers,0.34,0.289,0.03264000000000003,OVER,"Marginal +EV opportunity: RF  Brandon Nimmo is projected for 0.3 RBI vs a line of 0.3, giving a OVER edge of 0.05. Based on recent form, opponent matchup, and game context."
CF  Daulton Varsho,Toronto Blue Jays,mlb,R,Toronto_Blue_Jays_at_Washington_Nationals,0.34,0.289,0.03264000000000003,OVER,"Marginal +EV opportunity: CF  Daulton Varsho is projected for 0.3 R vs a line of 0.3, giving a OVER edge of 0.05. Based on recent form, opponent matchup, and game context."
1B  Andrés Chaparro,Washington Nationals,mlb,R,Toronto_Blue_Jays_at_Washington_Nationals,0.34,0.289,0.03264000000000003,OVER,Targeting 1B  Andrés Chaparro OVER 0.3 R. Model projects 0.3 (0.05 edge). Recent trends and opponent weakness support this play.
LF  Tyler Callihan,Pittsburgh Pirates,mlb,RBI,Arizona_Diamondbacks_at_Pittsburgh_Pirates,0.34,0.391,-0.07343999999999998,UNDER,LF  Tyler Callihan shows UNDER value at 0.4 RBI. TC projection: 0.3 — edge: 0.05. Marginal conviction based on usage rate and defensive matchup.
3B  Brett Baty,New York Mets,mlb,R,Atlanta_Braves_at_New_York_Mets,0.34,0.391,-0.07343999999999998,UNDER,3B  Brett Baty shows UNDER value at 0.4 R. TC projection: 0.3 — edge: 0.05. Marginal conviction based on usage rate and defensive matchup.
RF  Carson Benge,New York Mets,mlb,RBI,Atlanta_Braves_at_New_York_Mets,0.34,0.391,-0.07343999999999998,UNDER,"Marginal +EV opportunity: RF  Carson Benge is projected for 0.3 RBI vs a line of 0.4, giving a UNDER edge of 0.05. Based on recent form, opponent matchup, and game context."
CF  Leody Taveras,Baltimore Orioles,mlb,RBI,Baltimore_Orioles_at_Detroit_Tigers,0.34,0.391,-0.07343999999999998,UNDER,"Marginal +EV opportunity: CF  Leody Taveras is projected for 0.3 RBI vs a line of 0.4, giving a UNDER edge of 0.05. Based on recent form, opponent matchup, and game context."
2B  Nico Hoerner,Chicago Cubs,mlb,R,Chicago_Cubs_at_St_Louis_Cardinals,0.34,0.391,-0.07343999999999998,UNDER,"Marginal +EV opportunity: 2B  Nico Hoerner is projected for 0.3 R vs a line of 0.4, giving a UNDER edge of 0.05. Based on recent form, opponent matchup, and game context."
LF  Angel Martínez,Cleveland Guardians,mlb,R,Cleveland_Guardians_at_Cincinnati_Reds,0.34,0.391,-0.07343999999999998,UNDER,LF  Angel Martínez shows UNDER value at 0.4 R. TC projection: 0.3 — edge: 0.05. Marginal conviction based on usage rate and defensive matchup.
SS  Cooper Pratt,Milwaukee Brewers,mlb,RBI,Milwaukee_Brewers_at_San_Francisco_Giants,0.34,0.391,-0.07343999999999998,UNDER,SS  Cooper Pratt shows UNDER value at 0.4 RBI. TC projection: 0.3 — edge: 0.05. Marginal conviction based on usage rate and defensive matchup.
3B  David Hamilton,Milwaukee Brewers,mlb,R,Milwaukee_Brewers_at_San_Francisco_Giants,0.34,0.391,-0.07343999999999998,UNDER,"Marginal +EV opportunity: 3B  David Hamilton is projected for 0.3 R vs a line of 0.4, giving a UNDER edge of 0.05. Based on recent form, opponent matchup, and game context."
SS  José Caballero,New York Yankees,mlb,RBI,New_York_Yankees_at_Chicago_White_Sox,0.34,0.391,-0.07343999999999998,UNDER,SS  José Caballero shows UNDER value at 0.4 RBI. TC projection: 0.3 — edge: 0.05. Marginal conviction based on usage rate and defensive matchup.
3B  Javier Sanoja,Miami Marlins,mlb,RBI,Philadelphia_Phillies_at_Miami_Marlins,0.34,0.391,-0.07343999999999998,UNDER,Targeting 3B  Javier Sanoja UNDER 0.4 RBI. Model projects 0.3 (0.05 edge). Recent trends and opponent weakness support this play.
1B  Josh Naylor,Seattle Mariners,mlb,R,Seattle_Mariners_at_Texas_Rangers,0.34,0.391,-0.07343999999999998,UNDER,Targeting 1B  Josh Naylor UNDER 0.4 R. Model projects 0.3 (0.05 edge). Recent trends and opponent weakness support this play.
1B  Alec Burleson,St. Louis Cardinals,mlb,BB,Chicago_Cubs_at_St_Louis_Cardinals,0.28,0.2296,0.03225600000000002,OVER,1B  Alec Burleson shows OVER value at 0.2 BB. TC projection: 0.3 — edge: 0.05. Marginal conviction based on usage rate and defensive matchup.
CF  TJ Friedl,Cincinnati Reds,mlb,BB,Cleveland_Guardians_at_Cincinnati_Reds,0.28,0.2296,0.03225600000000002,OVER,"Marginal +EV opportunity: CF  TJ Friedl is projected for 0.3 BB vs a line of 0.2, giving a OVER edge of 0.05. Based on recent form, opponent matchup, and game context."
1B  Andrew Vaughn,Milwaukee Brewers,mlb,BB,Milwaukee_Brewers_at_San_Francisco_Giants,0.28,0.2296,0.03225600000000002,OVER,"Marginal +EV opportunity: 1B  Andrew Vaughn is projected for 0.3 BB vs a line of 0.2, giving a OVER edge of 0.05. Based on recent form, opponent matchup, and game context."
LF  Jackson Chourio,Milwaukee Brewers,mlb,BB,Milwaukee_Brewers_at_San_Francisco_Giants,0.28,0.2296,0.03225600000000002,OVER,LF  Jackson Chourio shows OVER value at 0.2 BB. TC projection: 0.3 — edge: 0.05. Marginal conviction based on usage rate and defensive matchup.
RF  David Fry,Cleveland Guardians,mlb,BB,Cleveland_Guardians_at_Cincinnati_Reds,0.28,0.3304,-0.072576,UNDER,RF  David Fry shows UNDER value at 0.3 BB. TC projection: 0.3 — edge: 0.05. Marginal conviction based on usage rate and defensive matchup.
SS  Max Schuemann,New York Yankees,mlb,BB,New_York_Yankees_at_Chicago_White_Sox,0.28,0.3304,-0.072576,UNDER,Targeting SS  Max Schuemann UNDER 0.3 BB. Model projects 0.3 (0.05 edge). Recent trends and opponent weakness support this play.
C   Drew Romo,Chicago White Sox,mlb,BB,New_York_Yankees_at_Chicago_White_Sox,0.28,0.3304,-0.072576,UNDER,Targeting C   Drew Romo UNDER 0.3 BB. Model projects 0.3 (0.05 edge). Recent trends and opponent weakness support this play.
1B  Josh Naylor,Seattle Mariners,mlb,BB,Seattle_Mariners_at_Texas_Rangers,0.28,0.3304,-0.072576,UNDER,"Marginal +EV opportunity: 1B  Josh Naylor is projected for 0.3 BB vs a line of 0.3, giving a UNDER edge of 0.05. Based on recent form, opponent matchup, and game context."
CF  Luis Robert Jr.,New York Mets,mlb,RBI,Atlanta_Braves_at_New_York_Mets,0.29,0.34,-0.07200000000000006,UNDER,CF  Luis Robert Jr. shows UNDER value at 0.3 RBI. TC projection: 0.3 — edge: 0.05. Marginal conviction based on usage rate and defensive matchup.
RF  Kerry Carpenter,Detroit Tigers,mlb,R,Baltimore_Orioles_at_Detroit_Tigers,0.29,0.34,-0.07200000000000006,UNDER,RF  Kerry Carpenter shows UNDER value at 0.3 R. TC projection: 0.3 — edge: 0.05. Marginal conviction based on usage rate and defensive matchup.
SS  Andruw Monasterio,Boston Red Sox,mlb,R,Boston_Red_Sox_at_Athletics,0.29,0.34,-0.07200000000000006,UNDER,SS  Andruw Monasterio shows UNDER value at 0.3 R. TC projection: 0.3 — edge: 0.05. Marginal conviction based on usage rate and defensive matchup.
DH  Michael Conforto,Chicago Cubs,mlb,RBI,Chicago_Cubs_at_St_Louis_Cardinals,0.29,0.34,-0.07200000000000006,UNDER,DH  Michael Conforto shows UNDER value at 0.3 RBI. TC projection: 0.3 — edge: 0.05. Marginal conviction based on usage rate and defensive matchup.
LF  Nelson Velázquez,St. Louis Cardinals,mlb,R,Chicago_Cubs_at_St_Louis_Cardinals,0.29,0.34,-0.07200000000000006,UNDER,Targeting LF  Nelson Velázquez UNDER 0.3 R. Model projects 0.3 (0.05 edge). Recent trends and opponent weakness support this play.
C   Austin Hedges,Cleveland Guardians,mlb,R,Cleveland_Guardians_at_Cincinnati_Reds,0.29,0.34,-0.07200000000000006,UNDER,Targeting C   Austin Hedges UNDER 0.3 R. Model projects 0.3 (0.05 edge). Recent trends and opponent weakness support this play.
RF  Cam Smith,Houston Astros,mlb,RBI,Houston_Astros_at_Los_Angeles_Angels,0.29,0.34,-0.07200000000000006,UNDER,Targeting RF  Cam Smith UNDER 0.3 RBI. Model projects 0.3 (0.05 edge). Recent trends and opponent weakness support this play.
LF  Josh Lowe,Los Angeles Angels,mlb,RBI,Houston_Astros_at_Los_Angeles_Angels,0.29,0.34,-0.07200000000000006,UNDER,"Marginal +EV opportunity: LF  Josh Lowe is projected for 0.3 RBI vs a line of 0.3, giving a UNDER edge of 0.05. Based on recent form, opponent matchup, and game context."
3B  Amed Rosario,New York Yankees,mlb,R,New_York_Yankees_at_Chicago_White_Sox,0.29,0.34,-0.07200000000000006,UNDER,Targeting 3B  Amed Rosario UNDER 0.3 R. Model projects 0.3 (0.05 edge). Recent trends and opponent weakness support this play.
3B  Alec Bohm,Philadelphia Phillies,mlb,R,Philadelphia_Phillies_at_Miami_Marlins,0.29,0.34,-0.07200000000000006,UNDER,"Marginal +EV opportunity: 3B  Alec Bohm is projected for 0.3 R vs a line of 0.3, giving a UNDER edge of 0.05. Based on recent form, opponent matchup, and game context."
LF  Alejandro Osuna,Texas Rangers,mlb,R,Seattle_Mariners_at_Texas_Rangers,0.29,0.34,-0.07200000000000006,UNDER,LF  Alejandro Osuna shows UNDER value at 0.3 R. TC projection: 0.3 — edge: 0.05. Marginal conviction based on usage rate and defensive matchup.
DH  Adrian Del Castillo,Arizona Diamondbacks,mlb,R,Arizona_Diamondbacks_at_Pittsburgh_Pirates,0.26,0.21,0.032000000000000015,OVER,DH  Adrian Del Castillo shows OVER value at 0.2 R. TC projection: 0.3 — edge: 0.05. Marginal conviction based on usage rate and defensive matchup.
DH  Adrian Del Castillo,Arizona Diamondbacks,mlb,BB,Arizona_Diamondbacks_at_Pittsburgh_Pirates,0.2,0.15,0.032000000000000015,OVER,DH  Adrian Del Castillo shows OVER value at 0.1 BB. TC projection: 0.2 — edge: 0.05. Marginal conviction based on usage rate and defensive matchup.
RF  Corbin Carroll,Arizona Diamondbacks,mlb,2B,Arizona_Diamondbacks_at_Pittsburgh_Pirates,0.17,0.12,0.032000000000000015,OVER,RF  Corbin Carroll shows OVER value at 0.1 2B. TC projection: 0.2 — edge: 0.05. Marginal conviction based on usage rate and defensive matchup.
1B  Ildemaro Vargas,Arizona Diamondbacks,mlb,BB,Arizona_Diamondbacks_at_Pittsburgh_Pirates,0.17,0.12,0.032000000000000015,OVER,"Marginal +EV opportunity: 1B  Ildemaro Vargas is projected for 0.2 BB vs a line of 0.1, giving a OVER edge of 0.05. Based on recent form, opponent matchup, and game context."
CF  Jorge Barrosa,Arizona Diamondbacks,mlb,H,Arizona_Diamondbacks_at_Pittsburgh_Pirates,0.26,0.21,0.032000000000000015,OVER,"Marginal +EV opportunity: CF  Jorge Barrosa is projected for 0.3 H vs a line of 0.2, giving a OVER edge of 0.05. Based on recent form, opponent matchup, and game context."
2B  Ketel Marte,Arizona Diamondbacks,mlb,BB,Arizona_Diamondbacks_at_Pittsburgh_Pirates,0.26,0.21,0.032000000000000015,OVER,"Marginal +EV opportunity: 2B  Ketel Marte is projected for 0.3 BB vs a line of 0.2, giving a OVER edge of 0.05. Based on recent form, opponent matchup, and game context."
LF  Max Kepler,Arizona Diamondbacks,mlb,R,Arizona_Diamondbacks_at_Pittsburgh_Pirates,0.28,0.23,0.032000000000000015,OVER,"Marginal +EV opportunity: LF  Max Kepler is projected for 0.3 R vs a line of 0.2, giving a OVER edge of 0.05. Based on recent form, opponent matchup, and game context."
LF  Max Kepler,Arizona Diamondbacks,mlb,BB,Arizona_Diamondbacks_at_Pittsburgh_Pirates,0.2,0.15,0.032000000000000015,OVER,"Marginal +EV opportunity: LF  Max Kepler is projected for 0.2 BB vs a line of 0.1, giving a OVER edge of 0.05. Based on recent form, opponent matchup, and game context."
CF  Ryan Waldschmidt,Arizona Diamondbacks,mlb,RBI,Arizona_Diamondbacks_at_Pittsburgh_Pirates,0.26,0.21,0.032000000000000015,OVER,Targeting CF  Ryan Waldschmidt OVER 0.2 RBI. Model projects 0.3 (0.05 edge). Recent trends and opponent weakness support this play.
1B  Tyler Locklear,Arizona Diamondbacks,mlb,HR,Arizona_Diamondbacks_at_Pittsburgh_Pirates,0.14,0.09,0.032000000000000015,OVER,1B  Tyler Locklear shows OVER value at 0.1 HR. TC projection: 0.1 — edge: 0.05. Marginal conviction based on usage rate and defensive matchup.
1B  Tyler Locklear,Arizona Diamondbacks,mlb,SB,Arizona_Diamondbacks_at_Pittsburgh_Pirates,0.14,0.09,0.032000000000000015,OVER,"Marginal +EV opportunity: 1B  Tyler Locklear is projected for 0.1 SB vs a line of 0.1, giving a OVER edge of 0.05. Based on recent form, opponent matchup, and game context."
2B  Brandon Lowe,Pittsburgh Pirates,mlb,2B,Arizona_Diamondbacks_at_Pittsburgh_Pirates,0.2,0.15,0.032000000000000015,OVER,Targeting 2B  Brandon Lowe OVER 0.1 2B. Model projects 0.2 (0.05 edge). Recent trends and opponent weakness support this play.
CF  Jake Mangum,Pittsburgh Pirates,mlb,BB,Arizona_Diamondbacks_at_Pittsburgh_Pirates,0.14,0.09,0.032000000000000015,OVER,CF  Jake Mangum shows OVER value at 0.1 BB. TC projection: 0.1 — edge: 0.05. Marginal conviction based on usage rate and defensive matchup.
LF  Mike Yastrzemski,Atlanta Braves,mlb,BB,Atlanta_Braves_at_New_York_Mets,0.26,0.21,0.032000000000000015,OVER,LF  Mike Yastrzemski shows OVER value at 0.2 BB. TC projection: 0.3 — edge: 0.05. Marginal conviction based on usage rate and defensive matchup.
2B  Ozzie Albies,Atlanta Braves,mlb,2B,Atlanta_Braves_at_New_York_Mets,0.17,0.12,0.032000000000000015,OVER,Targeting 2B  Ozzie Albies OVER 0.1 2B. Model projects 0.2 (0.05 edge). Recent trends and opponent weakness support this play.
3B  Brett Baty,New York Mets,mlb,BB,Atlanta_Braves_at_New_York_Mets,0.27,0.22,0.032000000000000015,OVER,3B  Brett Baty shows OVER value at 0.2 BB. TC projection: 0.3 — edge: 0.05. Marginal conviction based on usage rate and defensive matchup.
RF  Carson Benge,New York Mets,mlb,SB,Atlanta_Braves_at_New_York_Mets,0.14,0.09,0.032000000000000015,OVER,"Marginal +EV opportunity: RF  Carson Benge is projected for 0.1 SB vs a line of 0.1, giving a OVER edge of 0.05. Based on recent form, opponent matchup, and game context."
1B  Jared Young,New York Mets,mlb,R,Atlanta_Braves_at_New_York_Mets,0.26,0.21,0.032000000000000015,OVER,1B  Jared Young shows OVER value at 0.2 R. TC projection: 0.3 — edge: 0.05. Marginal conviction based on usage rate and defensive matchup.
DH  Jorge Polanco,New York Mets,mlb,R,Atlanta_Braves_at_New_York_Mets,0.17,0.12,0.032000000000000015,OVER,Targeting DH  Jorge Polanco OVER 0.1 R. Model projects 0.2 (0.05 edge). Recent trends and opponent weakness support this play.
DH  Jorge Polanco,New York Mets,mlb,2B,Atlanta_Braves_at_New_York_Mets,0.14,0.09,0.032000000000000015,OVER,DH  Jorge Polanco shows OVER value at 0.1 2B. TC projection: 0.1 — edge: 0.05. Marginal conviction based on usage rate and defensive matchup.
C   Luis Torrens,New York Mets,mlb,RBI,Atlanta_Braves_at_New_York_Mets,0.26,0.21,0.032000000000000015,OVER,C   Luis Torrens shows OVER value at 0.2 RBI. TC projection: 0.3 — edge: 0.05. Marginal conviction based on usage rate and defensive matchup.
RF  Dylan Beavers,Baltimore Orioles,mlb,RBI,Baltimore_Orioles_at_Detroit_Tigers,0.27,0.22,0.032000000000000015,OVER,"Marginal +EV opportunity: RF  Dylan Beavers is projected for 0.3 RBI vs a line of 0.2, giving a OVER edge of 0.05. Based on recent form, opponent matchup, and game context."
2B  Jackson Holliday,Baltimore Orioles,mlb,RBI,Baltimore_Orioles_at_Detroit_Tigers,0.26,0.21,0.032000000000000015,OVER,"Marginal +EV opportunity: 2B  Jackson Holliday is projected for 0.3 RBI vs a line of 0.2, giving a OVER edge of 0.05. Based on recent form, opponent matchup, and game context."
2B  Jeremiah Jackson,Baltimore Orioles,mlb,R,Baltimore_Orioles_at_Detroit_Tigers,0.27,0.22,0.032000000000000015,OVER,Targeting 2B  Jeremiah Jackson OVER 0.2 R. Model projects 0.3 (0.05 edge). Recent trends and opponent weakness support this play.
RF  Tyler O'Neill,Baltimore Orioles,mlb,RBI,Baltimore_Orioles_at_Detroit_Tigers,0.2,0.15,0.032000000000000015,OVER,"Marginal +EV opportunity: RF  Tyler O'Neill is projected for 0.2 RBI vs a line of 0.1, giving a OVER edge of 0.05. Based on recent form, opponent matchup, and game context."
RF  Ben Malgeri,Detroit Tigers,mlb,RBI,Baltimore_Orioles_at_Detroit_Tigers,0.2,0.15,0.032000000000000015,OVER,RF  Ben Malgeri shows OVER value at 0.1 RBI. TC projection: 0.2 — edge: 0.05. Marginal conviction based on usage rate and defensive matchup.
C   Dillon Dingler,Detroit Tigers,mlb,2B,Baltimore_Orioles_at_Detroit_Tigers,0.2,0.15,0.032000000000000015,OVER,Targeting C   Dillon Dingler OVER 0.1 2B. Model projects 0.2 (0.05 edge). Recent trends and opponent weakness support this play.
C   Dillon Dingler,Detroit Tigers,mlb,BB,Baltimore_Orioles_at_Detroit_Tigers,0.23,0.18,0.032000000000000015,OVER,C   Dillon Dingler shows OVER value at 0.2 BB. TC projection: 0.2 — edge: 0.05. Marginal conviction based on usage rate and defensive matchup.
C   Jake Rogers,Detroit Tigers,mlb,R,Baltimore_Orioles_at_Detroit_Tigers,0.26,0.21,0.032000000000000015,OVER,"Marginal +EV opportunity: C   Jake Rogers is projected for 0.3 R vs a line of 0.2, giving a OVER edge of 0.05. Based on recent form, opponent matchup, and game context."
CF  James Outman,Detroit Tigers,mlb,H,Baltimore_Orioles_at_Detroit_Tigers,0.26,0.21,0.032000000000000015,OVER,"Marginal +EV opportunity: CF  James Outman is projected for 0.3 H vs a line of 0.2, giving a OVER edge of 0.05. Based on recent form, opponent matchup, and game context."
CF  James Outman,Detroit Tigers,mlb,RBI,Baltimore_Orioles_at_Detroit_Tigers,0.17,0.12,0.032000000000000015,OVER,Targeting CF  James Outman OVER 0.1 RBI. Model projects 0.2 (0.05 edge). Recent trends and opponent weakness support this play.
C   Connor Wong,Boston Red Sox,mlb,2B,Boston_Red_Sox_at_Athletics,0.14,0.09,0.032000000000000015,OVER,C   Connor Wong shows OVER value at 0.1 2B. TC projection: 0.1 — edge: 0.05. Marginal conviction based on usage rate and defensive matchup.
C   Connor Wong,Boston Red Sox,mlb,BB,Boston_Red_Sox_at_Athletics,0.26,0.21,0.032000000000000015,OVER,"Marginal +EV opportunity: C   Connor Wong is projected for 0.3 BB vs a line of 0.2, giving a OVER edge of 0.05. Based on recent form, opponent matchup, and game context."
SS  Alika Williams,Athletics,mlb,RBI,Boston_Red_Sox_at_Athletics,0.2,0.15,0.032000000000000015,OVER,Targeting SS  Alika Williams OVER 0.1 RBI. Model projects 0.2 (0.05 edge). Recent trends and opponent weakness support this play.
CF  Henry Bolte,Athletics,mlb,R,Boston_Red_Sox_at_Athletics,0.27,0.22,0.032000000000000015,OVER,CF  Henry Bolte shows OVER value at 0.2 R. TC projection: 0.3 — edge: 0.05. Marginal conviction based on usage rate and defensive matchup.
C   Miguel Amaya,Chicago Cubs,mlb,BB,Chicago_Cubs_at_St_Louis_Cardinals,0.27,0.22,0.032000000000000015,OVER,"Marginal +EV opportunity: C   Miguel Amaya is projected for 0.3 BB vs a line of 0.2, giving a OVER edge of 0.05. Based on recent form, opponent matchup, and game context."
3B  Blaze Jordan,St. Louis Cardinals,mlb,R,Chicago_Cubs_at_St_Louis_Cardinals,0.27,0.22,0.032000000000000015,OVER,3B  Blaze Jordan shows OVER value at 0.2 R. TC projection: 0.3 — edge: 0.05. Marginal conviction based on usage rate and defensive matchup.
3B  Blaze Jordan,St. Louis Cardinals,mlb,2B,Chicago_Cubs_at_St_Louis_Cardinals,0.14,0.09,0.032000000000000015,OVER,"Marginal +EV opportunity: 3B  Blaze Jordan is projected for 0.1 2B vs a line of 0.1, giving a OVER edge of 0.05. Based on recent form, opponent matchup, and game context."
LF  Bryan Torres,St. Louis Cardinals,mlb,R,Chicago_Cubs_at_St_Louis_Cardinals,0.26,0.21,0.032000000000000015,OVER,Targeting LF  Bryan Torres OVER 0.2 R. Model projects 0.3 (0.05 edge). Recent trends and opponent weakness support this play.
LF  José Fermín,St. Louis Cardinals,mlb,R,Chicago_Cubs_at_St_Louis_Cardinals,0.23,0.18,0.032000000000000015,OVER,LF  José Fermín shows OVER value at 0.2 R. TC projection: 0.2 — edge: 0.05. Marginal conviction based on usage rate and defensive matchup.
CF  Nathan Church,St. Louis Cardinals,mlb,BB,Chicago_Cubs_at_St_Louis_Cardinals,0.14,0.09,0.032000000000000015,OVER,Targeting CF  Nathan Church OVER 0.1 BB. Model projects 0.1 (0.05 edge). Recent trends and opponent weakness support this play.
LF  Nelson Velázquez,St. Louis Cardinals,mlb,BB,Chicago_Cubs_at_St_Louis_Cardinals,0.2,0.15,0.032000000000000015,OVER,"Marginal +EV opportunity: LF  Nelson Velázquez is projected for 0.2 BB vs a line of 0.1, giving a OVER edge of 0.05. Based on recent form, opponent matchup, and game context."
C   Austin Hedges,Cleveland Guardians,mlb,BB,Cleveland_Guardians_at_Cincinnati_Reds,0.2,0.15,0.032000000000000015,OVER,C   Austin Hedges shows OVER value at 0.1 BB. TC projection: 0.2 — edge: 0.05. Marginal conviction based on usage rate and defensive matchup.
3B  Gabriel Arias,Cleveland Guardians,mlb,R,Cleveland_Guardians_at_Cincinnati_Reds,0.26,0.21,0.032000000000000015,OVER,"Marginal +EV opportunity: 3B  Gabriel Arias is projected for 0.3 R vs a line of 0.2, giving a OVER edge of 0.05. Based on recent form, opponent matchup, and game context."
1B  Kyle Manzardo,Cleveland Guardians,mlb,RBI,Cleveland_Guardians_at_Cincinnati_Reds,0.28,0.23,0.032000000000000015,OVER,"Marginal +EV opportunity: 1B  Kyle Manzardo is projected for 0.3 RBI vs a line of 0.2, giving a OVER edge of 0.05. Based on recent form, opponent matchup, and game context."
CF  Petey Halpin,Cleveland Guardians,mlb,R,Cleveland_Guardians_at_Cincinnati_Reds,0.27,0.22,0.032000000000000015,OVER,CF  Petey Halpin shows OVER value at 0.2 R. TC projection: 0.3 — edge: 0.05. Marginal conviction based on usage rate and defensive matchup.
2B  Travis Bazzana,Cleveland Guardians,mlb,SB,Cleveland_Guardians_at_Cincinnati_Reds,0.17,0.12,0.032000000000000015,OVER,"Marginal +EV opportunity: 2B  Travis Bazzana is projected for 0.2 SB vs a line of 0.1, giving a OVER edge of 0.05. Based on recent form, opponent matchup, and game context."
3B  Ke'Bryan Hayes,Cincinnati Reds,mlb,BB,Cleveland_Guardians_at_Cincinnati_Reds,0.14,0.09,0.032000000000000015,OVER,Targeting 3B  Ke'Bryan Hayes OVER 0.1 BB. Model projects 0.1 (0.05 edge). Recent trends and opponent weakness support this play.
DH  Nathaniel Lowe,Cincinnati Reds,mlb,R,Cleveland_Guardians_at_Cincinnati_Reds,0.26,0.21,0.032000000000000015,OVER,"Marginal +EV opportunity: DH  Nathaniel Lowe is projected for 0.3 R vs a line of 0.2, giving a OVER edge of 0.05. Based on recent form, opponent matchup, and game context."
DH  Nathaniel Lowe,Cincinnati Reds,mlb,HR,Cleveland_Guardians_at_Cincinnati_Reds,0.14,0.09,0.032000000000000015,OVER,Targeting DH  Nathaniel Lowe OVER 0.1 HR. Model projects 0.1 (0.05 edge). Recent trends and opponent weakness support this play.
RF  Noelvi Marte,Cincinnati Reds,mlb,BB,Cleveland_Guardians_at_Cincinnati_Reds,0.17,0.12,0.032000000000000015,OVER,RF  Noelvi Marte shows OVER value at 0.1 BB. TC projection: 0.2 — edge: 0.05. Marginal conviction based on usage rate and defensive matchup.
1B  Spencer Steer,Cincinnati Reds,mlb,HR,Cleveland_Guardians_at_Cincinnati_Reds,0.14,0.09,0.032000000000000015,OVER,"Marginal +EV opportunity: 1B  Spencer Steer is projected for 0.1 HR vs a line of 0.1, giving a OVER edge of 0.05. Based on recent form, opponent matchup, and game context."
CF  TJ Friedl,Cincinnati Reds,mlb,R,Cleveland_Guardians_at_Cincinnati_Reds,0.26,0.21,0.032000000000000015,OVER,CF  TJ Friedl shows OVER value at 0.2 R. TC projection: 0.3 — edge: 0.05. Marginal conviction based on usage rate and defensive matchup.
RF  Cam Smith,Houston Astros,mlb,BB,Houston_Astros_at_Los_Angeles_Angels,0.26,0.21,0.032000000000000015,OVER,"Marginal +EV opportunity: RF  Cam Smith is projected for 0.3 BB vs a line of 0.2, giving a OVER edge of 0.05. Based on recent form, opponent matchup, and game context."
1B  Christian Walker,Houston Astros,mlb,BB,Houston_Astros_at_Los_Angeles_Angels,0.27,0.22,0.032000000000000015,OVER,Targeting 1B  Christian Walker OVER 0.2 BB. Model projects 0.3 (0.05 edge). Recent trends and opponent weakness support this play.
2B  Jose Altuve,Houston Astros,mlb,2B,Houston_Astros_at_Los_Angeles_Angels,0.14,0.09,0.032000000000000015,OVER,2B  Jose Altuve shows OVER value at 0.1 2B. TC projection: 0.1 — edge: 0.05. Marginal conviction based on usage rate and defensive matchup.
CF  Taylor Trammell,Houston Astros,mlb,R,Houston_Astros_at_Los_Angeles_Angels,0.26,0.21,0.032000000000000015,OVER,"Marginal +EV opportunity: CF  Taylor Trammell is projected for 0.3 R vs a line of 0.2, giving a OVER edge of 0.05. Based on recent form, opponent matchup, and game context."
C   Logan O'Hoppe,Los Angeles Angels,mlb,R,Houston_Astros_at_Los_Angeles_Angels,0.23,0.18,0.032000000000000015,OVER,C   Logan O'Hoppe shows OVER value at 0.2 R. TC projection: 0.2 — edge: 0.05. Marginal conviction based on usage rate and defensive matchup.
1B  Nolan Schanuel,Los Angeles Angels,mlb,2B,Houston_Astros_at_Los_Angeles_Angels,0.17,0.12,0.032000000000000015,OVER,Targeting 1B  Nolan Schanuel OVER 0.1 2B. Model projects 0.2 (0.05 edge). Recent trends and opponent weakness support this play.
2B  Oswald Peraza,Los Angeles Angels,mlb,RBI,Houston_Astros_at_Los_Angeles_Angels,0.23,0.18,0.032000000000000015,OVER,Targeting 2B  Oswald Peraza OVER 0.2 RBI. Model projects 0.2 (0.05 edge). Recent trends and opponent weakness support this play.
C   Tyler Heineman,Los Angeles Angels,mlb,R,Houston_Astros_at_Los_Angeles_Angels,0.17,0.12,0.032000000000000015,OVER,Targeting C   Tyler Heineman OVER 0.1 R. Model projects 0.2 (0.05 edge). Recent trends and opponent weakness support this play.
2B  Vaughn Grissom,Los Angeles Angels,mlb,2B,Houston_Astros_at_Los_Angeles_Angels,0.17,0.12,0.032000000000000015,OVER,Targeting 2B  Vaughn Grissom OVER 0.1 2B. Model projects 0.2 (0.05 edge). Recent trends and opponent weakness support this play.
2B  Vaughn Grissom,Los Angeles Angels,mlb,BB,Houston_Astros_at_Los_Angeles_Angels,0.27,0.22,0.032000000000000015,OVER,2B  Vaughn Grissom shows OVER value at 0.2 BB. TC projection: 0.3 — edge: 0.05. Marginal conviction based on usage rate and defensive matchup.
LF  Wade Meckler,Los Angeles Angels,mlb,2B,Houston_Astros_at_Los_Angeles_Angels,0.14,0.09,0.032000000000000015,OVER,Targeting LF  Wade Meckler OVER 0.1 2B. Model projects 0.1 (0.05 edge). Recent trends and opponent weakness support this play.
LF  Wade Meckler,Los Angeles Angels,mlb,BB,Houston_Astros_at_Los_Angeles_Angels,0.27,0.22,0.032000000000000015,OVER,Targeting LF  Wade Meckler OVER 0.2 BB. Model projects 0.3 (0.05 edge). Recent trends and opponent weakness support this play.
CF  Blake Perkins,Milwaukee Brewers,mlb,RBI,Milwaukee_Brewers_at_San_Francisco_Giants,0.17,0.12,0.032000000000000015,OVER,CF  Blake Perkins shows OVER value at 0.1 RBI. TC projection: 0.2 — edge: 0.05. Marginal conviction based on usage rate and defensive matchup.
SS  Joey Ortiz,Milwaukee Brewers,mlb,R,Milwaukee_Brewers_at_San_Francisco_Giants,0.27,0.22,0.032000000000000015,OVER,"Marginal +EV opportunity: SS  Joey Ortiz is projected for 0.3 R vs a line of 0.2, giving a OVER edge of 0.05. Based on recent form, opponent matchup, and game context."
2B  Christian Koss,San Francisco Giants,mlb,H,Milwaukee_Brewers_at_San_Francisco_Giants,0.17,0.12,0.032000000000000015,OVER,Targeting 2B  Christian Koss OVER 0.1 H. Model projects 0.2 (0.05 edge). Recent trends and opponent weakness support this play.
RF  Jung Hoo Lee,San Francisco Giants,mlb,BB,Milwaukee_Brewers_at_San_Francisco_Giants,0.14,0.09,0.032000000000000015,OVER,RF  Jung Hoo Lee shows OVER value at 0.1 BB. TC projection: 0.1 — edge: 0.05. Marginal conviction based on usage rate and defensive matchup.
2B  Luis Arraez,San Francisco Giants,mlb,2B,Milwaukee_Brewers_at_San_Francisco_Giants,0.2,0.15,0.032000000000000015,OVER,2B  Luis Arraez shows OVER value at 0.1 2B. TC projection: 0.2 — edge: 0.05. Marginal conviction based on usage rate and defensive matchup.
C   Ali Sánchez,New York Yankees,mlb,RBI,New_York_Yankees_at_Chicago_White_Sox,0.14,0.09,0.032000000000000015,OVER,C   Ali Sánchez shows OVER value at 0.1 RBI. TC projection: 0.1 — edge: 0.05. Marginal conviction based on usage rate and defensive matchup.
SS  Anthony Volpe,New York Yankees,mlb,RBI,New_York_Yankees_at_Chicago_White_Sox,0.27,0.22,0.032000000000000015,OVER,Targeting SS  Anthony Volpe OVER 0.2 RBI. Model projects 0.3 (0.05 edge). Recent trends and opponent weakness support this play.
2B  Jazz Chisholm Jr.,New York Yankees,mlb,HR,New_York_Yankees_at_Chicago_White_Sox,0.14,0.09,0.032000000000000015,OVER,2B  Jazz Chisholm Jr. shows OVER value at 0.1 HR. TC projection: 0.1 — edge: 0.05. Marginal conviction based on usage rate and defensive matchup.
SS  Max Schuemann,New York Yankees,mlb,RBI,New_York_Yankees_at_Chicago_White_Sox,0.14,0.09,0.032000000000000015,OVER,Targeting SS  Max Schuemann OVER 0.1 RBI. Model projects 0.1 (0.05 edge). Recent trends and opponent weakness support this play.
3B  Ryan McMahon,New York Yankees,mlb,BB,New_York_Yankees_at_Chicago_White_Sox,0.17,0.12,0.032000000000000015,OVER,Targeting 3B  Ryan McMahon OVER 0.1 BB. Model projects 0.2 (0.05 edge). Recent trends and opponent weakness support this play.
C   Edgar Quero,Chicago White Sox,mlb,RBI,New_York_Yankees_at_Chicago_White_Sox,0.23,0.18,0.032000000000000015,OVER,C   Edgar Quero shows OVER value at 0.2 RBI. TC projection: 0.2 — edge: 0.05. Marginal conviction based on usage rate and defensive matchup.
C   Edgar Quero,Chicago White Sox,mlb,BB,New_York_Yankees_at_Chicago_White_Sox,0.2,0.15,0.032000000000000015,OVER,"Marginal +EV opportunity: C   Edgar Quero is projected for 0.2 BB vs a line of 0.1, giving a OVER edge of 0.05. Based on recent form, opponent matchup, and game context."
LF  Sam Antonacci,Chicago White Sox,mlb,2B,New_York_Yankees_at_Chicago_White_Sox,0.14,0.09,0.032000000000000015,OVER,LF  Sam Antonacci shows OVER value at 0.1 2B. TC projection: 0.1 — edge: 0.05. Marginal conviction based on usage rate and defensive matchup.
LF  Sam Antonacci,Chicago White Sox,mlb,SB,New_York_Yankees_at_Chicago_White_Sox,0.14,0.09,0.032000000000000015,OVER,LF  Sam Antonacci shows OVER value at 0.1 SB. TC projection: 0.1 — edge: 0.05. Marginal conviction based on usage rate and defensive matchup.
2B  Bryson Stott,Philadelphia Phillies,mlb,2B,Philadelphia_Phillies_at_Miami_Marlins,0.17,0.12,0.032000000000000015,OVER,2B  Bryson Stott shows OVER value at 0.1 2B. TC projection: 0.2 — edge: 0.05. Marginal conviction based on usage rate and defensive matchup.
2B  Bryson Stott,Philadelphia Phillies,mlb,SB,Philadelphia_Phillies_at_Miami_Marlins,0.14,0.09,0.032000000000000015,OVER,2B  Bryson Stott shows OVER value at 0.1 SB. TC projection: 0.1 — edge: 0.05. Marginal conviction based on usage rate and defensive matchup.
SS  Trea Turner,Philadelphia Phillies,mlb,BB,Philadelphia_Phillies_at_Miami_Marlins,0.23,0.18,0.032000000000000015,OVER,"Marginal +EV opportunity: SS  Trea Turner is projected for 0.2 BB vs a line of 0.2, giving a OVER edge of 0.05. Based on recent form, opponent matchup, and game context."
3B  Graham Pauley,Miami Marlins,mlb,R,Philadelphia_Phillies_at_Miami_Marlins,0.2,0.15,0.032000000000000015,OVER,Targeting 3B  Graham Pauley OVER 0.1 R. Model projects 0.2 (0.05 edge). Recent trends and opponent weakness support this play.
3B  Graham Pauley,Miami Marlins,mlb,RBI,Philadelphia_Phillies_at_Miami_Marlins,0.27,0.22,0.032000000000000015,OVER,Targeting 3B  Graham Pauley OVER 0.2 RBI. Model projects 0.3 (0.05 edge). Recent trends and opponent weakness support this play.
LF  Heriberto Hernández,Miami Marlins,mlb,2B,Philadelphia_Phillies_at_Miami_Marlins,0.14,0.09,0.032000000000000015,OVER,LF  Heriberto Hernández shows OVER value at 0.1 2B. TC projection: 0.1 — edge: 0.05. Marginal conviction based on usage rate and defensive matchup.
3B  Javier Sanoja,Miami Marlins,mlb,2B,Philadelphia_Phillies_at_Miami_Marlins,0.2,0.15,0.032000000000000015,OVER,Targeting 3B  Javier Sanoja OVER 0.1 2B. Model projects 0.2 (0.05 edge). Recent trends and opponent weakness support this play.
3B  Javier Sanoja,Miami Marlins,mlb,BB,Philadelphia_Phillies_at_Miami_Marlins,0.14,0.09,0.032000000000000015,OVER,3B  Javier Sanoja shows OVER value at 0.1 BB. TC projection: 0.1 — edge: 0.05. Marginal conviction based on usage rate and defensive matchup.
C   Joe Mack,Miami Marlins,mlb,BB,Philadelphia_Phillies_at_Miami_Marlins,0.17,0.12,0.032000000000000015,OVER,C   Joe Mack shows OVER value at 0.1 BB. TC projection: 0.2 — edge: 0.05. Marginal conviction based on usage rate and defensive matchup.
LF  Kyle Stowers,Miami Marlins,mlb,HR,Philadelphia_Phillies_at_Miami_Marlins,0.14,0.09,0.032000000000000015,OVER,LF  Kyle Stowers shows OVER value at 0.1 HR. TC projection: 0.1 — edge: 0.05. Marginal conviction based on usage rate and defensive matchup.
SS  Otto Lopez,Miami Marlins,mlb,SB,Philadelphia_Phillies_at_Miami_Marlins,0.17,0.12,0.032000000000000015,OVER,"Marginal +EV opportunity: SS  Otto Lopez is projected for 0.2 SB vs a line of 0.1, giving a OVER edge of 0.05. Based on recent form, opponent matchup, and game context."
1B  Buddy Kennedy,Seattle Mariners,mlb,BB,Seattle_Mariners_at_Texas_Rangers,0.14,0.09,0.032000000000000015,OVER,Targeting 1B  Buddy Kennedy OVER 0.1 BB. Model projects 0.1 (0.05 edge). Recent trends and opponent weakness support this play.
C   Cal Raleigh,Seattle Mariners,mlb,R,Seattle_Mariners_at_Texas_Rangers,0.27,0.22,0.032000000000000015,OVER,C   Cal Raleigh shows OVER value at 0.2 R. TC projection: 0.3 — edge: 0.05. Marginal conviction based on usage rate and defensive matchup.
CF  Julio Rodríguez,Seattle Mariners,mlb,2B,Seattle_Mariners_at_Texas_Rangers,0.14,0.09,0.032000000000000015,OVER,"Marginal +EV opportunity: CF  Julio Rodríguez is projected for 0.1 2B vs a line of 0.1, giving a OVER edge of 0.05. Based on recent form, opponent matchup, and game context."
CF  Julio Rodríguez,Seattle Mariners,mlb,BB,Seattle_Mariners_at_Texas_Rangers,0.26,0.21,0.032000000000000015,OVER,Targeting CF  Julio Rodríguez OVER 0.2 BB. Model projects 0.3 (0.05 edge). Recent trends and opponent weakness support this play.
RF  Luke Raley,Seattle Mariners,mlb,R,Seattle_Mariners_at_Texas_Rangers,0.26,0.21,0.032000000000000015,OVER,"Marginal +EV opportunity: RF  Luke Raley is projected for 0.3 R vs a line of 0.2, giving a OVER edge of 0.05. Based on recent form, opponent matchup, and game context."
RF  Victor Robles,Seattle Mariners,mlb,R,Seattle_Mariners_at_Texas_Rangers,0.17,0.12,0.032000000000000015,OVER,"Marginal +EV opportunity: RF  Victor Robles is projected for 0.2 R vs a line of 0.1, giving a OVER edge of 0.05. Based on recent form, opponent matchup, and game context."
RF  Brandon Nimmo,Texas Rangers,mlb,2B,Seattle_Mariners_at_Texas_Rangers,0.2,0.15,0.032000000000000015,OVER,RF  Brandon Nimmo shows OVER value at 0.1 2B. TC projection: 0.2 — edge: 0.05. Marginal conviction based on usage rate and defensive matchup.
CF  Cam Cauley,Texas Rangers,mlb,BB,Seattle_Mariners_at_Texas_Rangers,0.2,0.15,0.032000000000000015,OVER,"Marginal +EV opportunity: CF  Cam Cauley is projected for 0.2 BB vs a line of 0.1, giving a OVER edge of 0.05. Based on recent form, opponent matchup, and game context."
C   Elias Díaz,Texas Rangers,mlb,2B,Seattle_Mariners_at_Texas_Rangers,0.14,0.09,0.032000000000000015,OVER,C   Elias Díaz shows OVER value at 0.1 2B. TC projection: 0.1 — edge: 0.05. Marginal conviction based on usage rate and defensive matchup.
CF  Evan Carter,Texas Rangers,mlb,RBI,Seattle_Mariners_at_Texas_Rangers,0.27,0.22,0.032000000000000015,OVER,CF  Evan Carter shows OVER value at 0.2 RBI. TC projection: 0.3 — edge: 0.05. Marginal conviction based on usage rate and defensive matchup.
2B  Josh Smith,Texas Rangers,mlb,R,Seattle_Mariners_at_Texas_Rangers,0.17,0.12,0.032000000000000015,OVER,Targeting 2B  Josh Smith OVER 0.1 R. Model projects 0.2 (0.05 edge). Recent trends and opponent weakness support this play.
2B  Nicky Lopez,Texas Rangers,mlb,R,Seattle_Mariners_at_Texas_Rangers,0.27,0.22,0.032000000000000015,OVER,2B  Nicky Lopez shows OVER value at 0.2 R. TC projection: 0.3 — edge: 0.05. Marginal conviction based on usage rate and defensive matchup.
2B  Nicky Lopez,Texas Rangers,mlb,RBI,Seattle_Mariners_at_Texas_Rangers,0.28,0.23,0.032000000000000015,OVER,Targeting 2B  Nicky Lopez OVER 0.2 RBI. Model projects 0.3 (0.05 edge). Recent trends and opponent weakness support this play.
LF  Wyatt Langford,Texas Rangers,mlb,HR,Seattle_Mariners_at_Texas_Rangers,0.2,0.15,0.032000000000000015,OVER,Targeting LF  Wyatt Langford OVER 0.1 HR. Model projects 0.2 (0.05 edge). Recent trends and opponent weakness support this play.
C   Brandon Valenzuela,Toronto Blue Jays,mlb,R,Toronto_Blue_Jays_at_Washington_Nationals,0.27,0.22,0.032000000000000015,OVER,"Marginal +EV opportunity: C   Brandon Valenzuela is projected for 0.3 R vs a line of 0.2, giving a OVER edge of 0.05. Based on recent form, opponent matchup, and game context."
2B  Luis Urías,Toronto Blue Jays,mlb,R,Toronto_Blue_Jays_at_Washington_Nationals,0.14,0.09,0.032000000000000015,OVER,"Marginal +EV opportunity: 2B  Luis Urías is projected for 0.1 R vs a line of 0.1, giving a OVER edge of 0.05. Based on recent form, opponent matchup, and game context."
2B  Luis Urías,Toronto Blue Jays,mlb,RBI,Toronto_Blue_Jays_at_Washington_Nationals,0.14,0.09,0.032000000000000015,OVER,"Marginal +EV opportunity: 2B  Luis Urías is projected for 0.1 RBI vs a line of 0.1, giving a OVER edge of 0.05. Based on recent form, opponent matchup, and game context."
RF  Myles Straw,Toronto Blue Jays,mlb,RBI,Toronto_Blue_Jays_at_Washington_Nationals,0.14,0.09,0.032000000000000015,OVER,"Marginal +EV opportunity: RF  Myles Straw is projected for 0.1 RBI vs a line of 0.1, giving a OVER edge of 0.05. Based on recent form, opponent matchup, and game context."
RF  Dylan Crews,Washington Nationals,mlb,BB,Toronto_Blue_Jays_at_Washington_Nationals,0.27,0.22,0.032000000000000015,OVER,Targeting RF  Dylan Crews OVER 0.2 BB. Model projects 0.3 (0.05 edge). Recent trends and opponent weakness support this play.
3B  Jorbit Vivas,Washington Nationals,mlb,R,Toronto_Blue_Jays_at_Washington_Nationals,0.26,0.21,0.032000000000000015,OVER,"Marginal +EV opportunity: 3B  Jorbit Vivas is projected for 0.3 R vs a line of 0.2, giving a OVER edge of 0.05. Based on recent form, opponent matchup, and game context."
DH  José Tena,Washington Nationals,mlb,RBI,Toronto_Blue_Jays_at_Washington_Nationals,0.23,0.18,0.032000000000000015,OVER,DH  José Tena shows OVER value at 0.2 RBI. TC projection: 0.2 — edge: 0.05. Marginal conviction based on usage rate and defensive matchup.
DH  José Tena,Washington Nationals,mlb,BB,Toronto_Blue_Jays_at_Washington_Nationals,0.17,0.12,0.032000000000000015,OVER,DH  José Tena shows OVER value at 0.1 BB. TC projection: 0.2 — edge: 0.05. Marginal conviction based on usage rate and defensive matchup.
3B  Nick Gonzales,Pittsburgh Pirates,mlb,2B,Arizona_Diamondbacks_at_Pittsburgh_Pirates,0.15,0.2,-0.07200000000000002,UNDER,"Marginal +EV opportunity: 3B  Nick Gonzales is projected for 0.1 2B vs a line of 0.2, giving a UNDER edge of 0.05. Based on recent form, opponent matchup, and game context."
RF  Ryan O'Hearn,Pittsburgh Pirates,mlb,2B,Arizona_Diamondbacks_at_Pittsburgh_Pirates,0.12,0.17,-0.07200000000000002,UNDER,RF  Ryan O'Hearn shows UNDER value at 0.2 2B. TC projection: 0.1 — edge: 0.05. Marginal conviction based on usage rate and defensive matchup.
RF  Eli White,Atlanta Braves,mlb,R,Atlanta_Braves_at_New_York_Mets,0.22,0.27,-0.07200000000000002,UNDER,Targeting RF  Eli White UNDER 0.3 R. Model projects 0.2 (0.05 edge). Recent trends and opponent weakness support this play.
RF  Eli White,Atlanta Braves,mlb,RBI,Atlanta_Braves_at_New_York_Mets,0.22,0.27,-0.07200000000000002,UNDER,"Marginal +EV opportunity: RF  Eli White is projected for 0.2 RBI vs a line of 0.3, giving a UNDER edge of 0.05. Based on recent form, opponent matchup, and game context."
RF  Eli White,Atlanta Braves,mlb,BB,Atlanta_Braves_at_New_York_Mets,0.12,0.17,-0.07200000000000002,UNDER,Targeting RF  Eli White UNDER 0.2 BB. Model projects 0.1 (0.05 edge). Recent trends and opponent weakness support this play.
SS  Jim Jarvis,Atlanta Braves,mlb,BB,Atlanta_Braves_at_New_York_Mets,0.12,0.17,-0.07200000000000002,UNDER,Targeting SS  Jim Jarvis UNDER 0.2 BB. Model projects 0.1 (0.05 edge). Recent trends and opponent weakness support this play.
SS  Jorge Mateo,Atlanta Braves,mlb,SB,Atlanta_Braves_at_New_York_Mets,0.12,0.17,-0.07200000000000002,UNDER,"Marginal +EV opportunity: SS  Jorge Mateo is projected for 0.1 SB vs a line of 0.2, giving a UNDER edge of 0.05. Based on recent form, opponent matchup, and game context."
3B  Bo Bichette,New York Mets,mlb,2B,Atlanta_Braves_at_New_York_Mets,0.12,0.17,-0.07200000000000002,UNDER,"Marginal +EV opportunity: 3B  Bo Bichette is projected for 0.1 2B vs a line of 0.2, giving a UNDER edge of 0.05. Based on recent form, opponent matchup, and game context."
RF  Carson Benge,New York Mets,mlb,HR,Atlanta_Braves_at_New_York_Mets,0.09,0.14,-0.07200000000000002,UNDER,"Marginal +EV opportunity: RF  Carson Benge is projected for 0.1 HR vs a line of 0.1, giving a UNDER edge of 0.05. Based on recent form, opponent matchup, and game context."
C   Francisco Alvarez,New York Mets,mlb,HR,Atlanta_Braves_at_New_York_Mets,0.15,0.2,-0.07200000000000002,UNDER,"Marginal +EV opportunity: C   Francisco Alvarez is projected for 0.1 HR vs a line of 0.2, giving a UNDER edge of 0.05. Based on recent form, opponent matchup, and game context."
SS  Francisco Lindor,New York Mets,mlb,2B,Atlanta_Braves_at_New_York_Mets,0.09,0.14,-0.07200000000000002,UNDER,"Marginal +EV opportunity: SS  Francisco Lindor is projected for 0.1 2B vs a line of 0.1, giving a UNDER edge of 0.05. Based on recent form, opponent matchup, and game context."
C   Luis Torrens,New York Mets,mlb,2B,Atlanta_Braves_at_New_York_Mets,0.15,0.2,-0.07200000000000002,UNDER,Targeting C   Luis Torrens UNDER 0.2 2B. Model projects 0.1 (0.05 edge). Recent trends and opponent weakness support this play.
3B  Christian Encarnacion-Strand,Baltimore Orioles,mlb,2B,Baltimore_Orioles_at_Detroit_Tigers,0.12,0.17,-0.07200000000000002,UNDER,3B  Christian Encarnacion-Strand shows UNDER value at 0.2 2B. TC projection: 0.1 — edge: 0.05. Marginal conviction based on usage rate and defensive matchup.
RF  Dylan Beavers,Baltimore Orioles,mlb,2B,Baltimore_Orioles_at_Detroit_Tigers,0.18,0.23,-0.07200000000000002,UNDER,RF  Dylan Beavers shows UNDER value at 0.2 2B. TC projection: 0.2 — edge: 0.05. Marginal conviction based on usage rate and defensive matchup.
SS  Gunnar Henderson,Baltimore Orioles,mlb,2B,Baltimore_Orioles_at_Detroit_Tigers,0.15,0.2,-0.07200000000000002,UNDER,"Marginal +EV opportunity: SS  Gunnar Henderson is projected for 0.1 2B vs a line of 0.2, giving a UNDER edge of 0.05. Based on recent form, opponent matchup, and game context."
C   Sam Huff,Baltimore Orioles,mlb,2B,Baltimore_Orioles_at_Detroit_Tigers,0.12,0.17,-0.07200000000000002,UNDER,C   Sam Huff shows UNDER value at 0.2 2B. TC projection: 0.1 — edge: 0.05. Marginal conviction based on usage rate and defensive matchup.
LF  Taylor Ward,Baltimore Orioles,mlb,RBI,Baltimore_Orioles_at_Detroit_Tigers,0.21,0.26,-0.07200000000000002,UNDER,LF  Taylor Ward shows UNDER value at 0.3 RBI. TC projection: 0.2 — edge: 0.05. Marginal conviction based on usage rate and defensive matchup.
3B  Colt Keith,Detroit Tigers,mlb,RBI,Baltimore_Orioles_at_Detroit_Tigers,0.22,0.27,-0.07200000000000002,UNDER,"Marginal +EV opportunity: 3B  Colt Keith is projected for 0.2 RBI vs a line of 0.3, giving a UNDER edge of 0.05. Based on recent form, opponent matchup, and game context."
2B  Hao-Yu Lee,Detroit Tigers,mlb,R,Baltimore_Orioles_at_Detroit_Tigers,0.23,0.28,-0.07200000000000002,UNDER,"Marginal +EV opportunity: 2B  Hao-Yu Lee is projected for 0.2 R vs a line of 0.3, giving a UNDER edge of 0.05. Based on recent form, opponent matchup, and game context."
CF  James Outman,Detroit Tigers,mlb,R,Baltimore_Orioles_at_Detroit_Tigers,0.21,0.26,-0.07200000000000002,UNDER,CF  James Outman shows UNDER value at 0.3 R. TC projection: 0.2 — edge: 0.05. Marginal conviction based on usage rate and defensive matchup.
SS  Kevin McGonigle,Detroit Tigers,mlb,SB,Baltimore_Orioles_at_Detroit_Tigers,0.09,0.14,-0.07200000000000002,UNDER,"Marginal +EV opportunity: SS  Kevin McGonigle is projected for 0.1 SB vs a line of 0.1, giving a UNDER edge of 0.05. Based on recent form, opponent matchup, and game context."
LF  Riley Greene,Detroit Tigers,mlb,2B,Baltimore_Orioles_at_Detroit_Tigers,0.18,0.23,-0.07200000000000002,UNDER,LF  Riley Greene shows UNDER value at 0.2 2B. TC projection: 0.2 — edge: 0.05. Marginal conviction based on usage rate and defensive matchup.
1B  Spencer Torkelson,Detroit Tigers,mlb,2B,Baltimore_Orioles_at_Detroit_Tigers,0.15,0.2,-0.07200000000000002,UNDER,"Marginal +EV opportunity: 1B  Spencer Torkelson is projected for 0.1 2B vs a line of 0.2, giving a UNDER edge of 0.05. Based on recent form, opponent matchup, and game context."
2B  Zach McKinstry,Detroit Tigers,mlb,RBI,Baltimore_Orioles_at_Detroit_Tigers,0.21,0.26,-0.07200000000000002,UNDER,2B  Zach McKinstry shows UNDER value at 0.3 RBI. TC projection: 0.2 — edge: 0.05. Marginal conviction based on usage rate and defensive matchup.
2B  Zach McKinstry,Detroit Tigers,mlb,2B,Baltimore_Orioles_at_Detroit_Tigers,0.09,0.14,-0.07200000000000002,UNDER,2B  Zach McKinstry shows UNDER value at 0.1 2B. TC projection: 0.1 — edge: 0.05. Marginal conviction based on usage rate and defensive matchup.
SS  Andruw Monasterio,Boston Red Sox,mlb,RBI,Boston_Red_Sox_at_Athletics,0.23,0.28,-0.07200000000000002,UNDER,Targeting SS  Andruw Monasterio UNDER 0.3 RBI. Model projects 0.2 (0.05 edge). Recent trends and opponent weakness support this play.
SS  Andruw Monasterio,Boston Red Sox,mlb,BB,Boston_Red_Sox_at_Athletics,0.18,0.23,-0.07200000000000002,UNDER,"Marginal +EV opportunity: SS  Andruw Monasterio is projected for 0.2 BB vs a line of 0.2, giving a UNDER edge of 0.05. Based on recent form, opponent matchup, and game context."
2B  Anthony Seigler,Boston Red Sox,mlb,HR,Boston_Red_Sox_at_Athletics,0.09,0.14,-0.07200000000000002,UNDER,Targeting 2B  Anthony Seigler UNDER 0.1 HR. Model projects 0.1 (0.05 edge). Recent trends and opponent weakness support this play.
3B  Caleb Durbin,Boston Red Sox,mlb,HR,Boston_Red_Sox_at_Athletics,0.09,0.14,-0.07200000000000002,UNDER,Targeting 3B  Caleb Durbin UNDER 0.1 HR. Model projects 0.1 (0.05 edge). Recent trends and opponent weakness support this play.
3B  Caleb Durbin,Boston Red Sox,mlb,2B,Boston_Red_Sox_at_Athletics,0.15,0.2,-0.07200000000000002,UNDER,Targeting 3B  Caleb Durbin UNDER 0.2 2B. Model projects 0.1 (0.05 edge). Recent trends and opponent weakness support this play.
3B  Caleb Durbin,Boston Red Sox,mlb,BB,Boston_Red_Sox_at_Athletics,0.21,0.26,-0.07200000000000002,UNDER,"Marginal +EV opportunity: 3B  Caleb Durbin is projected for 0.2 BB vs a line of 0.3, giving a UNDER edge of 0.05. Based on recent form, opponent matchup, and game context."
C   Carlos Narváez,Boston Red Sox,mlb,2B,Boston_Red_Sox_at_Athletics,0.09,0.14,-0.07200000000000002,UNDER,C   Carlos Narváez shows UNDER value at 0.1 2B. TC projection: 0.1 — edge: 0.05. Marginal conviction based on usage rate and defensive matchup.
CF  Ceddanne Rafaela,Boston Red Sox,mlb,BB,Boston_Red_Sox_at_Athletics,0.15,0.2,-0.07200000000000002,UNDER,CF  Ceddanne Rafaela shows UNDER value at 0.2 BB. TC projection: 0.1 — edge: 0.05. Marginal conviction based on usage rate and defensive matchup.
OF  Jahmai Jones,Boston Red Sox,mlb,BB,Boston_Red_Sox_at_Athletics,0.15,0.2,-0.07200000000000002,UNDER,OF  Jahmai Jones shows UNDER value at 0.2 BB. TC projection: 0.1 — edge: 0.05. Marginal conviction based on usage rate and defensive matchup.
LF  Jarren Duran,Boston Red Sox,mlb,2B,Boston_Red_Sox_at_Athletics,0.09,0.14,-0.07200000000000002,UNDER,Targeting LF  Jarren Duran UNDER 0.1 2B. Model projects 0.1 (0.05 edge). Recent trends and opponent weakness support this play.
DH  Masataka Yoshida,Boston Red Sox,mlb,RBI,Boston_Red_Sox_at_Athletics,0.23,0.28,-0.07200000000000002,UNDER,DH  Masataka Yoshida shows UNDER value at 0.3 RBI. TC projection: 0.2 — edge: 0.05. Marginal conviction based on usage rate and defensive matchup.
DH  Romy Gonzalez,Boston Red Sox,mlb,2B,Boston_Red_Sox_at_Athletics,0.15,0.2,-0.07200000000000002,UNDER,Targeting DH  Romy Gonzalez UNDER 0.2 2B. Model projects 0.1 (0.05 edge). Recent trends and opponent weakness support this play.
1B  Willson Contreras,Boston Red Sox,mlb,2B,Boston_Red_Sox_at_Athletics,0.15,0.2,-0.07200000000000002,UNDER,1B  Willson Contreras shows UNDER value at 0.2 2B. TC projection: 0.1 — edge: 0.05. Marginal conviction based on usage rate and defensive matchup.
RF  Wilyer Abreu,Boston Red Sox,mlb,HR,Boston_Red_Sox_at_Athletics,0.12,0.17,-0.07200000000000002,UNDER,"Marginal +EV opportunity: RF  Wilyer Abreu is projected for 0.1 HR vs a line of 0.2, giving a UNDER edge of 0.05. Based on recent form, opponent matchup, and game context."
SS  Alika Williams,Athletics,mlb,2B,Boston_Red_Sox_at_Athletics,0.18,0.23,-0.07200000000000002,UNDER,Targeting SS  Alika Williams UNDER 0.2 2B. Model projects 0.2 (0.05 edge). Recent trends and opponent weakness support this play.
CF  Henry Bolte,Athletics,mlb,SB,Boston_Red_Sox_at_Athletics,0.15,0.2,-0.07200000000000002,UNDER,"Marginal +EV opportunity: CF  Henry Bolte is projected for 0.1 SB vs a line of 0.2, giving a UNDER edge of 0.05. Based on recent form, opponent matchup, and game context."
2B  Jeff McNeil,Athletics,mlb,2B,Boston_Red_Sox_at_Athletics,0.12,0.17,-0.07200000000000002,UNDER,Targeting 2B  Jeff McNeil UNDER 0.2 2B. Model projects 0.1 (0.05 edge). Recent trends and opponent weakness support this play.
2B  Jeff McNeil,Athletics,mlb,BB,Boston_Red_Sox_at_Athletics,0.21,0.26,-0.07200000000000002,UNDER,2B  Jeff McNeil shows UNDER value at 0.3 BB. TC projection: 0.2 — edge: 0.05. Marginal conviction based on usage rate and defensive matchup.
C   Jonah Heim,Athletics,mlb,2B,Boston_Red_Sox_at_Athletics,0.15,0.2,-0.07200000000000002,UNDER,"Marginal +EV opportunity: C   Jonah Heim is projected for 0.1 2B vs a line of 0.2, giving a UNDER edge of 0.05. Based on recent form, opponent matchup, and game context."
3B  Tommy White,Athletics,mlb,BB,Boston_Red_Sox_at_Athletics,0.22,0.27,-0.07200000000000002,UNDER,Targeting 3B  Tommy White UNDER 0.3 BB. Model projects 0.2 (0.05 edge). Recent trends and opponent weakness support this play.
LF  Ian Happ,Chicago Cubs,mlb,HR,Chicago_Cubs_at_St_Louis_Cardinals,0.15,0.2,-0.07200000000000002,UNDER,Targeting LF  Ian Happ UNDER 0.2 HR. Model projects 0.1 (0.05 edge). Recent trends and opponent weakness support this play.
2B  Pedro Ramírez,Chicago Cubs,mlb,2B,Chicago_Cubs_at_St_Louis_Cardinals,0.18,0.23,-0.07200000000000002,UNDER,2B  Pedro Ramírez shows UNDER value at 0.2 2B. TC projection: 0.2 — edge: 0.05. Marginal conviction based on usage rate and defensive matchup.
CF  Pete Crow-Armstrong,Chicago Cubs,mlb,2B,Chicago_Cubs_at_St_Louis_Cardinals,0.15,0.2,-0.07200000000000002,UNDER,"Marginal +EV opportunity: CF  Pete Crow-Armstrong is projected for 0.1 2B vs a line of 0.2, giving a UNDER edge of 0.05. Based on recent form, opponent matchup, and game context."
LF  Bryan Torres,St. Louis Cardinals,mlb,HR,Chicago_Cubs_at_St_Louis_Cardinals,0.09,0.14,-0.07200000000000002,UNDER,LF  Bryan Torres shows UNDER value at 0.1 HR. TC projection: 0.1 — edge: 0.05. Marginal conviction based on usage rate and defensive matchup.
2B  JJ Wetherholt,St. Louis Cardinals,mlb,2B,Chicago_Cubs_at_St_Louis_Cardinals,0.09,0.14,-0.07200000000000002,UNDER,2B  JJ Wetherholt shows UNDER value at 0.1 2B. TC projection: 0.1 — edge: 0.05. Marginal conviction based on usage rate and defensive matchup.
LF  José Fermín,St. Louis Cardinals,mlb,BB,Chicago_Cubs_at_St_Louis_Cardinals,0.21,0.26,-0.07200000000000002,UNDER,"Marginal +EV opportunity: LF  José Fermín is projected for 0.2 BB vs a line of 0.3, giving a UNDER edge of 0.05. Based on recent form, opponent matchup, and game context."
SS  Brayan Rocchio,Cleveland Guardians,mlb,BB,Cleveland_Guardians_at_Cincinnati_Reds,0.22,0.27,-0.07200000000000002,UNDER,"Marginal +EV opportunity: SS  Brayan Rocchio is projected for 0.2 BB vs a line of 0.3, giving a UNDER edge of 0.05. Based on recent form, opponent matchup, and game context."
SS  Brayan Rocchio,Cleveland Guardians,mlb,SB,Cleveland_Guardians_at_Cincinnati_Reds,0.12,0.17,-0.07200000000000002,UNDER,"Marginal +EV opportunity: SS  Brayan Rocchio is projected for 0.1 SB vs a line of 0.2, giving a UNDER edge of 0.05. Based on recent form, opponent matchup, and game context."
3B  Gabriel Arias,Cleveland Guardians,mlb,SB,Cleveland_Guardians_at_Cincinnati_Reds,0.09,0.14,-0.07200000000000002,UNDER,3B  Gabriel Arias shows UNDER value at 0.1 SB. TC projection: 0.1 — edge: 0.05. Marginal conviction based on usage rate and defensive matchup.
C   Patrick Bailey,Cleveland Guardians,mlb,R,Cleveland_Guardians_at_Cincinnati_Reds,0.23,0.28,-0.07200000000000002,UNDER,"Marginal +EV opportunity: C   Patrick Bailey is projected for 0.2 R vs a line of 0.3, giving a UNDER edge of 0.05. Based on recent form, opponent matchup, and game context."
C   Patrick Bailey,Cleveland Guardians,mlb,RBI,Cleveland_Guardians_at_Cincinnati_Reds,0.22,0.27,-0.07200000000000002,UNDER,Targeting C   Patrick Bailey UNDER 0.3 RBI. Model projects 0.2 (0.05 edge). Recent trends and opponent weakness support this play.
C   Patrick Bailey,Cleveland Guardians,mlb,BB,Cleveland_Guardians_at_Cincinnati_Reds,0.18,0.23,-0.07200000000000002,UNDER,Targeting C   Patrick Bailey UNDER 0.2 BB. Model projects 0.2 (0.05 edge). Recent trends and opponent weakness support this play.
CF  Steven Kwan,Cleveland Guardians,mlb,RBI,Cleveland_Guardians_at_Cincinnati_Reds,0.15,0.2,-0.07200000000000002,UNDER,CF  Steven Kwan shows UNDER value at 0.2 RBI. TC projection: 0.1 — edge: 0.05. Marginal conviction based on usage rate and defensive matchup.
CF  Dane Myers,Cincinnati Reds,mlb,R,Cleveland_Guardians_at_Cincinnati_Reds,0.23,0.28,-0.07200000000000002,UNDER,CF  Dane Myers shows UNDER value at 0.3 R. TC projection: 0.2 — edge: 0.05. Marginal conviction based on usage rate and defensive matchup.
CF  Dane Myers,Cincinnati Reds,mlb,RBI,Cleveland_Guardians_at_Cincinnati_Reds,0.18,0.23,-0.07200000000000002,UNDER,"Marginal +EV opportunity: CF  Dane Myers is projected for 0.2 RBI vs a line of 0.2, giving a UNDER edge of 0.05. Based on recent form, opponent matchup, and game context."
CF  Dane Myers,Cincinnati Reds,mlb,2B,Cleveland_Guardians_at_Cincinnati_Reds,0.09,0.14,-0.07200000000000002,UNDER,Targeting CF  Dane Myers UNDER 0.1 2B. Model projects 0.1 (0.05 edge). Recent trends and opponent weakness support this play.
SS  Elly De La Cruz,Cincinnati Reds,mlb,HR,Cleveland_Guardians_at_Cincinnati_Reds,0.18,0.23,-0.07200000000000002,UNDER,SS  Elly De La Cruz shows UNDER value at 0.2 HR. TC projection: 0.2 — edge: 0.05. Marginal conviction based on usage rate and defensive matchup.
SS  Elly De La Cruz,Cincinnati Reds,mlb,2B,Cleveland_Guardians_at_Cincinnati_Reds,0.15,0.2,-0.07200000000000002,UNDER,"Marginal +EV opportunity: SS  Elly De La Cruz is projected for 0.1 2B vs a line of 0.2, giving a UNDER edge of 0.05. Based on recent form, opponent matchup, and game context."
DH  Nathaniel Lowe,Cincinnati Reds,mlb,2B,Cleveland_Guardians_at_Cincinnati_Reds,0.15,0.2,-0.07200000000000002,UNDER,DH  Nathaniel Lowe shows UNDER value at 0.2 2B. TC projection: 0.1 — edge: 0.05. Marginal conviction based on usage rate and defensive matchup.
RF  Noelvi Marte,Cincinnati Reds,mlb,SB,Cleveland_Guardians_at_Cincinnati_Reds,0.09,0.14,-0.07200000000000002,UNDER,Targeting RF  Noelvi Marte UNDER 0.1 SB. Model projects 0.1 (0.05 edge). Recent trends and opponent weakness support this play.
CF  TJ Friedl,Cincinnati Reds,mlb,RBI,Cleveland_Guardians_at_Cincinnati_Reds,0.15,0.2,-0.07200000000000002,UNDER,"Marginal +EV opportunity: CF  TJ Friedl is projected for 0.1 RBI vs a line of 0.2, giving a UNDER edge of 0.05. Based on recent form, opponent matchup, and game context."
C   Christian Vázquez,Houston Astros,mlb,R,Houston_Astros_at_Los_Angeles_Angels,0.23,0.28,-0.07200000000000002,UNDER,Targeting C   Christian Vázquez UNDER 0.3 R. Model projects 0.2 (0.05 edge). Recent trends and opponent weakness support this play.
3B  Isaac Paredes,Houston Astros,mlb,2B,Houston_Astros_at_Los_Angeles_Angels,0.15,0.2,-0.07200000000000002,UNDER,Targeting 3B  Isaac Paredes UNDER 0.2 2B. Model projects 0.1 (0.05 edge). Recent trends and opponent weakness support this play.
2B  Jose Altuve,Houston Astros,mlb,HR,Houston_Astros_at_Los_Angeles_Angels,0.12,0.17,-0.07200000000000002,UNDER,2B  Jose Altuve shows UNDER value at 0.2 HR. TC projection: 0.1 — edge: 0.05. Marginal conviction based on usage rate and defensive matchup.
LF  LaMonte Wade Jr.,Houston Astros,mlb,HR,Houston_Astros_at_Los_Angeles_Angels,0.09,0.14,-0.07200000000000002,UNDER,Targeting LF  LaMonte Wade Jr. UNDER 0.1 HR. Model projects 0.1 (0.05 edge). Recent trends and opponent weakness support this play.
LF  LaMonte Wade Jr.,Houston Astros,mlb,2B,Houston_Astros_at_Los_Angeles_Angels,0.09,0.14,-0.07200000000000002,UNDER,"Marginal +EV opportunity: LF  LaMonte Wade Jr. is projected for 0.1 2B vs a line of 0.1, giving a UNDER edge of 0.05. Based on recent form, opponent matchup, and game context."
CF  Lucas Spence,Houston Astros,mlb,BB,Houston_Astros_at_Los_Angeles_Angels,0.21,0.26,-0.07200000000000002,UNDER,"Marginal +EV opportunity: CF  Lucas Spence is projected for 0.2 BB vs a line of 0.3, giving a UNDER edge of 0.05. Based on recent form, opponent matchup, and game context."
SS  Nick Allen,Houston Astros,mlb,R,Houston_Astros_at_Los_Angeles_Angels,0.21,0.26,-0.07200000000000002,UNDER,SS  Nick Allen shows UNDER value at 0.3 R. TC projection: 0.2 — edge: 0.05. Marginal conviction based on usage rate and defensive matchup.
SS  Nick Allen,Houston Astros,mlb,BB,Houston_Astros_at_Los_Angeles_Angels,0.09,0.14,-0.07200000000000002,UNDER,"Marginal +EV opportunity: SS  Nick Allen is projected for 0.1 BB vs a line of 0.1, giving a UNDER edge of 0.05. Based on recent form, opponent matchup, and game context."
CF  Taylor Trammell,Houston Astros,mlb,RBI,Houston_Astros_at_Los_Angeles_Angels,0.21,0.26,-0.07200000000000002,UNDER,Targeting CF  Taylor Trammell UNDER 0.3 RBI. Model projects 0.2 (0.05 edge). Recent trends and opponent weakness support this play.
CF  Taylor Trammell,Houston Astros,mlb,BB,Houston_Astros_at_Los_Angeles_Angels,0.15,0.2,-0.07200000000000002,UNDER,"Marginal +EV opportunity: CF  Taylor Trammell is projected for 0.1 BB vs a line of 0.2, giving a UNDER edge of 0.05. Based on recent form, opponent matchup, and game context."
C   Yainer Diaz,Houston Astros,mlb,2B,Houston_Astros_at_Los_Angeles_Angels,0.15,0.2,-0.07200000000000002,UNDER,C   Yainer Diaz shows UNDER value at 0.2 2B. TC projection: 0.1 — edge: 0.05. Marginal conviction based on usage rate and defensive matchup.
C   Yainer Diaz,Houston Astros,mlb,BB,Houston_Astros_at_Los_Angeles_Angels,0.12,0.17,-0.07200000000000002,UNDER,Targeting C   Yainer Diaz UNDER 0.2 BB. Model projects 0.1 (0.05 edge). Recent trends and opponent weakness support this play.
DH  Jorge Soler,Los Angeles Angels,mlb,2B,Houston_Astros_at_Los_Angeles_Angels,0.15,0.2,-0.07200000000000002,UNDER,Targeting DH  Jorge Soler UNDER 0.2 2B. Model projects 0.1 (0.05 edge). Recent trends and opponent weakness support this play.
CF  Jose Siri,Los Angeles Angels,mlb,BB,Houston_Astros_at_Los_Angeles_Angels,0.12,0.17,-0.07200000000000002,UNDER,CF  Jose Siri shows UNDER value at 0.2 BB. TC projection: 0.1 — edge: 0.05. Marginal conviction based on usage rate and defensive matchup.
LF  Josh Lowe,Los Angeles Angels,mlb,R,Houston_Astros_at_Los_Angeles_Angels,0.23,0.28,-0.07200000000000002,UNDER,LF  Josh Lowe shows UNDER value at 0.3 R. TC projection: 0.2 — edge: 0.05. Marginal conviction based on usage rate and defensive matchup.
C   Logan O'Hoppe,Los Angeles Angels,mlb,2B,Houston_Astros_at_Los_Angeles_Angels,0.09,0.14,-0.07200000000000002,UNDER,C   Logan O'Hoppe shows UNDER value at 0.1 2B. TC projection: 0.1 — edge: 0.05. Marginal conviction based on usage rate and defensive matchup.
CF  Mike Trout,Los Angeles Angels,mlb,HR,Houston_Astros_at_Los_Angeles_Angels,0.18,0.23,-0.07200000000000002,UNDER,"Marginal +EV opportunity: CF  Mike Trout is projected for 0.2 HR vs a line of 0.2, giving a UNDER edge of 0.05. Based on recent form, opponent matchup, and game context."
CF  Mike Trout,Los Angeles Angels,mlb,2B,Houston_Astros_at_Los_Angeles_Angels,0.15,0.2,-0.07200000000000002,UNDER,CF  Mike Trout shows UNDER value at 0.2 2B. TC projection: 0.1 — edge: 0.05. Marginal conviction based on usage rate and defensive matchup.
C   Tyler Heineman,Los Angeles Angels,mlb,RBI,Houston_Astros_at_Los_Angeles_Angels,0.15,0.2,-0.07200000000000002,UNDER,C   Tyler Heineman shows UNDER value at 0.2 RBI. TC projection: 0.1 — edge: 0.05. Marginal conviction based on usage rate and defensive matchup.
SS  Zach Neto,Los Angeles Angels,mlb,2B,Houston_Astros_at_Los_Angeles_Angels,0.18,0.23,-0.07200000000000002,UNDER,Targeting SS  Zach Neto UNDER 0.2 2B. Model projects 0.2 (0.05 edge). Recent trends and opponent weakness support this play.
CF  Blake Perkins,Milwaukee Brewers,mlb,H,Milwaukee_Brewers_at_San_Francisco_Giants,0.21,0.26,-0.07200000000000002,UNDER,"Marginal +EV opportunity: CF  Blake Perkins is projected for 0.2 H vs a line of 0.3, giving a UNDER edge of 0.05. Based on recent form, opponent matchup, and game context."
CF  Blake Perkins,Milwaukee Brewers,mlb,2B,Milwaukee_Brewers_at_San_Francisco_Giants,0.09,0.14,-0.07200000000000002,UNDER,CF  Blake Perkins shows UNDER value at 0.1 2B. TC projection: 0.1 — edge: 0.05. Marginal conviction based on usage rate and defensive matchup.
C   Gary Sánchez,Milwaukee Brewers,mlb,2B,Milwaukee_Brewers_at_San_Francisco_Giants,0.09,0.14,-0.07200000000000002,UNDER,C   Gary Sánchez shows UNDER value at 0.1 2B. TC projection: 0.1 — edge: 0.05. Marginal conviction based on usage rate and defensive matchup.
LF  Jackson Chourio,Milwaukee Brewers,mlb,SB,Milwaukee_Brewers_at_San_Francisco_Giants,0.12,0.17,-0.07200000000000002,UNDER,"Marginal +EV opportunity: LF  Jackson Chourio is projected for 0.1 SB vs a line of 0.2, giving a UNDER edge of 0.05. Based on recent form, opponent matchup, and game context."
SS  Joey Ortiz,Milwaukee Brewers,mlb,BB,Milwaukee_Brewers_at_San_Francisco_Giants,0.23,0.28,-0.07200000000000002,UNDER,SS  Joey Ortiz shows UNDER value at 0.3 BB. TC projection: 0.2 — edge: 0.05. Marginal conviction based on usage rate and defensive matchup.
C   Daniel Susac,San Francisco Giants,mlb,R,Milwaukee_Brewers_at_San_Francisco_Giants,0.12,0.17,-0.07200000000000002,UNDER,"Marginal +EV opportunity: C   Daniel Susac is projected for 0.1 R vs a line of 0.2, giving a UNDER edge of 0.05. Based on recent form, opponent matchup, and game context."
C   Daniel Susac,San Francisco Giants,mlb,BB,Milwaukee_Brewers_at_San_Francisco_Giants,0.12,0.17,-0.07200000000000002,UNDER,Targeting C   Daniel Susac UNDER 0.2 BB. Model projects 0.1 (0.05 edge). Recent trends and opponent weakness support this play.
CF  Drew Gilbert,San Francisco Giants,mlb,BB,Milwaukee_Brewers_at_San_Francisco_Giants,0.22,0.27,-0.07200000000000002,UNDER,CF  Drew Gilbert shows UNDER value at 0.3 BB. TC projection: 0.2 — edge: 0.05. Marginal conviction based on usage rate and defensive matchup.
C   Jesus Rodriguez,San Francisco Giants,mlb,R,Milwaukee_Brewers_at_San_Francisco_Giants,0.23,0.28,-0.07200000000000002,UNDER,C   Jesus Rodriguez shows UNDER value at 0.3 R. TC projection: 0.2 — edge: 0.05. Marginal conviction based on usage rate and defensive matchup.
C   Jesus Rodriguez,San Francisco Giants,mlb,HR,Milwaukee_Brewers_at_San_Francisco_Giants,0.09,0.14,-0.07200000000000002,UNDER,Targeting C   Jesus Rodriguez UNDER 0.1 HR. Model projects 0.1 (0.05 edge). Recent trends and opponent weakness support this play.
C   Jesus Rodriguez,San Francisco Giants,mlb,2B,Milwaukee_Brewers_at_San_Francisco_Giants,0.09,0.14,-0.07200000000000002,UNDER,C   Jesus Rodriguez shows UNDER value at 0.1 2B. TC projection: 0.1 — edge: 0.05. Marginal conviction based on usage rate and defensive matchup.
2B  Luis Arraez,San Francisco Giants,mlb,BB,Milwaukee_Brewers_at_San_Francisco_Giants,0.22,0.27,-0.07200000000000002,UNDER,2B  Luis Arraez shows UNDER value at 0.3 BB. TC projection: 0.2 — edge: 0.05. Marginal conviction based on usage rate and defensive matchup.
1B  Rafael Devers,San Francisco Giants,mlb,HR,Milwaukee_Brewers_at_San_Francisco_Giants,0.18,0.23,-0.07200000000000002,UNDER,Targeting 1B  Rafael Devers UNDER 0.2 HR. Model projects 0.2 (0.05 edge). Recent trends and opponent weakness support this play.
SS  Willy Adames,San Francisco Giants,mlb,BB,Milwaukee_Brewers_at_San_Francisco_Giants,0.23,0.28,-0.07200000000000002,UNDER,SS  Willy Adames shows UNDER value at 0.3 BB. TC projection: 0.2 — edge: 0.05. Marginal conviction based on usage rate and defensive matchup.
1B  Paul Goldschmidt,New York Yankees,mlb,BB,New_York_Yankees_at_Chicago_White_Sox,0.22,0.27,-0.07200000000000002,UNDER,1B  Paul Goldschmidt shows UNDER value at 0.3 BB. TC projection: 0.2 — edge: 0.05. Marginal conviction based on usage rate and defensive matchup.
3B  Ryan McMahon,New York Yankees,mlb,HR,New_York_Yankees_at_Chicago_White_Sox,0.09,0.14,-0.07200000000000002,UNDER,"Marginal +EV opportunity: 3B  Ryan McMahon is projected for 0.1 HR vs a line of 0.1, giving a UNDER edge of 0.05. Based on recent form, opponent matchup, and game context."
C   Edgar Quero,Chicago White Sox,mlb,R,New_York_Yankees_at_Chicago_White_Sox,0.18,0.23,-0.07200000000000002,UNDER,"Marginal +EV opportunity: C   Edgar Quero is projected for 0.2 R vs a line of 0.2, giving a UNDER edge of 0.05. Based on recent form, opponent matchup, and game context."
SS  Luisangel Acuña,Chicago White Sox,mlb,R,New_York_Yankees_at_Chicago_White_Sox,0.21,0.26,-0.07200000000000002,UNDER,"Marginal +EV opportunity: SS  Luisangel Acuña is projected for 0.2 R vs a line of 0.3, giving a UNDER edge of 0.05. Based on recent form, opponent matchup, and game context."
3B  Miguel Vargas,Chicago White Sox,mlb,SB,New_York_Yankees_at_Chicago_White_Sox,0.09,0.14,-0.07200000000000002,UNDER,3B  Miguel Vargas shows UNDER value at 0.1 SB. TC projection: 0.1 — edge: 0.05. Marginal conviction based on usage rate and defensive matchup.
CF  Tristan Peters,Chicago White Sox,mlb,2B,New_York_Yankees_at_Chicago_White_Sox,0.18,0.23,-0.07200000000000002,UNDER,CF  Tristan Peters shows UNDER value at 0.2 2B. TC projection: 0.2 — edge: 0.05. Marginal conviction based on usage rate and defensive matchup.
CF  Tristan Peters,Chicago White Sox,mlb,BB,New_York_Yankees_at_Chicago_White_Sox,0.18,0.23,-0.07200000000000002,UNDER,CF  Tristan Peters shows UNDER value at 0.2 BB. TC projection: 0.2 — edge: 0.05. Marginal conviction based on usage rate and defensive matchup.
LF  Brandon Marsh,Philadelphia Phillies,mlb,2B,Philadelphia_Phillies_at_Miami_Marlins,0.12,0.17,-0.07200000000000002,UNDER,Targeting LF  Brandon Marsh UNDER 0.2 2B. Model projects 0.1 (0.05 edge). Recent trends and opponent weakness support this play.
2B  Bryson Stott,Philadelphia Phillies,mlb,BB,Philadelphia_Phillies_at_Miami_Marlins,0.22,0.27,-0.07200000000000002,UNDER,"Marginal +EV opportunity: 2B  Bryson Stott is projected for 0.2 BB vs a line of 0.3, giving a UNDER edge of 0.05. Based on recent form, opponent matchup, and game context."
RF  Derek Hill,Philadelphia Phillies,mlb,SB,Philadelphia_Phillies_at_Miami_Marlins,0.12,0.17,-0.07200000000000002,UNDER,Targeting RF  Derek Hill UNDER 0.2 SB. Model projects 0.1 (0.05 edge). Recent trends and opponent weakness support this play.
C   J.T. Realmuto,Philadelphia Phillies,mlb,BB,Philadelphia_Phillies_at_Miami_Marlins,0.23,0.28,-0.07200000000000002,UNDER,"Marginal +EV opportunity: C   J.T. Realmuto is projected for 0.2 BB vs a line of 0.3, giving a UNDER edge of 0.05. Based on recent form, opponent matchup, and game context."
C   Joe Mack,Miami Marlins,mlb,2B,Philadelphia_Phillies_at_Miami_Marlins,0.09,0.14,-0.07200000000000002,UNDER,"Marginal +EV opportunity: C   Joe Mack is projected for 0.1 2B vs a line of 0.1, giving a UNDER edge of 0.05. Based on recent form, opponent matchup, and game context."
SS  Colt Emerson,Seattle Mariners,mlb,2B,Seattle_Mariners_at_Texas_Rangers,0.09,0.14,-0.07200000000000002,UNDER,"Marginal +EV opportunity: SS  Colt Emerson is projected for 0.1 2B vs a line of 0.1, giving a UNDER edge of 0.05. Based on recent form, opponent matchup, and game context."
DH  Dominic Canzone,Seattle Mariners,mlb,HR,Seattle_Mariners_at_Texas_Rangers,0.15,0.2,-0.07200000000000002,UNDER,DH  Dominic Canzone shows UNDER value at 0.2 HR. TC projection: 0.1 — edge: 0.05. Marginal conviction based on usage rate and defensive matchup.
1B  Josh Naylor,Seattle Mariners,mlb,SB,Seattle_Mariners_at_Texas_Rangers,0.18,0.23,-0.07200000000000002,UNDER,"Marginal +EV opportunity: 1B  Josh Naylor is projected for 0.2 SB vs a line of 0.2, giving a UNDER edge of 0.05. Based on recent form, opponent matchup, and game context."
LF  Randy Arozarena,Seattle Mariners,mlb,2B,Seattle_Mariners_at_Texas_Rangers,0.18,0.23,-0.07200000000000002,UNDER,Targeting LF  Randy Arozarena UNDER 0.2 2B. Model projects 0.2 (0.05 edge). Recent trends and opponent weakness support this play.
RF  Victor Robles,Seattle Mariners,mlb,RBI,Seattle_Mariners_at_Texas_Rangers,0.09,0.14,-0.07200000000000002,UNDER,"Marginal +EV opportunity: RF  Victor Robles is projected for 0.1 RBI vs a line of 0.1, giving a UNDER edge of 0.05. Based on recent form, opponent matchup, and game context."
RF  Victor Robles,Seattle Mariners,mlb,SB,Seattle_Mariners_at_Texas_Rangers,0.12,0.17,-0.07200000000000002,UNDER,"Marginal +EV opportunity: RF  Victor Robles is projected for 0.1 SB vs a line of 0.2, giving a UNDER edge of 0.05. Based on recent form, opponent matchup, and game context."
3B  Weston Wilson,Seattle Mariners,mlb,RBI,Seattle_Mariners_at_Texas_Rangers,0.22,0.27,-0.07200000000000002,UNDER,Targeting 3B  Weston Wilson UNDER 0.3 RBI. Model projects 0.2 (0.05 edge). Recent trends and opponent weakness support this play.
C   Austin Wynns,Texas Rangers,mlb,BB,Seattle_Mariners_at_Texas_Rangers,0.12,0.17,-0.07200000000000002,UNDER,C   Austin Wynns shows UNDER value at 0.2 BB. TC projection: 0.1 — edge: 0.05. Marginal conviction based on usage rate and defensive matchup.
RF  Brandon Nimmo,Texas Rangers,mlb,HR,Seattle_Mariners_at_Texas_Rangers,0.09,0.14,-0.07200000000000002,UNDER,"Marginal +EV opportunity: RF  Brandon Nimmo is projected for 0.1 HR vs a line of 0.1, giving a UNDER edge of 0.05. Based on recent form, opponent matchup, and game context."
CF  Evan Carter,Texas Rangers,mlb,SB,Seattle_Mariners_at_Texas_Rangers,0.12,0.17,-0.07200000000000002,UNDER,CF  Evan Carter shows UNDER value at 0.2 SB. TC projection: 0.1 — edge: 0.05. Marginal conviction based on usage rate and defensive matchup.
SS  Ezequiel Duran,Texas Rangers,mlb,BB,Seattle_Mariners_at_Texas_Rangers,0.23,0.28,-0.07200000000000002,UNDER,"Marginal +EV opportunity: SS  Ezequiel Duran is projected for 0.2 BB vs a line of 0.3, giving a UNDER edge of 0.05. Based on recent form, opponent matchup, and game context."
LF  Wyatt Langford,Texas Rangers,mlb,2B,Seattle_Mariners_at_Texas_Rangers,0.18,0.23,-0.07200000000000002,UNDER,Targeting LF  Wyatt Langford UNDER 0.2 2B. Model projects 0.2 (0.05 edge). Recent trends and opponent weakness support this play.
C   Alejandro Kirk,Toronto Blue Jays,mlb,R,Toronto_Blue_Jays_at_Washington_Nationals,0.22,0.27,-0.07200000000000002,UNDER,"Marginal +EV opportunity: C   Alejandro Kirk is projected for 0.2 R vs a line of 0.3, giving a UNDER edge of 0.05. Based on recent form, opponent matchup, and game context."
SS  Andrés Giménez,Toronto Blue Jays,mlb,BB,Toronto_Blue_Jays_at_Washington_Nationals,0.09,0.14,-0.07200000000000002,UNDER,SS  Andrés Giménez shows UNDER value at 0.1 BB. TC projection: 0.1 — edge: 0.05. Marginal conviction based on usage rate and defensive matchup.
CF  Daulton Varsho,Toronto Blue Jays,mlb,RBI,Toronto_Blue_Jays_at_Washington_Nationals,0.22,0.27,-0.07200000000000002,UNDER,Targeting CF  Daulton Varsho UNDER 0.3 RBI. Model projects 0.2 (0.05 edge). Recent trends and opponent weakness support this play.
CF  Daulton Varsho,Toronto Blue Jays,mlb,2B,Toronto_Blue_Jays_at_Washington_Nationals,0.15,0.2,-0.07200000000000002,UNDER,CF  Daulton Varsho shows UNDER value at 0.2 2B. TC projection: 0.1 — edge: 0.05. Marginal conviction based on usage rate and defensive matchup.
LF  Yohendrick Piñango,Toronto Blue Jays,mlb,2B,Toronto_Blue_Jays_at_Washington_Nationals,0.12,0.17,-0.07200000000000002,UNDER,"Marginal +EV opportunity: LF  Yohendrick Piñango is projected for 0.1 2B vs a line of 0.2, giving a UNDER edge of 0.05. Based on recent form, opponent matchup, and game context."
LF  Yohendrick Piñango,Toronto Blue Jays,mlb,BB,Toronto_Blue_Jays_at_Washington_Nationals,0.15,0.2,-0.07200000000000002,UNDER,LF  Yohendrick Piñango shows UNDER value at 0.2 BB. TC projection: 0.1 — edge: 0.05. Marginal conviction based on usage rate and defensive matchup.
1B  Andrés Chaparro,Washington Nationals,mlb,HR,Toronto_Blue_Jays_at_Washington_Nationals,0.09,0.14,-0.07200000000000002,UNDER,"Marginal +EV opportunity: 1B  Andrés Chaparro is projected for 0.1 HR vs a line of 0.1, giving a UNDER edge of 0.05. Based on recent form, opponent matchup, and game context."
LF  Daylen Lile,Washington Nationals,mlb,HR,Toronto_Blue_Jays_at_Washington_Nationals,0.09,0.14,-0.07200000000000002,UNDER,"Marginal +EV opportunity: LF  Daylen Lile is projected for 0.1 HR vs a line of 0.1, giving a UNDER edge of 0.05. Based on recent form, opponent matchup, and game context."
LF  Daylen Lile,Washington Nationals,mlb,2B,Toronto_Blue_Jays_at_Washington_Nationals,0.18,0.23,-0.07200000000000002,UNDER,Targeting LF  Daylen Lile UNDER 0.2 2B. Model projects 0.2 (0.05 edge). Recent trends and opponent weakness support this play.
RF  Dylan Crews,Washington Nationals,mlb,SB,Toronto_Blue_Jays_at_Washington_Nationals,0.09,0.14,-0.07200000000000002,UNDER,RF  Dylan Crews shows UNDER value at 0.1 SB. TC projection: 0.1 — edge: 0.05. Marginal conviction based on usage rate and defensive matchup.
CF  Jacob Young,Washington Nationals,mlb,SB,Toronto_Blue_Jays_at_Washington_Nationals,0.12,0.17,-0.07200000000000002,UNDER,Targeting CF  Jacob Young UNDER 0.2 SB. Model projects 0.1 (0.05 edge). Recent trends and opponent weakness support this play.
RF  James Wood,Washington Nationals,mlb,SB,Toronto_Blue_Jays_at_Washington_Nationals,0.12,0.17,-0.07200000000000002,UNDER,Targeting RF  James Wood UNDER 0.2 SB. Model projects 0.1 (0.05 edge). Recent trends and opponent weakness support this play.
3B  Jorbit Vivas,Washington Nationals,mlb,RBI,Toronto_Blue_Jays_at_Washington_Nationals,0.21,0.26,-0.07200000000000002,UNDER,"Marginal +EV opportunity: 3B  Jorbit Vivas is projected for 0.2 RBI vs a line of 0.3, giving a UNDER edge of 0.05. Based on recent form, opponent matchup, and game context."
3B  Jorbit Vivas,Washington Nationals,mlb,2B,Toronto_Blue_Jays_at_Washington_Nationals,0.09,0.14,-0.07200000000000002,UNDER,3B  Jorbit Vivas shows UNDER value at 0.1 2B. TC projection: 0.1 — edge: 0.05. Marginal conviction based on usage rate and defensive matchup.
C   Keibert Ruiz,Washington Nationals,mlb,HR,Toronto_Blue_Jays_at_Washington_Nationals,0.09,0.14,-0.07200000000000002,UNDER,C   Keibert Ruiz shows UNDER value at 0.1 HR. TC projection: 0.1 — edge: 0.05. Marginal conviction based on usage rate and defensive matchup.
1B  Luis García Jr.,Washington Nationals,mlb,2B,Toronto_Blue_Jays_at_Washington_Nationals,0.15,0.2,-0.07200000000000002,UNDER,Targeting 1B  Luis García Jr. UNDER 0.2 2B. Model projects 0.1 (0.05 edge). Recent trends and opponent weakness support this play.
DH  Adrian Del Castillo,Arizona Diamondbacks,mlb,HR,Arizona_Diamondbacks_at_Pittsburgh_Pirates,0.08,0.03,0.03200000000000001,OVER,DH  Adrian Del Castillo shows OVER value at 0.0 HR. TC projection: 0.1 — edge: 0.05. Marginal conviction based on usage rate and defensive matchup.
SS  Geraldo Perdomo,Arizona Diamondbacks,mlb,HR,Arizona_Diamondbacks_at_Pittsburgh_Pirates,0.07,0.02,0.03200000000000001,OVER,Targeting SS  Geraldo Perdomo OVER 0.0 HR. Model projects 0.1 (0.05 edge). Recent trends and opponent weakness support this play.
SS  Geraldo Perdomo,Arizona Diamondbacks,mlb,2B,Arizona_Diamondbacks_at_Pittsburgh_Pirates,0.11,0.06,0.03200000000000001,OVER,SS  Geraldo Perdomo shows OVER value at 0.1 2B. TC projection: 0.1 — edge: 0.05. Marginal conviction based on usage rate and defensive matchup.
LF  Max Kepler,Arizona Diamondbacks,mlb,HR,Arizona_Diamondbacks_at_Pittsburgh_Pirates,0.08,0.03,0.03200000000000001,OVER,LF  Max Kepler shows OVER value at 0.0 HR. TC projection: 0.1 — edge: 0.05. Marginal conviction based on usage rate and defensive matchup.
CF  Billy Cook,Pittsburgh Pirates,mlb,H,Arizona_Diamondbacks_at_Pittsburgh_Pirates,0.13,0.08,0.03200000000000001,OVER,Targeting CF  Billy Cook OVER 0.1 H. Model projects 0.1 (0.05 edge). Recent trends and opponent weakness support this play.
RF  Esmerlyn Valdez,Pittsburgh Pirates,mlb,2B,Arizona_Diamondbacks_at_Pittsburgh_Pirates,0.16,0.11,0.03200000000000001,OVER,RF  Esmerlyn Valdez shows OVER value at 0.1 2B. TC projection: 0.2 — edge: 0.05. Marginal conviction based on usage rate and defensive matchup.
CF  Jake Mangum,Pittsburgh Pirates,mlb,2B,Arizona_Diamondbacks_at_Pittsburgh_Pirates,0.1,0.05,0.03200000000000001,OVER,"Marginal +EV opportunity: CF  Jake Mangum is projected for 0.1 2B vs a line of 0.1, giving a OVER edge of 0.05. Based on recent form, opponent matchup, and game context."
DH  Marcell Ozuna,Pittsburgh Pirates,mlb,HR,Arizona_Diamondbacks_at_Pittsburgh_Pirates,0.1,0.05,0.03200000000000001,OVER,"Marginal +EV opportunity: DH  Marcell Ozuna is projected for 0.1 HR vs a line of 0.1, giving a OVER edge of 0.05. Based on recent form, opponent matchup, and game context."
DH  Marcell Ozuna,Pittsburgh Pirates,mlb,2B,Arizona_Diamondbacks_at_Pittsburgh_Pirates,0.08,0.03,0.03200000000000001,OVER,DH  Marcell Ozuna shows OVER value at 0.0 2B. TC projection: 0.1 — edge: 0.05. Marginal conviction based on usage rate and defensive matchup.
3B  Nick Gonzales,Pittsburgh Pirates,mlb,HR,Arizona_Diamondbacks_at_Pittsburgh_Pirates,0.05,0.0,0.03200000000000001,OVER,Targeting 3B  Nick Gonzales OVER 0.0 HR. Model projects 0.1 (0.05 edge). Recent trends and opponent weakness support this play.
3B  Austin Riley,Atlanta Braves,mlb,HR,Atlanta_Braves_at_New_York_Mets,0.1,0.05,0.03200000000000001,OVER,3B  Austin Riley shows OVER value at 0.1 HR. TC projection: 0.1 — edge: 0.05. Marginal conviction based on usage rate and defensive matchup.
RF  Eli White,Atlanta Braves,mlb,HR,Atlanta_Braves_at_New_York_Mets,0.07,0.02,0.03200000000000001,OVER,"Marginal +EV opportunity: RF  Eli White is projected for 0.1 HR vs a line of 0.0, giving a OVER edge of 0.05. Based on recent form, opponent matchup, and game context."
RF  Eli White,Atlanta Braves,mlb,SB,Atlanta_Braves_at_New_York_Mets,0.05,0.0,0.03200000000000001,OVER,"Marginal +EV opportunity: RF  Eli White is projected for 0.1 SB vs a line of 0.0, giving a OVER edge of 0.05. Based on recent form, opponent matchup, and game context."
SS  Jorge Mateo,Atlanta Braves,mlb,2B,Atlanta_Braves_at_New_York_Mets,0.08,0.03,0.03200000000000001,OVER,Targeting SS  Jorge Mateo OVER 0.0 2B. Model projects 0.1 (0.05 edge). Recent trends and opponent weakness support this play.
SS  Jorge Mateo,Atlanta Braves,mlb,BB,Atlanta_Braves_at_New_York_Mets,0.1,0.05,0.03200000000000001,OVER,Targeting SS  Jorge Mateo OVER 0.1 BB. Model projects 0.1 (0.05 edge). Recent trends and opponent weakness support this play.
LF  Mauricio Dubón,Atlanta Braves,mlb,HR,Atlanta_Braves_at_New_York_Mets,0.08,0.03,0.03200000000000001,OVER,"Marginal +EV opportunity: LF  Mauricio Dubón is projected for 0.1 HR vs a line of 0.0, giving a OVER edge of 0.05. Based on recent form, opponent matchup, and game context."
CF  Michael Harris II,Atlanta Braves,mlb,BB,Atlanta_Braves_at_New_York_Mets,0.13,0.08,0.03200000000000001,OVER,"Marginal +EV opportunity: CF  Michael Harris II is projected for 0.1 BB vs a line of 0.1, giving a OVER edge of 0.05. Based on recent form, opponent matchup, and game context."
CF  A.J. Ewing,New York Mets,mlb,2B,Atlanta_Braves_at_New_York_Mets,0.16,0.11,0.03200000000000001,OVER,CF  A.J. Ewing shows OVER value at 0.1 2B. TC projection: 0.2 — edge: 0.05. Marginal conviction based on usage rate and defensive matchup.
3B  Brett Baty,New York Mets,mlb,2B,Atlanta_Braves_at_New_York_Mets,0.11,0.06,0.03200000000000001,OVER,Targeting 3B  Brett Baty OVER 0.1 2B. Model projects 0.1 (0.05 edge). Recent trends and opponent weakness support this play.
SS  Francisco Lindor,New York Mets,mlb,HR,Atlanta_Braves_at_New_York_Mets,0.11,0.06,0.03200000000000001,OVER,"Marginal +EV opportunity: SS  Francisco Lindor is projected for 0.1 HR vs a line of 0.1, giving a OVER edge of 0.05. Based on recent form, opponent matchup, and game context."
SS  Francisco Lindor,New York Mets,mlb,3B,Atlanta_Braves_at_New_York_Mets,0.05,0.0,0.03200000000000001,OVER,"Marginal +EV opportunity: SS  Francisco Lindor is projected for 0.1 3B vs a line of 0.0, giving a OVER edge of 0.05. Based on recent form, opponent matchup, and game context."
CF  Tyrone Taylor,New York Mets,mlb,2B,Atlanta_Braves_at_New_York_Mets,0.11,0.06,0.03200000000000001,OVER,"Marginal +EV opportunity: CF  Tyrone Taylor is projected for 0.1 2B vs a line of 0.1, giving a OVER edge of 0.05. Based on recent form, opponent matchup, and game context."
CF  Tyrone Taylor,New York Mets,mlb,BB,Atlanta_Braves_at_New_York_Mets,0.1,0.05,0.03200000000000001,OVER,CF  Tyrone Taylor shows OVER value at 0.1 BB. TC projection: 0.1 — edge: 0.05. Marginal conviction based on usage rate and defensive matchup.
C   Chadwick Tromp,Baltimore Orioles,mlb,2B,Baltimore_Orioles_at_Detroit_Tigers,0.05,0.0,0.03200000000000001,OVER,"Marginal +EV opportunity: C   Chadwick Tromp is projected for 0.1 2B vs a line of 0.0, giving a OVER edge of 0.05. Based on recent form, opponent matchup, and game context."
3B  Coby Mayo,Baltimore Orioles,mlb,HR,Baltimore_Orioles_at_Detroit_Tigers,0.13,0.08,0.03200000000000001,OVER,3B  Coby Mayo shows OVER value at 0.1 HR. TC projection: 0.1 — edge: 0.05. Marginal conviction based on usage rate and defensive matchup.
3B  Coby Mayo,Baltimore Orioles,mlb,2B,Baltimore_Orioles_at_Detroit_Tigers,0.1,0.05,0.03200000000000001,OVER,Targeting 3B  Coby Mayo OVER 0.1 2B. Model projects 0.1 (0.05 edge). Recent trends and opponent weakness support this play.
2B  Jackson Holliday,Baltimore Orioles,mlb,HR,Baltimore_Orioles_at_Detroit_Tigers,0.08,0.03,0.03200000000000001,OVER,2B  Jackson Holliday shows OVER value at 0.0 HR. TC projection: 0.1 — edge: 0.05. Marginal conviction based on usage rate and defensive matchup.
CF  Leody Taveras,Baltimore Orioles,mlb,3B,Baltimore_Orioles_at_Detroit_Tigers,0.05,0.0,0.03200000000000001,OVER,Targeting CF  Leody Taveras OVER 0.0 3B. Model projects 0.1 (0.05 edge). Recent trends and opponent weakness support this play.
RF  Tyler O'Neill,Baltimore Orioles,mlb,2B,Baltimore_Orioles_at_Detroit_Tigers,0.1,0.05,0.03200000000000001,OVER,"Marginal +EV opportunity: RF  Tyler O'Neill is projected for 0.1 2B vs a line of 0.1, giving a OVER edge of 0.05. Based on recent form, opponent matchup, and game context."
RF  Ben Malgeri,Detroit Tigers,mlb,R,Baltimore_Orioles_at_Detroit_Tigers,0.1,0.05,0.03200000000000001,OVER,"Marginal +EV opportunity: RF  Ben Malgeri is projected for 0.1 R vs a line of 0.1, giving a OVER edge of 0.05. Based on recent form, opponent matchup, and game context."
2B  Gleyber Torres,Detroit Tigers,mlb,2B,Baltimore_Orioles_at_Detroit_Tigers,0.11,0.06,0.03200000000000001,OVER,Targeting 2B  Gleyber Torres OVER 0.1 2B. Model projects 0.1 (0.05 edge). Recent trends and opponent weakness support this play.
2B  Hao-Yu Lee,Detroit Tigers,mlb,HR,Baltimore_Orioles_at_Detroit_Tigers,0.08,0.03,0.03200000000000001,OVER,2B  Hao-Yu Lee shows OVER value at 0.0 HR. TC projection: 0.1 — edge: 0.05. Marginal conviction based on usage rate and defensive matchup.
C   Jake Rogers,Detroit Tigers,mlb,HR,Baltimore_Orioles_at_Detroit_Tigers,0.07,0.02,0.03200000000000001,OVER,C   Jake Rogers shows OVER value at 0.0 HR. TC projection: 0.1 — edge: 0.05. Marginal conviction based on usage rate and defensive matchup.
C   Jake Rogers,Detroit Tigers,mlb,2B,Baltimore_Orioles_at_Detroit_Tigers,0.05,0.0,0.03200000000000001,OVER,Targeting C   Jake Rogers OVER 0.0 2B. Model projects 0.1 (0.05 edge). Recent trends and opponent weakness support this play.
CF  James Outman,Detroit Tigers,mlb,BB,Baltimore_Orioles_at_Detroit_Tigers,0.11,0.06,0.03200000000000001,OVER,"Marginal +EV opportunity: CF  James Outman is projected for 0.1 BB vs a line of 0.1, giving a OVER edge of 0.05. Based on recent form, opponent matchup, and game context."
1B  Spencer Torkelson,Detroit Tigers,mlb,HR,Baltimore_Orioles_at_Detroit_Tigers,0.16,0.11,0.03200000000000001,OVER,Targeting 1B  Spencer Torkelson OVER 0.1 HR. Model projects 0.2 (0.05 edge). Recent trends and opponent weakness support this play.
SS  Andruw Monasterio,Boston Red Sox,mlb,HR,Boston_Red_Sox_at_Athletics,0.07,0.02,0.03200000000000001,OVER,"Marginal +EV opportunity: SS  Andruw Monasterio is projected for 0.1 HR vs a line of 0.0, giving a OVER edge of 0.05. Based on recent form, opponent matchup, and game context."
CF  Ceddanne Rafaela,Boston Red Sox,mlb,HR,Boston_Red_Sox_at_Athletics,0.08,0.03,0.03200000000000001,OVER,"Marginal +EV opportunity: CF  Ceddanne Rafaela is projected for 0.1 HR vs a line of 0.0, giving a OVER edge of 0.05. Based on recent form, opponent matchup, and game context."
CF  Ceddanne Rafaela,Boston Red Sox,mlb,SB,Boston_Red_Sox_at_Athletics,0.11,0.06,0.03200000000000001,OVER,"Marginal +EV opportunity: CF  Ceddanne Rafaela is projected for 0.1 SB vs a line of 0.1, giving a OVER edge of 0.05. Based on recent form, opponent matchup, and game context."
3B  Curtis Mead,Boston Red Sox,mlb,HR,Boston_Red_Sox_at_Athletics,0.16,0.11,0.03200000000000001,OVER,"Marginal +EV opportunity: 3B  Curtis Mead is projected for 0.2 HR vs a line of 0.1, giving a OVER edge of 0.05. Based on recent form, opponent matchup, and game context."
3B  Curtis Mead,Boston Red Sox,mlb,2B,Boston_Red_Sox_at_Athletics,0.16,0.11,0.03200000000000001,OVER,3B  Curtis Mead shows OVER value at 0.1 2B. TC projection: 0.2 — edge: 0.05. Marginal conviction based on usage rate and defensive matchup.
OF  Jahmai Jones,Boston Red Sox,mlb,R,Boston_Red_Sox_at_Athletics,0.13,0.08,0.03200000000000001,OVER,"Marginal +EV opportunity: OF  Jahmai Jones is projected for 0.1 R vs a line of 0.1, giving a OVER edge of 0.05. Based on recent form, opponent matchup, and game context."
DH  Masataka Yoshida,Boston Red Sox,mlb,HR,Boston_Red_Sox_at_Athletics,0.05,0.0,0.03200000000000001,OVER,Targeting DH  Masataka Yoshida OVER 0.0 HR. Model projects 0.1 (0.05 edge). Recent trends and opponent weakness support this play.
DH  Masataka Yoshida,Boston Red Sox,mlb,2B,Boston_Red_Sox_at_Athletics,0.13,0.08,0.03200000000000001,OVER,DH  Masataka Yoshida shows OVER value at 0.1 2B. TC projection: 0.1 — edge: 0.05. Marginal conviction based on usage rate and defensive matchup.
DH  Romy Gonzalez,Boston Red Sox,mlb,HR,Boston_Red_Sox_at_Athletics,0.05,0.0,0.03200000000000001,OVER,DH  Romy Gonzalez shows OVER value at 0.0 HR. TC projection: 0.1 — edge: 0.05. Marginal conviction based on usage rate and defensive matchup.
RF  Wilyer Abreu,Boston Red Sox,mlb,SB,Boston_Red_Sox_at_Athletics,0.05,0.0,0.03200000000000001,OVER,"Marginal +EV opportunity: RF  Wilyer Abreu is projected for 0.1 SB vs a line of 0.0, giving a OVER edge of 0.05. Based on recent form, opponent matchup, and game context."
RF  Carlos Cortes,Athletics,mlb,2B,Boston_Red_Sox_at_Athletics,0.13,0.08,0.03200000000000001,OVER,Targeting RF  Carlos Cortes OVER 0.1 2B. Model projects 0.1 (0.05 edge). Recent trends and opponent weakness support this play.
CF  Henry Bolte,Athletics,mlb,2B,Boston_Red_Sox_at_Athletics,0.1,0.05,0.03200000000000001,OVER,Targeting CF  Henry Bolte OVER 0.1 2B. Model projects 0.1 (0.05 edge). Recent trends and opponent weakness support this play.
C   Jonah Heim,Athletics,mlb,HR,Boston_Red_Sox_at_Athletics,0.13,0.08,0.03200000000000001,OVER,Targeting C   Jonah Heim OVER 0.1 HR. Model projects 0.1 (0.05 edge). Recent trends and opponent weakness support this play.
RF  Lawrence Butler,Athletics,mlb,2B,Boston_Red_Sox_at_Athletics,0.08,0.03,0.03200000000000001,OVER,Targeting RF  Lawrence Butler OVER 0.0 2B. Model projects 0.1 (0.05 edge). Recent trends and opponent weakness support this play.
3B  Alex Bregman,Chicago Cubs,mlb,HR,Chicago_Cubs_at_St_Louis_Cardinals,0.08,0.03,0.03200000000000001,OVER,"Marginal +EV opportunity: 3B  Alex Bregman is projected for 0.1 HR vs a line of 0.0, giving a OVER edge of 0.05. Based on recent form, opponent matchup, and game context."
CF  Justin Dean,Chicago Cubs,mlb,H,Chicago_Cubs_at_St_Louis_Cardinals,0.13,0.08,0.03200000000000001,OVER,Targeting CF  Justin Dean OVER 0.1 H. Model projects 0.1 (0.05 edge). Recent trends and opponent weakness support this play.
CF  Justin Dean,Chicago Cubs,mlb,BB,Chicago_Cubs_at_St_Louis_Cardinals,0.13,0.08,0.03200000000000001,OVER,Targeting CF  Justin Dean OVER 0.1 BB. Model projects 0.1 (0.05 edge). Recent trends and opponent weakness support this play.
1B  Michael Busch,Chicago Cubs,mlb,HR,Chicago_Cubs_at_St_Louis_Cardinals,0.1,0.05,0.03200000000000001,OVER,Targeting 1B  Michael Busch OVER 0.1 HR. Model projects 0.1 (0.05 edge). Recent trends and opponent weakness support this play.
DH  Michael Conforto,Chicago Cubs,mlb,HR,Chicago_Cubs_at_St_Louis_Cardinals,0.11,0.06,0.03200000000000001,OVER,DH  Michael Conforto shows OVER value at 0.1 HR. TC projection: 0.1 — edge: 0.05. Marginal conviction based on usage rate and defensive matchup.
2B  Pedro Ramírez,Chicago Cubs,mlb,SB,Chicago_Cubs_at_St_Louis_Cardinals,0.08,0.03,0.03200000000000001,OVER,Targeting 2B  Pedro Ramírez OVER 0.0 SB. Model projects 0.1 (0.05 edge). Recent trends and opponent weakness support this play.
CF  Pete Crow-Armstrong,Chicago Cubs,mlb,3B,Chicago_Cubs_at_St_Louis_Cardinals,0.05,0.0,0.03200000000000001,OVER,CF  Pete Crow-Armstrong shows OVER value at 0.0 3B. TC projection: 0.1 — edge: 0.05. Marginal conviction based on usage rate and defensive matchup.
3B  Blaze Jordan,St. Louis Cardinals,mlb,3B,Chicago_Cubs_at_St_Louis_Cardinals,0.05,0.0,0.03200000000000001,OVER,"Marginal +EV opportunity: 3B  Blaze Jordan is projected for 0.1 3B vs a line of 0.0, giving a OVER edge of 0.05. Based on recent form, opponent matchup, and game context."
3B  Blaze Jordan,St. Louis Cardinals,mlb,BB,Chicago_Cubs_at_St_Louis_Cardinals,0.11,0.06,0.03200000000000001,OVER,"Marginal +EV opportunity: 3B  Blaze Jordan is projected for 0.1 BB vs a line of 0.1, giving a OVER edge of 0.05. Based on recent form, opponent matchup, and game context."
DH  Iván Herrera,St. Louis Cardinals,mlb,2B,Chicago_Cubs_at_St_Louis_Cardinals,0.13,0.08,0.03200000000000001,OVER,Targeting DH  Iván Herrera OVER 0.1 2B. Model projects 0.1 (0.05 edge). Recent trends and opponent weakness support this play.
2B  JJ Wetherholt,St. Louis Cardinals,mlb,HR,Chicago_Cubs_at_St_Louis_Cardinals,0.13,0.08,0.03200000000000001,OVER,Targeting 2B  JJ Wetherholt OVER 0.1 HR. Model projects 0.1 (0.05 edge). Recent trends and opponent weakness support this play.
C   Jimmy Crooks,St. Louis Cardinals,mlb,2B,Chicago_Cubs_at_St_Louis_Cardinals,0.08,0.03,0.03200000000000001,OVER,C   Jimmy Crooks shows OVER value at 0.0 2B. TC projection: 0.1 — edge: 0.05. Marginal conviction based on usage rate and defensive matchup.
LF  José Fermín,St. Louis Cardinals,mlb,HR,Chicago_Cubs_at_St_Louis_Cardinals,0.05,0.0,0.03200000000000001,OVER,"Marginal +EV opportunity: LF  José Fermín is projected for 0.1 HR vs a line of 0.0, giving a OVER edge of 0.05. Based on recent form, opponent matchup, and game context."
LF  Lars Nootbaar,St. Louis Cardinals,mlb,2B,Chicago_Cubs_at_St_Louis_Cardinals,0.13,0.08,0.03200000000000001,OVER,LF  Lars Nootbaar shows OVER value at 0.1 2B. TC projection: 0.1 — edge: 0.05. Marginal conviction based on usage rate and defensive matchup.
SS  Masyn Winn,St. Louis Cardinals,mlb,2B,Chicago_Cubs_at_St_Louis_Cardinals,0.11,0.06,0.03200000000000001,OVER,SS  Masyn Winn shows OVER value at 0.1 2B. TC projection: 0.1 — edge: 0.05. Marginal conviction based on usage rate and defensive matchup.
SS  Masyn Winn,St. Louis Cardinals,mlb,SB,Chicago_Cubs_at_St_Louis_Cardinals,0.07,0.02,0.03200000000000001,OVER,"Marginal +EV opportunity: SS  Masyn Winn is projected for 0.1 SB vs a line of 0.0, giving a OVER edge of 0.05. Based on recent form, opponent matchup, and game context."
C   Pedro Pagés,St. Louis Cardinals,mlb,RBI,Chicago_Cubs_at_St_Louis_Cardinals,0.16,0.11,0.03200000000000001,OVER,C   Pedro Pagés shows OVER value at 0.1 RBI. TC projection: 0.2 — edge: 0.05. Marginal conviction based on usage rate and defensive matchup.
LF  Angel Martínez,Cleveland Guardians,mlb,HR,Cleveland_Guardians_at_Cincinnati_Reds,0.13,0.08,0.03200000000000001,OVER,Targeting LF  Angel Martínez OVER 0.1 HR. Model projects 0.1 (0.05 edge). Recent trends and opponent weakness support this play.
LF  Angel Martínez,Cleveland Guardians,mlb,BB,Cleveland_Guardians_at_Cincinnati_Reds,0.08,0.03,0.03200000000000001,OVER,Targeting LF  Angel Martínez OVER 0.0 BB. Model projects 0.1 (0.05 edge). Recent trends and opponent weakness support this play.
LF  Angel Martínez,Cleveland Guardians,mlb,SB,Cleveland_Guardians_at_Cincinnati_Reds,0.11,0.06,0.03200000000000001,OVER,Targeting LF  Angel Martínez OVER 0.1 SB. Model projects 0.1 (0.05 edge). Recent trends and opponent weakness support this play.
RF  Chase DeLauter,Cleveland Guardians,mlb,HR,Cleveland_Guardians_at_Cincinnati_Reds,0.1,0.05,0.03200000000000001,OVER,Targeting RF  Chase DeLauter OVER 0.1 HR. Model projects 0.1 (0.05 edge). Recent trends and opponent weakness support this play.
RF  Chase DeLauter,Cleveland Guardians,mlb,SB,Cleveland_Guardians_at_Cincinnati_Reds,0.05,0.0,0.03200000000000001,OVER,RF  Chase DeLauter shows OVER value at 0.0 SB. TC projection: 0.1 — edge: 0.05. Marginal conviction based on usage rate and defensive matchup.
RF  David Fry,Cleveland Guardians,mlb,HR,Cleveland_Guardians_at_Cincinnati_Reds,0.07,0.02,0.03200000000000001,OVER,RF  David Fry shows OVER value at 0.0 HR. TC projection: 0.1 — edge: 0.05. Marginal conviction based on usage rate and defensive matchup.
3B  Gabriel Arias,Cleveland Guardians,mlb,HR,Cleveland_Guardians_at_Cincinnati_Reds,0.11,0.06,0.03200000000000001,OVER,"Marginal +EV opportunity: 3B  Gabriel Arias is projected for 0.1 HR vs a line of 0.1, giving a OVER edge of 0.05. Based on recent form, opponent matchup, and game context."
3B  José Ramírez,Cleveland Guardians,mlb,HR,Cleveland_Guardians_at_Cincinnati_Reds,0.11,0.06,0.03200000000000001,OVER,"Marginal +EV opportunity: 3B  José Ramírez is projected for 0.1 HR vs a line of 0.1, giving a OVER edge of 0.05. Based on recent form, opponent matchup, and game context."
1B  Rhys Hoskins,Cleveland Guardians,mlb,HR,Cleveland_Guardians_at_Cincinnati_Reds,0.11,0.06,0.03200000000000001,OVER,Targeting 1B  Rhys Hoskins OVER 0.1 HR. Model projects 0.1 (0.05 edge). Recent trends and opponent weakness support this play.
CF  Steven Kwan,Cleveland Guardians,mlb,2B,Cleveland_Guardians_at_Cincinnati_Reds,0.11,0.06,0.03200000000000001,OVER,Targeting CF  Steven Kwan OVER 0.1 2B. Model projects 0.1 (0.05 edge). Recent trends and opponent weakness support this play.
CF  Dane Myers,Cincinnati Reds,mlb,SB,Cleveland_Guardians_at_Cincinnati_Reds,0.07,0.02,0.03200000000000001,OVER,CF  Dane Myers shows OVER value at 0.0 SB. TC projection: 0.1 — edge: 0.05. Marginal conviction based on usage rate and defensive matchup.
2B  Edwin Arroyo,Cincinnati Reds,mlb,BB,Cleveland_Guardians_at_Cincinnati_Reds,0.1,0.05,0.03200000000000001,OVER,"Marginal +EV opportunity: 2B  Edwin Arroyo is projected for 0.1 BB vs a line of 0.1, giving a OVER edge of 0.05. Based on recent form, opponent matchup, and game context."
DH  Eugenio Suárez,Cincinnati Reds,mlb,HR,Cleveland_Guardians_at_Cincinnati_Reds,0.16,0.11,0.03200000000000001,OVER,"Marginal +EV opportunity: DH  Eugenio Suárez is projected for 0.2 HR vs a line of 0.1, giving a OVER edge of 0.05. Based on recent form, opponent matchup, and game context."
LF  JJ Bleday,Cincinnati Reds,mlb,SB,Cleveland_Guardians_at_Cincinnati_Reds,0.07,0.02,0.03200000000000001,OVER,"Marginal +EV opportunity: LF  JJ Bleday is projected for 0.1 SB vs a line of 0.0, giving a OVER edge of 0.05. Based on recent form, opponent matchup, and game context."
RF  Noelvi Marte,Cincinnati Reds,mlb,HR,Cleveland_Guardians_at_Cincinnati_Reds,0.11,0.06,0.03200000000000001,OVER,Targeting RF  Noelvi Marte OVER 0.1 HR. Model projects 0.1 (0.05 edge). Recent trends and opponent weakness support this play.
RF  Noelvi Marte,Cincinnati Reds,mlb,2B,Cleveland_Guardians_at_Cincinnati_Reds,0.11,0.06,0.03200000000000001,OVER,Targeting RF  Noelvi Marte OVER 0.1 2B. Model projects 0.1 (0.05 edge). Recent trends and opponent weakness support this play.
CF  TJ Friedl,Cincinnati Reds,mlb,2B,Cleveland_Guardians_at_Cincinnati_Reds,0.08,0.03,0.03200000000000001,OVER,"Marginal +EV opportunity: CF  TJ Friedl is projected for 0.1 2B vs a line of 0.0, giving a OVER edge of 0.05. Based on recent form, opponent matchup, and game context."
RF  Cam Smith,Houston Astros,mlb,2B,Houston_Astros_at_Los_Angeles_Angels,0.1,0.05,0.03200000000000001,OVER,Targeting RF  Cam Smith OVER 0.1 2B. Model projects 0.1 (0.05 edge). Recent trends and opponent weakness support this play.
RF  Cam Smith,Houston Astros,mlb,SB,Houston_Astros_at_Los_Angeles_Angels,0.08,0.03,0.03200000000000001,OVER,RF  Cam Smith shows OVER value at 0.0 SB. TC projection: 0.1 — edge: 0.05. Marginal conviction based on usage rate and defensive matchup.
SS  Jeremy Peña,Houston Astros,mlb,HR,Houston_Astros_at_Los_Angeles_Angels,0.16,0.11,0.03200000000000001,OVER,"Marginal +EV opportunity: SS  Jeremy Peña is projected for 0.2 HR vs a line of 0.1, giving a OVER edge of 0.05. Based on recent form, opponent matchup, and game context."
CF  Lucas Spence,Houston Astros,mlb,RBI,Houston_Astros_at_Los_Angeles_Angels,0.1,0.05,0.03200000000000001,OVER,CF  Lucas Spence shows OVER value at 0.1 RBI. TC projection: 0.1 — edge: 0.05. Marginal conviction based on usage rate and defensive matchup.
CF  Lucas Spence,Houston Astros,mlb,2B,Houston_Astros_at_Los_Angeles_Angels,0.1,0.05,0.03200000000000001,OVER,Targeting CF  Lucas Spence OVER 0.1 2B. Model projects 0.1 (0.05 edge). Recent trends and opponent weakness support this play.
SS  Nick Allen,Houston Astros,mlb,2B,Houston_Astros_at_Los_Angeles_Angels,0.05,0.0,0.03200000000000001,OVER,SS  Nick Allen shows OVER value at 0.0 2B. TC projection: 0.1 — edge: 0.05. Marginal conviction based on usage rate and defensive matchup.
CF  Taylor Trammell,Houston Astros,mlb,2B,Houston_Astros_at_Los_Angeles_Angels,0.08,0.03,0.03200000000000001,OVER,Targeting CF  Taylor Trammell OVER 0.0 2B. Model projects 0.1 (0.05 edge). Recent trends and opponent weakness support this play.
CF  Taylor Trammell,Houston Astros,mlb,SB,Houston_Astros_at_Los_Angeles_Angels,0.05,0.0,0.03200000000000001,OVER,CF  Taylor Trammell shows OVER value at 0.0 SB. TC projection: 0.1 — edge: 0.05. Marginal conviction based on usage rate and defensive matchup.
C   Yainer Diaz,Houston Astros,mlb,HR,Houston_Astros_at_Los_Angeles_Angels,0.1,0.05,0.03200000000000001,OVER,C   Yainer Diaz shows OVER value at 0.1 HR. TC projection: 0.1 — edge: 0.05. Marginal conviction based on usage rate and defensive matchup.
DH  Yordan Alvarez,Houston Astros,mlb,2B,Houston_Astros_at_Los_Angeles_Angels,0.16,0.11,0.03200000000000001,OVER,DH  Yordan Alvarez shows OVER value at 0.1 2B. TC projection: 0.2 — edge: 0.05. Marginal conviction based on usage rate and defensive matchup.
3B  Denzer Guzman,Los Angeles Angels,mlb,SB,Houston_Astros_at_Los_Angeles_Angels,0.05,0.0,0.03200000000000001,OVER,3B  Denzer Guzman shows OVER value at 0.0 SB. TC projection: 0.1 — edge: 0.05. Marginal conviction based on usage rate and defensive matchup.
RF  Jo Adell,Los Angeles Angels,mlb,HR,Houston_Astros_at_Los_Angeles_Angels,0.13,0.08,0.03200000000000001,OVER,RF  Jo Adell shows OVER value at 0.1 HR. TC projection: 0.1 — edge: 0.05. Marginal conviction based on usage rate and defensive matchup.
CF  Jose Siri,Los Angeles Angels,mlb,HR,Houston_Astros_at_Los_Angeles_Angels,0.08,0.03,0.03200000000000001,OVER,"Marginal +EV opportunity: CF  Jose Siri is projected for 0.1 HR vs a line of 0.0, giving a OVER edge of 0.05. Based on recent form, opponent matchup, and game context."
LF  Josh Lowe,Los Angeles Angels,mlb,2B,Houston_Astros_at_Los_Angeles_Angels,0.05,0.0,0.03200000000000001,OVER,Targeting LF  Josh Lowe OVER 0.0 2B. Model projects 0.1 (0.05 edge). Recent trends and opponent weakness support this play.
C   Logan O'Hoppe,Los Angeles Angels,mlb,HR,Houston_Astros_at_Los_Angeles_Angels,0.05,0.0,0.03200000000000001,OVER,"Marginal +EV opportunity: C   Logan O'Hoppe is projected for 0.1 HR vs a line of 0.0, giving a OVER edge of 0.05. Based on recent form, opponent matchup, and game context."
CF  Mike Trout,Los Angeles Angels,mlb,SB,Houston_Astros_at_Los_Angeles_Angels,0.08,0.03,0.03200000000000001,OVER,Targeting CF  Mike Trout OVER 0.0 SB. Model projects 0.1 (0.05 edge). Recent trends and opponent weakness support this play.
2B  Oswald Peraza,Los Angeles Angels,mlb,HR,Houston_Astros_at_Los_Angeles_Angels,0.07,0.02,0.03200000000000001,OVER,Targeting 2B  Oswald Peraza OVER 0.0 HR. Model projects 0.1 (0.05 edge). Recent trends and opponent weakness support this play.
2B  Oswald Peraza,Los Angeles Angels,mlb,2B,Houston_Astros_at_Los_Angeles_Angels,0.1,0.05,0.03200000000000001,OVER,"Marginal +EV opportunity: 2B  Oswald Peraza is projected for 0.1 2B vs a line of 0.1, giving a OVER edge of 0.05. Based on recent form, opponent matchup, and game context."
2B  Oswald Peraza,Los Angeles Angels,mlb,SB,Houston_Astros_at_Los_Angeles_Angels,0.11,0.06,0.03200000000000001,OVER,2B  Oswald Peraza shows OVER value at 0.1 SB. TC projection: 0.1 — edge: 0.05. Marginal conviction based on usage rate and defensive matchup.
LF  Wade Meckler,Los Angeles Angels,mlb,SB,Houston_Astros_at_Los_Angeles_Angels,0.05,0.0,0.03200000000000001,OVER,LF  Wade Meckler shows OVER value at 0.0 SB. TC projection: 0.1 — edge: 0.05. Marginal conviction based on usage rate and defensive matchup.
1B  Andrew Vaughn,Milwaukee Brewers,mlb,HR,Milwaukee_Brewers_at_San_Francisco_Giants,0.05,0.0,0.03200000000000001,OVER,"Marginal +EV opportunity: 1B  Andrew Vaughn is projected for 0.1 HR vs a line of 0.0, giving a OVER edge of 0.05. Based on recent form, opponent matchup, and game context."
DH  Christian Yelich,Milwaukee Brewers,mlb,HR,Milwaukee_Brewers_at_San_Francisco_Giants,0.08,0.03,0.03200000000000001,OVER,DH  Christian Yelich shows OVER value at 0.0 HR. TC projection: 0.1 — edge: 0.05. Marginal conviction based on usage rate and defensive matchup.
SS  Cooper Pratt,Milwaukee Brewers,mlb,HR,Milwaukee_Brewers_at_San_Francisco_Giants,0.05,0.0,0.03200000000000001,OVER,Targeting SS  Cooper Pratt OVER 0.0 HR. Model projects 0.1 (0.05 edge). Recent trends and opponent weakness support this play.
SS  Cooper Pratt,Milwaukee Brewers,mlb,2B,Milwaukee_Brewers_at_San_Francisco_Giants,0.1,0.05,0.03200000000000001,OVER,"Marginal +EV opportunity: SS  Cooper Pratt is projected for 0.1 2B vs a line of 0.1, giving a OVER edge of 0.05. Based on recent form, opponent matchup, and game context."
3B  David Hamilton,Milwaukee Brewers,mlb,RBI,Milwaukee_Brewers_at_San_Francisco_Giants,0.16,0.11,0.03200000000000001,OVER,"Marginal +EV opportunity: 3B  David Hamilton is projected for 0.2 RBI vs a line of 0.1, giving a OVER edge of 0.05. Based on recent form, opponent matchup, and game context."
3B  David Hamilton,Milwaukee Brewers,mlb,2B,Milwaukee_Brewers_at_San_Francisco_Giants,0.07,0.02,0.03200000000000001,OVER,"Marginal +EV opportunity: 3B  David Hamilton is projected for 0.1 2B vs a line of 0.0, giving a OVER edge of 0.05. Based on recent form, opponent matchup, and game context."
C   Gary Sánchez,Milwaukee Brewers,mlb,HR,Milwaukee_Brewers_at_San_Francisco_Giants,0.11,0.06,0.03200000000000001,OVER,C   Gary Sánchez shows OVER value at 0.1 HR. TC projection: 0.1 — edge: 0.05. Marginal conviction based on usage rate and defensive matchup.
1B  Jake Bauers,Milwaukee Brewers,mlb,SB,Milwaukee_Brewers_at_San_Francisco_Giants,0.07,0.02,0.03200000000000001,OVER,Targeting 1B  Jake Bauers OVER 0.0 SB. Model projects 0.1 (0.05 edge). Recent trends and opponent weakness support this play.
SS  Joey Ortiz,Milwaukee Brewers,mlb,HR,Milwaukee_Brewers_at_San_Francisco_Giants,0.05,0.0,0.03200000000000001,OVER,Targeting SS  Joey Ortiz OVER 0.0 HR. Model projects 0.1 (0.05 edge). Recent trends and opponent weakness support this play.
SS  Joey Ortiz,Milwaukee Brewers,mlb,SB,Milwaukee_Brewers_at_San_Francisco_Giants,0.07,0.02,0.03200000000000001,OVER,SS  Joey Ortiz shows OVER value at 0.0 SB. TC projection: 0.1 — edge: 0.05. Marginal conviction based on usage rate and defensive matchup.
C   William Contreras,Milwaukee Brewers,mlb,HR,Milwaukee_Brewers_at_San_Francisco_Giants,0.08,0.03,0.03200000000000001,OVER,Targeting C   William Contreras OVER 0.0 HR. Model projects 0.1 (0.05 edge). Recent trends and opponent weakness support this play.
C   William Contreras,Milwaukee Brewers,mlb,2B,Milwaukee_Brewers_at_San_Francisco_Giants,0.13,0.08,0.03200000000000001,OVER,Targeting C   William Contreras OVER 0.1 2B. Model projects 0.1 (0.05 edge). Recent trends and opponent weakness support this play.
CF  Drew Gilbert,San Francisco Giants,mlb,2B,Milwaukee_Brewers_at_San_Francisco_Giants,0.1,0.05,0.03200000000000001,OVER,"Marginal +EV opportunity: CF  Drew Gilbert is projected for 0.1 2B vs a line of 0.1, giving a OVER edge of 0.05. Based on recent form, opponent matchup, and game context."
CF  Grant McCray,San Francisco Giants,mlb,BB,Milwaukee_Brewers_at_San_Francisco_Giants,0.11,0.06,0.03200000000000001,OVER,CF  Grant McCray shows OVER value at 0.1 BB. TC projection: 0.1 — edge: 0.05. Marginal conviction based on usage rate and defensive matchup.
C   Jesus Rodriguez,San Francisco Giants,mlb,SB,Milwaukee_Brewers_at_San_Francisco_Giants,0.05,0.0,0.03200000000000001,OVER,C   Jesus Rodriguez shows OVER value at 0.0 SB. TC projection: 0.1 — edge: 0.05. Marginal conviction based on usage rate and defensive matchup.
RF  Jung Hoo Lee,San Francisco Giants,mlb,SB,Milwaukee_Brewers_at_San_Francisco_Giants,0.05,0.0,0.03200000000000001,OVER,Targeting RF  Jung Hoo Lee OVER 0.0 SB. Model projects 0.1 (0.05 edge). Recent trends and opponent weakness support this play.
2B  Luis Arraez,San Francisco Giants,mlb,SB,Milwaukee_Brewers_at_San_Francisco_Giants,0.07,0.02,0.03200000000000001,OVER,2B  Luis Arraez shows OVER value at 0.0 SB. TC projection: 0.1 — edge: 0.05. Marginal conviction based on usage rate and defensive matchup.
SS  Willy Adames,San Francisco Giants,mlb,HR,Milwaukee_Brewers_at_San_Francisco_Giants,0.16,0.11,0.03200000000000001,OVER,SS  Willy Adames shows OVER value at 0.1 HR. TC projection: 0.2 — edge: 0.05. Marginal conviction based on usage rate and defensive matchup.
SS  Anthony Volpe,New York Yankees,mlb,2B,New_York_Yankees_at_Chicago_White_Sox,0.13,0.08,0.03200000000000001,OVER,Targeting SS  Anthony Volpe OVER 0.1 2B. Model projects 0.1 (0.05 edge). Recent trends and opponent weakness support this play.
C   Austin Wells,New York Yankees,mlb,RBI,New_York_Yankees_at_Chicago_White_Sox,0.16,0.11,0.03200000000000001,OVER,Targeting C   Austin Wells OVER 0.1 RBI. Model projects 0.2 (0.05 edge). Recent trends and opponent weakness support this play.
C   Austin Wells,New York Yankees,mlb,HR,New_York_Yankees_at_Chicago_White_Sox,0.08,0.03,0.03200000000000001,OVER,Targeting C   Austin Wells OVER 0.0 HR. Model projects 0.1 (0.05 edge). Recent trends and opponent weakness support this play.
RF  Jasson Domínguez,New York Yankees,mlb,HR,New_York_Yankees_at_Chicago_White_Sox,0.11,0.06,0.03200000000000001,OVER,RF  Jasson Domínguez shows OVER value at 0.1 HR. TC projection: 0.1 — edge: 0.05. Marginal conviction based on usage rate and defensive matchup.
2B  Jazz Chisholm Jr.,New York Yankees,mlb,2B,New_York_Yankees_at_Chicago_White_Sox,0.11,0.06,0.03200000000000001,OVER,2B  Jazz Chisholm Jr. shows OVER value at 0.1 2B. TC projection: 0.1 — edge: 0.05. Marginal conviction based on usage rate and defensive matchup.
SS  José Caballero,New York Yankees,mlb,2B,New_York_Yankees_at_Chicago_White_Sox,0.1,0.05,0.03200000000000001,OVER,Targeting SS  José Caballero OVER 0.1 2B. Model projects 0.1 (0.05 edge). Recent trends and opponent weakness support this play.
SS  Max Schuemann,New York Yankees,mlb,SB,New_York_Yankees_at_Chicago_White_Sox,0.07,0.02,0.03200000000000001,OVER,Targeting SS  Max Schuemann OVER 0.0 SB. Model projects 0.1 (0.05 edge). Recent trends and opponent weakness support this play.
3B  Ryan McMahon,New York Yankees,mlb,2B,New_York_Yankees_at_Chicago_White_Sox,0.1,0.05,0.03200000000000001,OVER,Targeting 3B  Ryan McMahon OVER 0.1 2B. Model projects 0.1 (0.05 edge). Recent trends and opponent weakness support this play.
CF  Trent Grisham,New York Yankees,mlb,HR,New_York_Yankees_at_Chicago_White_Sox,0.11,0.06,0.03200000000000001,OVER,CF  Trent Grisham shows OVER value at 0.1 HR. TC projection: 0.1 — edge: 0.05. Marginal conviction based on usage rate and defensive matchup.
CF  Trent Grisham,New York Yankees,mlb,SB,New_York_Yankees_at_Chicago_White_Sox,0.07,0.02,0.03200000000000001,OVER,Targeting CF  Trent Grisham OVER 0.0 SB. Model projects 0.1 (0.05 edge). Recent trends and opponent weakness support this play.
2B  Chase Meidroth,Chicago White Sox,mlb,HR,New_York_Yankees_at_Chicago_White_Sox,0.07,0.02,0.03200000000000001,OVER,Targeting 2B  Chase Meidroth OVER 0.0 HR. Model projects 0.1 (0.05 edge). Recent trends and opponent weakness support this play.
C   Drew Romo,Chicago White Sox,mlb,HR,New_York_Yankees_at_Chicago_White_Sox,0.11,0.06,0.03200000000000001,OVER,C   Drew Romo shows OVER value at 0.1 HR. TC projection: 0.1 — edge: 0.05. Marginal conviction based on usage rate and defensive matchup.
1B  Bryce Harper,Philadelphia Phillies,mlb,SB,Philadelphia_Phillies_at_Miami_Marlins,0.05,0.0,0.03200000000000001,OVER,1B  Bryce Harper shows OVER value at 0.0 SB. TC projection: 0.1 — edge: 0.05. Marginal conviction based on usage rate and defensive matchup.
RF  Derek Hill,Philadelphia Phillies,mlb,HR,Philadelphia_Phillies_at_Miami_Marlins,0.08,0.03,0.03200000000000001,OVER,"Marginal +EV opportunity: RF  Derek Hill is projected for 0.1 HR vs a line of 0.0, giving a OVER edge of 0.05. Based on recent form, opponent matchup, and game context."
LF  Edmundo Sosa,Philadelphia Phillies,mlb,2B,Philadelphia_Phillies_at_Miami_Marlins,0.07,0.02,0.03200000000000001,OVER,Targeting LF  Edmundo Sosa OVER 0.0 2B. Model projects 0.1 (0.05 edge). Recent trends and opponent weakness support this play.
LF  Edmundo Sosa,Philadelphia Phillies,mlb,BB,Philadelphia_Phillies_at_Miami_Marlins,0.07,0.02,0.03200000000000001,OVER,LF  Edmundo Sosa shows OVER value at 0.0 BB. TC projection: 0.1 — edge: 0.05. Marginal conviction based on usage rate and defensive matchup.
C   J.T. Realmuto,Philadelphia Phillies,mlb,HR,Philadelphia_Phillies_at_Miami_Marlins,0.08,0.03,0.03200000000000001,OVER,C   J.T. Realmuto shows OVER value at 0.0 HR. TC projection: 0.1 — edge: 0.05. Marginal conviction based on usage rate and defensive matchup.
CF  Justin Crawford,Philadelphia Phillies,mlb,SB,Philadelphia_Phillies_at_Miami_Marlins,0.11,0.06,0.03200000000000001,OVER,CF  Justin Crawford shows OVER value at 0.1 SB. TC projection: 0.1 — edge: 0.05. Marginal conviction based on usage rate and defensive matchup.
DH  Kyle Schwarber,Philadelphia Phillies,mlb,2B,Philadelphia_Phillies_at_Miami_Marlins,0.1,0.05,0.03200000000000001,OVER,"Marginal +EV opportunity: DH  Kyle Schwarber is projected for 0.1 2B vs a line of 0.1, giving a OVER edge of 0.05. Based on recent form, opponent matchup, and game context."
SS  Trea Turner,Philadelphia Phillies,mlb,HR,Philadelphia_Phillies_at_Miami_Marlins,0.11,0.06,0.03200000000000001,OVER,"Marginal +EV opportunity: SS  Trea Turner is projected for 0.1 HR vs a line of 0.1, giving a OVER edge of 0.05. Based on recent form, opponent matchup, and game context."
RF  Esteury Ruiz,Miami Marlins,mlb,2B,Philadelphia_Phillies_at_Miami_Marlins,0.11,0.06,0.03200000000000001,OVER,"Marginal +EV opportunity: RF  Esteury Ruiz is projected for 0.1 2B vs a line of 0.1, giving a OVER edge of 0.05. Based on recent form, opponent matchup, and game context."
3B  Javier Sanoja,Miami Marlins,mlb,SB,Philadelphia_Phillies_at_Miami_Marlins,0.05,0.0,0.03200000000000001,OVER,Targeting 3B  Javier Sanoja OVER 0.0 SB. Model projects 0.1 (0.05 edge). Recent trends and opponent weakness support this play.
3B  Leo Jiménez,Miami Marlins,mlb,RBI,Philadelphia_Phillies_at_Miami_Marlins,0.16,0.11,0.03200000000000001,OVER,"Marginal +EV opportunity: 3B  Leo Jiménez is projected for 0.2 RBI vs a line of 0.1, giving a OVER edge of 0.05. Based on recent form, opponent matchup, and game context."
3B  Leo Jiménez,Miami Marlins,mlb,2B,Philadelphia_Phillies_at_Miami_Marlins,0.07,0.02,0.03200000000000001,OVER,Targeting 3B  Leo Jiménez OVER 0.0 2B. Model projects 0.1 (0.05 edge). Recent trends and opponent weakness support this play.
C   Liam Hicks,Miami Marlins,mlb,HR,Philadelphia_Phillies_at_Miami_Marlins,0.13,0.08,0.03200000000000001,OVER,C   Liam Hicks shows OVER value at 0.1 HR. TC projection: 0.1 — edge: 0.05. Marginal conviction based on usage rate and defensive matchup.
2B  Xavier Edwards,Miami Marlins,mlb,2B,Philadelphia_Phillies_at_Miami_Marlins,0.11,0.06,0.03200000000000001,OVER,Targeting 2B  Xavier Edwards OVER 0.1 2B. Model projects 0.1 (0.05 edge). Recent trends and opponent weakness support this play.
1B  Buddy Kennedy,Seattle Mariners,mlb,2B,Seattle_Mariners_at_Texas_Rangers,0.07,0.02,0.03200000000000001,OVER,"Marginal +EV opportunity: 1B  Buddy Kennedy is projected for 0.1 2B vs a line of 0.0, giving a OVER edge of 0.05. Based on recent form, opponent matchup, and game context."
C   Cal Raleigh,Seattle Mariners,mlb,HR,Seattle_Mariners_at_Texas_Rangers,0.11,0.06,0.03200000000000001,OVER,C   Cal Raleigh shows OVER value at 0.1 HR. TC projection: 0.1 — edge: 0.05. Marginal conviction based on usage rate and defensive matchup.
C   Cal Raleigh,Seattle Mariners,mlb,2B,Seattle_Mariners_at_Texas_Rangers,0.08,0.03,0.03200000000000001,OVER,"Marginal +EV opportunity: C   Cal Raleigh is projected for 0.1 2B vs a line of 0.0, giving a OVER edge of 0.05. Based on recent form, opponent matchup, and game context."
2B  Cole Young,Seattle Mariners,mlb,2B,Seattle_Mariners_at_Texas_Rangers,0.11,0.06,0.03200000000000001,OVER,2B  Cole Young shows OVER value at 0.1 2B. TC projection: 0.1 — edge: 0.05. Marginal conviction based on usage rate and defensive matchup.
SS  Colt Emerson,Seattle Mariners,mlb,HR,Seattle_Mariners_at_Texas_Rangers,0.11,0.06,0.03200000000000001,OVER,Targeting SS  Colt Emerson OVER 0.1 HR. Model projects 0.1 (0.05 edge). Recent trends and opponent weakness support this play.
SS  Colt Emerson,Seattle Mariners,mlb,SB,Seattle_Mariners_at_Texas_Rangers,0.05,0.0,0.03200000000000001,OVER,Targeting SS  Colt Emerson OVER 0.0 SB. Model projects 0.1 (0.05 edge). Recent trends and opponent weakness support this play.
SS  J.P. Crawford,Seattle Mariners,mlb,2B,Seattle_Mariners_at_Texas_Rangers,0.11,0.06,0.03200000000000001,OVER,Targeting SS  J.P. Crawford OVER 0.1 2B. Model projects 0.1 (0.05 edge). Recent trends and opponent weakness support this play.
C   Mitch Garver,Seattle Mariners,mlb,HR,Seattle_Mariners_at_Texas_Rangers,0.07,0.02,0.03200000000000001,OVER,Targeting C   Mitch Garver OVER 0.0 HR. Model projects 0.1 (0.05 edge). Recent trends and opponent weakness support this play.
C   Mitch Garver,Seattle Mariners,mlb,2B,Seattle_Mariners_at_Texas_Rangers,0.05,0.0,0.03200000000000001,OVER,"Marginal +EV opportunity: C   Mitch Garver is projected for 0.1 2B vs a line of 0.0, giving a OVER edge of 0.05. Based on recent form, opponent matchup, and game context."
LF  Randy Arozarena,Seattle Mariners,mlb,SB,Seattle_Mariners_at_Texas_Rangers,0.16,0.11,0.03200000000000001,OVER,Targeting LF  Randy Arozarena OVER 0.1 SB. Model projects 0.2 (0.05 edge). Recent trends and opponent weakness support this play.
LF  Alejandro Osuna,Texas Rangers,mlb,SB,Seattle_Mariners_at_Texas_Rangers,0.05,0.0,0.03200000000000001,OVER,Targeting LF  Alejandro Osuna OVER 0.0 SB. Model projects 0.1 (0.05 edge). Recent trends and opponent weakness support this play.
CF  Cam Cauley,Texas Rangers,mlb,RBI,Seattle_Mariners_at_Texas_Rangers,0.05,0.0,0.03200000000000001,OVER,CF  Cam Cauley shows OVER value at 0.0 RBI. TC projection: 0.1 — edge: 0.05. Marginal conviction based on usage rate and defensive matchup.
CF  Cam Cauley,Texas Rangers,mlb,2B,Seattle_Mariners_at_Texas_Rangers,0.1,0.05,0.03200000000000001,OVER,"Marginal +EV opportunity: CF  Cam Cauley is projected for 0.1 2B vs a line of 0.1, giving a OVER edge of 0.05. Based on recent form, opponent matchup, and game context."
CF  Cam Cauley,Texas Rangers,mlb,3B,Seattle_Mariners_at_Texas_Rangers,0.05,0.0,0.03200000000000001,OVER,"Marginal +EV opportunity: CF  Cam Cauley is projected for 0.1 3B vs a line of 0.0, giving a OVER edge of 0.05. Based on recent form, opponent matchup, and game context."
C   Elias Díaz,Texas Rangers,mlb,HR,Seattle_Mariners_at_Texas_Rangers,0.08,0.03,0.03200000000000001,OVER,"Marginal +EV opportunity: C   Elias Díaz is projected for 0.1 HR vs a line of 0.0, giving a OVER edge of 0.05. Based on recent form, opponent matchup, and game context."
CF  Evan Carter,Texas Rangers,mlb,2B,Seattle_Mariners_at_Texas_Rangers,0.08,0.03,0.03200000000000001,OVER,Targeting CF  Evan Carter OVER 0.0 2B. Model projects 0.1 (0.05 edge). Recent trends and opponent weakness support this play.
SS  Ezequiel Duran,Texas Rangers,mlb,HR,Seattle_Mariners_at_Texas_Rangers,0.1,0.05,0.03200000000000001,OVER,"Marginal +EV opportunity: SS  Ezequiel Duran is projected for 0.1 HR vs a line of 0.1, giving a OVER edge of 0.05. Based on recent form, opponent matchup, and game context."
1B  Jake Burger,Texas Rangers,mlb,HR,Seattle_Mariners_at_Texas_Rangers,0.16,0.11,0.03200000000000001,OVER,1B  Jake Burger shows OVER value at 0.1 HR. TC projection: 0.2 — edge: 0.05. Marginal conviction based on usage rate and defensive matchup.
DH  Joc Pederson,Texas Rangers,mlb,HR,Seattle_Mariners_at_Texas_Rangers,0.16,0.11,0.03200000000000001,OVER,"Marginal +EV opportunity: DH  Joc Pederson is projected for 0.2 HR vs a line of 0.1, giving a OVER edge of 0.05. Based on recent form, opponent matchup, and game context."
DH  Joc Pederson,Texas Rangers,mlb,2B,Seattle_Mariners_at_Texas_Rangers,0.1,0.05,0.03200000000000001,OVER,Targeting DH  Joc Pederson OVER 0.1 2B. Model projects 0.1 (0.05 edge). Recent trends and opponent weakness support this play.
2B  Justin Foscue,Texas Rangers,mlb,HR,Seattle_Mariners_at_Texas_Rangers,0.11,0.06,0.03200000000000001,OVER,2B  Justin Foscue shows OVER value at 0.1 HR. TC projection: 0.1 — edge: 0.05. Marginal conviction based on usage rate and defensive matchup.
2B  Nicky Lopez,Texas Rangers,mlb,BB,Seattle_Mariners_at_Texas_Rangers,0.08,0.03,0.03200000000000001,OVER,Targeting 2B  Nicky Lopez OVER 0.0 BB. Model projects 0.1 (0.05 edge). Recent trends and opponent weakness support this play.
2B  Nicky Lopez,Texas Rangers,mlb,SB,Seattle_Mariners_at_Texas_Rangers,0.07,0.02,0.03200000000000001,OVER,2B  Nicky Lopez shows OVER value at 0.0 SB. TC projection: 0.1 — edge: 0.05. Marginal conviction based on usage rate and defensive matchup.
LF  Wyatt Langford,Texas Rangers,mlb,SB,Seattle_Mariners_at_Texas_Rangers,0.11,0.06,0.03200000000000001,OVER,Targeting LF  Wyatt Langford OVER 0.1 SB. Model projects 0.1 (0.05 edge). Recent trends and opponent weakness support this play.
C   Alejandro Kirk,Toronto Blue Jays,mlb,HR,Toronto_Blue_Jays_at_Washington_Nationals,0.07,0.02,0.03200000000000001,OVER,Targeting C   Alejandro Kirk OVER 0.0 HR. Model projects 0.1 (0.05 edge). Recent trends and opponent weakness support this play.
C   Alejandro Kirk,Toronto Blue Jays,mlb,2B,Toronto_Blue_Jays_at_Washington_Nationals,0.1,0.05,0.03200000000000001,OVER,"Marginal +EV opportunity: C   Alejandro Kirk is projected for 0.1 2B vs a line of 0.1, giving a OVER edge of 0.05. Based on recent form, opponent matchup, and game context."
SS  Andrés Giménez,Toronto Blue Jays,mlb,SB,Toronto_Blue_Jays_at_Washington_Nationals,0.1,0.05,0.03200000000000001,OVER,Targeting SS  Andrés Giménez OVER 0.1 SB. Model projects 0.1 (0.05 edge). Recent trends and opponent weakness support this play.
C   Brandon Valenzuela,Toronto Blue Jays,mlb,HR,Toronto_Blue_Jays_at_Washington_Nationals,0.11,0.06,0.03200000000000001,OVER,C   Brandon Valenzuela shows OVER value at 0.1 HR. TC projection: 0.1 — edge: 0.05. Marginal conviction based on usage rate and defensive matchup.
C   Brandon Valenzuela,Toronto Blue Jays,mlb,2B,Toronto_Blue_Jays_at_Washington_Nationals,0.08,0.03,0.03200000000000001,OVER,Targeting C   Brandon Valenzuela OVER 0.0 2B. Model projects 0.1 (0.05 edge). Recent trends and opponent weakness support this play.
CF  Daulton Varsho,Toronto Blue Jays,mlb,SB,Toronto_Blue_Jays_at_Washington_Nationals,0.08,0.03,0.03200000000000001,OVER,Targeting CF  Daulton Varsho OVER 0.0 SB. Model projects 0.1 (0.05 edge). Recent trends and opponent weakness support this play.
LF  Davis Schneider,Toronto Blue Jays,mlb,HR,Toronto_Blue_Jays_at_Washington_Nationals,0.05,0.0,0.03200000000000001,OVER,LF  Davis Schneider shows OVER value at 0.0 HR. TC projection: 0.1 — edge: 0.05. Marginal conviction based on usage rate and defensive matchup.
DH  George Springer,Toronto Blue Jays,mlb,SB,Toronto_Blue_Jays_at_Washington_Nationals,0.08,0.03,0.03200000000000001,OVER,DH  George Springer shows OVER value at 0.0 SB. TC projection: 0.1 — edge: 0.05. Marginal conviction based on usage rate and defensive matchup.
3B  Kazuma Okamoto,Toronto Blue Jays,mlb,2B,Toronto_Blue_Jays_at_Washington_Nationals,0.11,0.06,0.03200000000000001,OVER,3B  Kazuma Okamoto shows OVER value at 0.1 2B. TC projection: 0.1 — edge: 0.05. Marginal conviction based on usage rate and defensive matchup.
2B  Luis Urías,Toronto Blue Jays,mlb,2B,Toronto_Blue_Jays_at_Washington_Nationals,0.05,0.0,0.03200000000000001,OVER,Targeting 2B  Luis Urías OVER 0.0 2B. Model projects 0.1 (0.05 edge). Recent trends and opponent weakness support this play.
RF  Nathan Lukes,Toronto Blue Jays,mlb,2B,Toronto_Blue_Jays_at_Washington_Nationals,0.13,0.08,0.03200000000000001,OVER,RF  Nathan Lukes shows OVER value at 0.1 2B. TC projection: 0.1 — edge: 0.05. Marginal conviction based on usage rate and defensive matchup.
1B  Vladimir Guerrero Jr.,Toronto Blue Jays,mlb,2B,Toronto_Blue_Jays_at_Washington_Nationals,0.13,0.08,0.03200000000000001,OVER,Targeting 1B  Vladimir Guerrero Jr. OVER 0.1 2B. Model projects 0.1 (0.05 edge). Recent trends and opponent weakness support this play.
1B  Andrés Chaparro,Washington Nationals,mlb,2B,Toronto_Blue_Jays_at_Washington_Nationals,0.11,0.06,0.03200000000000001,OVER,"Marginal +EV opportunity: 1B  Andrés Chaparro is projected for 0.1 2B vs a line of 0.1, giving a OVER edge of 0.05. Based on recent form, opponent matchup, and game context."
LF  Daylen Lile,Washington Nationals,mlb,SB,Toronto_Blue_Jays_at_Washington_Nationals,0.08,0.03,0.03200000000000001,OVER,"Marginal +EV opportunity: LF  Daylen Lile is projected for 0.1 SB vs a line of 0.0, giving a OVER edge of 0.05. Based on recent form, opponent matchup, and game context."
DH  José Tena,Washington Nationals,mlb,2B,Toronto_Blue_Jays_at_Washington_Nationals,0.11,0.06,0.03200000000000001,OVER,Targeting DH  José Tena OVER 0.1 2B. Model projects 0.1 (0.05 edge). Recent trends and opponent weakness support this play.
DH  Marcell Ozuna,Pittsburgh Pirates,mlb,3B,Arizona_Diamondbacks_at_Pittsburgh_Pirates,0.0,0.05,-0.072,UNDER,DH  Marcell Ozuna shows UNDER value at 0.1 3B. TC projection: 0.0 — edge: 0.05. Marginal conviction based on usage rate and defensive matchup.
DH  Marcell Ozuna,Pittsburgh Pirates,mlb,SB,Arizona_Diamondbacks_at_Pittsburgh_Pirates,0.0,0.05,-0.072,UNDER,"Marginal +EV opportunity: DH  Marcell Ozuna is projected for 0.0 SB vs a line of 0.1, giving a UNDER edge of 0.05. Based on recent form, opponent matchup, and game context."
3B  Nick Gonzales,Pittsburgh Pirates,mlb,SB,Arizona_Diamondbacks_at_Pittsburgh_Pirates,0.03,0.08,-0.072,UNDER,Targeting 3B  Nick Gonzales UNDER 0.1 SB. Model projects 0.0 (0.05 edge). Recent trends and opponent weakness support this play.
RF  Ryan O'Hearn,Pittsburgh Pirates,mlb,3B,Arizona_Diamondbacks_at_Pittsburgh_Pirates,0.0,0.05,-0.072,UNDER,"Marginal +EV opportunity: RF  Ryan O'Hearn is projected for 0.0 3B vs a line of 0.1, giving a UNDER edge of 0.05. Based on recent form, opponent matchup, and game context."
LF  Tyler Callihan,Pittsburgh Pirates,mlb,3B,Arizona_Diamondbacks_at_Pittsburgh_Pirates,0.05,0.1,-0.072,UNDER,"Marginal +EV opportunity: LF  Tyler Callihan is projected for 0.1 3B vs a line of 0.1, giving a UNDER edge of 0.05. Based on recent form, opponent matchup, and game context."
LF  Tyler Callihan,Pittsburgh Pirates,mlb,SB,Arizona_Diamondbacks_at_Pittsburgh_Pirates,0.02,0.07,-0.072,UNDER,Targeting LF  Tyler Callihan UNDER 0.1 SB. Model projects 0.0 (0.05 edge). Recent trends and opponent weakness support this play.
3B  Austin Riley,Atlanta Braves,mlb,2B,Atlanta_Braves_at_New_York_Mets,0.11,0.16,-0.072,UNDER,"Marginal +EV opportunity: 3B  Austin Riley is projected for 0.1 2B vs a line of 0.2, giving a UNDER edge of 0.05. Based on recent form, opponent matchup, and game context."
3B  Austin Riley,Atlanta Braves,mlb,SB,Atlanta_Braves_at_New_York_Mets,0.05,0.1,-0.072,UNDER,3B  Austin Riley shows UNDER value at 0.1 SB. TC projection: 0.1 — edge: 0.05. Marginal conviction based on usage rate and defensive matchup.
RF  Brewer Hicklen,Atlanta Braves,mlb,HR,Atlanta_Braves_at_New_York_Mets,0.0,0.05,-0.072,UNDER,Targeting RF  Brewer Hicklen UNDER 0.1 HR. Model projects 0.0 (0.05 edge). Recent trends and opponent weakness support this play.
RF  Brewer Hicklen,Atlanta Braves,mlb,3B,Atlanta_Braves_at_New_York_Mets,0.0,0.05,-0.072,UNDER,"Marginal +EV opportunity: RF  Brewer Hicklen is projected for 0.0 3B vs a line of 0.1, giving a UNDER edge of 0.05. Based on recent form, opponent matchup, and game context."
RF  Brewer Hicklen,Atlanta Braves,mlb,SB,Atlanta_Braves_at_New_York_Mets,0.0,0.05,-0.072,UNDER,RF  Brewer Hicklen shows UNDER value at 0.1 SB. TC projection: 0.0 — edge: 0.05. Marginal conviction based on usage rate and defensive matchup.
P   Didier Fuentes,Atlanta Braves,mlb,H,Atlanta_Braves_at_New_York_Mets,0.0,0.05,-0.072,UNDER,P   Didier Fuentes shows UNDER value at 0.1 H. TC projection: 0.0 — edge: 0.05. Marginal conviction based on usage rate and defensive matchup.
P   Didier Fuentes,Atlanta Braves,mlb,R,Atlanta_Braves_at_New_York_Mets,0.0,0.05,-0.072,UNDER,Targeting P   Didier Fuentes UNDER 0.1 R. Model projects 0.0 (0.05 edge). Recent trends and opponent weakness support this play.
P   Didier Fuentes,Atlanta Braves,mlb,RBI,Atlanta_Braves_at_New_York_Mets,0.0,0.05,-0.072,UNDER,P   Didier Fuentes shows UNDER value at 0.1 RBI. TC projection: 0.0 — edge: 0.05. Marginal conviction based on usage rate and defensive matchup.
P   Didier Fuentes,Atlanta Braves,mlb,BB,Atlanta_Braves_at_New_York_Mets,0.0,0.05,-0.072,UNDER,"Marginal +EV opportunity: P   Didier Fuentes is projected for 0.0 BB vs a line of 0.1, giving a UNDER edge of 0.05. Based on recent form, opponent matchup, and game context."
DH  Dominic Smith,Atlanta Braves,mlb,SB,Atlanta_Braves_at_New_York_Mets,0.0,0.05,-0.072,UNDER,Targeting DH  Dominic Smith UNDER 0.1 SB. Model projects 0.0 (0.05 edge). Recent trends and opponent weakness support this play.
C   Drake Baldwin,Atlanta Braves,mlb,2B,Atlanta_Braves_at_New_York_Mets,0.06,0.11,-0.072,UNDER,"Marginal +EV opportunity: C   Drake Baldwin is projected for 0.1 2B vs a line of 0.1, giving a UNDER edge of 0.05. Based on recent form, opponent matchup, and game context."
C   Drake Baldwin,Atlanta Braves,mlb,SB,Atlanta_Braves_at_New_York_Mets,0.02,0.07,-0.072,UNDER,Targeting C   Drake Baldwin UNDER 0.1 SB. Model projects 0.0 (0.05 edge). Recent trends and opponent weakness support this play.
RF  Eli White,Atlanta Braves,mlb,2B,Atlanta_Braves_at_New_York_Mets,0.08,0.13,-0.072,UNDER,"Marginal +EV opportunity: RF  Eli White is projected for 0.1 2B vs a line of 0.1, giving a UNDER edge of 0.05. Based on recent form, opponent matchup, and game context."
C   Joey Bart,Atlanta Braves,mlb,3B,Atlanta_Braves_at_New_York_Mets,0.0,0.05,-0.072,UNDER,C   Joey Bart shows UNDER value at 0.1 3B. TC projection: 0.0 — edge: 0.05. Marginal conviction based on usage rate and defensive matchup.
C   Joey Bart,Atlanta Braves,mlb,BB,Atlanta_Braves_at_New_York_Mets,0.11,0.16,-0.072,UNDER,C   Joey Bart shows UNDER value at 0.2 BB. TC projection: 0.1 — edge: 0.05. Marginal conviction based on usage rate and defensive matchup.
C   Joey Bart,Atlanta Braves,mlb,SB,Atlanta_Braves_at_New_York_Mets,0.0,0.05,-0.072,UNDER,Targeting C   Joey Bart UNDER 0.1 SB. Model projects 0.0 (0.05 edge). Recent trends and opponent weakness support this play.
SS  Jorge Mateo,Atlanta Braves,mlb,HR,Atlanta_Braves_at_New_York_Mets,0.05,0.1,-0.072,UNDER,"Marginal +EV opportunity: SS  Jorge Mateo is projected for 0.1 HR vs a line of 0.1, giving a UNDER edge of 0.05. Based on recent form, opponent matchup, and game context."
SS  Jorge Mateo,Atlanta Braves,mlb,3B,Atlanta_Braves_at_New_York_Mets,0.0,0.05,-0.072,UNDER,SS  Jorge Mateo shows UNDER value at 0.1 3B. TC projection: 0.0 — edge: 0.05. Marginal conviction based on usage rate and defensive matchup.
1B  Matt Olson,Atlanta Braves,mlb,3B,Atlanta_Braves_at_New_York_Mets,0.0,0.05,-0.072,UNDER,1B  Matt Olson shows UNDER value at 0.1 3B. TC projection: 0.0 — edge: 0.05. Marginal conviction based on usage rate and defensive matchup.
LF  Mauricio Dubón,Atlanta Braves,mlb,3B,Atlanta_Braves_at_New_York_Mets,0.02,0.07,-0.072,UNDER,LF  Mauricio Dubón shows UNDER value at 0.1 3B. TC projection: 0.0 — edge: 0.05. Marginal conviction based on usage rate and defensive matchup.
LF  Mauricio Dubón,Atlanta Braves,mlb,SB,Atlanta_Braves_at_New_York_Mets,0.02,0.07,-0.072,UNDER,LF  Mauricio Dubón shows UNDER value at 0.1 SB. TC projection: 0.0 — edge: 0.05. Marginal conviction based on usage rate and defensive matchup.
CF  Michael Harris II,Atlanta Braves,mlb,3B,Atlanta_Braves_at_New_York_Mets,0.0,0.05,-0.072,UNDER,CF  Michael Harris II shows UNDER value at 0.1 3B. TC projection: 0.0 — edge: 0.05. Marginal conviction based on usage rate and defensive matchup.
CF  Michael Harris II,Atlanta Braves,mlb,SB,Atlanta_Braves_at_New_York_Mets,0.05,0.1,-0.072,UNDER,"Marginal +EV opportunity: CF  Michael Harris II is projected for 0.1 SB vs a line of 0.1, giving a UNDER edge of 0.05. Based on recent form, opponent matchup, and game context."
LF  Mike Yastrzemski,Atlanta Braves,mlb,HR,Atlanta_Braves_at_New_York_Mets,0.05,0.1,-0.072,UNDER,LF  Mike Yastrzemski shows UNDER value at 0.1 HR. TC projection: 0.1 — edge: 0.05. Marginal conviction based on usage rate and defensive matchup.
2B  Ozzie Albies,Atlanta Braves,mlb,3B,Atlanta_Braves_at_New_York_Mets,0.0,0.05,-0.072,UNDER,"Marginal +EV opportunity: 2B  Ozzie Albies is projected for 0.0 3B vs a line of 0.1, giving a UNDER edge of 0.05. Based on recent form, opponent matchup, and game context."
P   Raisel Iglesias,Atlanta Braves,mlb,HR,Atlanta_Braves_at_New_York_Mets,0.0,0.05,-0.072,UNDER,P   Raisel Iglesias shows UNDER value at 0.1 HR. TC projection: 0.0 — edge: 0.05. Marginal conviction based on usage rate and defensive matchup.
P   Raisel Iglesias,Atlanta Braves,mlb,3B,Atlanta_Braves_at_New_York_Mets,0.0,0.05,-0.072,UNDER,P   Raisel Iglesias shows UNDER value at 0.1 3B. TC projection: 0.0 — edge: 0.05. Marginal conviction based on usage rate and defensive matchup.
P   Reynaldo López,Atlanta Braves,mlb,H,Atlanta_Braves_at_New_York_Mets,0.0,0.05,-0.072,UNDER,"Marginal +EV opportunity: P   Reynaldo López is projected for 0.0 H vs a line of 0.1, giving a UNDER edge of 0.05. Based on recent form, opponent matchup, and game context."
P   Reynaldo López,Atlanta Braves,mlb,R,Atlanta_Braves_at_New_York_Mets,0.0,0.05,-0.072,UNDER,Targeting P   Reynaldo López UNDER 0.1 R. Model projects 0.0 (0.05 edge). Recent trends and opponent weakness support this play.
P   Reynaldo López,Atlanta Braves,mlb,RBI,Atlanta_Braves_at_New_York_Mets,0.0,0.05,-0.072,UNDER,Targeting P   Reynaldo López UNDER 0.1 RBI. Model projects 0.0 (0.05 edge). Recent trends and opponent weakness support this play.
P   Reynaldo López,Atlanta Braves,mlb,HR,Atlanta_Braves_at_New_York_Mets,0.0,0.05,-0.072,UNDER,"Marginal +EV opportunity: P   Reynaldo López is projected for 0.0 HR vs a line of 0.1, giving a UNDER edge of 0.05. Based on recent form, opponent matchup, and game context."
P   Reynaldo López,Atlanta Braves,mlb,2B,Atlanta_Braves_at_New_York_Mets,0.0,0.05,-0.072,UNDER,Targeting P   Reynaldo López UNDER 0.1 2B. Model projects 0.0 (0.05 edge). Recent trends and opponent weakness support this play.
P   Reynaldo López,Atlanta Braves,mlb,3B,Atlanta_Braves_at_New_York_Mets,0.0,0.05,-0.072,UNDER,"Marginal +EV opportunity: P   Reynaldo López is projected for 0.0 3B vs a line of 0.1, giving a UNDER edge of 0.05. Based on recent form, opponent matchup, and game context."
P   Reynaldo López,Atlanta Braves,mlb,BB,Atlanta_Braves_at_New_York_Mets,0.0,0.05,-0.072,UNDER,P   Reynaldo López shows UNDER value at 0.1 BB. TC projection: 0.0 — edge: 0.05. Marginal conviction based on usage rate and defensive matchup.
P   Reynaldo López,Atlanta Braves,mlb,SB,Atlanta_Braves_at_New_York_Mets,0.0,0.05,-0.072,UNDER,P   Reynaldo López shows UNDER value at 0.1 SB. TC projection: 0.0 — edge: 0.05. Marginal conviction based on usage rate and defensive matchup.
P   Tyler Kinley,Atlanta Braves,mlb,H,Atlanta_Braves_at_New_York_Mets,0.0,0.05,-0.072,UNDER,P   Tyler Kinley shows UNDER value at 0.1 H. TC projection: 0.0 — edge: 0.05. Marginal conviction based on usage rate and defensive matchup.
P   Tyler Kinley,Atlanta Braves,mlb,R,Atlanta_Braves_at_New_York_Mets,0.0,0.05,-0.072,UNDER,"Marginal +EV opportunity: P   Tyler Kinley is projected for 0.0 R vs a line of 0.1, giving a UNDER edge of 0.05. Based on recent form, opponent matchup, and game context."
P   Tyler Kinley,Atlanta Braves,mlb,RBI,Atlanta_Braves_at_New_York_Mets,0.0,0.05,-0.072,UNDER,P   Tyler Kinley shows UNDER value at 0.1 RBI. TC projection: 0.0 — edge: 0.05. Marginal conviction based on usage rate and defensive matchup.
P   Tyler Kinley,Atlanta Braves,mlb,HR,Atlanta_Braves_at_New_York_Mets,0.0,0.05,-0.072,UNDER,"Marginal +EV opportunity: P   Tyler Kinley is projected for 0.0 HR vs a line of 0.1, giving a UNDER edge of 0.05. Based on recent form, opponent matchup, and game context."
P   Tyler Kinley,Atlanta Braves,mlb,2B,Atlanta_Braves_at_New_York_Mets,0.0,0.05,-0.072,UNDER,"Marginal +EV opportunity: P   Tyler Kinley is projected for 0.0 2B vs a line of 0.1, giving a UNDER edge of 0.05. Based on recent form, opponent matchup, and game context."
P   Tyler Kinley,Atlanta Braves,mlb,3B,Atlanta_Braves_at_New_York_Mets,0.0,0.05,-0.072,UNDER,P   Tyler Kinley shows UNDER value at 0.1 3B. TC projection: 0.0 — edge: 0.05. Marginal conviction based on usage rate and defensive matchup.
P   Tyler Kinley,Atlanta Braves,mlb,BB,Atlanta_Braves_at_New_York_Mets,0.0,0.05,-0.072,UNDER,Targeting P   Tyler Kinley UNDER 0.1 BB. Model projects 0.0 (0.05 edge). Recent trends and opponent weakness support this play.
P   Victor Mederos,Atlanta Braves,mlb,R,Atlanta_Braves_at_New_York_Mets,0.0,0.05,-0.072,UNDER,"Marginal +EV opportunity: P   Victor Mederos is projected for 0.0 R vs a line of 0.1, giving a UNDER edge of 0.05. Based on recent form, opponent matchup, and game context."
P   Victor Mederos,Atlanta Braves,mlb,2B,Atlanta_Braves_at_New_York_Mets,0.0,0.05,-0.072,UNDER,P   Victor Mederos shows UNDER value at 0.1 2B. TC projection: 0.0 — edge: 0.05. Marginal conviction based on usage rate and defensive matchup.
P   Victor Mederos,Atlanta Braves,mlb,3B,Atlanta_Braves_at_New_York_Mets,0.0,0.05,-0.072,UNDER,P   Victor Mederos shows UNDER value at 0.1 3B. TC projection: 0.0 — edge: 0.05. Marginal conviction based on usage rate and defensive matchup.
P   Victor Mederos,Atlanta Braves,mlb,SB,Atlanta_Braves_at_New_York_Mets,0.0,0.05,-0.072,UNDER,P   Victor Mederos shows UNDER value at 0.1 SB. TC projection: 0.0 — edge: 0.05. Marginal conviction based on usage rate and defensive matchup.
3B  Bo Bichette,New York Mets,mlb,HR,Atlanta_Braves_at_New_York_Mets,0.08,0.13,-0.072,UNDER,3B  Bo Bichette shows UNDER value at 0.1 HR. TC projection: 0.1 — edge: 0.05. Marginal conviction based on usage rate and defensive matchup.
3B  Brett Baty,New York Mets,mlb,HR,Atlanta_Braves_at_New_York_Mets,0.05,0.1,-0.072,UNDER,"Marginal +EV opportunity: 3B  Brett Baty is projected for 0.1 HR vs a line of 0.1, giving a UNDER edge of 0.05. Based on recent form, opponent matchup, and game context."
RF  Carson Benge,New York Mets,mlb,2B,Atlanta_Braves_at_New_York_Mets,0.11,0.16,-0.072,UNDER,"Marginal +EV opportunity: RF  Carson Benge is projected for 0.1 2B vs a line of 0.2, giving a UNDER edge of 0.05. Based on recent form, opponent matchup, and game context."
P   Devin Williams,New York Mets,mlb,H,Atlanta_Braves_at_New_York_Mets,0.0,0.05,-0.072,UNDER,Targeting P   Devin Williams UNDER 0.1 H. Model projects 0.0 (0.05 edge). Recent trends and opponent weakness support this play.
P   Devin Williams,New York Mets,mlb,R,Atlanta_Braves_at_New_York_Mets,0.0,0.05,-0.072,UNDER,P   Devin Williams shows UNDER value at 0.1 R. TC projection: 0.0 — edge: 0.05. Marginal conviction based on usage rate and defensive matchup.
P   Devin Williams,New York Mets,mlb,RBI,Atlanta_Braves_at_New_York_Mets,0.0,0.05,-0.072,UNDER,Targeting P   Devin Williams UNDER 0.1 RBI. Model projects 0.0 (0.05 edge). Recent trends and opponent weakness support this play.
P   Devin Williams,New York Mets,mlb,2B,Atlanta_Braves_at_New_York_Mets,0.0,0.05,-0.072,UNDER,Targeting P   Devin Williams UNDER 0.1 2B. Model projects 0.0 (0.05 edge). Recent trends and opponent weakness support this play.
P   Devin Williams,New York Mets,mlb,3B,Atlanta_Braves_at_New_York_Mets,0.0,0.05,-0.072,UNDER,"Marginal +EV opportunity: P   Devin Williams is projected for 0.0 3B vs a line of 0.1, giving a UNDER edge of 0.05. Based on recent form, opponent matchup, and game context."
P   Devin Williams,New York Mets,mlb,BB,Atlanta_Braves_at_New_York_Mets,0.0,0.05,-0.072,UNDER,P   Devin Williams shows UNDER value at 0.1 BB. TC projection: 0.0 — edge: 0.05. Marginal conviction based on usage rate and defensive matchup.
1B  Eric Wagaman,New York Mets,mlb,HR,Atlanta_Braves_at_New_York_Mets,0.08,0.13,-0.072,UNDER,Targeting 1B  Eric Wagaman UNDER 0.1 HR. Model projects 0.1 (0.05 edge). Recent trends and opponent weakness support this play.
1B  Eric Wagaman,New York Mets,mlb,3B,Atlanta_Braves_at_New_York_Mets,0.0,0.05,-0.072,UNDER,Targeting 1B  Eric Wagaman UNDER 0.1 3B. Model projects 0.0 (0.05 edge). Recent trends and opponent weakness support this play.
1B  Eric Wagaman,New York Mets,mlb,SB,Atlanta_Braves_at_New_York_Mets,0.0,0.05,-0.072,UNDER,Targeting 1B  Eric Wagaman UNDER 0.1 SB. Model projects 0.0 (0.05 edge). Recent trends and opponent weakness support this play.
C   Francisco Alvarez,New York Mets,mlb,SB,Atlanta_Braves_at_New_York_Mets,0.0,0.05,-0.072,UNDER,C   Francisco Alvarez shows UNDER value at 0.1 SB. TC projection: 0.0 — edge: 0.05. Marginal conviction based on usage rate and defensive matchup.
DH  Jorge Polanco,New York Mets,mlb,HR,Atlanta_Braves_at_New_York_Mets,0.03,0.08,-0.072,UNDER,DH  Jorge Polanco shows UNDER value at 0.1 HR. TC projection: 0.0 — edge: 0.05. Marginal conviction based on usage rate and defensive matchup.
DH  Jorge Polanco,New York Mets,mlb,3B,Atlanta_Braves_at_New_York_Mets,0.0,0.05,-0.072,UNDER,DH  Jorge Polanco shows UNDER value at 0.1 3B. TC projection: 0.0 — edge: 0.05. Marginal conviction based on usage rate and defensive matchup.
DH  Jorge Polanco,New York Mets,mlb,SB,Atlanta_Braves_at_New_York_Mets,0.0,0.05,-0.072,UNDER,"Marginal +EV opportunity: DH  Jorge Polanco is projected for 0.0 SB vs a line of 0.1, giving a UNDER edge of 0.05. Based on recent form, opponent matchup, and game context."
CF  Luis Robert Jr.,New York Mets,mlb,3B,Atlanta_Braves_at_New_York_Mets,0.0,0.05,-0.072,UNDER,Targeting CF  Luis Robert Jr. UNDER 0.1 3B. Model projects 0.0 (0.05 edge). Recent trends and opponent weakness support this play.
CF  Luis Robert Jr.,New York Mets,mlb,SB,Atlanta_Braves_at_New_York_Mets,0.06,0.11,-0.072,UNDER,CF  Luis Robert Jr. shows UNDER value at 0.1 SB. TC projection: 0.1 — edge: 0.05. Marginal conviction based on usage rate and defensive matchup.
P   Luke Weaver,New York Mets,mlb,H,Atlanta_Braves_at_New_York_Mets,0.0,0.05,-0.072,UNDER,Targeting P   Luke Weaver UNDER 0.1 H. Model projects 0.0 (0.05 edge). Recent trends and opponent weakness support this play.
2B  Marcus Semien,New York Mets,mlb,HR,Atlanta_Braves_at_New_York_Mets,0.11,0.16,-0.072,UNDER,"Marginal +EV opportunity: 2B  Marcus Semien is projected for 0.1 HR vs a line of 0.2, giving a UNDER edge of 0.05. Based on recent form, opponent matchup, and game context."
2B  Marcus Semien,New York Mets,mlb,2B,Atlanta_Braves_at_New_York_Mets,0.08,0.13,-0.072,UNDER,Targeting 2B  Marcus Semien UNDER 0.1 2B. Model projects 0.1 (0.05 edge). Recent trends and opponent weakness support this play.
2B  Marcus Semien,New York Mets,mlb,SB,Atlanta_Braves_at_New_York_Mets,0.06,0.11,-0.072,UNDER,"Marginal +EV opportunity: 2B  Marcus Semien is projected for 0.1 SB vs a line of 0.1, giving a UNDER edge of 0.05. Based on recent form, opponent matchup, and game context."
CF  Tyrone Taylor,New York Mets,mlb,HR,Atlanta_Braves_at_New_York_Mets,0.11,0.16,-0.072,UNDER,Targeting CF  Tyrone Taylor UNDER 0.2 HR. Model projects 0.1 (0.05 edge). Recent trends and opponent weakness support this play.
CF  Tyrone Taylor,New York Mets,mlb,SB,Atlanta_Braves_at_New_York_Mets,0.0,0.05,-0.072,UNDER,Targeting CF  Tyrone Taylor UNDER 0.1 SB. Model projects 0.0 (0.05 edge). Recent trends and opponent weakness support this play.
C   Chadwick Tromp,Baltimore Orioles,mlb,HR,Baltimore_Orioles_at_Detroit_Tigers,0.0,0.05,-0.072,UNDER,"Marginal +EV opportunity: C   Chadwick Tromp is projected for 0.0 HR vs a line of 0.1, giving a UNDER edge of 0.05. Based on recent form, opponent matchup, and game context."
3B  Christian Encarnacion-Strand,Baltimore Orioles,mlb,3B,Baltimore_Orioles_at_Detroit_Tigers,0.0,0.05,-0.072,UNDER,"Marginal +EV opportunity: 3B  Christian Encarnacion-Strand is projected for 0.0 3B vs a line of 0.1, giving a UNDER edge of 0.05. Based on recent form, opponent matchup, and game context."
3B  Coby Mayo,Baltimore Orioles,mlb,3B,Baltimore_Orioles_at_Detroit_Tigers,0.0,0.05,-0.072,UNDER,3B  Coby Mayo shows UNDER value at 0.1 3B. TC projection: 0.0 — edge: 0.05. Marginal conviction based on usage rate and defensive matchup.
3B  Coby Mayo,Baltimore Orioles,mlb,SB,Baltimore_Orioles_at_Detroit_Tigers,0.02,0.07,-0.072,UNDER,3B  Coby Mayo shows UNDER value at 0.1 SB. TC projection: 0.0 — edge: 0.05. Marginal conviction based on usage rate and defensive matchup.
CF  Colton Cowser,Baltimore Orioles,mlb,3B,Baltimore_Orioles_at_Detroit_Tigers,0.0,0.05,-0.072,UNDER,Targeting CF  Colton Cowser UNDER 0.1 3B. Model projects 0.0 (0.05 edge). Recent trends and opponent weakness support this play.
SS  Gunnar Henderson,Baltimore Orioles,mlb,3B,Baltimore_Orioles_at_Detroit_Tigers,0.02,0.07,-0.072,UNDER,"Marginal +EV opportunity: SS  Gunnar Henderson is projected for 0.0 3B vs a line of 0.1, giving a UNDER edge of 0.05. Based on recent form, opponent matchup, and game context."
SS  Gunnar Henderson,Baltimore Orioles,mlb,SB,Baltimore_Orioles_at_Detroit_Tigers,0.06,0.11,-0.072,UNDER,"Marginal +EV opportunity: SS  Gunnar Henderson is projected for 0.1 SB vs a line of 0.1, giving a UNDER edge of 0.05. Based on recent form, opponent matchup, and game context."
2B  Jackson Holliday,Baltimore Orioles,mlb,2B,Baltimore_Orioles_at_Detroit_Tigers,0.06,0.11,-0.072,UNDER,Targeting 2B  Jackson Holliday UNDER 0.1 2B. Model projects 0.1 (0.05 edge). Recent trends and opponent weakness support this play.
2B  Jeremiah Jackson,Baltimore Orioles,mlb,HR,Baltimore_Orioles_at_Detroit_Tigers,0.08,0.13,-0.072,UNDER,"Marginal +EV opportunity: 2B  Jeremiah Jackson is projected for 0.1 HR vs a line of 0.1, giving a UNDER edge of 0.05. Based on recent form, opponent matchup, and game context."
2B  Jeremiah Jackson,Baltimore Orioles,mlb,2B,Baltimore_Orioles_at_Detroit_Tigers,0.11,0.16,-0.072,UNDER,"Marginal +EV opportunity: 2B  Jeremiah Jackson is projected for 0.1 2B vs a line of 0.2, giving a UNDER edge of 0.05. Based on recent form, opponent matchup, and game context."
P   Kyle Bradish,Baltimore Orioles,mlb,RBI,Baltimore_Orioles_at_Detroit_Tigers,0.0,0.05,-0.072,UNDER,Targeting P   Kyle Bradish UNDER 0.1 RBI. Model projects 0.0 (0.05 edge). Recent trends and opponent weakness support this play.
P   Kyle Bradish,Baltimore Orioles,mlb,2B,Baltimore_Orioles_at_Detroit_Tigers,0.0,0.05,-0.072,UNDER,Targeting P   Kyle Bradish UNDER 0.1 2B. Model projects 0.0 (0.05 edge). Recent trends and opponent weakness support this play.
P   Rico Garcia,Baltimore Orioles,mlb,H,Baltimore_Orioles_at_Detroit_Tigers,0.0,0.05,-0.072,UNDER,Targeting P   Rico Garcia UNDER 0.1 H. Model projects 0.0 (0.05 edge). Recent trends and opponent weakness support this play.
P   Rico Garcia,Baltimore Orioles,mlb,HR,Baltimore_Orioles_at_Detroit_Tigers,0.0,0.05,-0.072,UNDER,"Marginal +EV opportunity: P   Rico Garcia is projected for 0.0 HR vs a line of 0.1, giving a UNDER edge of 0.05. Based on recent form, opponent matchup, and game context."
P   Rico Garcia,Baltimore Orioles,mlb,2B,Baltimore_Orioles_at_Detroit_Tigers,0.0,0.05,-0.072,UNDER,"Marginal +EV opportunity: P   Rico Garcia is projected for 0.0 2B vs a line of 0.1, giving a UNDER edge of 0.05. Based on recent form, opponent matchup, and game context."
P   Rico Garcia,Baltimore Orioles,mlb,3B,Baltimore_Orioles_at_Detroit_Tigers,0.0,0.05,-0.072,UNDER,P   Rico Garcia shows UNDER value at 0.1 3B. TC projection: 0.0 — edge: 0.05. Marginal conviction based on usage rate and defensive matchup.
P   Rico Garcia,Baltimore Orioles,mlb,BB,Baltimore_Orioles_at_Detroit_Tigers,0.0,0.05,-0.072,UNDER,Targeting P   Rico Garcia UNDER 0.1 BB. Model projects 0.0 (0.05 edge). Recent trends and opponent weakness support this play.
C   Sam Huff,Baltimore Orioles,mlb,RBI,Baltimore_Orioles_at_Detroit_Tigers,0.06,0.11,-0.072,UNDER,"Marginal +EV opportunity: C   Sam Huff is projected for 0.1 RBI vs a line of 0.1, giving a UNDER edge of 0.05. Based on recent form, opponent matchup, and game context."
C   Sam Huff,Baltimore Orioles,mlb,3B,Baltimore_Orioles_at_Detroit_Tigers,0.0,0.05,-0.072,UNDER,Targeting C   Sam Huff UNDER 0.1 3B. Model projects 0.0 (0.05 edge). Recent trends and opponent weakness support this play.
C   Sam Huff,Baltimore Orioles,mlb,BB,Baltimore_Orioles_at_Detroit_Tigers,0.06,0.11,-0.072,UNDER,C   Sam Huff shows UNDER value at 0.1 BB. TC projection: 0.1 — edge: 0.05. Marginal conviction based on usage rate and defensive matchup.
C   Sam Huff,Baltimore Orioles,mlb,SB,Baltimore_Orioles_at_Detroit_Tigers,0.0,0.05,-0.072,UNDER,"Marginal +EV opportunity: C   Sam Huff is projected for 0.0 SB vs a line of 0.1, giving a UNDER edge of 0.05. Based on recent form, opponent matchup, and game context."
LF  Taylor Ward,Baltimore Orioles,mlb,SB,Baltimore_Orioles_at_Detroit_Tigers,0.03,0.08,-0.072,UNDER,Targeting LF  Taylor Ward UNDER 0.1 SB. Model projects 0.0 (0.05 edge). Recent trends and opponent weakness support this play.
RF  Tyler O'Neill,Baltimore Orioles,mlb,HR,Baltimore_Orioles_at_Detroit_Tigers,0.08,0.13,-0.072,UNDER,"Marginal +EV opportunity: RF  Tyler O'Neill is projected for 0.1 HR vs a line of 0.1, giving a UNDER edge of 0.05. Based on recent form, opponent matchup, and game context."
RF  Ben Malgeri,Detroit Tigers,mlb,3B,Baltimore_Orioles_at_Detroit_Tigers,0.0,0.05,-0.072,UNDER,RF  Ben Malgeri shows UNDER value at 0.1 3B. TC projection: 0.0 — edge: 0.05. Marginal conviction based on usage rate and defensive matchup.
RF  Ben Malgeri,Detroit Tigers,mlb,SB,Baltimore_Orioles_at_Detroit_Tigers,0.0,0.05,-0.072,UNDER,"Marginal +EV opportunity: RF  Ben Malgeri is projected for 0.0 SB vs a line of 0.1, giving a UNDER edge of 0.05. Based on recent form, opponent matchup, and game context."
3B  Colt Keith,Detroit Tigers,mlb,3B,Baltimore_Orioles_at_Detroit_Tigers,0.02,0.07,-0.072,UNDER,3B  Colt Keith shows UNDER value at 0.1 3B. TC projection: 0.0 — edge: 0.05. Marginal conviction based on usage rate and defensive matchup.
C   Dillon Dingler,Detroit Tigers,mlb,3B,Baltimore_Orioles_at_Detroit_Tigers,0.02,0.07,-0.072,UNDER,"Marginal +EV opportunity: C   Dillon Dingler is projected for 0.0 3B vs a line of 0.1, giving a UNDER edge of 0.05. Based on recent form, opponent matchup, and game context."
2B  Gleyber Torres,Detroit Tigers,mlb,3B,Baltimore_Orioles_at_Detroit_Tigers,0.0,0.05,-0.072,UNDER,Targeting 2B  Gleyber Torres UNDER 0.1 3B. Model projects 0.0 (0.05 edge). Recent trends and opponent weakness support this play.
2B  Gleyber Torres,Detroit Tigers,mlb,SB,Baltimore_Orioles_at_Detroit_Tigers,0.0,0.05,-0.072,UNDER,"Marginal +EV opportunity: 2B  Gleyber Torres is projected for 0.0 SB vs a line of 0.1, giving a UNDER edge of 0.05. Based on recent form, opponent matchup, and game context."
P   Jacob Waguespack,Detroit Tigers,mlb,R,Baltimore_Orioles_at_Detroit_Tigers,0.0,0.05,-0.072,UNDER,"Marginal +EV opportunity: P   Jacob Waguespack is projected for 0.0 R vs a line of 0.1, giving a UNDER edge of 0.05. Based on recent form, opponent matchup, and game context."
P   Jacob Waguespack,Detroit Tigers,mlb,HR,Baltimore_Orioles_at_Detroit_Tigers,0.0,0.05,-0.072,UNDER,"Marginal +EV opportunity: P   Jacob Waguespack is projected for 0.0 HR vs a line of 0.1, giving a UNDER edge of 0.05. Based on recent form, opponent matchup, and game context."
P   Jacob Waguespack,Detroit Tigers,mlb,2B,Baltimore_Orioles_at_Detroit_Tigers,0.0,0.05,-0.072,UNDER,P   Jacob Waguespack shows UNDER value at 0.1 2B. TC projection: 0.0 — edge: 0.05. Marginal conviction based on usage rate and defensive matchup.
P   Jacob Waguespack,Detroit Tigers,mlb,3B,Baltimore_Orioles_at_Detroit_Tigers,0.0,0.05,-0.072,UNDER,P   Jacob Waguespack shows UNDER value at 0.1 3B. TC projection: 0.0 — edge: 0.05. Marginal conviction based on usage rate and defensive matchup.
P   Jacob Waguespack,Detroit Tigers,mlb,BB,Baltimore_Orioles_at_Detroit_Tigers,0.0,0.05,-0.072,UNDER,"Marginal +EV opportunity: P   Jacob Waguespack is projected for 0.0 BB vs a line of 0.1, giving a UNDER edge of 0.05. Based on recent form, opponent matchup, and game context."
C   Jake Rogers,Detroit Tigers,mlb,3B,Baltimore_Orioles_at_Detroit_Tigers,0.02,0.07,-0.072,UNDER,Targeting C   Jake Rogers UNDER 0.1 3B. Model projects 0.0 (0.05 edge). Recent trends and opponent weakness support this play.
C   Jake Rogers,Detroit Tigers,mlb,SB,Baltimore_Orioles_at_Detroit_Tigers,0.02,0.07,-0.072,UNDER,C   Jake Rogers shows UNDER value at 0.1 SB. TC projection: 0.0 — edge: 0.05. Marginal conviction based on usage rate and defensive matchup.
CF  James Outman,Detroit Tigers,mlb,3B,Baltimore_Orioles_at_Detroit_Tigers,0.02,0.07,-0.072,UNDER,"Marginal +EV opportunity: CF  James Outman is projected for 0.0 3B vs a line of 0.1, giving a UNDER edge of 0.05. Based on recent form, opponent matchup, and game context."
P   Kenley Jansen,Detroit Tigers,mlb,H,Baltimore_Orioles_at_Detroit_Tigers,0.0,0.05,-0.072,UNDER,P   Kenley Jansen shows UNDER value at 0.1 H. TC projection: 0.0 — edge: 0.05. Marginal conviction based on usage rate and defensive matchup.
P   Kenley Jansen,Detroit Tigers,mlb,R,Baltimore_Orioles_at_Detroit_Tigers,0.0,0.05,-0.072,UNDER,P   Kenley Jansen shows UNDER value at 0.1 R. TC projection: 0.0 — edge: 0.05. Marginal conviction based on usage rate and defensive matchup.
P   Kenley Jansen,Detroit Tigers,mlb,RBI,Baltimore_Orioles_at_Detroit_Tigers,0.0,0.05,-0.072,UNDER,P   Kenley Jansen shows UNDER value at 0.1 RBI. TC projection: 0.0 — edge: 0.05. Marginal conviction based on usage rate and defensive matchup.
P   Kenley Jansen,Detroit Tigers,mlb,BB,Baltimore_Orioles_at_Detroit_Tigers,0.0,0.05,-0.072,UNDER,P   Kenley Jansen shows UNDER value at 0.1 BB. TC projection: 0.0 — edge: 0.05. Marginal conviction based on usage rate and defensive matchup.
RF  Kerry Carpenter,Detroit Tigers,mlb,2B,Baltimore_Orioles_at_Detroit_Tigers,0.05,0.1,-0.072,UNDER,"Marginal +EV opportunity: RF  Kerry Carpenter is projected for 0.1 2B vs a line of 0.1, giving a UNDER edge of 0.05. Based on recent form, opponent matchup, and game context."
RF  Kerry Carpenter,Detroit Tigers,mlb,3B,Baltimore_Orioles_at_Detroit_Tigers,0.02,0.07,-0.072,UNDER,Targeting RF  Kerry Carpenter UNDER 0.1 3B. Model projects 0.0 (0.05 edge). Recent trends and opponent weakness support this play.
SS  Kevin McGonigle,Detroit Tigers,mlb,HR,Baltimore_Orioles_at_Detroit_Tigers,0.08,0.13,-0.072,UNDER,"Marginal +EV opportunity: SS  Kevin McGonigle is projected for 0.1 HR vs a line of 0.1, giving a UNDER edge of 0.05. Based on recent form, opponent matchup, and game context."
SS  Kevin McGonigle,Detroit Tigers,mlb,3B,Baltimore_Orioles_at_Detroit_Tigers,0.03,0.08,-0.072,UNDER,"Marginal +EV opportunity: SS  Kevin McGonigle is projected for 0.0 3B vs a line of 0.1, giving a UNDER edge of 0.05. Based on recent form, opponent matchup, and game context."
CF  Matt Vierling,Detroit Tigers,mlb,HR,Baltimore_Orioles_at_Detroit_Tigers,0.05,0.1,-0.072,UNDER,Targeting CF  Matt Vierling UNDER 0.1 HR. Model projects 0.1 (0.05 edge). Recent trends and opponent weakness support this play.
1B  Spencer Torkelson,Detroit Tigers,mlb,3B,Baltimore_Orioles_at_Detroit_Tigers,0.0,0.05,-0.072,UNDER,1B  Spencer Torkelson shows UNDER value at 0.1 3B. TC projection: 0.0 — edge: 0.05. Marginal conviction based on usage rate and defensive matchup.
2B  Zach McKinstry,Detroit Tigers,mlb,3B,Baltimore_Orioles_at_Detroit_Tigers,0.02,0.07,-0.072,UNDER,2B  Zach McKinstry shows UNDER value at 0.1 3B. TC projection: 0.0 — edge: 0.05. Marginal conviction based on usage rate and defensive matchup.
SS  Andruw Monasterio,Boston Red Sox,mlb,SB,Boston_Red_Sox_at_Athletics,0.03,0.08,-0.072,UNDER,Targeting SS  Andruw Monasterio UNDER 0.1 SB. Model projects 0.0 (0.05 edge). Recent trends and opponent weakness support this play.
2B  Anthony Seigler,Boston Red Sox,mlb,SB,Boston_Red_Sox_at_Athletics,0.06,0.11,-0.072,UNDER,"Marginal +EV opportunity: 2B  Anthony Seigler is projected for 0.1 SB vs a line of 0.1, giving a UNDER edge of 0.05. Based on recent form, opponent matchup, and game context."
P   Aroldis Chapman,Boston Red Sox,mlb,H,Boston_Red_Sox_at_Athletics,0.0,0.05,-0.072,UNDER,Targeting P   Aroldis Chapman UNDER 0.1 H. Model projects 0.0 (0.05 edge). Recent trends and opponent weakness support this play.
P   Aroldis Chapman,Boston Red Sox,mlb,2B,Boston_Red_Sox_at_Athletics,0.0,0.05,-0.072,UNDER,"Marginal +EV opportunity: P   Aroldis Chapman is projected for 0.0 2B vs a line of 0.1, giving a UNDER edge of 0.05. Based on recent form, opponent matchup, and game context."
P   Aroldis Chapman,Boston Red Sox,mlb,3B,Boston_Red_Sox_at_Athletics,0.0,0.05,-0.072,UNDER,Targeting P   Aroldis Chapman UNDER 0.1 3B. Model projects 0.0 (0.05 edge). Recent trends and opponent weakness support this play.
P   Aroldis Chapman,Boston Red Sox,mlb,SB,Boston_Red_Sox_at_Athletics,0.0,0.05,-0.072,UNDER,Targeting P   Aroldis Chapman UNDER 0.1 SB. Model projects 0.0 (0.05 edge). Recent trends and opponent weakness support this play.
C   Carlos Narváez,Boston Red Sox,mlb,3B,Boston_Red_Sox_at_Athletics,0.0,0.05,-0.072,UNDER,Targeting C   Carlos Narváez UNDER 0.1 3B. Model projects 0.0 (0.05 edge). Recent trends and opponent weakness support this play.
CF  Ceddanne Rafaela,Boston Red Sox,mlb,3B,Boston_Red_Sox_at_Athletics,0.02,0.07,-0.072,UNDER,"Marginal +EV opportunity: CF  Ceddanne Rafaela is projected for 0.0 3B vs a line of 0.1, giving a UNDER edge of 0.05. Based on recent form, opponent matchup, and game context."
C   Connor Wong,Boston Red Sox,mlb,3B,Boston_Red_Sox_at_Athletics,0.0,0.05,-0.072,UNDER,Targeting C   Connor Wong UNDER 0.1 3B. Model projects 0.0 (0.05 edge). Recent trends and opponent weakness support this play.
C   Connor Wong,Boston Red Sox,mlb,SB,Boston_Red_Sox_at_Athletics,0.05,0.1,-0.072,UNDER,"Marginal +EV opportunity: C   Connor Wong is projected for 0.1 SB vs a line of 0.1, giving a UNDER edge of 0.05. Based on recent form, opponent matchup, and game context."
P   Garrett Whitlock,Boston Red Sox,mlb,RBI,Boston_Red_Sox_at_Athletics,0.0,0.05,-0.072,UNDER,P   Garrett Whitlock shows UNDER value at 0.1 RBI. TC projection: 0.0 — edge: 0.05. Marginal conviction based on usage rate and defensive matchup.
P   Garrett Whitlock,Boston Red Sox,mlb,3B,Boston_Red_Sox_at_Athletics,0.0,0.05,-0.072,UNDER,"Marginal +EV opportunity: P   Garrett Whitlock is projected for 0.0 3B vs a line of 0.1, giving a UNDER edge of 0.05. Based on recent form, opponent matchup, and game context."
P   Garrett Whitlock,Boston Red Sox,mlb,BB,Boston_Red_Sox_at_Athletics,0.0,0.05,-0.072,UNDER,Targeting P   Garrett Whitlock UNDER 0.1 BB. Model projects 0.0 (0.05 edge). Recent trends and opponent weakness support this play.
LF  Jarren Duran,Boston Red Sox,mlb,HR,Boston_Red_Sox_at_Athletics,0.11,0.16,-0.072,UNDER,"Marginal +EV opportunity: LF  Jarren Duran is projected for 0.1 HR vs a line of 0.2, giving a UNDER edge of 0.05. Based on recent form, opponent matchup, and game context."
LF  Jarren Duran,Boston Red Sox,mlb,3B,Boston_Red_Sox_at_Athletics,0.03,0.08,-0.072,UNDER,LF  Jarren Duran shows UNDER value at 0.1 3B. TC projection: 0.0 — edge: 0.05. Marginal conviction based on usage rate and defensive matchup.
DH  Masataka Yoshida,Boston Red Sox,mlb,SB,Boston_Red_Sox_at_Athletics,0.02,0.07,-0.072,UNDER,DH  Masataka Yoshida shows UNDER value at 0.1 SB. TC projection: 0.0 — edge: 0.05. Marginal conviction based on usage rate and defensive matchup.
DH  Romy Gonzalez,Boston Red Sox,mlb,3B,Boston_Red_Sox_at_Athletics,0.05,0.1,-0.072,UNDER,DH  Romy Gonzalez shows UNDER value at 0.1 3B. TC projection: 0.1 — edge: 0.05. Marginal conviction based on usage rate and defensive matchup.
DH  Romy Gonzalez,Boston Red Sox,mlb,SB,Boston_Red_Sox_at_Athletics,0.05,0.1,-0.072,UNDER,DH  Romy Gonzalez shows UNDER value at 0.1 SB. TC projection: 0.1 — edge: 0.05. Marginal conviction based on usage rate and defensive matchup.
1B  Willson Contreras,Boston Red Sox,mlb,3B,Boston_Red_Sox_at_Athletics,0.02,0.07,-0.072,UNDER,1B  Willson Contreras shows UNDER value at 0.1 3B. TC projection: 0.0 — edge: 0.05. Marginal conviction based on usage rate and defensive matchup.
SS  Alika Williams,Athletics,mlb,SB,Boston_Red_Sox_at_Athletics,0.0,0.05,-0.072,UNDER,"Marginal +EV opportunity: SS  Alika Williams is projected for 0.0 SB vs a line of 0.1, giving a UNDER edge of 0.05. Based on recent form, opponent matchup, and game context."
RF  Carlos Cortes,Athletics,mlb,HR,Boston_Red_Sox_at_Athletics,0.08,0.13,-0.072,UNDER,"Marginal +EV opportunity: RF  Carlos Cortes is projected for 0.1 HR vs a line of 0.1, giving a UNDER edge of 0.05. Based on recent form, opponent matchup, and game context."
RF  Colby Thomas,Athletics,mlb,2B,Boston_Red_Sox_at_Athletics,0.05,0.1,-0.072,UNDER,Targeting RF  Colby Thomas UNDER 0.1 2B. Model projects 0.1 (0.05 edge). Recent trends and opponent weakness support this play.
RF  Colby Thomas,Athletics,mlb,3B,Boston_Red_Sox_at_Athletics,0.0,0.05,-0.072,UNDER,RF  Colby Thomas shows UNDER value at 0.1 3B. TC projection: 0.0 — edge: 0.05. Marginal conviction based on usage rate and defensive matchup.
RF  Colby Thomas,Athletics,mlb,SB,Boston_Red_Sox_at_Athletics,0.02,0.07,-0.072,UNDER,RF  Colby Thomas shows UNDER value at 0.1 SB. TC projection: 0.0 — edge: 0.05. Marginal conviction based on usage rate and defensive matchup.
3B  Donovan Walton,Athletics,mlb,3B,Boston_Red_Sox_at_Athletics,0.02,0.07,-0.072,UNDER,Targeting 3B  Donovan Walton UNDER 0.1 3B. Model projects 0.0 (0.05 edge). Recent trends and opponent weakness support this play.
CF  Henry Bolte,Athletics,mlb,3B,Boston_Red_Sox_at_Athletics,0.0,0.05,-0.072,UNDER,"Marginal +EV opportunity: CF  Henry Bolte is projected for 0.0 3B vs a line of 0.1, giving a UNDER edge of 0.05. Based on recent form, opponent matchup, and game context."
P   Jack Perkins,Athletics,mlb,H,Boston_Red_Sox_at_Athletics,0.0,0.05,-0.072,UNDER,P   Jack Perkins shows UNDER value at 0.1 H. TC projection: 0.0 — edge: 0.05. Marginal conviction based on usage rate and defensive matchup.
P   Jack Perkins,Athletics,mlb,RBI,Boston_Red_Sox_at_Athletics,0.0,0.05,-0.072,UNDER,Targeting P   Jack Perkins UNDER 0.1 RBI. Model projects 0.0 (0.05 edge). Recent trends and opponent weakness support this play.
P   Jack Perkins,Athletics,mlb,2B,Boston_Red_Sox_at_Athletics,0.0,0.05,-0.072,UNDER,P   Jack Perkins shows UNDER value at 0.1 2B. TC projection: 0.0 — edge: 0.05. Marginal conviction based on usage rate and defensive matchup.
P   Jack Perkins,Athletics,mlb,3B,Boston_Red_Sox_at_Athletics,0.0,0.05,-0.072,UNDER,Targeting P   Jack Perkins UNDER 0.1 3B. Model projects 0.0 (0.05 edge). Recent trends and opponent weakness support this play.
P   Jack Perkins,Athletics,mlb,BB,Boston_Red_Sox_at_Athletics,0.0,0.05,-0.072,UNDER,Targeting P   Jack Perkins UNDER 0.1 BB. Model projects 0.0 (0.05 edge). Recent trends and opponent weakness support this play.
P   Jack Perkins,Athletics,mlb,SB,Boston_Red_Sox_at_Athletics,0.0,0.05,-0.072,UNDER,"Marginal +EV opportunity: P   Jack Perkins is projected for 0.0 SB vs a line of 0.1, giving a UNDER edge of 0.05. Based on recent form, opponent matchup, and game context."
2B  Jeff McNeil,Athletics,mlb,3B,Boston_Red_Sox_at_Athletics,0.0,0.05,-0.072,UNDER,"Marginal +EV opportunity: 2B  Jeff McNeil is projected for 0.0 3B vs a line of 0.1, giving a UNDER edge of 0.05. Based on recent form, opponent matchup, and game context."
RF  Lawrence Butler,Athletics,mlb,SB,Boston_Red_Sox_at_Athletics,0.05,0.1,-0.072,UNDER,RF  Lawrence Butler shows UNDER value at 0.1 SB. TC projection: 0.1 — edge: 0.05. Marginal conviction based on usage rate and defensive matchup.
1B  Nick Kurtz,Athletics,mlb,SB,Boston_Red_Sox_at_Athletics,0.06,0.11,-0.072,UNDER,1B  Nick Kurtz shows UNDER value at 0.1 SB. TC projection: 0.1 — edge: 0.05. Marginal conviction based on usage rate and defensive matchup.
3B  Tommy White,Athletics,mlb,HR,Boston_Red_Sox_at_Athletics,0.0,0.05,-0.072,UNDER,Targeting 3B  Tommy White UNDER 0.1 HR. Model projects 0.0 (0.05 edge). Recent trends and opponent weakness support this play.
3B  Tommy White,Athletics,mlb,3B,Boston_Red_Sox_at_Athletics,0.0,0.05,-0.072,UNDER,3B  Tommy White shows UNDER value at 0.1 3B. TC projection: 0.0 — edge: 0.05. Marginal conviction based on usage rate and defensive matchup.
3B  Tommy White,Athletics,mlb,SB,Boston_Red_Sox_at_Athletics,0.0,0.05,-0.072,UNDER,3B  Tommy White shows UNDER value at 0.1 SB. TC projection: 0.0 — edge: 0.05. Marginal conviction based on usage rate and defensive matchup.
3B  Alex Bregman,Chicago Cubs,mlb,SB,Chicago_Cubs_at_St_Louis_Cardinals,0.02,0.07,-0.072,UNDER,"Marginal +EV opportunity: 3B  Alex Bregman is projected for 0.0 SB vs a line of 0.1, giving a UNDER edge of 0.05. Based on recent form, opponent matchup, and game context."
P   Caleb Thielbar,Chicago Cubs,mlb,H,Chicago_Cubs_at_St_Louis_Cardinals,0.0,0.05,-0.072,UNDER,P   Caleb Thielbar shows UNDER value at 0.1 H. TC projection: 0.0 — edge: 0.05. Marginal conviction based on usage rate and defensive matchup.
P   Caleb Thielbar,Chicago Cubs,mlb,R,Chicago_Cubs_at_St_Louis_Cardinals,0.0,0.05,-0.072,UNDER,"Marginal +EV opportunity: P   Caleb Thielbar is projected for 0.0 R vs a line of 0.1, giving a UNDER edge of 0.05. Based on recent form, opponent matchup, and game context."
P   Caleb Thielbar,Chicago Cubs,mlb,RBI,Chicago_Cubs_at_St_Louis_Cardinals,0.0,0.05,-0.072,UNDER,Targeting P   Caleb Thielbar UNDER 0.1 RBI. Model projects 0.0 (0.05 edge). Recent trends and opponent weakness support this play.
P   Caleb Thielbar,Chicago Cubs,mlb,3B,Chicago_Cubs_at_St_Louis_Cardinals,0.0,0.05,-0.072,UNDER,P   Caleb Thielbar shows UNDER value at 0.1 3B. TC projection: 0.0 — edge: 0.05. Marginal conviction based on usage rate and defensive matchup.
P   Caleb Thielbar,Chicago Cubs,mlb,SB,Chicago_Cubs_at_St_Louis_Cardinals,0.0,0.05,-0.072,UNDER,P   Caleb Thielbar shows UNDER value at 0.1 SB. TC projection: 0.0 — edge: 0.05. Marginal conviction based on usage rate and defensive matchup.
C   Carson Kelly,Chicago Cubs,mlb,2B,Chicago_Cubs_at_St_Louis_Cardinals,0.11,0.16,-0.072,UNDER,"Marginal +EV opportunity: C   Carson Kelly is projected for 0.1 2B vs a line of 0.2, giving a UNDER edge of 0.05. Based on recent form, opponent matchup, and game context."
C   Carson Kelly,Chicago Cubs,mlb,3B,Chicago_Cubs_at_St_Louis_Cardinals,0.0,0.05,-0.072,UNDER,"Marginal +EV opportunity: C   Carson Kelly is projected for 0.0 3B vs a line of 0.1, giving a UNDER edge of 0.05. Based on recent form, opponent matchup, and game context."
SS  Dansby Swanson,Chicago Cubs,mlb,2B,Chicago_Cubs_at_St_Louis_Cardinals,0.11,0.16,-0.072,UNDER,SS  Dansby Swanson shows UNDER value at 0.2 2B. TC projection: 0.1 — edge: 0.05. Marginal conviction based on usage rate and defensive matchup.
SS  Dansby Swanson,Chicago Cubs,mlb,3B,Chicago_Cubs_at_St_Louis_Cardinals,0.02,0.07,-0.072,UNDER,SS  Dansby Swanson shows UNDER value at 0.1 3B. TC projection: 0.0 — edge: 0.05. Marginal conviction based on usage rate and defensive matchup.
P   Javier Assad,Chicago Cubs,mlb,HR,Chicago_Cubs_at_St_Louis_Cardinals,0.0,0.05,-0.072,UNDER,Targeting P   Javier Assad UNDER 0.1 HR. Model projects 0.0 (0.05 edge). Recent trends and opponent weakness support this play.
P   Javier Assad,Chicago Cubs,mlb,3B,Chicago_Cubs_at_St_Louis_Cardinals,0.0,0.05,-0.072,UNDER,"Marginal +EV opportunity: P   Javier Assad is projected for 0.0 3B vs a line of 0.1, giving a UNDER edge of 0.05. Based on recent form, opponent matchup, and game context."
P   Javier Assad,Chicago Cubs,mlb,BB,Chicago_Cubs_at_St_Louis_Cardinals,0.0,0.05,-0.072,UNDER,"Marginal +EV opportunity: P   Javier Assad is projected for 0.0 BB vs a line of 0.1, giving a UNDER edge of 0.05. Based on recent form, opponent matchup, and game context."
P   Javier Assad,Chicago Cubs,mlb,SB,Chicago_Cubs_at_St_Louis_Cardinals,0.0,0.05,-0.072,UNDER,P   Javier Assad shows UNDER value at 0.1 SB. TC projection: 0.0 — edge: 0.05. Marginal conviction based on usage rate and defensive matchup.
CF  Justin Dean,Chicago Cubs,mlb,HR,Chicago_Cubs_at_St_Louis_Cardinals,0.0,0.05,-0.072,UNDER,"Marginal +EV opportunity: CF  Justin Dean is projected for 0.0 HR vs a line of 0.1, giving a UNDER edge of 0.05. Based on recent form, opponent matchup, and game context."
CF  Justin Dean,Chicago Cubs,mlb,3B,Chicago_Cubs_at_St_Louis_Cardinals,0.06,0.11,-0.072,UNDER,"Marginal +EV opportunity: CF  Justin Dean is projected for 0.1 3B vs a line of 0.1, giving a UNDER edge of 0.05. Based on recent form, opponent matchup, and game context."
1B  Michael Busch,Chicago Cubs,mlb,3B,Chicago_Cubs_at_St_Louis_Cardinals,0.02,0.07,-0.072,UNDER,1B  Michael Busch shows UNDER value at 0.1 3B. TC projection: 0.0 — edge: 0.05. Marginal conviction based on usage rate and defensive matchup.
1B  Michael Busch,Chicago Cubs,mlb,SB,Chicago_Cubs_at_St_Louis_Cardinals,0.02,0.07,-0.072,UNDER,"Marginal +EV opportunity: 1B  Michael Busch is projected for 0.0 SB vs a line of 0.1, giving a UNDER edge of 0.05. Based on recent form, opponent matchup, and game context."
DH  Michael Conforto,Chicago Cubs,mlb,3B,Chicago_Cubs_at_St_Louis_Cardinals,0.0,0.05,-0.072,UNDER,DH  Michael Conforto shows UNDER value at 0.1 3B. TC projection: 0.0 — edge: 0.05. Marginal conviction based on usage rate and defensive matchup.
C   Miguel Amaya,Chicago Cubs,mlb,3B,Chicago_Cubs_at_St_Louis_Cardinals,0.0,0.05,-0.072,UNDER,C   Miguel Amaya shows UNDER value at 0.1 3B. TC projection: 0.0 — edge: 0.05. Marginal conviction based on usage rate and defensive matchup.
C   Miguel Amaya,Chicago Cubs,mlb,SB,Chicago_Cubs_at_St_Louis_Cardinals,0.0,0.05,-0.072,UNDER,"Marginal +EV opportunity: C   Miguel Amaya is projected for 0.0 SB vs a line of 0.1, giving a UNDER edge of 0.05. Based on recent form, opponent matchup, and game context."
2B  Nico Hoerner,Chicago Cubs,mlb,SB,Chicago_Cubs_at_St_Louis_Cardinals,0.11,0.16,-0.072,UNDER,Targeting 2B  Nico Hoerner UNDER 0.2 SB. Model projects 0.1 (0.05 edge). Recent trends and opponent weakness support this play.
2B  Pedro Ramírez,Chicago Cubs,mlb,HR,Chicago_Cubs_at_St_Louis_Cardinals,0.03,0.08,-0.072,UNDER,"Marginal +EV opportunity: 2B  Pedro Ramírez is projected for 0.0 HR vs a line of 0.1, giving a UNDER edge of 0.05. Based on recent form, opponent matchup, and game context."
2B  Pedro Ramírez,Chicago Cubs,mlb,3B,Chicago_Cubs_at_St_Louis_Cardinals,0.03,0.08,-0.072,UNDER,"Marginal +EV opportunity: 2B  Pedro Ramírez is projected for 0.0 3B vs a line of 0.1, giving a UNDER edge of 0.05. Based on recent form, opponent matchup, and game context."
P   Ryan Rolison,Chicago Cubs,mlb,H,Chicago_Cubs_at_St_Louis_Cardinals,0.0,0.05,-0.072,UNDER,"Marginal +EV opportunity: P   Ryan Rolison is projected for 0.0 H vs a line of 0.1, giving a UNDER edge of 0.05. Based on recent form, opponent matchup, and game context."
P   Ryan Rolison,Chicago Cubs,mlb,2B,Chicago_Cubs_at_St_Louis_Cardinals,0.0,0.05,-0.072,UNDER,Targeting P   Ryan Rolison UNDER 0.1 2B. Model projects 0.0 (0.05 edge). Recent trends and opponent weakness support this play.
P   Ryan Rolison,Chicago Cubs,mlb,BB,Chicago_Cubs_at_St_Louis_Cardinals,0.0,0.05,-0.072,UNDER,"Marginal +EV opportunity: P   Ryan Rolison is projected for 0.0 BB vs a line of 0.1, giving a UNDER edge of 0.05. Based on recent form, opponent matchup, and game context."
P   Ryan Rolison,Chicago Cubs,mlb,SB,Chicago_Cubs_at_St_Louis_Cardinals,0.0,0.05,-0.072,UNDER,P   Ryan Rolison shows UNDER value at 0.1 SB. TC projection: 0.0 — edge: 0.05. Marginal conviction based on usage rate and defensive matchup.
RF  Seiya Suzuki,Chicago Cubs,mlb,3B,Chicago_Cubs_at_St_Louis_Cardinals,0.0,0.05,-0.072,UNDER,"Marginal +EV opportunity: RF  Seiya Suzuki is projected for 0.0 3B vs a line of 0.1, giving a UNDER edge of 0.05. Based on recent form, opponent matchup, and game context."
1B  Alec Burleson,St. Louis Cardinals,mlb,SB,Chicago_Cubs_at_St_Louis_Cardinals,0.03,0.08,-0.072,UNDER,1B  Alec Burleson shows UNDER value at 0.1 SB. TC projection: 0.0 — edge: 0.05. Marginal conviction based on usage rate and defensive matchup.
3B  Blaze Jordan,St. Louis Cardinals,mlb,SB,Chicago_Cubs_at_St_Louis_Cardinals,0.0,0.05,-0.072,UNDER,"Marginal +EV opportunity: 3B  Blaze Jordan is projected for 0.0 SB vs a line of 0.1, giving a UNDER edge of 0.05. Based on recent form, opponent matchup, and game context."
LF  Bryan Torres,St. Louis Cardinals,mlb,2B,Chicago_Cubs_at_St_Louis_Cardinals,0.0,0.05,-0.072,UNDER,"Marginal +EV opportunity: LF  Bryan Torres is projected for 0.0 2B vs a line of 0.1, giving a UNDER edge of 0.05. Based on recent form, opponent matchup, and game context."
LF  Bryan Torres,St. Louis Cardinals,mlb,3B,Chicago_Cubs_at_St_Louis_Cardinals,0.05,0.1,-0.072,UNDER,Targeting LF  Bryan Torres UNDER 0.1 3B. Model projects 0.1 (0.05 edge). Recent trends and opponent weakness support this play.
LF  Bryan Torres,St. Louis Cardinals,mlb,SB,Chicago_Cubs_at_St_Louis_Cardinals,0.02,0.07,-0.072,UNDER,LF  Bryan Torres shows UNDER value at 0.1 SB. TC projection: 0.0 — edge: 0.05. Marginal conviction based on usage rate and defensive matchup.
P   George Soriano,St. Louis Cardinals,mlb,H,Chicago_Cubs_at_St_Louis_Cardinals,0.0,0.05,-0.072,UNDER,Targeting P   George Soriano UNDER 0.1 H. Model projects 0.0 (0.05 edge). Recent trends and opponent weakness support this play.
P   George Soriano,St. Louis Cardinals,mlb,R,Chicago_Cubs_at_St_Louis_Cardinals,0.0,0.05,-0.072,UNDER,P   George Soriano shows UNDER value at 0.1 R. TC projection: 0.0 — edge: 0.05. Marginal conviction based on usage rate and defensive matchup.
P   George Soriano,St. Louis Cardinals,mlb,RBI,Chicago_Cubs_at_St_Louis_Cardinals,0.0,0.05,-0.072,UNDER,Targeting P   George Soriano UNDER 0.1 RBI. Model projects 0.0 (0.05 edge). Recent trends and opponent weakness support this play.
P   George Soriano,St. Louis Cardinals,mlb,3B,Chicago_Cubs_at_St_Louis_Cardinals,0.0,0.05,-0.072,UNDER,Targeting P   George Soriano UNDER 0.1 3B. Model projects 0.0 (0.05 edge). Recent trends and opponent weakness support this play.
P   George Soriano,St. Louis Cardinals,mlb,BB,Chicago_Cubs_at_St_Louis_Cardinals,0.0,0.05,-0.072,UNDER,P   George Soriano shows UNDER value at 0.1 BB. TC projection: 0.0 — edge: 0.05. Marginal conviction based on usage rate and defensive matchup.
P   George Soriano,St. Louis Cardinals,mlb,SB,Chicago_Cubs_at_St_Louis_Cardinals,0.0,0.05,-0.072,UNDER,P   George Soriano shows UNDER value at 0.1 SB. TC projection: 0.0 — edge: 0.05. Marginal conviction based on usage rate and defensive matchup.
DH  Iván Herrera,St. Louis Cardinals,mlb,SB,Chicago_Cubs_at_St_Louis_Cardinals,0.05,0.1,-0.072,UNDER,"Marginal +EV opportunity: DH  Iván Herrera is projected for 0.1 SB vs a line of 0.1, giving a UNDER edge of 0.05. Based on recent form, opponent matchup, and game context."
C   Jimmy Crooks,St. Louis Cardinals,mlb,R,Chicago_Cubs_at_St_Louis_Cardinals,0.11,0.16,-0.072,UNDER,C   Jimmy Crooks shows UNDER value at 0.2 R. TC projection: 0.1 — edge: 0.05. Marginal conviction based on usage rate and defensive matchup.
C   Jimmy Crooks,St. Louis Cardinals,mlb,HR,Chicago_Cubs_at_St_Louis_Cardinals,0.08,0.13,-0.072,UNDER,C   Jimmy Crooks shows UNDER value at 0.1 HR. TC projection: 0.1 — edge: 0.05. Marginal conviction based on usage rate and defensive matchup.
C   Jimmy Crooks,St. Louis Cardinals,mlb,3B,Chicago_Cubs_at_St_Louis_Cardinals,0.0,0.05,-0.072,UNDER,Targeting C   Jimmy Crooks UNDER 0.1 3B. Model projects 0.0 (0.05 edge). Recent trends and opponent weakness support this play.
C   Jimmy Crooks,St. Louis Cardinals,mlb,SB,Chicago_Cubs_at_St_Louis_Cardinals,0.0,0.05,-0.072,UNDER,C   Jimmy Crooks shows UNDER value at 0.1 SB. TC projection: 0.0 — edge: 0.05. Marginal conviction based on usage rate and defensive matchup.
LF  José Fermín,St. Louis Cardinals,mlb,2B,Chicago_Cubs_at_St_Louis_Cardinals,0.11,0.16,-0.072,UNDER,"Marginal +EV opportunity: LF  José Fermín is projected for 0.1 2B vs a line of 0.2, giving a UNDER edge of 0.05. Based on recent form, opponent matchup, and game context."
LF  José Fermín,St. Louis Cardinals,mlb,3B,Chicago_Cubs_at_St_Louis_Cardinals,0.0,0.05,-0.072,UNDER,LF  José Fermín shows UNDER value at 0.1 3B. TC projection: 0.0 — edge: 0.05. Marginal conviction based on usage rate and defensive matchup.
LF  Lars Nootbaar,St. Louis Cardinals,mlb,HR,Chicago_Cubs_at_St_Louis_Cardinals,0.06,0.11,-0.072,UNDER,Targeting LF  Lars Nootbaar UNDER 0.1 HR. Model projects 0.1 (0.05 edge). Recent trends and opponent weakness support this play.
LF  Lars Nootbaar,St. Louis Cardinals,mlb,SB,Chicago_Cubs_at_St_Louis_Cardinals,0.02,0.07,-0.072,UNDER,"Marginal +EV opportunity: LF  Lars Nootbaar is projected for 0.0 SB vs a line of 0.1, giving a UNDER edge of 0.05. Based on recent form, opponent matchup, and game context."
CF  Nathan Church,St. Louis Cardinals,mlb,HR,Chicago_Cubs_at_St_Louis_Cardinals,0.08,0.13,-0.072,UNDER,"Marginal +EV opportunity: CF  Nathan Church is projected for 0.1 HR vs a line of 0.1, giving a UNDER edge of 0.05. Based on recent form, opponent matchup, and game context."
CF  Nathan Church,St. Louis Cardinals,mlb,SB,Chicago_Cubs_at_St_Louis_Cardinals,0.05,0.1,-0.072,UNDER,"Marginal +EV opportunity: CF  Nathan Church is projected for 0.1 SB vs a line of 0.1, giving a UNDER edge of 0.05. Based on recent form, opponent matchup, and game context."
LF  Nelson Velázquez,St. Louis Cardinals,mlb,3B,Chicago_Cubs_at_St_Louis_Cardinals,0.0,0.05,-0.072,UNDER,Targeting LF  Nelson Velázquez UNDER 0.1 3B. Model projects 0.0 (0.05 edge). Recent trends and opponent weakness support this play.
C   Pedro Pagés,St. Louis Cardinals,mlb,3B,Chicago_Cubs_at_St_Louis_Cardinals,0.0,0.05,-0.072,UNDER,Targeting C   Pedro Pagés UNDER 0.1 3B. Model projects 0.0 (0.05 edge). Recent trends and opponent weakness support this play.
C   Austin Hedges,Cleveland Guardians,mlb,2B,Cleveland_Guardians_at_Cincinnati_Reds,0.11,0.16,-0.072,UNDER,C   Austin Hedges shows UNDER value at 0.2 2B. TC projection: 0.1 — edge: 0.05. Marginal conviction based on usage rate and defensive matchup.
C   Austin Hedges,Cleveland Guardians,mlb,SB,Cleveland_Guardians_at_Cincinnati_Reds,0.02,0.07,-0.072,UNDER,Targeting C   Austin Hedges UNDER 0.1 SB. Model projects 0.0 (0.05 edge). Recent trends and opponent weakness support this play.
P   Cade Smith,Cleveland Guardians,mlb,H,Cleveland_Guardians_at_Cincinnati_Reds,0.0,0.05,-0.072,UNDER,Targeting P   Cade Smith UNDER 0.1 H. Model projects 0.0 (0.05 edge). Recent trends and opponent weakness support this play.
P   Cade Smith,Cleveland Guardians,mlb,RBI,Cleveland_Guardians_at_Cincinnati_Reds,0.0,0.05,-0.072,UNDER,P   Cade Smith shows UNDER value at 0.1 RBI. TC projection: 0.0 — edge: 0.05. Marginal conviction based on usage rate and defensive matchup.
P   Cade Smith,Cleveland Guardians,mlb,HR,Cleveland_Guardians_at_Cincinnati_Reds,0.0,0.05,-0.072,UNDER,P   Cade Smith shows UNDER value at 0.1 HR. TC projection: 0.0 — edge: 0.05. Marginal conviction based on usage rate and defensive matchup.
P   Cade Smith,Cleveland Guardians,mlb,2B,Cleveland_Guardians_at_Cincinnati_Reds,0.0,0.05,-0.072,UNDER,"Marginal +EV opportunity: P   Cade Smith is projected for 0.0 2B vs a line of 0.1, giving a UNDER edge of 0.05. Based on recent form, opponent matchup, and game context."
P   Cade Smith,Cleveland Guardians,mlb,3B,Cleveland_Guardians_at_Cincinnati_Reds,0.0,0.05,-0.072,UNDER,P   Cade Smith shows UNDER value at 0.1 3B. TC projection: 0.0 — edge: 0.05. Marginal conviction based on usage rate and defensive matchup.
P   Cade Smith,Cleveland Guardians,mlb,BB,Cleveland_Guardians_at_Cincinnati_Reds,0.0,0.05,-0.072,UNDER,Targeting P   Cade Smith UNDER 0.1 BB. Model projects 0.0 (0.05 edge). Recent trends and opponent weakness support this play.
P   Cade Smith,Cleveland Guardians,mlb,SB,Cleveland_Guardians_at_Cincinnati_Reds,0.0,0.05,-0.072,UNDER,P   Cade Smith shows UNDER value at 0.1 SB. TC projection: 0.0 — edge: 0.05. Marginal conviction based on usage rate and defensive matchup.
RF  David Fry,Cleveland Guardians,mlb,2B,Cleveland_Guardians_at_Cincinnati_Reds,0.05,0.1,-0.072,UNDER,RF  David Fry shows UNDER value at 0.1 2B. TC projection: 0.1 — edge: 0.05. Marginal conviction based on usage rate and defensive matchup.
RF  David Fry,Cleveland Guardians,mlb,SB,Cleveland_Guardians_at_Cincinnati_Reds,0.0,0.05,-0.072,UNDER,"Marginal +EV opportunity: RF  David Fry is projected for 0.0 SB vs a line of 0.1, giving a UNDER edge of 0.05. Based on recent form, opponent matchup, and game context."
3B  Gabriel Arias,Cleveland Guardians,mlb,3B,Cleveland_Guardians_at_Cincinnati_Reds,0.0,0.05,-0.072,UNDER,Targeting 3B  Gabriel Arias UNDER 0.1 3B. Model projects 0.0 (0.05 edge). Recent trends and opponent weakness support this play.
1B  Kyle Manzardo,Cleveland Guardians,mlb,2B,Cleveland_Guardians_at_Cincinnati_Reds,0.08,0.13,-0.072,UNDER,Targeting 1B  Kyle Manzardo UNDER 0.1 2B. Model projects 0.1 (0.05 edge). Recent trends and opponent weakness support this play.
1B  Kyle Manzardo,Cleveland Guardians,mlb,SB,Cleveland_Guardians_at_Cincinnati_Reds,0.0,0.05,-0.072,UNDER,1B  Kyle Manzardo shows UNDER value at 0.1 SB. TC projection: 0.0 — edge: 0.05. Marginal conviction based on usage rate and defensive matchup.
C   Patrick Bailey,Cleveland Guardians,mlb,HR,Cleveland_Guardians_at_Cincinnati_Reds,0.06,0.11,-0.072,UNDER,Targeting C   Patrick Bailey UNDER 0.1 HR. Model projects 0.1 (0.05 edge). Recent trends and opponent weakness support this play.
C   Patrick Bailey,Cleveland Guardians,mlb,2B,Cleveland_Guardians_at_Cincinnati_Reds,0.06,0.11,-0.072,UNDER,Targeting C   Patrick Bailey UNDER 0.1 2B. Model projects 0.1 (0.05 edge). Recent trends and opponent weakness support this play.
C   Patrick Bailey,Cleveland Guardians,mlb,SB,Cleveland_Guardians_at_Cincinnati_Reds,0.02,0.07,-0.072,UNDER,Targeting C   Patrick Bailey UNDER 0.1 SB. Model projects 0.0 (0.05 edge). Recent trends and opponent weakness support this play.
CF  Petey Halpin,Cleveland Guardians,mlb,2B,Cleveland_Guardians_at_Cincinnati_Reds,0.06,0.11,-0.072,UNDER,"Marginal +EV opportunity: CF  Petey Halpin is projected for 0.1 2B vs a line of 0.1, giving a UNDER edge of 0.05. Based on recent form, opponent matchup, and game context."
CF  Petey Halpin,Cleveland Guardians,mlb,3B,Cleveland_Guardians_at_Cincinnati_Reds,0.02,0.07,-0.072,UNDER,CF  Petey Halpin shows UNDER value at 0.1 3B. TC projection: 0.0 — edge: 0.05. Marginal conviction based on usage rate and defensive matchup.
CF  Steven Kwan,Cleveland Guardians,mlb,SB,Cleveland_Guardians_at_Cincinnati_Reds,0.06,0.11,-0.072,UNDER,"Marginal +EV opportunity: CF  Steven Kwan is projected for 0.1 SB vs a line of 0.1, giving a UNDER edge of 0.05. Based on recent form, opponent matchup, and game context."
2B  Edwin Arroyo,Cincinnati Reds,mlb,RBI,Cleveland_Guardians_at_Cincinnati_Reds,0.08,0.13,-0.072,UNDER,"Marginal +EV opportunity: 2B  Edwin Arroyo is projected for 0.1 RBI vs a line of 0.1, giving a UNDER edge of 0.05. Based on recent form, opponent matchup, and game context."
2B  Edwin Arroyo,Cincinnati Reds,mlb,3B,Cleveland_Guardians_at_Cincinnati_Reds,0.02,0.07,-0.072,UNDER,"Marginal +EV opportunity: 2B  Edwin Arroyo is projected for 0.0 3B vs a line of 0.1, giving a UNDER edge of 0.05. Based on recent form, opponent matchup, and game context."
2B  Edwin Arroyo,Cincinnati Reds,mlb,SB,Cleveland_Guardians_at_Cincinnati_Reds,0.0,0.05,-0.072,UNDER,Targeting 2B  Edwin Arroyo UNDER 0.1 SB. Model projects 0.0 (0.05 edge). Recent trends and opponent weakness support this play.
C   Jose Trevino,Cincinnati Reds,mlb,3B,Cleveland_Guardians_at_Cincinnati_Reds,0.0,0.05,-0.072,UNDER,C   Jose Trevino shows UNDER value at 0.1 3B. TC projection: 0.0 — edge: 0.05. Marginal conviction based on usage rate and defensive matchup.
C   Jose Trevino,Cincinnati Reds,mlb,BB,Cleveland_Guardians_at_Cincinnati_Reds,0.03,0.08,-0.072,UNDER,C   Jose Trevino shows UNDER value at 0.1 BB. TC projection: 0.0 — edge: 0.05. Marginal conviction based on usage rate and defensive matchup.
C   Jose Trevino,Cincinnati Reds,mlb,SB,Cleveland_Guardians_at_Cincinnati_Reds,0.0,0.05,-0.072,UNDER,Targeting C   Jose Trevino UNDER 0.1 SB. Model projects 0.0 (0.05 edge). Recent trends and opponent weakness support this play.
3B  Ke'Bryan Hayes,Cincinnati Reds,mlb,HR,Cleveland_Guardians_at_Cincinnati_Reds,0.05,0.1,-0.072,UNDER,3B  Ke'Bryan Hayes shows UNDER value at 0.1 HR. TC projection: 0.1 — edge: 0.05. Marginal conviction based on usage rate and defensive matchup.
3B  Ke'Bryan Hayes,Cincinnati Reds,mlb,2B,Cleveland_Guardians_at_Cincinnati_Reds,0.03,0.08,-0.072,UNDER,Targeting 3B  Ke'Bryan Hayes UNDER 0.1 2B. Model projects 0.0 (0.05 edge). Recent trends and opponent weakness support this play.
3B  Ke'Bryan Hayes,Cincinnati Reds,mlb,SB,Cleveland_Guardians_at_Cincinnati_Reds,0.02,0.07,-0.072,UNDER,"Marginal +EV opportunity: 3B  Ke'Bryan Hayes is projected for 0.0 SB vs a line of 0.1, giving a UNDER edge of 0.05. Based on recent form, opponent matchup, and game context."
DH  Nathaniel Lowe,Cincinnati Reds,mlb,SB,Cleveland_Guardians_at_Cincinnati_Reds,0.0,0.05,-0.072,UNDER,DH  Nathaniel Lowe shows UNDER value at 0.1 SB. TC projection: 0.0 — edge: 0.05. Marginal conviction based on usage rate and defensive matchup.
RF  Noelvi Marte,Cincinnati Reds,mlb,3B,Cleveland_Guardians_at_Cincinnati_Reds,0.0,0.05,-0.072,UNDER,Targeting RF  Noelvi Marte UNDER 0.1 3B. Model projects 0.0 (0.05 edge). Recent trends and opponent weakness support this play.
1B  Sal Stewart,Cincinnati Reds,mlb,3B,Cleveland_Guardians_at_Cincinnati_Reds,0.0,0.05,-0.072,UNDER,Targeting 1B  Sal Stewart UNDER 0.1 3B. Model projects 0.0 (0.05 edge). Recent trends and opponent weakness support this play.
1B  Spencer Steer,Cincinnati Reds,mlb,3B,Cleveland_Guardians_at_Cincinnati_Reds,0.0,0.05,-0.072,UNDER,"Marginal +EV opportunity: 1B  Spencer Steer is projected for 0.0 3B vs a line of 0.1, giving a UNDER edge of 0.05. Based on recent form, opponent matchup, and game context."
1B  Spencer Steer,Cincinnati Reds,mlb,SB,Cleveland_Guardians_at_Cincinnati_Reds,0.03,0.08,-0.072,UNDER,1B  Spencer Steer shows UNDER value at 0.1 SB. TC projection: 0.0 — edge: 0.05. Marginal conviction based on usage rate and defensive matchup.
C   Tyler Stephenson,Cincinnati Reds,mlb,3B,Cleveland_Guardians_at_Cincinnati_Reds,0.0,0.05,-0.072,UNDER,C   Tyler Stephenson shows UNDER value at 0.1 3B. TC projection: 0.0 — edge: 0.05. Marginal conviction based on usage rate and defensive matchup.
C   Tyler Stephenson,Cincinnati Reds,mlb,SB,Cleveland_Guardians_at_Cincinnati_Reds,0.0,0.05,-0.072,UNDER,"Marginal +EV opportunity: C   Tyler Stephenson is projected for 0.0 SB vs a line of 0.1, giving a UNDER edge of 0.05. Based on recent form, opponent matchup, and game context."
1B  Christian Walker,Houston Astros,mlb,SB,Houston_Astros_at_Los_Angeles_Angels,0.0,0.05,-0.072,UNDER,1B  Christian Walker shows UNDER value at 0.1 SB. TC projection: 0.0 — edge: 0.05. Marginal conviction based on usage rate and defensive matchup.
SS  Jeremy Peña,Houston Astros,mlb,3B,Houston_Astros_at_Los_Angeles_Angels,0.0,0.05,-0.072,UNDER,Targeting SS  Jeremy Peña UNDER 0.1 3B. Model projects 0.0 (0.05 edge). Recent trends and opponent weakness support this play.
SS  Jeremy Peña,Houston Astros,mlb,SB,Houston_Astros_at_Los_Angeles_Angels,0.11,0.16,-0.072,UNDER,"Marginal +EV opportunity: SS  Jeremy Peña is projected for 0.1 SB vs a line of 0.2, giving a UNDER edge of 0.05. Based on recent form, opponent matchup, and game context."
2B  Jose Altuve,Houston Astros,mlb,SB,Houston_Astros_at_Los_Angeles_Angels,0.02,0.07,-0.072,UNDER,Targeting 2B  Jose Altuve UNDER 0.1 SB. Model projects 0.0 (0.05 edge). Recent trends and opponent weakness support this play.
LF  LaMonte Wade Jr.,Houston Astros,mlb,3B,Houston_Astros_at_Los_Angeles_Angels,0.0,0.05,-0.072,UNDER,Targeting LF  LaMonte Wade Jr. UNDER 0.1 3B. Model projects 0.0 (0.05 edge). Recent trends and opponent weakness support this play.
LF  LaMonte Wade Jr.,Houston Astros,mlb,SB,Houston_Astros_at_Los_Angeles_Angels,0.0,0.05,-0.072,UNDER,Targeting LF  LaMonte Wade Jr. UNDER 0.1 SB. Model projects 0.0 (0.05 edge). Recent trends and opponent weakness support this play.
CF  Lucas Spence,Houston Astros,mlb,HR,Houston_Astros_at_Los_Angeles_Angels,0.0,0.05,-0.072,UNDER,"Marginal +EV opportunity: CF  Lucas Spence is projected for 0.0 HR vs a line of 0.1, giving a UNDER edge of 0.05. Based on recent form, opponent matchup, and game context."
CF  Lucas Spence,Houston Astros,mlb,3B,Houston_Astros_at_Los_Angeles_Angels,0.0,0.05,-0.072,UNDER,Targeting CF  Lucas Spence UNDER 0.1 3B. Model projects 0.0 (0.05 edge). Recent trends and opponent weakness support this play.
CF  Lucas Spence,Houston Astros,mlb,SB,Houston_Astros_at_Los_Angeles_Angels,0.0,0.05,-0.072,UNDER,"Marginal +EV opportunity: CF  Lucas Spence is projected for 0.0 SB vs a line of 0.1, giving a UNDER edge of 0.05. Based on recent form, opponent matchup, and game context."
SS  Nick Allen,Houston Astros,mlb,HR,Houston_Astros_at_Los_Angeles_Angels,0.02,0.07,-0.072,UNDER,SS  Nick Allen shows UNDER value at 0.1 HR. TC projection: 0.0 — edge: 0.05. Marginal conviction based on usage rate and defensive matchup.
SS  Nick Allen,Houston Astros,mlb,3B,Houston_Astros_at_Los_Angeles_Angels,0.0,0.05,-0.072,UNDER,Targeting SS  Nick Allen UNDER 0.1 3B. Model projects 0.0 (0.05 edge). Recent trends and opponent weakness support this play.
SS  Nick Allen,Houston Astros,mlb,SB,Houston_Astros_at_Los_Angeles_Angels,0.03,0.08,-0.072,UNDER,"Marginal +EV opportunity: SS  Nick Allen is projected for 0.0 SB vs a line of 0.1, giving a UNDER edge of 0.05. Based on recent form, opponent matchup, and game context."
CF  Taylor Trammell,Houston Astros,mlb,3B,Houston_Astros_at_Los_Angeles_Angels,0.02,0.07,-0.072,UNDER,"Marginal +EV opportunity: CF  Taylor Trammell is projected for 0.0 3B vs a line of 0.1, giving a UNDER edge of 0.05. Based on recent form, opponent matchup, and game context."
DH  Yordan Alvarez,Houston Astros,mlb,3B,Houston_Astros_at_Los_Angeles_Angels,0.0,0.05,-0.072,UNDER,Targeting DH  Yordan Alvarez UNDER 0.1 3B. Model projects 0.0 (0.05 edge). Recent trends and opponent weakness support this play.
LF  Zach Dezenzo,Houston Astros,mlb,RBI,Houston_Astros_at_Los_Angeles_Angels,0.08,0.13,-0.072,UNDER,Targeting LF  Zach Dezenzo UNDER 0.1 RBI. Model projects 0.1 (0.05 edge). Recent trends and opponent weakness support this play.
LF  Zach Dezenzo,Houston Astros,mlb,HR,Houston_Astros_at_Los_Angeles_Angels,0.03,0.08,-0.072,UNDER,LF  Zach Dezenzo shows UNDER value at 0.1 HR. TC projection: 0.0 — edge: 0.05. Marginal conviction based on usage rate and defensive matchup.
LF  Zach Dezenzo,Houston Astros,mlb,2B,Houston_Astros_at_Los_Angeles_Angels,0.11,0.16,-0.072,UNDER,Targeting LF  Zach Dezenzo UNDER 0.2 2B. Model projects 0.1 (0.05 edge). Recent trends and opponent weakness support this play.
LF  Zach Dezenzo,Houston Astros,mlb,3B,Houston_Astros_at_Los_Angeles_Angels,0.0,0.05,-0.072,UNDER,Targeting LF  Zach Dezenzo UNDER 0.1 3B. Model projects 0.0 (0.05 edge). Recent trends and opponent weakness support this play.
LF  Zach Dezenzo,Houston Astros,mlb,SB,Houston_Astros_at_Los_Angeles_Angels,0.03,0.08,-0.072,UNDER,"Marginal +EV opportunity: LF  Zach Dezenzo is projected for 0.0 SB vs a line of 0.1, giving a UNDER edge of 0.05. Based on recent form, opponent matchup, and game context."
RF  Jo Adell,Los Angeles Angels,mlb,SB,Houston_Astros_at_Los_Angeles_Angels,0.02,0.07,-0.072,UNDER,Targeting RF  Jo Adell UNDER 0.1 SB. Model projects 0.0 (0.05 edge). Recent trends and opponent weakness support this play.
CF  Jose Siri,Los Angeles Angels,mlb,2B,Houston_Astros_at_Los_Angeles_Angels,0.08,0.13,-0.072,UNDER,"Marginal +EV opportunity: CF  Jose Siri is projected for 0.1 2B vs a line of 0.1, giving a UNDER edge of 0.05. Based on recent form, opponent matchup, and game context."
CF  Jose Siri,Los Angeles Angels,mlb,3B,Houston_Astros_at_Los_Angeles_Angels,0.0,0.05,-0.072,UNDER,"Marginal +EV opportunity: CF  Jose Siri is projected for 0.0 3B vs a line of 0.1, giving a UNDER edge of 0.05. Based on recent form, opponent matchup, and game context."
CF  Jose Siri,Los Angeles Angels,mlb,SB,Houston_Astros_at_Los_Angeles_Angels,0.03,0.08,-0.072,UNDER,"Marginal +EV opportunity: CF  Jose Siri is projected for 0.0 SB vs a line of 0.1, giving a UNDER edge of 0.05. Based on recent form, opponent matchup, and game context."
LF  Josh Lowe,Los Angeles Angels,mlb,HR,Houston_Astros_at_Los_Angeles_Angels,0.11,0.16,-0.072,UNDER,Targeting LF  Josh Lowe UNDER 0.2 HR. Model projects 0.1 (0.05 edge). Recent trends and opponent weakness support this play.
1B  Nolan Schanuel,Los Angeles Angels,mlb,HR,Houston_Astros_at_Los_Angeles_Angels,0.06,0.11,-0.072,UNDER,Targeting 1B  Nolan Schanuel UNDER 0.1 HR. Model projects 0.1 (0.05 edge). Recent trends and opponent weakness support this play.
1B  Nolan Schanuel,Los Angeles Angels,mlb,3B,Houston_Astros_at_Los_Angeles_Angels,0.0,0.05,-0.072,UNDER,1B  Nolan Schanuel shows UNDER value at 0.1 3B. TC projection: 0.0 — edge: 0.05. Marginal conviction based on usage rate and defensive matchup.
C   Tyler Heineman,Los Angeles Angels,mlb,HR,Houston_Astros_at_Los_Angeles_Angels,0.02,0.07,-0.072,UNDER,Targeting C   Tyler Heineman UNDER 0.1 HR. Model projects 0.0 (0.05 edge). Recent trends and opponent weakness support this play.
C   Tyler Heineman,Los Angeles Angels,mlb,SB,Houston_Astros_at_Los_Angeles_Angels,0.02,0.07,-0.072,UNDER,C   Tyler Heineman shows UNDER value at 0.1 SB. TC projection: 0.0 — edge: 0.05. Marginal conviction based on usage rate and defensive matchup.
2B  Vaughn Grissom,Los Angeles Angels,mlb,HR,Houston_Astros_at_Los_Angeles_Angels,0.08,0.13,-0.072,UNDER,2B  Vaughn Grissom shows UNDER value at 0.1 HR. TC projection: 0.1 — edge: 0.05. Marginal conviction based on usage rate and defensive matchup.
2B  Vaughn Grissom,Los Angeles Angels,mlb,SB,Houston_Astros_at_Los_Angeles_Angels,0.0,0.05,-0.072,UNDER,"Marginal +EV opportunity: 2B  Vaughn Grissom is projected for 0.0 SB vs a line of 0.1, giving a UNDER edge of 0.05. Based on recent form, opponent matchup, and game context."
SS  Zach Neto,Los Angeles Angels,mlb,3B,Houston_Astros_at_Los_Angeles_Angels,0.03,0.08,-0.072,UNDER,"Marginal +EV opportunity: SS  Zach Neto is projected for 0.0 3B vs a line of 0.1, giving a UNDER edge of 0.05. Based on recent form, opponent matchup, and game context."
SS  Zach Neto,Los Angeles Angels,mlb,SB,Houston_Astros_at_Los_Angeles_Angels,0.11,0.16,-0.072,UNDER,SS  Zach Neto shows UNDER value at 0.2 SB. TC projection: 0.1 — edge: 0.05. Marginal conviction based on usage rate and defensive matchup.
CF  Blake Perkins,Milwaukee Brewers,mlb,HR,Milwaukee_Brewers_at_San_Francisco_Giants,0.02,0.07,-0.072,UNDER,CF  Blake Perkins shows UNDER value at 0.1 HR. TC projection: 0.0 — edge: 0.05. Marginal conviction based on usage rate and defensive matchup.
CF  Blake Perkins,Milwaukee Brewers,mlb,3B,Milwaukee_Brewers_at_San_Francisco_Giants,0.0,0.05,-0.072,UNDER,"Marginal +EV opportunity: CF  Blake Perkins is projected for 0.0 3B vs a line of 0.1, giving a UNDER edge of 0.05. Based on recent form, opponent matchup, and game context."
CF  Blake Perkins,Milwaukee Brewers,mlb,SB,Milwaukee_Brewers_at_San_Francisco_Giants,0.05,0.1,-0.072,UNDER,CF  Blake Perkins shows UNDER value at 0.1 SB. TC projection: 0.1 — edge: 0.05. Marginal conviction based on usage rate and defensive matchup.
2B  Brice Turang,Milwaukee Brewers,mlb,3B,Milwaukee_Brewers_at_San_Francisco_Giants,0.03,0.08,-0.072,UNDER,"Marginal +EV opportunity: 2B  Brice Turang is projected for 0.0 3B vs a line of 0.1, giving a UNDER edge of 0.05. Based on recent form, opponent matchup, and game context."
P   Chad Patrick,Milwaukee Brewers,mlb,R,Milwaukee_Brewers_at_San_Francisco_Giants,0.0,0.05,-0.072,UNDER,P   Chad Patrick shows UNDER value at 0.1 R. TC projection: 0.0 — edge: 0.05. Marginal conviction based on usage rate and defensive matchup.
P   Chad Patrick,Milwaukee Brewers,mlb,RBI,Milwaukee_Brewers_at_San_Francisco_Giants,0.0,0.05,-0.072,UNDER,"Marginal +EV opportunity: P   Chad Patrick is projected for 0.0 RBI vs a line of 0.1, giving a UNDER edge of 0.05. Based on recent form, opponent matchup, and game context."
P   Chad Patrick,Milwaukee Brewers,mlb,3B,Milwaukee_Brewers_at_San_Francisco_Giants,0.0,0.05,-0.072,UNDER,P   Chad Patrick shows UNDER value at 0.1 3B. TC projection: 0.0 — edge: 0.05. Marginal conviction based on usage rate and defensive matchup.
P   Chad Patrick,Milwaukee Brewers,mlb,BB,Milwaukee_Brewers_at_San_Francisco_Giants,0.0,0.05,-0.072,UNDER,P   Chad Patrick shows UNDER value at 0.1 BB. TC projection: 0.0 — edge: 0.05. Marginal conviction based on usage rate and defensive matchup.
P   Chad Patrick,Milwaukee Brewers,mlb,SB,Milwaukee_Brewers_at_San_Francisco_Giants,0.0,0.05,-0.072,UNDER,Targeting P   Chad Patrick UNDER 0.1 SB. Model projects 0.0 (0.05 edge). Recent trends and opponent weakness support this play.
3B  David Hamilton,Milwaukee Brewers,mlb,HR,Milwaukee_Brewers_at_San_Francisco_Giants,0.03,0.08,-0.072,UNDER,"Marginal +EV opportunity: 3B  David Hamilton is projected for 0.0 HR vs a line of 0.1, giving a UNDER edge of 0.05. Based on recent form, opponent matchup, and game context."
CF  Garrett Mitchell,Milwaukee Brewers,mlb,SB,Milwaukee_Brewers_at_San_Francisco_Giants,0.06,0.11,-0.072,UNDER,CF  Garrett Mitchell shows UNDER value at 0.1 SB. TC projection: 0.1 — edge: 0.05. Marginal conviction based on usage rate and defensive matchup.
C   Gary Sánchez,Milwaukee Brewers,mlb,SB,Milwaukee_Brewers_at_San_Francisco_Giants,0.0,0.05,-0.072,UNDER,"Marginal +EV opportunity: C   Gary Sánchez is projected for 0.0 SB vs a line of 0.1, giving a UNDER edge of 0.05. Based on recent form, opponent matchup, and game context."
LF  Jackson Chourio,Milwaukee Brewers,mlb,3B,Milwaukee_Brewers_at_San_Francisco_Giants,0.0,0.05,-0.072,UNDER,LF  Jackson Chourio shows UNDER value at 0.1 3B. TC projection: 0.0 — edge: 0.05. Marginal conviction based on usage rate and defensive matchup.
P   Trevor Megill,Milwaukee Brewers,mlb,H,Milwaukee_Brewers_at_San_Francisco_Giants,0.0,0.05,-0.072,UNDER,P   Trevor Megill shows UNDER value at 0.1 H. TC projection: 0.0 — edge: 0.05. Marginal conviction based on usage rate and defensive matchup.
P   Trevor Megill,Milwaukee Brewers,mlb,HR,Milwaukee_Brewers_at_San_Francisco_Giants,0.0,0.05,-0.072,UNDER,"Marginal +EV opportunity: P   Trevor Megill is projected for 0.0 HR vs a line of 0.1, giving a UNDER edge of 0.05. Based on recent form, opponent matchup, and game context."
P   Trevor Megill,Milwaukee Brewers,mlb,2B,Milwaukee_Brewers_at_San_Francisco_Giants,0.0,0.05,-0.072,UNDER,Targeting P   Trevor Megill UNDER 0.1 2B. Model projects 0.0 (0.05 edge). Recent trends and opponent weakness support this play.
P   Trevor Megill,Milwaukee Brewers,mlb,3B,Milwaukee_Brewers_at_San_Francisco_Giants,0.0,0.05,-0.072,UNDER,"Marginal +EV opportunity: P   Trevor Megill is projected for 0.0 3B vs a line of 0.1, giving a UNDER edge of 0.05. Based on recent form, opponent matchup, and game context."
P   Trevor Megill,Milwaukee Brewers,mlb,SB,Milwaukee_Brewers_at_San_Francisco_Giants,0.0,0.05,-0.072,UNDER,Targeting P   Trevor Megill UNDER 0.1 SB. Model projects 0.0 (0.05 edge). Recent trends and opponent weakness support this play.
C   William Contreras,Milwaukee Brewers,mlb,3B,Milwaukee_Brewers_at_San_Francisco_Giants,0.0,0.05,-0.072,UNDER,C   William Contreras shows UNDER value at 0.1 3B. TC projection: 0.0 — edge: 0.05. Marginal conviction based on usage rate and defensive matchup.
LF  Casey Schmitt,San Francisco Giants,mlb,SB,Milwaukee_Brewers_at_San_Francisco_Giants,0.08,0.13,-0.072,UNDER,"Marginal +EV opportunity: LF  Casey Schmitt is projected for 0.1 SB vs a line of 0.1, giving a UNDER edge of 0.05. Based on recent form, opponent matchup, and game context."
2B  Christian Koss,San Francisco Giants,mlb,R,Milwaukee_Brewers_at_San_Francisco_Giants,0.06,0.11,-0.072,UNDER,Targeting 2B  Christian Koss UNDER 0.1 R. Model projects 0.1 (0.05 edge). Recent trends and opponent weakness support this play.
C   Daniel Susac,San Francisco Giants,mlb,HR,Milwaukee_Brewers_at_San_Francisco_Giants,0.0,0.05,-0.072,UNDER,"Marginal +EV opportunity: C   Daniel Susac is projected for 0.0 HR vs a line of 0.1, giving a UNDER edge of 0.05. Based on recent form, opponent matchup, and game context."
C   Daniel Susac,San Francisco Giants,mlb,3B,Milwaukee_Brewers_at_San_Francisco_Giants,0.02,0.07,-0.072,UNDER,Targeting C   Daniel Susac UNDER 0.1 3B. Model projects 0.0 (0.05 edge). Recent trends and opponent weakness support this play.
P   Dylan Smith,San Francisco Giants,mlb,R,Milwaukee_Brewers_at_San_Francisco_Giants,0.0,0.05,-0.072,UNDER,Targeting P   Dylan Smith UNDER 0.1 R. Model projects 0.0 (0.05 edge). Recent trends and opponent weakness support this play.
P   Dylan Smith,San Francisco Giants,mlb,RBI,Milwaukee_Brewers_at_San_Francisco_Giants,0.0,0.05,-0.072,UNDER,Targeting P   Dylan Smith UNDER 0.1 RBI. Model projects 0.0 (0.05 edge). Recent trends and opponent weakness support this play.
P   Dylan Smith,San Francisco Giants,mlb,2B,Milwaukee_Brewers_at_San_Francisco_Giants,0.0,0.05,-0.072,UNDER,P   Dylan Smith shows UNDER value at 0.1 2B. TC projection: 0.0 — edge: 0.05. Marginal conviction based on usage rate and defensive matchup.
P   Dylan Smith,San Francisco Giants,mlb,3B,Milwaukee_Brewers_at_San_Francisco_Giants,0.0,0.05,-0.072,UNDER,Targeting P   Dylan Smith UNDER 0.1 3B. Model projects 0.0 (0.05 edge). Recent trends and opponent weakness support this play.
P   Dylan Smith,San Francisco Giants,mlb,SB,Milwaukee_Brewers_at_San_Francisco_Giants,0.0,0.05,-0.072,UNDER,P   Dylan Smith shows UNDER value at 0.1 SB. TC projection: 0.0 — edge: 0.05. Marginal conviction based on usage rate and defensive matchup.
CF  Grant McCray,San Francisco Giants,mlb,H,Milwaukee_Brewers_at_San_Francisco_Giants,0.0,0.05,-0.072,UNDER,Targeting CF  Grant McCray UNDER 0.1 H. Model projects 0.0 (0.05 edge). Recent trends and opponent weakness support this play.
CF  Grant McCray,San Francisco Giants,mlb,RBI,Milwaukee_Brewers_at_San_Francisco_Giants,0.0,0.05,-0.072,UNDER,CF  Grant McCray shows UNDER value at 0.1 RBI. TC projection: 0.0 — edge: 0.05. Marginal conviction based on usage rate and defensive matchup.
CF  Grant McCray,San Francisco Giants,mlb,2B,Milwaukee_Brewers_at_San_Francisco_Giants,0.0,0.05,-0.072,UNDER,"Marginal +EV opportunity: CF  Grant McCray is projected for 0.0 2B vs a line of 0.1, giving a UNDER edge of 0.05. Based on recent form, opponent matchup, and game context."
CF  Grant McCray,San Francisco Giants,mlb,3B,Milwaukee_Brewers_at_San_Francisco_Giants,0.0,0.05,-0.072,UNDER,CF  Grant McCray shows UNDER value at 0.1 3B. TC projection: 0.0 — edge: 0.05. Marginal conviction based on usage rate and defensive matchup.
LF  Heliot Ramos,San Francisco Giants,mlb,SB,Milwaukee_Brewers_at_San_Francisco_Giants,0.0,0.05,-0.072,UNDER,"Marginal +EV opportunity: LF  Heliot Ramos is projected for 0.0 SB vs a line of 0.1, giving a UNDER edge of 0.05. Based on recent form, opponent matchup, and game context."
RF  Jung Hoo Lee,San Francisco Giants,mlb,HR,Milwaukee_Brewers_at_San_Francisco_Giants,0.05,0.1,-0.072,UNDER,"Marginal +EV opportunity: RF  Jung Hoo Lee is projected for 0.1 HR vs a line of 0.1, giving a UNDER edge of 0.05. Based on recent form, opponent matchup, and game context."
P   Keaton Winn,San Francisco Giants,mlb,H,Milwaukee_Brewers_at_San_Francisco_Giants,0.0,0.05,-0.072,UNDER,P   Keaton Winn shows UNDER value at 0.1 H. TC projection: 0.0 — edge: 0.05. Marginal conviction based on usage rate and defensive matchup.
P   Keaton Winn,San Francisco Giants,mlb,RBI,Milwaukee_Brewers_at_San_Francisco_Giants,0.0,0.05,-0.072,UNDER,Targeting P   Keaton Winn UNDER 0.1 RBI. Model projects 0.0 (0.05 edge). Recent trends and opponent weakness support this play.
P   Keaton Winn,San Francisco Giants,mlb,HR,Milwaukee_Brewers_at_San_Francisco_Giants,0.0,0.05,-0.072,UNDER,P   Keaton Winn shows UNDER value at 0.1 HR. TC projection: 0.0 — edge: 0.05. Marginal conviction based on usage rate and defensive matchup.
P   Keaton Winn,San Francisco Giants,mlb,2B,Milwaukee_Brewers_at_San_Francisco_Giants,0.0,0.05,-0.072,UNDER,P   Keaton Winn shows UNDER value at 0.1 2B. TC projection: 0.0 — edge: 0.05. Marginal conviction based on usage rate and defensive matchup.
P   Keaton Winn,San Francisco Giants,mlb,SB,Milwaukee_Brewers_at_San_Francisco_Giants,0.0,0.05,-0.072,UNDER,P   Keaton Winn shows UNDER value at 0.1 SB. TC projection: 0.0 — edge: 0.05. Marginal conviction based on usage rate and defensive matchup.
2B  Luis Arraez,San Francisco Giants,mlb,3B,Milwaukee_Brewers_at_San_Francisco_Giants,0.06,0.11,-0.072,UNDER,2B  Luis Arraez shows UNDER value at 0.1 3B. TC projection: 0.1 — edge: 0.05. Marginal conviction based on usage rate and defensive matchup.
1B  Rafael Devers,San Francisco Giants,mlb,SB,Milwaukee_Brewers_at_San_Francisco_Giants,0.0,0.05,-0.072,UNDER,"Marginal +EV opportunity: 1B  Rafael Devers is projected for 0.0 SB vs a line of 0.1, giving a UNDER edge of 0.05. Based on recent form, opponent matchup, and game context."
P   Sam Hentges,San Francisco Giants,mlb,RBI,Milwaukee_Brewers_at_San_Francisco_Giants,0.0,0.05,-0.072,UNDER,Targeting P   Sam Hentges UNDER 0.1 RBI. Model projects 0.0 (0.05 edge). Recent trends and opponent weakness support this play.
P   Sam Hentges,San Francisco Giants,mlb,HR,Milwaukee_Brewers_at_San_Francisco_Giants,0.0,0.05,-0.072,UNDER,Targeting P   Sam Hentges UNDER 0.1 HR. Model projects 0.0 (0.05 edge). Recent trends and opponent weakness support this play.
P   Sam Hentges,San Francisco Giants,mlb,2B,Milwaukee_Brewers_at_San_Francisco_Giants,0.0,0.05,-0.072,UNDER,Targeting P   Sam Hentges UNDER 0.1 2B. Model projects 0.0 (0.05 edge). Recent trends and opponent weakness support this play.
P   Sam Hentges,San Francisco Giants,mlb,BB,Milwaukee_Brewers_at_San_Francisco_Giants,0.0,0.05,-0.072,UNDER,Targeting P   Sam Hentges UNDER 0.1 BB. Model projects 0.0 (0.05 edge). Recent trends and opponent weakness support this play.
SS  Willy Adames,San Francisco Giants,mlb,SB,Milwaukee_Brewers_at_San_Francisco_Giants,0.02,0.07,-0.072,UNDER,Targeting SS  Willy Adames UNDER 0.1 SB. Model projects 0.0 (0.05 edge). Recent trends and opponent weakness support this play.
C   Ali Sánchez,New York Yankees,mlb,3B,New_York_Yankees_at_Chicago_White_Sox,0.0,0.05,-0.072,UNDER,Targeting C   Ali Sánchez UNDER 0.1 3B. Model projects 0.0 (0.05 edge). Recent trends and opponent weakness support this play.
C   Ali Sánchez,New York Yankees,mlb,BB,New_York_Yankees_at_Chicago_White_Sox,0.03,0.08,-0.072,UNDER,C   Ali Sánchez shows UNDER value at 0.1 BB. TC projection: 0.0 — edge: 0.05. Marginal conviction based on usage rate and defensive matchup.
C   Ali Sánchez,New York Yankees,mlb,SB,New_York_Yankees_at_Chicago_White_Sox,0.0,0.05,-0.072,UNDER,C   Ali Sánchez shows UNDER value at 0.1 SB. TC projection: 0.0 — edge: 0.05. Marginal conviction based on usage rate and defensive matchup.
3B  Amed Rosario,New York Yankees,mlb,2B,New_York_Yankees_at_Chicago_White_Sox,0.05,0.1,-0.072,UNDER,"Marginal +EV opportunity: 3B  Amed Rosario is projected for 0.1 2B vs a line of 0.1, giving a UNDER edge of 0.05. Based on recent form, opponent matchup, and game context."
SS  Anthony Volpe,New York Yankees,mlb,HR,New_York_Yankees_at_Chicago_White_Sox,0.02,0.07,-0.072,UNDER,Targeting SS  Anthony Volpe UNDER 0.1 HR. Model projects 0.0 (0.05 edge). Recent trends and opponent weakness support this play.
SS  Anthony Volpe,New York Yankees,mlb,3B,New_York_Yankees_at_Chicago_White_Sox,0.02,0.07,-0.072,UNDER,SS  Anthony Volpe shows UNDER value at 0.1 3B. TC projection: 0.0 — edge: 0.05. Marginal conviction based on usage rate and defensive matchup.
C   Austin Wells,New York Yankees,mlb,2B,New_York_Yankees_at_Chicago_White_Sox,0.02,0.07,-0.072,UNDER,"Marginal +EV opportunity: C   Austin Wells is projected for 0.0 2B vs a line of 0.1, giving a UNDER edge of 0.05. Based on recent form, opponent matchup, and game context."
1B  Ben Rice,New York Yankees,mlb,SB,New_York_Yankees_at_Chicago_White_Sox,0.02,0.07,-0.072,UNDER,"Marginal +EV opportunity: 1B  Ben Rice is projected for 0.0 SB vs a line of 0.1, giving a UNDER edge of 0.05. Based on recent form, opponent matchup, and game context."
P   David Bednar,New York Yankees,mlb,H,New_York_Yankees_at_Chicago_White_Sox,0.0,0.05,-0.072,UNDER,Targeting P   David Bednar UNDER 0.1 H. Model projects 0.0 (0.05 edge). Recent trends and opponent weakness support this play.
P   David Bednar,New York Yankees,mlb,R,New_York_Yankees_at_Chicago_White_Sox,0.0,0.05,-0.072,UNDER,Targeting P   David Bednar UNDER 0.1 R. Model projects 0.0 (0.05 edge). Recent trends and opponent weakness support this play.
P   David Bednar,New York Yankees,mlb,2B,New_York_Yankees_at_Chicago_White_Sox,0.0,0.05,-0.072,UNDER,"Marginal +EV opportunity: P   David Bednar is projected for 0.0 2B vs a line of 0.1, giving a UNDER edge of 0.05. Based on recent form, opponent matchup, and game context."
P   David Bednar,New York Yankees,mlb,3B,New_York_Yankees_at_Chicago_White_Sox,0.0,0.05,-0.072,UNDER,Targeting P   David Bednar UNDER 0.1 3B. Model projects 0.0 (0.05 edge). Recent trends and opponent weakness support this play.
P   David Bednar,New York Yankees,mlb,BB,New_York_Yankees_at_Chicago_White_Sox,0.0,0.05,-0.072,UNDER,Targeting P   David Bednar UNDER 0.1 BB. Model projects 0.0 (0.05 edge). Recent trends and opponent weakness support this play.
P   Fernando Cruz,New York Yankees,mlb,HR,New_York_Yankees_at_Chicago_White_Sox,0.0,0.05,-0.072,UNDER,P   Fernando Cruz shows UNDER value at 0.1 HR. TC projection: 0.0 — edge: 0.05. Marginal conviction based on usage rate and defensive matchup.
P   Fernando Cruz,New York Yankees,mlb,2B,New_York_Yankees_at_Chicago_White_Sox,0.0,0.05,-0.072,UNDER,P   Fernando Cruz shows UNDER value at 0.1 2B. TC projection: 0.0 — edge: 0.05. Marginal conviction based on usage rate and defensive matchup.
P   Fernando Cruz,New York Yankees,mlb,3B,New_York_Yankees_at_Chicago_White_Sox,0.0,0.05,-0.072,UNDER,"Marginal +EV opportunity: P   Fernando Cruz is projected for 0.0 3B vs a line of 0.1, giving a UNDER edge of 0.05. Based on recent form, opponent matchup, and game context."
P   Fernando Cruz,New York Yankees,mlb,BB,New_York_Yankees_at_Chicago_White_Sox,0.0,0.05,-0.072,UNDER,"Marginal +EV opportunity: P   Fernando Cruz is projected for 0.0 BB vs a line of 0.1, giving a UNDER edge of 0.05. Based on recent form, opponent matchup, and game context."
RF  Jasson Domínguez,New York Yankees,mlb,3B,New_York_Yankees_at_Chicago_White_Sox,0.0,0.05,-0.072,UNDER,Targeting RF  Jasson Domínguez UNDER 0.1 3B. Model projects 0.0 (0.05 edge). Recent trends and opponent weakness support this play.
RF  Jasson Domínguez,New York Yankees,mlb,SB,New_York_Yankees_at_Chicago_White_Sox,0.11,0.16,-0.072,UNDER,Targeting RF  Jasson Domínguez UNDER 0.2 SB. Model projects 0.1 (0.05 edge). Recent trends and opponent weakness support this play.
SS  Max Schuemann,New York Yankees,mlb,HR,New_York_Yankees_at_Chicago_White_Sox,0.05,0.1,-0.072,UNDER,"Marginal +EV opportunity: SS  Max Schuemann is projected for 0.1 HR vs a line of 0.1, giving a UNDER edge of 0.05. Based on recent form, opponent matchup, and game context."
P   Paul Blackburn,New York Yankees,mlb,H,New_York_Yankees_at_Chicago_White_Sox,0.0,0.05,-0.072,UNDER,"Marginal +EV opportunity: P   Paul Blackburn is projected for 0.0 H vs a line of 0.1, giving a UNDER edge of 0.05. Based on recent form, opponent matchup, and game context."
P   Paul Blackburn,New York Yankees,mlb,R,New_York_Yankees_at_Chicago_White_Sox,0.0,0.05,-0.072,UNDER,"Marginal +EV opportunity: P   Paul Blackburn is projected for 0.0 R vs a line of 0.1, giving a UNDER edge of 0.05. Based on recent form, opponent matchup, and game context."
P   Paul Blackburn,New York Yankees,mlb,RBI,New_York_Yankees_at_Chicago_White_Sox,0.0,0.05,-0.072,UNDER,P   Paul Blackburn shows UNDER value at 0.1 RBI. TC projection: 0.0 — edge: 0.05. Marginal conviction based on usage rate and defensive matchup.
P   Paul Blackburn,New York Yankees,mlb,HR,New_York_Yankees_at_Chicago_White_Sox,0.0,0.05,-0.072,UNDER,Targeting P   Paul Blackburn UNDER 0.1 HR. Model projects 0.0 (0.05 edge). Recent trends and opponent weakness support this play.
P   Paul Blackburn,New York Yankees,mlb,2B,New_York_Yankees_at_Chicago_White_Sox,0.0,0.05,-0.072,UNDER,"Marginal +EV opportunity: P   Paul Blackburn is projected for 0.0 2B vs a line of 0.1, giving a UNDER edge of 0.05. Based on recent form, opponent matchup, and game context."
P   Paul Blackburn,New York Yankees,mlb,3B,New_York_Yankees_at_Chicago_White_Sox,0.0,0.05,-0.072,UNDER,P   Paul Blackburn shows UNDER value at 0.1 3B. TC projection: 0.0 — edge: 0.05. Marginal conviction based on usage rate and defensive matchup.
P   Paul Blackburn,New York Yankees,mlb,BB,New_York_Yankees_at_Chicago_White_Sox,0.0,0.05,-0.072,UNDER,Targeting P   Paul Blackburn UNDER 0.1 BB. Model projects 0.0 (0.05 edge). Recent trends and opponent weakness support this play.
P   Paul Blackburn,New York Yankees,mlb,SB,New_York_Yankees_at_Chicago_White_Sox,0.0,0.05,-0.072,UNDER,"Marginal +EV opportunity: P   Paul Blackburn is projected for 0.0 SB vs a line of 0.1, giving a UNDER edge of 0.05. Based on recent form, opponent matchup, and game context."
1B  Paul Goldschmidt,New York Yankees,mlb,2B,New_York_Yankees_at_Chicago_White_Sox,0.11,0.16,-0.072,UNDER,Targeting 1B  Paul Goldschmidt UNDER 0.2 2B. Model projects 0.1 (0.05 edge). Recent trends and opponent weakness support this play.
3B  Ryan McMahon,New York Yankees,mlb,SB,New_York_Yankees_at_Chicago_White_Sox,0.03,0.08,-0.072,UNDER,"Marginal +EV opportunity: 3B  Ryan McMahon is projected for 0.0 SB vs a line of 0.1, giving a UNDER edge of 0.05. Based on recent form, opponent matchup, and game context."
CF  Spencer Jones,New York Yankees,mlb,HR,New_York_Yankees_at_Chicago_White_Sox,0.05,0.1,-0.072,UNDER,Targeting CF  Spencer Jones UNDER 0.1 HR. Model projects 0.1 (0.05 edge). Recent trends and opponent weakness support this play.
CF  Spencer Jones,New York Yankees,mlb,SB,New_York_Yankees_at_Chicago_White_Sox,0.03,0.08,-0.072,UNDER,"Marginal +EV opportunity: CF  Spencer Jones is projected for 0.0 SB vs a line of 0.1, giving a UNDER edge of 0.05. Based on recent form, opponent matchup, and game context."
2B  Chase Meidroth,Chicago White Sox,mlb,3B,New_York_Yankees_at_Chicago_White_Sox,0.0,0.05,-0.072,UNDER,2B  Chase Meidroth shows UNDER value at 0.1 3B. TC projection: 0.0 — edge: 0.05. Marginal conviction based on usage rate and defensive matchup.
SS  Colson Montgomery,Chicago White Sox,mlb,3B,New_York_Yankees_at_Chicago_White_Sox,0.0,0.05,-0.072,UNDER,"Marginal +EV opportunity: SS  Colson Montgomery is projected for 0.0 3B vs a line of 0.1, giving a UNDER edge of 0.05. Based on recent form, opponent matchup, and game context."
C   Drew Romo,Chicago White Sox,mlb,2B,New_York_Yankees_at_Chicago_White_Sox,0.11,0.16,-0.072,UNDER,"Marginal +EV opportunity: C   Drew Romo is projected for 0.1 2B vs a line of 0.2, giving a UNDER edge of 0.05. Based on recent form, opponent matchup, and game context."
SS  Luisangel Acuña,Chicago White Sox,mlb,3B,New_York_Yankees_at_Chicago_White_Sox,0.0,0.05,-0.072,UNDER,Targeting SS  Luisangel Acuña UNDER 0.1 3B. Model projects 0.0 (0.05 edge). Recent trends and opponent weakness support this play.
SS  Luisangel Acuña,Chicago White Sox,mlb,BB,New_York_Yankees_at_Chicago_White_Sox,0.08,0.13,-0.072,UNDER,SS  Luisangel Acuña shows UNDER value at 0.1 BB. TC projection: 0.1 — edge: 0.05. Marginal conviction based on usage rate and defensive matchup.
1B  Munetaka Murakami,Chicago White Sox,mlb,3B,New_York_Yankees_at_Chicago_White_Sox,0.0,0.05,-0.072,UNDER,Targeting 1B  Munetaka Murakami UNDER 0.1 3B. Model projects 0.0 (0.05 edge). Recent trends and opponent weakness support this play.
DH  Randal Grichuk,Chicago White Sox,mlb,HR,New_York_Yankees_at_Chicago_White_Sox,0.11,0.16,-0.072,UNDER,"Marginal +EV opportunity: DH  Randal Grichuk is projected for 0.1 HR vs a line of 0.2, giving a UNDER edge of 0.05. Based on recent form, opponent matchup, and game context."
DH  Randal Grichuk,Chicago White Sox,mlb,BB,New_York_Yankees_at_Chicago_White_Sox,0.08,0.13,-0.072,UNDER,"Marginal +EV opportunity: DH  Randal Grichuk is projected for 0.1 BB vs a line of 0.1, giving a UNDER edge of 0.05. Based on recent form, opponent matchup, and game context."
P   Trevor Richards,Chicago White Sox,mlb,H,New_York_Yankees_at_Chicago_White_Sox,0.0,0.05,-0.072,UNDER,"Marginal +EV opportunity: P   Trevor Richards is projected for 0.0 H vs a line of 0.1, giving a UNDER edge of 0.05. Based on recent form, opponent matchup, and game context."
P   Trevor Richards,Chicago White Sox,mlb,R,New_York_Yankees_at_Chicago_White_Sox,0.0,0.05,-0.072,UNDER,Targeting P   Trevor Richards UNDER 0.1 R. Model projects 0.0 (0.05 edge). Recent trends and opponent weakness support this play.
P   Trevor Richards,Chicago White Sox,mlb,RBI,New_York_Yankees_at_Chicago_White_Sox,0.0,0.05,-0.072,UNDER,P   Trevor Richards shows UNDER value at 0.1 RBI. TC projection: 0.0 — edge: 0.05. Marginal conviction based on usage rate and defensive matchup.
P   Trevor Richards,Chicago White Sox,mlb,BB,New_York_Yankees_at_Chicago_White_Sox,0.0,0.05,-0.072,UNDER,P   Trevor Richards shows UNDER value at 0.1 BB. TC projection: 0.0 — edge: 0.05. Marginal conviction based on usage rate and defensive matchup.
P   Trevor Richards,Chicago White Sox,mlb,SB,New_York_Yankees_at_Chicago_White_Sox,0.0,0.05,-0.072,UNDER,"Marginal +EV opportunity: P   Trevor Richards is projected for 0.0 SB vs a line of 0.1, giving a UNDER edge of 0.05. Based on recent form, opponent matchup, and game context."
CF  Tristan Peters,Chicago White Sox,mlb,HR,New_York_Yankees_at_Chicago_White_Sox,0.05,0.1,-0.072,UNDER,CF  Tristan Peters shows UNDER value at 0.1 HR. TC projection: 0.1 — edge: 0.05. Marginal conviction based on usage rate and defensive matchup.
3B  Alec Bohm,Philadelphia Phillies,mlb,HR,Philadelphia_Phillies_at_Miami_Marlins,0.11,0.16,-0.072,UNDER,"Marginal +EV opportunity: 3B  Alec Bohm is projected for 0.1 HR vs a line of 0.2, giving a UNDER edge of 0.05. Based on recent form, opponent matchup, and game context."
LF  Brandon Marsh,Philadelphia Phillies,mlb,3B,Philadelphia_Phillies_at_Miami_Marlins,0.02,0.07,-0.072,UNDER,Targeting LF  Brandon Marsh UNDER 0.1 3B. Model projects 0.0 (0.05 edge). Recent trends and opponent weakness support this play.
P   Chase Shugart,Philadelphia Phillies,mlb,H,Philadelphia_Phillies_at_Miami_Marlins,0.0,0.05,-0.072,UNDER,"Marginal +EV opportunity: P   Chase Shugart is projected for 0.0 H vs a line of 0.1, giving a UNDER edge of 0.05. Based on recent form, opponent matchup, and game context."
P   Chase Shugart,Philadelphia Phillies,mlb,RBI,Philadelphia_Phillies_at_Miami_Marlins,0.0,0.05,-0.072,UNDER,"Marginal +EV opportunity: P   Chase Shugart is projected for 0.0 RBI vs a line of 0.1, giving a UNDER edge of 0.05. Based on recent form, opponent matchup, and game context."
P   Chase Shugart,Philadelphia Phillies,mlb,2B,Philadelphia_Phillies_at_Miami_Marlins,0.0,0.05,-0.072,UNDER,"Marginal +EV opportunity: P   Chase Shugart is projected for 0.0 2B vs a line of 0.1, giving a UNDER edge of 0.05. Based on recent form, opponent matchup, and game context."
P   Chase Shugart,Philadelphia Phillies,mlb,3B,Philadelphia_Phillies_at_Miami_Marlins,0.0,0.05,-0.072,UNDER,Targeting P   Chase Shugart UNDER 0.1 3B. Model projects 0.0 (0.05 edge). Recent trends and opponent weakness support this play.
P   Chase Shugart,Philadelphia Phillies,mlb,BB,Philadelphia_Phillies_at_Miami_Marlins,0.0,0.05,-0.072,UNDER,Targeting P   Chase Shugart UNDER 0.1 BB. Model projects 0.0 (0.05 edge). Recent trends and opponent weakness support this play.
RF  Derek Hill,Philadelphia Phillies,mlb,3B,Philadelphia_Phillies_at_Miami_Marlins,0.0,0.05,-0.072,UNDER,"Marginal +EV opportunity: RF  Derek Hill is projected for 0.0 3B vs a line of 0.1, giving a UNDER edge of 0.05. Based on recent form, opponent matchup, and game context."
RF  Gabriel Rincones Jr.,Philadelphia Phillies,mlb,HR,Philadelphia_Phillies_at_Miami_Marlins,0.06,0.11,-0.072,UNDER,RF  Gabriel Rincones Jr. shows UNDER value at 0.1 HR. TC projection: 0.1 — edge: 0.05. Marginal conviction based on usage rate and defensive matchup.
RF  Gabriel Rincones Jr.,Philadelphia Phillies,mlb,BB,Philadelphia_Phillies_at_Miami_Marlins,0.06,0.11,-0.072,UNDER,RF  Gabriel Rincones Jr. shows UNDER value at 0.1 BB. TC projection: 0.1 — edge: 0.05. Marginal conviction based on usage rate and defensive matchup.
C   J.T. Realmuto,Philadelphia Phillies,mlb,3B,Philadelphia_Phillies_at_Miami_Marlins,0.0,0.05,-0.072,UNDER,"Marginal +EV opportunity: C   J.T. Realmuto is projected for 0.0 3B vs a line of 0.1, giving a UNDER edge of 0.05. Based on recent form, opponent matchup, and game context."
C   J.T. Realmuto,Philadelphia Phillies,mlb,SB,Philadelphia_Phillies_at_Miami_Marlins,0.03,0.08,-0.072,UNDER,C   J.T. Realmuto shows UNDER value at 0.1 SB. TC projection: 0.0 — edge: 0.05. Marginal conviction based on usage rate and defensive matchup.
P   Jhoan Duran,Philadelphia Phillies,mlb,H,Philadelphia_Phillies_at_Miami_Marlins,0.0,0.05,-0.072,UNDER,P   Jhoan Duran shows UNDER value at 0.1 H. TC projection: 0.0 — edge: 0.05. Marginal conviction based on usage rate and defensive matchup.
P   Jhoan Duran,Philadelphia Phillies,mlb,HR,Philadelphia_Phillies_at_Miami_Marlins,0.0,0.05,-0.072,UNDER,Targeting P   Jhoan Duran UNDER 0.1 HR. Model projects 0.0 (0.05 edge). Recent trends and opponent weakness support this play.
P   Jhoan Duran,Philadelphia Phillies,mlb,2B,Philadelphia_Phillies_at_Miami_Marlins,0.0,0.05,-0.072,UNDER,"Marginal +EV opportunity: P   Jhoan Duran is projected for 0.0 2B vs a line of 0.1, giving a UNDER edge of 0.05. Based on recent form, opponent matchup, and game context."
P   Jhoan Duran,Philadelphia Phillies,mlb,3B,Philadelphia_Phillies_at_Miami_Marlins,0.0,0.05,-0.072,UNDER,Targeting P   Jhoan Duran UNDER 0.1 3B. Model projects 0.0 (0.05 edge). Recent trends and opponent weakness support this play.
P   Jhoan Duran,Philadelphia Phillies,mlb,SB,Philadelphia_Phillies_at_Miami_Marlins,0.0,0.05,-0.072,UNDER,P   Jhoan Duran shows UNDER value at 0.1 SB. TC projection: 0.0 — edge: 0.05. Marginal conviction based on usage rate and defensive matchup.
DH  Kyle Schwarber,Philadelphia Phillies,mlb,SB,Philadelphia_Phillies_at_Miami_Marlins,0.02,0.07,-0.072,UNDER,Targeting DH  Kyle Schwarber UNDER 0.1 SB. Model projects 0.0 (0.05 edge). Recent trends and opponent weakness support this play.
P   Orion Kerkering,Philadelphia Phillies,mlb,H,Philadelphia_Phillies_at_Miami_Marlins,0.0,0.05,-0.072,UNDER,"Marginal +EV opportunity: P   Orion Kerkering is projected for 0.0 H vs a line of 0.1, giving a UNDER edge of 0.05. Based on recent form, opponent matchup, and game context."
P   Orion Kerkering,Philadelphia Phillies,mlb,R,Philadelphia_Phillies_at_Miami_Marlins,0.0,0.05,-0.072,UNDER,Targeting P   Orion Kerkering UNDER 0.1 R. Model projects 0.0 (0.05 edge). Recent trends and opponent weakness support this play.
P   Orion Kerkering,Philadelphia Phillies,mlb,2B,Philadelphia_Phillies_at_Miami_Marlins,0.0,0.05,-0.072,UNDER,Targeting P   Orion Kerkering UNDER 0.1 2B. Model projects 0.0 (0.05 edge). Recent trends and opponent weakness support this play.
P   Orion Kerkering,Philadelphia Phillies,mlb,BB,Philadelphia_Phillies_at_Miami_Marlins,0.0,0.05,-0.072,UNDER,P   Orion Kerkering shows UNDER value at 0.1 BB. TC projection: 0.0 — edge: 0.05. Marginal conviction based on usage rate and defensive matchup.
P   Orion Kerkering,Philadelphia Phillies,mlb,SB,Philadelphia_Phillies_at_Miami_Marlins,0.0,0.05,-0.072,UNDER,Targeting P   Orion Kerkering UNDER 0.1 SB. Model projects 0.0 (0.05 edge). Recent trends and opponent weakness support this play.
C   Brian Navarreto,Miami Marlins,mlb,HR,Philadelphia_Phillies_at_Miami_Marlins,0.0,0.05,-0.072,UNDER,C   Brian Navarreto shows UNDER value at 0.1 HR. TC projection: 0.0 — edge: 0.05. Marginal conviction based on usage rate and defensive matchup.
C   Brian Navarreto,Miami Marlins,mlb,SB,Philadelphia_Phillies_at_Miami_Marlins,0.0,0.05,-0.072,UNDER,Targeting C   Brian Navarreto UNDER 0.1 SB. Model projects 0.0 (0.05 edge). Recent trends and opponent weakness support this play.
P   Cade Gibson,Miami Marlins,mlb,H,Philadelphia_Phillies_at_Miami_Marlins,0.0,0.05,-0.072,UNDER,Targeting P   Cade Gibson UNDER 0.1 H. Model projects 0.0 (0.05 edge). Recent trends and opponent weakness support this play.
P   Cade Gibson,Miami Marlins,mlb,RBI,Philadelphia_Phillies_at_Miami_Marlins,0.0,0.05,-0.072,UNDER,P   Cade Gibson shows UNDER value at 0.1 RBI. TC projection: 0.0 — edge: 0.05. Marginal conviction based on usage rate and defensive matchup.
P   Cade Gibson,Miami Marlins,mlb,2B,Philadelphia_Phillies_at_Miami_Marlins,0.0,0.05,-0.072,UNDER,Targeting P   Cade Gibson UNDER 0.1 2B. Model projects 0.0 (0.05 edge). Recent trends and opponent weakness support this play.
P   Cade Gibson,Miami Marlins,mlb,BB,Philadelphia_Phillies_at_Miami_Marlins,0.0,0.05,-0.072,UNDER,"Marginal +EV opportunity: P   Cade Gibson is projected for 0.0 BB vs a line of 0.1, giving a UNDER edge of 0.05. Based on recent form, opponent matchup, and game context."
3B  Graham Pauley,Miami Marlins,mlb,HR,Philadelphia_Phillies_at_Miami_Marlins,0.02,0.07,-0.072,UNDER,"Marginal +EV opportunity: 3B  Graham Pauley is projected for 0.0 HR vs a line of 0.1, giving a UNDER edge of 0.05. Based on recent form, opponent matchup, and game context."
3B  Graham Pauley,Miami Marlins,mlb,BB,Philadelphia_Phillies_at_Miami_Marlins,0.11,0.16,-0.072,UNDER,3B  Graham Pauley shows UNDER value at 0.2 BB. TC projection: 0.1 — edge: 0.05. Marginal conviction based on usage rate and defensive matchup.
3B  Graham Pauley,Miami Marlins,mlb,SB,Philadelphia_Phillies_at_Miami_Marlins,0.02,0.07,-0.072,UNDER,Targeting 3B  Graham Pauley UNDER 0.1 SB. Model projects 0.0 (0.05 edge). Recent trends and opponent weakness support this play.
LF  Griffin Conine,Miami Marlins,mlb,2B,Philadelphia_Phillies_at_Miami_Marlins,0.11,0.16,-0.072,UNDER,Targeting LF  Griffin Conine UNDER 0.2 2B. Model projects 0.1 (0.05 edge). Recent trends and opponent weakness support this play.
LF  Griffin Conine,Miami Marlins,mlb,3B,Philadelphia_Phillies_at_Miami_Marlins,0.0,0.05,-0.072,UNDER,"Marginal +EV opportunity: LF  Griffin Conine is projected for 0.0 3B vs a line of 0.1, giving a UNDER edge of 0.05. Based on recent form, opponent matchup, and game context."
LF  Heriberto Hernández,Miami Marlins,mlb,SB,Philadelphia_Phillies_at_Miami_Marlins,0.08,0.13,-0.072,UNDER,"Marginal +EV opportunity: LF  Heriberto Hernández is projected for 0.1 SB vs a line of 0.1, giving a UNDER edge of 0.05. Based on recent form, opponent matchup, and game context."
3B  Leo Jiménez,Miami Marlins,mlb,3B,Philadelphia_Phillies_at_Miami_Marlins,0.0,0.05,-0.072,UNDER,Targeting 3B  Leo Jiménez UNDER 0.1 3B. Model projects 0.0 (0.05 edge). Recent trends and opponent weakness support this play.
3B  Leo Jiménez,Miami Marlins,mlb,SB,Philadelphia_Phillies_at_Miami_Marlins,0.02,0.07,-0.072,UNDER,"Marginal +EV opportunity: 3B  Leo Jiménez is projected for 0.0 SB vs a line of 0.1, giving a UNDER edge of 0.05. Based on recent form, opponent matchup, and game context."
C   Liam Hicks,Miami Marlins,mlb,2B,Philadelphia_Phillies_at_Miami_Marlins,0.08,0.13,-0.072,UNDER,"Marginal +EV opportunity: C   Liam Hicks is projected for 0.1 2B vs a line of 0.1, giving a UNDER edge of 0.05. Based on recent form, opponent matchup, and game context."
C   Liam Hicks,Miami Marlins,mlb,SB,Philadelphia_Phillies_at_Miami_Marlins,0.03,0.08,-0.072,UNDER,"Marginal +EV opportunity: C   Liam Hicks is projected for 0.0 SB vs a line of 0.1, giving a UNDER edge of 0.05. Based on recent form, opponent matchup, and game context."
SS  Otto Lopez,Miami Marlins,mlb,HR,Philadelphia_Phillies_at_Miami_Marlins,0.08,0.13,-0.072,UNDER,SS  Otto Lopez shows UNDER value at 0.1 HR. TC projection: 0.1 — edge: 0.05. Marginal conviction based on usage rate and defensive matchup.
SS  Otto Lopez,Miami Marlins,mlb,3B,Philadelphia_Phillies_at_Miami_Marlins,0.05,0.1,-0.072,UNDER,SS  Otto Lopez shows UNDER value at 0.1 3B. TC projection: 0.1 — edge: 0.05. Marginal conviction based on usage rate and defensive matchup.
P   Pete Fairbanks,Miami Marlins,mlb,R,Philadelphia_Phillies_at_Miami_Marlins,0.0,0.05,-0.072,UNDER,P   Pete Fairbanks shows UNDER value at 0.1 R. TC projection: 0.0 — edge: 0.05. Marginal conviction based on usage rate and defensive matchup.
P   Pete Fairbanks,Miami Marlins,mlb,RBI,Philadelphia_Phillies_at_Miami_Marlins,0.0,0.05,-0.072,UNDER,P   Pete Fairbanks shows UNDER value at 0.1 RBI. TC projection: 0.0 — edge: 0.05. Marginal conviction based on usage rate and defensive matchup.
P   Pete Fairbanks,Miami Marlins,mlb,2B,Philadelphia_Phillies_at_Miami_Marlins,0.0,0.05,-0.072,UNDER,Targeting P   Pete Fairbanks UNDER 0.1 2B. Model projects 0.0 (0.05 edge). Recent trends and opponent weakness support this play.
P   Pete Fairbanks,Miami Marlins,mlb,3B,Philadelphia_Phillies_at_Miami_Marlins,0.0,0.05,-0.072,UNDER,"Marginal +EV opportunity: P   Pete Fairbanks is projected for 0.0 3B vs a line of 0.1, giving a UNDER edge of 0.05. Based on recent form, opponent matchup, and game context."
P   Pete Fairbanks,Miami Marlins,mlb,BB,Philadelphia_Phillies_at_Miami_Marlins,0.0,0.05,-0.072,UNDER,P   Pete Fairbanks shows UNDER value at 0.1 BB. TC projection: 0.0 — edge: 0.05. Marginal conviction based on usage rate and defensive matchup.
P   Pete Fairbanks,Miami Marlins,mlb,SB,Philadelphia_Phillies_at_Miami_Marlins,0.0,0.05,-0.072,UNDER,"Marginal +EV opportunity: P   Pete Fairbanks is projected for 0.0 SB vs a line of 0.1, giving a UNDER edge of 0.05. Based on recent form, opponent matchup, and game context."
2B  Xavier Edwards,Miami Marlins,mlb,HR,Philadelphia_Phillies_at_Miami_Marlins,0.05,0.1,-0.072,UNDER,"Marginal +EV opportunity: 2B  Xavier Edwards is projected for 0.1 HR vs a line of 0.1, giving a UNDER edge of 0.05. Based on recent form, opponent matchup, and game context."
2B  Xavier Edwards,Miami Marlins,mlb,3B,Philadelphia_Phillies_at_Miami_Marlins,0.05,0.1,-0.072,UNDER,Targeting 2B  Xavier Edwards UNDER 0.1 3B. Model projects 0.1 (0.05 edge). Recent trends and opponent weakness support this play.
1B  Buddy Kennedy,Seattle Mariners,mlb,3B,Seattle_Mariners_at_Texas_Rangers,0.0,0.05,-0.072,UNDER,1B  Buddy Kennedy shows UNDER value at 0.1 3B. TC projection: 0.0 — edge: 0.05. Marginal conviction based on usage rate and defensive matchup.
2B  Cole Young,Seattle Mariners,mlb,SB,Seattle_Mariners_at_Texas_Rangers,0.02,0.07,-0.072,UNDER,2B  Cole Young shows UNDER value at 0.1 SB. TC projection: 0.0 — edge: 0.05. Marginal conviction based on usage rate and defensive matchup.
P   Gabe Speier,Seattle Mariners,mlb,RBI,Seattle_Mariners_at_Texas_Rangers,0.0,0.05,-0.072,UNDER,"Marginal +EV opportunity: P   Gabe Speier is projected for 0.0 RBI vs a line of 0.1, giving a UNDER edge of 0.05. Based on recent form, opponent matchup, and game context."
P   Gabe Speier,Seattle Mariners,mlb,HR,Seattle_Mariners_at_Texas_Rangers,0.0,0.05,-0.072,UNDER,P   Gabe Speier shows UNDER value at 0.1 HR. TC projection: 0.0 — edge: 0.05. Marginal conviction based on usage rate and defensive matchup.
P   Gabe Speier,Seattle Mariners,mlb,3B,Seattle_Mariners_at_Texas_Rangers,0.0,0.05,-0.072,UNDER,"Marginal +EV opportunity: P   Gabe Speier is projected for 0.0 3B vs a line of 0.1, giving a UNDER edge of 0.05. Based on recent form, opponent matchup, and game context."
1B  Josh Naylor,Seattle Mariners,mlb,2B,Seattle_Mariners_at_Texas_Rangers,0.11,0.16,-0.072,UNDER,"Marginal +EV opportunity: 1B  Josh Naylor is projected for 0.1 2B vs a line of 0.2, giving a UNDER edge of 0.05. Based on recent form, opponent matchup, and game context."
CF  Julio Rodríguez,Seattle Mariners,mlb,SB,Seattle_Mariners_at_Texas_Rangers,0.11,0.16,-0.072,UNDER,Targeting CF  Julio Rodríguez UNDER 0.2 SB. Model projects 0.1 (0.05 edge). Recent trends and opponent weakness support this play.
RF  Luke Raley,Seattle Mariners,mlb,2B,Seattle_Mariners_at_Texas_Rangers,0.08,0.13,-0.072,UNDER,Targeting RF  Luke Raley UNDER 0.1 2B. Model projects 0.1 (0.05 edge). Recent trends and opponent weakness support this play.
RF  Victor Robles,Seattle Mariners,mlb,HR,Seattle_Mariners_at_Texas_Rangers,0.0,0.05,-0.072,UNDER,RF  Victor Robles shows UNDER value at 0.1 HR. TC projection: 0.0 — edge: 0.05. Marginal conviction based on usage rate and defensive matchup.
RF  Victor Robles,Seattle Mariners,mlb,2B,Seattle_Mariners_at_Texas_Rangers,0.05,0.1,-0.072,UNDER,RF  Victor Robles shows UNDER value at 0.1 2B. TC projection: 0.1 — edge: 0.05. Marginal conviction based on usage rate and defensive matchup.
RF  Victor Robles,Seattle Mariners,mlb,3B,Seattle_Mariners_at_Texas_Rangers,0.0,0.05,-0.072,UNDER,"Marginal +EV opportunity: RF  Victor Robles is projected for 0.0 3B vs a line of 0.1, giving a UNDER edge of 0.05. Based on recent form, opponent matchup, and game context."
3B  Weston Wilson,Seattle Mariners,mlb,3B,Seattle_Mariners_at_Texas_Rangers,0.0,0.05,-0.072,UNDER,3B  Weston Wilson shows UNDER value at 0.1 3B. TC projection: 0.0 — edge: 0.05. Marginal conviction based on usage rate and defensive matchup.
C   Austin Wynns,Texas Rangers,mlb,RBI,Seattle_Mariners_at_Texas_Rangers,0.0,0.05,-0.072,UNDER,C   Austin Wynns shows UNDER value at 0.1 RBI. TC projection: 0.0 — edge: 0.05. Marginal conviction based on usage rate and defensive matchup.
CF  Cam Cauley,Texas Rangers,mlb,HR,Seattle_Mariners_at_Texas_Rangers,0.05,0.1,-0.072,UNDER,"Marginal +EV opportunity: CF  Cam Cauley is projected for 0.1 HR vs a line of 0.1, giving a UNDER edge of 0.05. Based on recent form, opponent matchup, and game context."
CF  Cam Cauley,Texas Rangers,mlb,SB,Seattle_Mariners_at_Texas_Rangers,0.0,0.05,-0.072,UNDER,"Marginal +EV opportunity: CF  Cam Cauley is projected for 0.0 SB vs a line of 0.1, giving a UNDER edge of 0.05. Based on recent form, opponent matchup, and game context."
C   Elias Díaz,Texas Rangers,mlb,3B,Seattle_Mariners_at_Texas_Rangers,0.0,0.05,-0.072,UNDER,"Marginal +EV opportunity: C   Elias Díaz is projected for 0.0 3B vs a line of 0.1, giving a UNDER edge of 0.05. Based on recent form, opponent matchup, and game context."
CF  Evan Carter,Texas Rangers,mlb,HR,Seattle_Mariners_at_Texas_Rangers,0.08,0.13,-0.072,UNDER,CF  Evan Carter shows UNDER value at 0.1 HR. TC projection: 0.1 — edge: 0.05. Marginal conviction based on usage rate and defensive matchup.
SS  Ezequiel Duran,Texas Rangers,mlb,3B,Seattle_Mariners_at_Texas_Rangers,0.03,0.08,-0.072,UNDER,SS  Ezequiel Duran shows UNDER value at 0.1 3B. TC projection: 0.0 — edge: 0.05. Marginal conviction based on usage rate and defensive matchup.
P   Jacob Latz,Texas Rangers,mlb,H,Seattle_Mariners_at_Texas_Rangers,0.0,0.05,-0.072,UNDER,Targeting P   Jacob Latz UNDER 0.1 H. Model projects 0.0 (0.05 edge). Recent trends and opponent weakness support this play.
P   Jacob Latz,Texas Rangers,mlb,HR,Seattle_Mariners_at_Texas_Rangers,0.0,0.05,-0.072,UNDER,Targeting P   Jacob Latz UNDER 0.1 HR. Model projects 0.0 (0.05 edge). Recent trends and opponent weakness support this play.
P   Jacob Latz,Texas Rangers,mlb,2B,Seattle_Mariners_at_Texas_Rangers,0.0,0.05,-0.072,UNDER,P   Jacob Latz shows UNDER value at 0.1 2B. TC projection: 0.0 — edge: 0.05. Marginal conviction based on usage rate and defensive matchup.
P   Jacob Latz,Texas Rangers,mlb,3B,Seattle_Mariners_at_Texas_Rangers,0.0,0.05,-0.072,UNDER,P   Jacob Latz shows UNDER value at 0.1 3B. TC projection: 0.0 — edge: 0.05. Marginal conviction based on usage rate and defensive matchup.
P   Jacob Latz,Texas Rangers,mlb,SB,Seattle_Mariners_at_Texas_Rangers,0.0,0.05,-0.072,UNDER,"Marginal +EV opportunity: P   Jacob Latz is projected for 0.0 SB vs a line of 0.1, giving a UNDER edge of 0.05. Based on recent form, opponent matchup, and game context."
1B  Jake Burger,Texas Rangers,mlb,3B,Seattle_Mariners_at_Texas_Rangers,0.0,0.05,-0.072,UNDER,Targeting 1B  Jake Burger UNDER 0.1 3B. Model projects 0.0 (0.05 edge). Recent trends and opponent weakness support this play.
DH  Joc Pederson,Texas Rangers,mlb,3B,Seattle_Mariners_at_Texas_Rangers,0.02,0.07,-0.072,UNDER,DH  Joc Pederson shows UNDER value at 0.1 3B. TC projection: 0.0 — edge: 0.05. Marginal conviction based on usage rate and defensive matchup.
2B  Justin Foscue,Texas Rangers,mlb,2B,Seattle_Mariners_at_Texas_Rangers,0.11,0.16,-0.072,UNDER,Targeting 2B  Justin Foscue UNDER 0.2 2B. Model projects 0.1 (0.05 edge). Recent trends and opponent weakness support this play.
2B  Justin Foscue,Texas Rangers,mlb,3B,Seattle_Mariners_at_Texas_Rangers,0.0,0.05,-0.072,UNDER,2B  Justin Foscue shows UNDER value at 0.1 3B. TC projection: 0.0 — edge: 0.05. Marginal conviction based on usage rate and defensive matchup.
2B  Justin Foscue,Texas Rangers,mlb,SB,Seattle_Mariners_at_Texas_Rangers,0.0,0.05,-0.072,UNDER,Targeting 2B  Justin Foscue UNDER 0.1 SB. Model projects 0.0 (0.05 edge). Recent trends and opponent weakness support this play.
2B  Nicky Lopez,Texas Rangers,mlb,HR,Seattle_Mariners_at_Texas_Rangers,0.02,0.07,-0.072,UNDER,"Marginal +EV opportunity: 2B  Nicky Lopez is projected for 0.0 HR vs a line of 0.1, giving a UNDER edge of 0.05. Based on recent form, opponent matchup, and game context."
2B  Nicky Lopez,Texas Rangers,mlb,2B,Seattle_Mariners_at_Texas_Rangers,0.05,0.1,-0.072,UNDER,"Marginal +EV opportunity: 2B  Nicky Lopez is projected for 0.1 2B vs a line of 0.1, giving a UNDER edge of 0.05. Based on recent form, opponent matchup, and game context."
C   Brandon Valenzuela,Toronto Blue Jays,mlb,3B,Toronto_Blue_Jays_at_Washington_Nationals,0.0,0.05,-0.072,UNDER,C   Brandon Valenzuela shows UNDER value at 0.1 3B. TC projection: 0.0 — edge: 0.05. Marginal conviction based on usage rate and defensive matchup.
CF  Daulton Varsho,Toronto Blue Jays,mlb,HR,Toronto_Blue_Jays_at_Washington_Nationals,0.06,0.11,-0.072,UNDER,"Marginal +EV opportunity: CF  Daulton Varsho is projected for 0.1 HR vs a line of 0.1, giving a UNDER edge of 0.05. Based on recent form, opponent matchup, and game context."
LF  Davis Schneider,Toronto Blue Jays,mlb,2B,Toronto_Blue_Jays_at_Washington_Nationals,0.08,0.13,-0.072,UNDER,"Marginal +EV opportunity: LF  Davis Schneider is projected for 0.1 2B vs a line of 0.1, giving a UNDER edge of 0.05. Based on recent form, opponent matchup, and game context."
LF  Davis Schneider,Toronto Blue Jays,mlb,3B,Toronto_Blue_Jays_at_Washington_Nationals,0.0,0.05,-0.072,UNDER,LF  Davis Schneider shows UNDER value at 0.1 3B. TC projection: 0.0 — edge: 0.05. Marginal conviction based on usage rate and defensive matchup.
2B  Ernie Clement,Toronto Blue Jays,mlb,HR,Toronto_Blue_Jays_at_Washington_Nationals,0.06,0.11,-0.072,UNDER,Targeting 2B  Ernie Clement UNDER 0.1 HR. Model projects 0.1 (0.05 edge). Recent trends and opponent weakness support this play.
2B  Ernie Clement,Toronto Blue Jays,mlb,BB,Toronto_Blue_Jays_at_Washington_Nationals,0.11,0.16,-0.072,UNDER,Targeting 2B  Ernie Clement UNDER 0.2 BB. Model projects 0.1 (0.05 edge). Recent trends and opponent weakness support this play.
3B  Kazuma Okamoto,Toronto Blue Jays,mlb,3B,Toronto_Blue_Jays_at_Washington_Nationals,0.0,0.05,-0.072,UNDER,Targeting 3B  Kazuma Okamoto UNDER 0.1 3B. Model projects 0.0 (0.05 edge). Recent trends and opponent weakness support this play.
3B  Kazuma Okamoto,Toronto Blue Jays,mlb,SB,Toronto_Blue_Jays_at_Washington_Nationals,0.0,0.05,-0.072,UNDER,Targeting 3B  Kazuma Okamoto UNDER 0.1 SB. Model projects 0.0 (0.05 edge). Recent trends and opponent weakness support this play.
2B  Luis Urías,Toronto Blue Jays,mlb,3B,Toronto_Blue_Jays_at_Washington_Nationals,0.0,0.05,-0.072,UNDER,"Marginal +EV opportunity: 2B  Luis Urías is projected for 0.0 3B vs a line of 0.1, giving a UNDER edge of 0.05. Based on recent form, opponent matchup, and game context."
2B  Luis Urías,Toronto Blue Jays,mlb,SB,Toronto_Blue_Jays_at_Washington_Nationals,0.0,0.05,-0.072,UNDER,Targeting 2B  Luis Urías UNDER 0.1 SB. Model projects 0.0 (0.05 edge). Recent trends and opponent weakness support this play.
RF  Myles Straw,Toronto Blue Jays,mlb,2B,Toronto_Blue_Jays_at_Washington_Nationals,0.05,0.1,-0.072,UNDER,"Marginal +EV opportunity: RF  Myles Straw is projected for 0.1 2B vs a line of 0.1, giving a UNDER edge of 0.05. Based on recent form, opponent matchup, and game context."
RF  Myles Straw,Toronto Blue Jays,mlb,3B,Toronto_Blue_Jays_at_Washington_Nationals,0.0,0.05,-0.072,UNDER,"Marginal +EV opportunity: RF  Myles Straw is projected for 0.0 3B vs a line of 0.1, giving a UNDER edge of 0.05. Based on recent form, opponent matchup, and game context."
RF  Nathan Lukes,Toronto Blue Jays,mlb,HR,Toronto_Blue_Jays_at_Washington_Nationals,0.06,0.11,-0.072,UNDER,RF  Nathan Lukes shows UNDER value at 0.1 HR. TC projection: 0.1 — edge: 0.05. Marginal conviction based on usage rate and defensive matchup.
RF  Nathan Lukes,Toronto Blue Jays,mlb,SB,Toronto_Blue_Jays_at_Washington_Nationals,0.0,0.05,-0.072,UNDER,"Marginal +EV opportunity: RF  Nathan Lukes is projected for 0.0 SB vs a line of 0.1, giving a UNDER edge of 0.05. Based on recent form, opponent matchup, and game context."
1B  Vladimir Guerrero Jr.,Toronto Blue Jays,mlb,HR,Toronto_Blue_Jays_at_Washington_Nationals,0.05,0.1,-0.072,UNDER,1B  Vladimir Guerrero Jr. shows UNDER value at 0.1 HR. TC projection: 0.1 — edge: 0.05. Marginal conviction based on usage rate and defensive matchup.
1B  Vladimir Guerrero Jr.,Toronto Blue Jays,mlb,3B,Toronto_Blue_Jays_at_Washington_Nationals,0.0,0.05,-0.072,UNDER,Targeting 1B  Vladimir Guerrero Jr. UNDER 0.1 3B. Model projects 0.0 (0.05 edge). Recent trends and opponent weakness support this play.
1B  Vladimir Guerrero Jr.,Toronto Blue Jays,mlb,SB,Toronto_Blue_Jays_at_Washington_Nationals,0.06,0.11,-0.072,UNDER,Targeting 1B  Vladimir Guerrero Jr. UNDER 0.1 SB. Model projects 0.1 (0.05 edge). Recent trends and opponent weakness support this play.
LF  Yohendrick Piñango,Toronto Blue Jays,mlb,3B,Toronto_Blue_Jays_at_Washington_Nationals,0.0,0.05,-0.072,UNDER,LF  Yohendrick Piñango shows UNDER value at 0.1 3B. TC projection: 0.0 — edge: 0.05. Marginal conviction based on usage rate and defensive matchup.
1B  Andrés Chaparro,Washington Nationals,mlb,3B,Toronto_Blue_Jays_at_Washington_Nationals,0.0,0.05,-0.072,UNDER,Targeting 1B  Andrés Chaparro UNDER 0.1 3B. Model projects 0.0 (0.05 edge). Recent trends and opponent weakness support this play.
1B  Andrés Chaparro,Washington Nationals,mlb,SB,Toronto_Blue_Jays_at_Washington_Nationals,0.0,0.05,-0.072,UNDER,"Marginal +EV opportunity: 1B  Andrés Chaparro is projected for 0.0 SB vs a line of 0.1, giving a UNDER edge of 0.05. Based on recent form, opponent matchup, and game context."
3B  Brady House,Washington Nationals,mlb,3B,Toronto_Blue_Jays_at_Washington_Nationals,0.0,0.05,-0.072,UNDER,3B  Brady House shows UNDER value at 0.1 3B. TC projection: 0.0 — edge: 0.05. Marginal conviction based on usage rate and defensive matchup.
3B  Brady House,Washington Nationals,mlb,SB,Toronto_Blue_Jays_at_Washington_Nationals,0.02,0.07,-0.072,UNDER,"Marginal +EV opportunity: 3B  Brady House is projected for 0.0 SB vs a line of 0.1, giving a UNDER edge of 0.05. Based on recent form, opponent matchup, and game context."
P   Clayton Beeter,Washington Nationals,mlb,H,Toronto_Blue_Jays_at_Washington_Nationals,0.0,0.05,-0.072,UNDER,Targeting P   Clayton Beeter UNDER 0.1 H. Model projects 0.0 (0.05 edge). Recent trends and opponent weakness support this play.
P   Clayton Beeter,Washington Nationals,mlb,RBI,Toronto_Blue_Jays_at_Washington_Nationals,0.0,0.05,-0.072,UNDER,"Marginal +EV opportunity: P   Clayton Beeter is projected for 0.0 RBI vs a line of 0.1, giving a UNDER edge of 0.05. Based on recent form, opponent matchup, and game context."
P   Clayton Beeter,Washington Nationals,mlb,2B,Toronto_Blue_Jays_at_Washington_Nationals,0.0,0.05,-0.072,UNDER,P   Clayton Beeter shows UNDER value at 0.1 2B. TC projection: 0.0 — edge: 0.05. Marginal conviction based on usage rate and defensive matchup.
RF  Dylan Crews,Washington Nationals,mlb,2B,Toronto_Blue_Jays_at_Washington_Nationals,0.11,0.16,-0.072,UNDER,RF  Dylan Crews shows UNDER value at 0.2 2B. TC projection: 0.1 — edge: 0.05. Marginal conviction based on usage rate and defensive matchup.
RF  Dylan Crews,Washington Nationals,mlb,3B,Toronto_Blue_Jays_at_Washington_Nationals,0.0,0.05,-0.072,UNDER,Targeting RF  Dylan Crews UNDER 0.1 3B. Model projects 0.0 (0.05 edge). Recent trends and opponent weakness support this play.
C   Harry Ford,Washington Nationals,mlb,3B,Toronto_Blue_Jays_at_Washington_Nationals,0.0,0.05,-0.072,UNDER,C   Harry Ford shows UNDER value at 0.1 3B. TC projection: 0.0 — edge: 0.05. Marginal conviction based on usage rate and defensive matchup.
CF  Jacob Young,Washington Nationals,mlb,HR,Toronto_Blue_Jays_at_Washington_Nationals,0.08,0.13,-0.072,UNDER,"Marginal +EV opportunity: CF  Jacob Young is projected for 0.1 HR vs a line of 0.1, giving a UNDER edge of 0.05. Based on recent form, opponent matchup, and game context."
CF  Jacob Young,Washington Nationals,mlb,3B,Toronto_Blue_Jays_at_Washington_Nationals,0.02,0.07,-0.072,UNDER,CF  Jacob Young shows UNDER value at 0.1 3B. TC projection: 0.0 — edge: 0.05. Marginal conviction based on usage rate and defensive matchup.
3B  Jorbit Vivas,Washington Nationals,mlb,HR,Toronto_Blue_Jays_at_Washington_Nationals,0.03,0.08,-0.072,UNDER,"Marginal +EV opportunity: 3B  Jorbit Vivas is projected for 0.0 HR vs a line of 0.1, giving a UNDER edge of 0.05. Based on recent form, opponent matchup, and game context."
C   Keibert Ruiz,Washington Nationals,mlb,3B,Toronto_Blue_Jays_at_Washington_Nationals,0.0,0.05,-0.072,UNDER,"Marginal +EV opportunity: C   Keibert Ruiz is projected for 0.0 3B vs a line of 0.1, giving a UNDER edge of 0.05. Based on recent form, opponent matchup, and game context."
C   Keibert Ruiz,Washington Nationals,mlb,SB,Toronto_Blue_Jays_at_Washington_Nationals,0.03,0.08,-0.072,UNDER,Targeting C   Keibert Ruiz UNDER 0.1 SB. Model projects 0.0 (0.05 edge). Recent trends and opponent weakness support this play.
P   Orlando Ribalta,Washington Nationals,mlb,H,Toronto_Blue_Jays_at_Washington_Nationals,0.0,0.05,-0.072,UNDER,Targeting P   Orlando Ribalta UNDER 0.1 H. Model projects 0.0 (0.05 edge). Recent trends and opponent weakness support this play.
P   Orlando Ribalta,Washington Nationals,mlb,R,Toronto_Blue_Jays_at_Washington_Nationals,0.0,0.05,-0.072,UNDER,P   Orlando Ribalta shows UNDER value at 0.1 R. TC projection: 0.0 — edge: 0.05. Marginal conviction based on usage rate and defensive matchup.
P   Orlando Ribalta,Washington Nationals,mlb,2B,Toronto_Blue_Jays_at_Washington_Nationals,0.0,0.05,-0.072,UNDER,P   Orlando Ribalta shows UNDER value at 0.1 2B. TC projection: 0.0 — edge: 0.05. Marginal conviction based on usage rate and defensive matchup.
DH  Adrian Del Castillo,Arizona Diamondbacks,mlb,2B,Arizona_Diamondbacks_at_Pittsburgh_Pirates,0.09,0.04,0.032,OVER,DH  Adrian Del Castillo shows OVER value at 0.0 2B. TC projection: 0.1 — edge: 0.05. Marginal conviction based on usage rate and defensive matchup.
C   James McCann,Arizona Diamondbacks,mlb,HR,Arizona_Diamondbacks_at_Pittsburgh_Pirates,0.09,0.04,0.032,OVER,"Marginal +EV opportunity: C   James McCann is projected for 0.1 HR vs a line of 0.0, giving a OVER edge of 0.05. Based on recent form, opponent matchup, and game context."
C   James McCann,Arizona Diamondbacks,mlb,BB,Arizona_Diamondbacks_at_Pittsburgh_Pirates,0.06,0.01,0.032,OVER,C   James McCann shows OVER value at 0.0 BB. TC projection: 0.1 — edge: 0.05. Marginal conviction based on usage rate and defensive matchup.
C   Henry Davis,Pittsburgh Pirates,mlb,2B,Arizona_Diamondbacks_at_Pittsburgh_Pirates,0.06,0.01,0.032,OVER,Targeting C   Henry Davis OVER 0.0 2B. Model projects 0.1 (0.05 edge). Recent trends and opponent weakness support this play.
1B  Jacob Gonzalez,Pittsburgh Pirates,mlb,HR,Arizona_Diamondbacks_at_Pittsburgh_Pirates,0.09,0.04,0.032,OVER,"Marginal +EV opportunity: 1B  Jacob Gonzalez is projected for 0.1 HR vs a line of 0.0, giving a OVER edge of 0.05. Based on recent form, opponent matchup, and game context."
LF  Tyler Callihan,Pittsburgh Pirates,mlb,2B,Arizona_Diamondbacks_at_Pittsburgh_Pirates,0.09,0.04,0.032,OVER,"Marginal +EV opportunity: LF  Tyler Callihan is projected for 0.1 2B vs a line of 0.0, giving a OVER edge of 0.05. Based on recent form, opponent matchup, and game context."
DH  Dominic Smith,Atlanta Braves,mlb,2B,Atlanta_Braves_at_New_York_Mets,0.06,0.01,0.032,OVER,"Marginal +EV opportunity: DH  Dominic Smith is projected for 0.1 2B vs a line of 0.0, giving a OVER edge of 0.05. Based on recent form, opponent matchup, and game context."
C   Joey Bart,Atlanta Braves,mlb,HR,Atlanta_Braves_at_New_York_Mets,0.09,0.04,0.032,OVER,C   Joey Bart shows OVER value at 0.0 HR. TC projection: 0.1 — edge: 0.05. Marginal conviction based on usage rate and defensive matchup.
C   Joey Bart,Atlanta Braves,mlb,2B,Atlanta_Braves_at_New_York_Mets,0.09,0.04,0.032,OVER,"Marginal +EV opportunity: C   Joey Bart is projected for 0.1 2B vs a line of 0.0, giving a OVER edge of 0.05. Based on recent form, opponent matchup, and game context."
CF  A.J. Ewing,New York Mets,mlb,HR,Atlanta_Braves_at_New_York_Mets,0.09,0.04,0.032,OVER,CF  A.J. Ewing shows OVER value at 0.0 HR. TC projection: 0.1 — edge: 0.05. Marginal conviction based on usage rate and defensive matchup.
C   Francisco Alvarez,New York Mets,mlb,2B,Atlanta_Braves_at_New_York_Mets,0.09,0.04,0.032,OVER,C   Francisco Alvarez shows OVER value at 0.0 2B. TC projection: 0.1 — edge: 0.05. Marginal conviction based on usage rate and defensive matchup.
CF  Luis Robert Jr.,New York Mets,mlb,2B,Atlanta_Braves_at_New_York_Mets,0.09,0.04,0.032,OVER,Targeting CF  Luis Robert Jr. OVER 0.0 2B. Model projects 0.1 (0.05 edge). Recent trends and opponent weakness support this play.
C   Chadwick Tromp,Baltimore Orioles,mlb,R,Baltimore_Orioles_at_Detroit_Tigers,0.09,0.04,0.032,OVER,Targeting C   Chadwick Tromp OVER 0.0 R. Model projects 0.1 (0.05 edge). Recent trends and opponent weakness support this play.
CF  Colton Cowser,Baltimore Orioles,mlb,SB,Baltimore_Orioles_at_Detroit_Tigers,0.06,0.01,0.032,OVER,CF  Colton Cowser shows OVER value at 0.0 SB. TC projection: 0.1 — edge: 0.05. Marginal conviction based on usage rate and defensive matchup.
RF  Dylan Beavers,Baltimore Orioles,mlb,SB,Baltimore_Orioles_at_Detroit_Tigers,0.06,0.01,0.032,OVER,"Marginal +EV opportunity: RF  Dylan Beavers is projected for 0.1 SB vs a line of 0.0, giving a OVER edge of 0.05. Based on recent form, opponent matchup, and game context."
2B  Jackson Holliday,Baltimore Orioles,mlb,SB,Baltimore_Orioles_at_Detroit_Tigers,0.06,0.01,0.032,OVER,"Marginal +EV opportunity: 2B  Jackson Holliday is projected for 0.1 SB vs a line of 0.0, giving a OVER edge of 0.05. Based on recent form, opponent matchup, and game context."
2B  Jeremiah Jackson,Baltimore Orioles,mlb,BB,Baltimore_Orioles_at_Detroit_Tigers,0.06,0.01,0.032,OVER,"Marginal +EV opportunity: 2B  Jeremiah Jackson is projected for 0.1 BB vs a line of 0.0, giving a OVER edge of 0.05. Based on recent form, opponent matchup, and game context."
CF  Leody Taveras,Baltimore Orioles,mlb,2B,Baltimore_Orioles_at_Detroit_Tigers,0.09,0.04,0.032,OVER,Targeting CF  Leody Taveras OVER 0.0 2B. Model projects 0.1 (0.05 edge). Recent trends and opponent weakness support this play.
CF  Leody Taveras,Baltimore Orioles,mlb,SB,Baltimore_Orioles_at_Detroit_Tigers,0.09,0.04,0.032,OVER,Targeting CF  Leody Taveras OVER 0.0 SB. Model projects 0.1 (0.05 edge). Recent trends and opponent weakness support this play.
C   Sam Huff,Baltimore Orioles,mlb,R,Baltimore_Orioles_at_Detroit_Tigers,0.06,0.01,0.032,OVER,Targeting C   Sam Huff OVER 0.0 R. Model projects 0.1 (0.05 edge). Recent trends and opponent weakness support this play.
LF  Taylor Ward,Baltimore Orioles,mlb,HR,Baltimore_Orioles_at_Detroit_Tigers,0.06,0.01,0.032,OVER,Targeting LF  Taylor Ward OVER 0.0 HR. Model projects 0.1 (0.05 edge). Recent trends and opponent weakness support this play.
CF  James Outman,Detroit Tigers,mlb,SB,Baltimore_Orioles_at_Detroit_Tigers,0.06,0.01,0.032,OVER,CF  James Outman shows OVER value at 0.0 SB. TC projection: 0.1 — edge: 0.05. Marginal conviction based on usage rate and defensive matchup.
3B  Caleb Durbin,Boston Red Sox,mlb,SB,Boston_Red_Sox_at_Athletics,0.09,0.04,0.032,OVER,"Marginal +EV opportunity: 3B  Caleb Durbin is projected for 0.1 SB vs a line of 0.0, giving a OVER edge of 0.05. Based on recent form, opponent matchup, and game context."
3B  Curtis Mead,Boston Red Sox,mlb,SB,Boston_Red_Sox_at_Athletics,0.06,0.01,0.032,OVER,"Marginal +EV opportunity: 3B  Curtis Mead is projected for 0.1 SB vs a line of 0.0, giving a OVER edge of 0.05. Based on recent form, opponent matchup, and game context."
SS  Alika Williams,Athletics,mlb,BB,Boston_Red_Sox_at_Athletics,0.06,0.01,0.032,OVER,Targeting SS  Alika Williams OVER 0.0 BB. Model projects 0.1 (0.05 edge). Recent trends and opponent weakness support this play.
3B  Donovan Walton,Athletics,mlb,HR,Boston_Red_Sox_at_Athletics,0.06,0.01,0.032,OVER,"Marginal +EV opportunity: 3B  Donovan Walton is projected for 0.1 HR vs a line of 0.0, giving a OVER edge of 0.05. Based on recent form, opponent matchup, and game context."
SS  Jacob Wilson,Athletics,mlb,HR,Boston_Red_Sox_at_Athletics,0.09,0.04,0.032,OVER,SS  Jacob Wilson shows OVER value at 0.0 HR. TC projection: 0.1 — edge: 0.05. Marginal conviction based on usage rate and defensive matchup.
C   Carson Kelly,Chicago Cubs,mlb,HR,Chicago_Cubs_at_St_Louis_Cardinals,0.06,0.01,0.032,OVER,Targeting C   Carson Kelly OVER 0.0 HR. Model projects 0.1 (0.05 edge). Recent trends and opponent weakness support this play.
2B  JJ Wetherholt,St. Louis Cardinals,mlb,SB,Chicago_Cubs_at_St_Louis_Cardinals,0.09,0.04,0.032,OVER,2B  JJ Wetherholt shows OVER value at 0.0 SB. TC projection: 0.1 — edge: 0.05. Marginal conviction based on usage rate and defensive matchup.
CF  Nathan Church,St. Louis Cardinals,mlb,2B,Chicago_Cubs_at_St_Louis_Cardinals,0.09,0.04,0.032,OVER,Targeting CF  Nathan Church OVER 0.0 2B. Model projects 0.1 (0.05 edge). Recent trends and opponent weakness support this play.
LF  Nelson Velázquez,St. Louis Cardinals,mlb,2B,Chicago_Cubs_at_St_Louis_Cardinals,0.09,0.04,0.032,OVER,LF  Nelson Velázquez shows OVER value at 0.0 2B. TC projection: 0.1 — edge: 0.05. Marginal conviction based on usage rate and defensive matchup.
C   Pedro Pagés,St. Louis Cardinals,mlb,HR,Chicago_Cubs_at_St_Louis_Cardinals,0.06,0.01,0.032,OVER,"Marginal +EV opportunity: C   Pedro Pagés is projected for 0.1 HR vs a line of 0.0, giving a OVER edge of 0.05. Based on recent form, opponent matchup, and game context."
C   Pedro Pagés,St. Louis Cardinals,mlb,2B,Chicago_Cubs_at_St_Louis_Cardinals,0.09,0.04,0.032,OVER,C   Pedro Pagés shows OVER value at 0.0 2B. TC projection: 0.1 — edge: 0.05. Marginal conviction based on usage rate and defensive matchup.
C   Austin Hedges,Cleveland Guardians,mlb,HR,Cleveland_Guardians_at_Cincinnati_Reds,0.06,0.01,0.032,OVER,Targeting C   Austin Hedges OVER 0.0 HR. Model projects 0.1 (0.05 edge). Recent trends and opponent weakness support this play.
2B  Edwin Arroyo,Cincinnati Reds,mlb,2B,Cleveland_Guardians_at_Cincinnati_Reds,0.06,0.01,0.032,OVER,Targeting 2B  Edwin Arroyo OVER 0.0 2B. Model projects 0.1 (0.05 edge). Recent trends and opponent weakness support this play.
C   Jose Trevino,Cincinnati Reds,mlb,HR,Cleveland_Guardians_at_Cincinnati_Reds,0.09,0.04,0.032,OVER,Targeting C   Jose Trevino OVER 0.0 HR. Model projects 0.1 (0.05 edge). Recent trends and opponent weakness support this play.
C   Jose Trevino,Cincinnati Reds,mlb,2B,Cleveland_Guardians_at_Cincinnati_Reds,0.09,0.04,0.032,OVER,C   Jose Trevino shows OVER value at 0.0 2B. TC projection: 0.1 — edge: 0.05. Marginal conviction based on usage rate and defensive matchup.
1B  Sal Stewart,Cincinnati Reds,mlb,SB,Cleveland_Guardians_at_Cincinnati_Reds,0.09,0.04,0.032,OVER,Targeting 1B  Sal Stewart OVER 0.0 SB. Model projects 0.1 (0.05 edge). Recent trends and opponent weakness support this play.
C   Tyler Stephenson,Cincinnati Reds,mlb,HR,Cleveland_Guardians_at_Cincinnati_Reds,0.09,0.04,0.032,OVER,"Marginal +EV opportunity: C   Tyler Stephenson is projected for 0.1 HR vs a line of 0.0, giving a OVER edge of 0.05. Based on recent form, opponent matchup, and game context."
C   Christian Vázquez,Houston Astros,mlb,HR,Houston_Astros_at_Los_Angeles_Angels,0.06,0.01,0.032,OVER,Targeting C   Christian Vázquez OVER 0.0 HR. Model projects 0.1 (0.05 edge). Recent trends and opponent weakness support this play.
C   Christian Vázquez,Houston Astros,mlb,2B,Houston_Astros_at_Los_Angeles_Angels,0.09,0.04,0.032,OVER,"Marginal +EV opportunity: C   Christian Vázquez is projected for 0.1 2B vs a line of 0.0, giving a OVER edge of 0.05. Based on recent form, opponent matchup, and game context."
SS  Joey Ortiz,Milwaukee Brewers,mlb,2B,Milwaukee_Brewers_at_San_Francisco_Giants,0.09,0.04,0.032,OVER,"Marginal +EV opportunity: SS  Joey Ortiz is projected for 0.1 2B vs a line of 0.0, giving a OVER edge of 0.05. Based on recent form, opponent matchup, and game context."
RF  Luis Lara,Milwaukee Brewers,mlb,SB,Milwaukee_Brewers_at_San_Francisco_Giants,0.06,0.01,0.032,OVER,Targeting RF  Luis Lara OVER 0.0 SB. Model projects 0.1 (0.05 edge). Recent trends and opponent weakness support this play.
2B  Christian Koss,San Francisco Giants,mlb,2B,Milwaukee_Brewers_at_San_Francisco_Giants,0.06,0.01,0.032,OVER,2B  Christian Koss shows OVER value at 0.0 2B. TC projection: 0.1 — edge: 0.05. Marginal conviction based on usage rate and defensive matchup.
2B  Christian Koss,San Francisco Giants,mlb,BB,Milwaukee_Brewers_at_San_Francisco_Giants,0.06,0.01,0.032,OVER,2B  Christian Koss shows OVER value at 0.0 BB. TC projection: 0.1 — edge: 0.05. Marginal conviction based on usage rate and defensive matchup.
C   Drew Cavanaugh,San Francisco Giants,mlb,RBI,Milwaukee_Brewers_at_San_Francisco_Giants,0.09,0.04,0.032,OVER,Targeting C   Drew Cavanaugh OVER 0.0 RBI. Model projects 0.1 (0.05 edge). Recent trends and opponent weakness support this play.
SS  José Caballero,New York Yankees,mlb,HR,New_York_Yankees_at_Chicago_White_Sox,0.09,0.04,0.032,OVER,Targeting SS  José Caballero OVER 0.0 HR. Model projects 0.1 (0.05 edge). Recent trends and opponent weakness support this play.
DH  Andrew Benintendi,Chicago White Sox,mlb,HR,New_York_Yankees_at_Chicago_White_Sox,0.09,0.04,0.032,OVER,Targeting DH  Andrew Benintendi OVER 0.0 HR. Model projects 0.1 (0.05 edge). Recent trends and opponent weakness support this play.
CF  Jakob Marsee,Miami Marlins,mlb,2B,Philadelphia_Phillies_at_Miami_Marlins,0.09,0.04,0.032,OVER,CF  Jakob Marsee shows OVER value at 0.0 2B. TC projection: 0.1 — edge: 0.05. Marginal conviction based on usage rate and defensive matchup.
RF  Victor Robles,Seattle Mariners,mlb,BB,Seattle_Mariners_at_Texas_Rangers,0.09,0.04,0.032,OVER,RF  Victor Robles shows OVER value at 0.0 BB. TC projection: 0.1 — edge: 0.05. Marginal conviction based on usage rate and defensive matchup.
3B  Weston Wilson,Seattle Mariners,mlb,SB,Seattle_Mariners_at_Texas_Rangers,0.09,0.04,0.032,OVER,Targeting 3B  Weston Wilson OVER 0.0 SB. Model projects 0.1 (0.05 edge). Recent trends and opponent weakness support this play.
LF  Alejandro Osuna,Texas Rangers,mlb,2B,Seattle_Mariners_at_Texas_Rangers,0.06,0.01,0.032,OVER,"Marginal +EV opportunity: LF  Alejandro Osuna is projected for 0.1 2B vs a line of 0.0, giving a OVER edge of 0.05. Based on recent form, opponent matchup, and game context."
SS  Ezequiel Duran,Texas Rangers,mlb,SB,Seattle_Mariners_at_Texas_Rangers,0.06,0.01,0.032,OVER,Targeting SS  Ezequiel Duran OVER 0.0 SB. Model projects 0.1 (0.05 edge). Recent trends and opponent weakness support this play.
2B  Josh Smith,Texas Rangers,mlb,2B,Seattle_Mariners_at_Texas_Rangers,0.06,0.01,0.032,OVER,Targeting 2B  Josh Smith OVER 0.0 2B. Model projects 0.1 (0.05 edge). Recent trends and opponent weakness support this play.
SS  Andrés Giménez,Toronto Blue Jays,mlb,HR,Toronto_Blue_Jays_at_Washington_Nationals,0.06,0.01,0.032,OVER,"Marginal +EV opportunity: SS  Andrés Giménez is projected for 0.1 HR vs a line of 0.0, giving a OVER edge of 0.05. Based on recent form, opponent matchup, and game context."
2B  Luis Urías,Toronto Blue Jays,mlb,HR,Toronto_Blue_Jays_at_Washington_Nationals,0.09,0.04,0.032,OVER,"Marginal +EV opportunity: 2B  Luis Urías is projected for 0.1 HR vs a line of 0.0, giving a OVER edge of 0.05. Based on recent form, opponent matchup, and game context."
DH  José Tena,Washington Nationals,mlb,HR,Toronto_Blue_Jays_at_Washington_Nationals,0.06,0.01,0.032,OVER,DH  José Tena shows OVER value at 0.0 HR. TC projection: 0.1 — edge: 0.05. Marginal conviction based on usage rate and defensive matchup.
3B  Austin Riley,Atlanta Braves,mlb,3B,Atlanta_Braves_at_New_York_Mets,0.01,0.06,-0.07199999999999998,UNDER,3B  Austin Riley shows UNDER value at 0.1 3B. TC projection: 0.0 — edge: 0.05. Marginal conviction based on usage rate and defensive matchup.
DH  Dominic Smith,Atlanta Braves,mlb,3B,Atlanta_Braves_at_New_York_Mets,0.01,0.06,-0.07199999999999998,UNDER,"Marginal +EV opportunity: DH  Dominic Smith is projected for 0.0 3B vs a line of 0.1, giving a UNDER edge of 0.05. Based on recent form, opponent matchup, and game context."
RF  Eli White,Atlanta Braves,mlb,3B,Atlanta_Braves_at_New_York_Mets,0.01,0.06,-0.07199999999999998,UNDER,"Marginal +EV opportunity: RF  Eli White is projected for 0.0 3B vs a line of 0.1, giving a UNDER edge of 0.05. Based on recent form, opponent matchup, and game context."
3B  Brett Baty,New York Mets,mlb,3B,Atlanta_Braves_at_New_York_Mets,0.01,0.06,-0.07199999999999998,UNDER,"Marginal +EV opportunity: 3B  Brett Baty is projected for 0.0 3B vs a line of 0.1, giving a UNDER edge of 0.05. Based on recent form, opponent matchup, and game context."
3B  Brett Baty,New York Mets,mlb,SB,Atlanta_Braves_at_New_York_Mets,0.04,0.09,-0.07199999999999998,UNDER,"Marginal +EV opportunity: 3B  Brett Baty is projected for 0.0 SB vs a line of 0.1, giving a UNDER edge of 0.05. Based on recent form, opponent matchup, and game context."
1B  Jared Young,New York Mets,mlb,SB,Atlanta_Braves_at_New_York_Mets,0.01,0.06,-0.07199999999999998,UNDER,1B  Jared Young shows UNDER value at 0.1 SB. TC projection: 0.0 — edge: 0.05. Marginal conviction based on usage rate and defensive matchup.
CF  Leody Taveras,Baltimore Orioles,mlb,HR,Baltimore_Orioles_at_Detroit_Tigers,0.04,0.09,-0.07199999999999998,UNDER,Targeting CF  Leody Taveras UNDER 0.1 HR. Model projects 0.0 (0.05 edge). Recent trends and opponent weakness support this play.
3B  Colt Keith,Detroit Tigers,mlb,SB,Baltimore_Orioles_at_Detroit_Tigers,0.04,0.09,-0.07199999999999998,UNDER,Targeting 3B  Colt Keith UNDER 0.1 SB. Model projects 0.0 (0.05 edge). Recent trends and opponent weakness support this play.
2B  Hao-Yu Lee,Detroit Tigers,mlb,3B,Baltimore_Orioles_at_Detroit_Tigers,0.01,0.06,-0.07199999999999998,UNDER,2B  Hao-Yu Lee shows UNDER value at 0.1 3B. TC projection: 0.0 — edge: 0.05. Marginal conviction based on usage rate and defensive matchup.
2B  Hao-Yu Lee,Detroit Tigers,mlb,SB,Baltimore_Orioles_at_Detroit_Tigers,0.01,0.06,-0.07199999999999998,UNDER,2B  Hao-Yu Lee shows UNDER value at 0.1 SB. TC projection: 0.0 — edge: 0.05. Marginal conviction based on usage rate and defensive matchup.
CF  James Outman,Detroit Tigers,mlb,2B,Baltimore_Orioles_at_Detroit_Tigers,0.04,0.09,-0.07199999999999998,UNDER,"Marginal +EV opportunity: CF  James Outman is projected for 0.0 2B vs a line of 0.1, giving a UNDER edge of 0.05. Based on recent form, opponent matchup, and game context."
CF  Matt Vierling,Detroit Tigers,mlb,SB,Baltimore_Orioles_at_Detroit_Tigers,0.04,0.09,-0.07199999999999998,UNDER,CF  Matt Vierling shows UNDER value at 0.1 SB. TC projection: 0.0 — edge: 0.05. Marginal conviction based on usage rate and defensive matchup.
LF  Riley Greene,Detroit Tigers,mlb,3B,Baltimore_Orioles_at_Detroit_Tigers,0.01,0.06,-0.07199999999999998,UNDER,"Marginal +EV opportunity: LF  Riley Greene is projected for 0.0 3B vs a line of 0.1, giving a UNDER edge of 0.05. Based on recent form, opponent matchup, and game context."
2B  Zach McKinstry,Detroit Tigers,mlb,HR,Baltimore_Orioles_at_Detroit_Tigers,0.04,0.09,-0.07199999999999998,UNDER,"Marginal +EV opportunity: 2B  Zach McKinstry is projected for 0.0 HR vs a line of 0.1, giving a UNDER edge of 0.05. Based on recent form, opponent matchup, and game context."
SS  Andruw Monasterio,Boston Red Sox,mlb,3B,Boston_Red_Sox_at_Athletics,0.01,0.06,-0.07199999999999998,UNDER,Targeting SS  Andruw Monasterio UNDER 0.1 3B. Model projects 0.0 (0.05 edge). Recent trends and opponent weakness support this play.
3B  Curtis Mead,Boston Red Sox,mlb,3B,Boston_Red_Sox_at_Athletics,0.01,0.06,-0.07199999999999998,UNDER,"Marginal +EV opportunity: 3B  Curtis Mead is projected for 0.0 3B vs a line of 0.1, giving a UNDER edge of 0.05. Based on recent form, opponent matchup, and game context."
OF  Jahmai Jones,Boston Red Sox,mlb,2B,Boston_Red_Sox_at_Athletics,0.04,0.09,-0.07199999999999998,UNDER,"Marginal +EV opportunity: OF  Jahmai Jones is projected for 0.0 2B vs a line of 0.1, giving a UNDER edge of 0.05. Based on recent form, opponent matchup, and game context."
OF  Jahmai Jones,Boston Red Sox,mlb,SB,Boston_Red_Sox_at_Athletics,0.01,0.06,-0.07199999999999998,UNDER,"Marginal +EV opportunity: OF  Jahmai Jones is projected for 0.0 SB vs a line of 0.1, giving a UNDER edge of 0.05. Based on recent form, opponent matchup, and game context."
SS  Alika Williams,Athletics,mlb,HR,Boston_Red_Sox_at_Athletics,0.04,0.09,-0.07199999999999998,UNDER,"Marginal +EV opportunity: SS  Alika Williams is projected for 0.0 HR vs a line of 0.1, giving a UNDER edge of 0.05. Based on recent form, opponent matchup, and game context."
SS  Jacob Wilson,Athletics,mlb,3B,Boston_Red_Sox_at_Athletics,0.01,0.06,-0.07199999999999998,UNDER,SS  Jacob Wilson shows UNDER value at 0.1 3B. TC projection: 0.0 — edge: 0.05. Marginal conviction based on usage rate and defensive matchup.
SS  Jacob Wilson,Athletics,mlb,SB,Boston_Red_Sox_at_Athletics,0.04,0.09,-0.07199999999999998,UNDER,Targeting SS  Jacob Wilson UNDER 0.1 SB. Model projects 0.0 (0.05 edge). Recent trends and opponent weakness support this play.
RF  Lawrence Butler,Athletics,mlb,HR,Boston_Red_Sox_at_Athletics,0.04,0.09,-0.07199999999999998,UNDER,RF  Lawrence Butler shows UNDER value at 0.1 HR. TC projection: 0.0 — edge: 0.05. Marginal conviction based on usage rate and defensive matchup.
RF  Lawrence Butler,Athletics,mlb,3B,Boston_Red_Sox_at_Athletics,0.01,0.06,-0.07199999999999998,UNDER,"Marginal +EV opportunity: RF  Lawrence Butler is projected for 0.0 3B vs a line of 0.1, giving a UNDER edge of 0.05. Based on recent form, opponent matchup, and game context."
DH  Michael Conforto,Chicago Cubs,mlb,SB,Chicago_Cubs_at_St_Louis_Cardinals,0.01,0.06,-0.07199999999999998,UNDER,"Marginal +EV opportunity: DH  Michael Conforto is projected for 0.0 SB vs a line of 0.1, giving a UNDER edge of 0.05. Based on recent form, opponent matchup, and game context."
C   Miguel Amaya,Chicago Cubs,mlb,HR,Chicago_Cubs_at_St_Louis_Cardinals,0.04,0.09,-0.07199999999999998,UNDER,C   Miguel Amaya shows UNDER value at 0.1 HR. TC projection: 0.0 — edge: 0.05. Marginal conviction based on usage rate and defensive matchup.
DH  Iván Herrera,St. Louis Cardinals,mlb,3B,Chicago_Cubs_at_St_Louis_Cardinals,0.01,0.06,-0.07199999999999998,UNDER,Targeting DH  Iván Herrera UNDER 0.1 3B. Model projects 0.0 (0.05 edge). Recent trends and opponent weakness support this play.
LF  José Fermín,St. Louis Cardinals,mlb,SB,Chicago_Cubs_at_St_Louis_Cardinals,0.04,0.09,-0.07199999999999998,UNDER,Targeting LF  José Fermín UNDER 0.1 SB. Model projects 0.0 (0.05 edge). Recent trends and opponent weakness support this play.
CF  Nathan Church,St. Louis Cardinals,mlb,3B,Chicago_Cubs_at_St_Louis_Cardinals,0.01,0.06,-0.07199999999999998,UNDER,Targeting CF  Nathan Church UNDER 0.1 3B. Model projects 0.0 (0.05 edge). Recent trends and opponent weakness support this play.
LF  Angel Martínez,Cleveland Guardians,mlb,3B,Cleveland_Guardians_at_Cincinnati_Reds,0.01,0.06,-0.07199999999999998,UNDER,Targeting LF  Angel Martínez UNDER 0.1 3B. Model projects 0.0 (0.05 edge). Recent trends and opponent weakness support this play.
RF  Chase DeLauter,Cleveland Guardians,mlb,3B,Cleveland_Guardians_at_Cincinnati_Reds,0.01,0.06,-0.07199999999999998,UNDER,Targeting RF  Chase DeLauter UNDER 0.1 3B. Model projects 0.0 (0.05 edge). Recent trends and opponent weakness support this play.
1B  Kyle Manzardo,Cleveland Guardians,mlb,3B,Cleveland_Guardians_at_Cincinnati_Reds,0.01,0.06,-0.07199999999999998,UNDER,Targeting 1B  Kyle Manzardo UNDER 0.1 3B. Model projects 0.0 (0.05 edge). Recent trends and opponent weakness support this play.
CF  Steven Kwan,Cleveland Guardians,mlb,HR,Cleveland_Guardians_at_Cincinnati_Reds,0.01,0.06,-0.07199999999999998,UNDER,Targeting CF  Steven Kwan UNDER 0.1 HR. Model projects 0.0 (0.05 edge). Recent trends and opponent weakness support this play.
SS  Elly De La Cruz,Cincinnati Reds,mlb,3B,Cleveland_Guardians_at_Cincinnati_Reds,0.04,0.09,-0.07199999999999998,UNDER,"Marginal +EV opportunity: SS  Elly De La Cruz is projected for 0.0 3B vs a line of 0.1, giving a UNDER edge of 0.05. Based on recent form, opponent matchup, and game context."
LF  JJ Bleday,Cincinnati Reds,mlb,3B,Cleveland_Guardians_at_Cincinnati_Reds,0.01,0.06,-0.07199999999999998,UNDER,"Marginal +EV opportunity: LF  JJ Bleday is projected for 0.0 3B vs a line of 0.1, giving a UNDER edge of 0.05. Based on recent form, opponent matchup, and game context."
CF  TJ Friedl,Cincinnati Reds,mlb,HR,Cleveland_Guardians_at_Cincinnati_Reds,0.04,0.09,-0.07199999999999998,UNDER,Targeting CF  TJ Friedl UNDER 0.1 HR. Model projects 0.0 (0.05 edge). Recent trends and opponent weakness support this play.
CF  TJ Friedl,Cincinnati Reds,mlb,3B,Cleveland_Guardians_at_Cincinnati_Reds,0.01,0.06,-0.07199999999999998,UNDER,CF  TJ Friedl shows UNDER value at 0.1 3B. TC projection: 0.0 — edge: 0.05. Marginal conviction based on usage rate and defensive matchup.
RF  Cam Smith,Houston Astros,mlb,3B,Houston_Astros_at_Los_Angeles_Angels,0.01,0.06,-0.07199999999999998,UNDER,"Marginal +EV opportunity: RF  Cam Smith is projected for 0.0 3B vs a line of 0.1, giving a UNDER edge of 0.05. Based on recent form, opponent matchup, and game context."
C   Christian Vázquez,Houston Astros,mlb,SB,Houston_Astros_at_Los_Angeles_Angels,0.01,0.06,-0.07199999999999998,UNDER,"Marginal +EV opportunity: C   Christian Vázquez is projected for 0.0 SB vs a line of 0.1, giving a UNDER edge of 0.05. Based on recent form, opponent matchup, and game context."
1B  Christian Walker,Houston Astros,mlb,3B,Houston_Astros_at_Los_Angeles_Angels,0.01,0.06,-0.07199999999999998,UNDER,Targeting 1B  Christian Walker UNDER 0.1 3B. Model projects 0.0 (0.05 edge). Recent trends and opponent weakness support this play.
3B  Isaac Paredes,Houston Astros,mlb,3B,Houston_Astros_at_Los_Angeles_Angels,0.01,0.06,-0.07199999999999998,UNDER,Targeting 3B  Isaac Paredes UNDER 0.1 3B. Model projects 0.0 (0.05 edge). Recent trends and opponent weakness support this play.
RF  Jo Adell,Los Angeles Angels,mlb,3B,Houston_Astros_at_Los_Angeles_Angels,0.01,0.06,-0.07199999999999998,UNDER,Targeting RF  Jo Adell UNDER 0.1 3B. Model projects 0.0 (0.05 edge). Recent trends and opponent weakness support this play.
DH  Jorge Soler,Los Angeles Angels,mlb,3B,Houston_Astros_at_Los_Angeles_Angels,0.01,0.06,-0.07199999999999998,UNDER,DH  Jorge Soler shows UNDER value at 0.1 3B. TC projection: 0.0 — edge: 0.05. Marginal conviction based on usage rate and defensive matchup.
LF  Josh Lowe,Los Angeles Angels,mlb,SB,Houston_Astros_at_Los_Angeles_Angels,0.04,0.09,-0.07199999999999998,UNDER,"Marginal +EV opportunity: LF  Josh Lowe is projected for 0.0 SB vs a line of 0.1, giving a UNDER edge of 0.05. Based on recent form, opponent matchup, and game context."
1B  Nolan Schanuel,Los Angeles Angels,mlb,SB,Houston_Astros_at_Los_Angeles_Angels,0.01,0.06,-0.07199999999999998,UNDER,1B  Nolan Schanuel shows UNDER value at 0.1 SB. TC projection: 0.0 — edge: 0.05. Marginal conviction based on usage rate and defensive matchup.
C   Tyler Heineman,Los Angeles Angels,mlb,2B,Houston_Astros_at_Los_Angeles_Angels,0.04,0.09,-0.07199999999999998,UNDER,"Marginal +EV opportunity: C   Tyler Heineman is projected for 0.0 2B vs a line of 0.1, giving a UNDER edge of 0.05. Based on recent form, opponent matchup, and game context."
LF  Wade Meckler,Los Angeles Angels,mlb,HR,Houston_Astros_at_Los_Angeles_Angels,0.04,0.09,-0.07199999999999998,UNDER,"Marginal +EV opportunity: LF  Wade Meckler is projected for 0.0 HR vs a line of 0.1, giving a UNDER edge of 0.05. Based on recent form, opponent matchup, and game context."
DH  Bryce Eldridge,San Francisco Giants,mlb,SB,Milwaukee_Brewers_at_San_Francisco_Giants,0.01,0.06,-0.07199999999999998,UNDER,Targeting DH  Bryce Eldridge UNDER 0.1 SB. Model projects 0.0 (0.05 edge). Recent trends and opponent weakness support this play.
C   Daniel Susac,San Francisco Giants,mlb,SB,Milwaukee_Brewers_at_San_Francisco_Giants,0.04,0.09,-0.07199999999999998,UNDER,Targeting C   Daniel Susac UNDER 0.1 SB. Model projects 0.0 (0.05 edge). Recent trends and opponent weakness support this play.
CF  Drew Gilbert,San Francisco Giants,mlb,HR,Milwaukee_Brewers_at_San_Francisco_Giants,0.04,0.09,-0.07199999999999998,UNDER,CF  Drew Gilbert shows UNDER value at 0.1 HR. TC projection: 0.0 — edge: 0.05. Marginal conviction based on usage rate and defensive matchup.
RF  Jung Hoo Lee,San Francisco Giants,mlb,3B,Milwaukee_Brewers_at_San_Francisco_Giants,0.04,0.09,-0.07199999999999998,UNDER,RF  Jung Hoo Lee shows UNDER value at 0.1 3B. TC projection: 0.0 — edge: 0.05. Marginal conviction based on usage rate and defensive matchup.
2B  Luis Arraez,San Francisco Giants,mlb,HR,Milwaukee_Brewers_at_San_Francisco_Giants,0.04,0.09,-0.07199999999999998,UNDER,2B  Luis Arraez shows UNDER value at 0.1 HR. TC projection: 0.0 — edge: 0.05. Marginal conviction based on usage rate and defensive matchup.
1B  Rafael Devers,San Francisco Giants,mlb,3B,Milwaukee_Brewers_at_San_Francisco_Giants,0.01,0.06,-0.07199999999999998,UNDER,Targeting 1B  Rafael Devers UNDER 0.1 3B. Model projects 0.0 (0.05 edge). Recent trends and opponent weakness support this play.
C   Austin Wells,New York Yankees,mlb,SB,New_York_Yankees_at_Chicago_White_Sox,0.01,0.06,-0.07199999999999998,UNDER,Targeting C   Austin Wells UNDER 0.1 SB. Model projects 0.0 (0.05 edge). Recent trends and opponent weakness support this play.
1B  Paul Goldschmidt,New York Yankees,mlb,3B,New_York_Yankees_at_Chicago_White_Sox,0.01,0.06,-0.07199999999999998,UNDER,"Marginal +EV opportunity: 1B  Paul Goldschmidt is projected for 0.0 3B vs a line of 0.1, giving a UNDER edge of 0.05. Based on recent form, opponent matchup, and game context."
SS  Luisangel Acuña,Chicago White Sox,mlb,2B,New_York_Yankees_at_Chicago_White_Sox,0.04,0.09,-0.07199999999999998,UNDER,Targeting SS  Luisangel Acuña UNDER 0.1 2B. Model projects 0.0 (0.05 edge). Recent trends and opponent weakness support this play.
DH  Randal Grichuk,Chicago White Sox,mlb,3B,New_York_Yankees_at_Chicago_White_Sox,0.01,0.06,-0.07199999999999998,UNDER,Targeting DH  Randal Grichuk UNDER 0.1 3B. Model projects 0.0 (0.05 edge). Recent trends and opponent weakness support this play.
2B  Bryson Stott,Philadelphia Phillies,mlb,3B,Philadelphia_Phillies_at_Miami_Marlins,0.04,0.09,-0.07199999999999998,UNDER,"Marginal +EV opportunity: 2B  Bryson Stott is projected for 0.0 3B vs a line of 0.1, giving a UNDER edge of 0.05. Based on recent form, opponent matchup, and game context."
SS  Trea Turner,Philadelphia Phillies,mlb,3B,Philadelphia_Phillies_at_Miami_Marlins,0.01,0.06,-0.07199999999999998,UNDER,"Marginal +EV opportunity: SS  Trea Turner is projected for 0.0 3B vs a line of 0.1, giving a UNDER edge of 0.05. Based on recent form, opponent matchup, and game context."
CF  Jakob Marsee,Miami Marlins,mlb,HR,Philadelphia_Phillies_at_Miami_Marlins,0.04,0.09,-0.07199999999999998,UNDER,CF  Jakob Marsee shows UNDER value at 0.1 HR. TC projection: 0.0 — edge: 0.05. Marginal conviction based on usage rate and defensive matchup.
LF  Kyle Stowers,Miami Marlins,mlb,SB,Philadelphia_Phillies_at_Miami_Marlins,0.01,0.06,-0.07199999999999998,UNDER,LF  Kyle Stowers shows UNDER value at 0.1 SB. TC projection: 0.0 — edge: 0.05. Marginal conviction based on usage rate and defensive matchup.
DH  Dominic Canzone,Seattle Mariners,mlb,SB,Seattle_Mariners_at_Texas_Rangers,0.01,0.06,-0.07199999999999998,UNDER,Targeting DH  Dominic Canzone UNDER 0.1 SB. Model projects 0.0 (0.05 edge). Recent trends and opponent weakness support this play.
RF  Luke Raley,Seattle Mariners,mlb,3B,Seattle_Mariners_at_Texas_Rangers,0.01,0.06,-0.07199999999999998,UNDER,"Marginal +EV opportunity: RF  Luke Raley is projected for 0.0 3B vs a line of 0.1, giving a UNDER edge of 0.05. Based on recent form, opponent matchup, and game context."
RF  Luke Raley,Seattle Mariners,mlb,SB,Seattle_Mariners_at_Texas_Rangers,0.01,0.06,-0.07199999999999998,UNDER,"Marginal +EV opportunity: RF  Luke Raley is projected for 0.0 SB vs a line of 0.1, giving a UNDER edge of 0.05. Based on recent form, opponent matchup, and game context."
LF  Randy Arozarena,Seattle Mariners,mlb,3B,Seattle_Mariners_at_Texas_Rangers,0.01,0.06,-0.07199999999999998,UNDER,"Marginal +EV opportunity: LF  Randy Arozarena is projected for 0.0 3B vs a line of 0.1, giving a UNDER edge of 0.05. Based on recent form, opponent matchup, and game context."
RF  Brandon Nimmo,Texas Rangers,mlb,3B,Seattle_Mariners_at_Texas_Rangers,0.04,0.09,-0.07199999999999998,UNDER,RF  Brandon Nimmo shows UNDER value at 0.1 3B. TC projection: 0.0 — edge: 0.05. Marginal conviction based on usage rate and defensive matchup.
RF  Brandon Nimmo,Texas Rangers,mlb,SB,Seattle_Mariners_at_Texas_Rangers,0.04,0.09,-0.07199999999999998,UNDER,RF  Brandon Nimmo shows UNDER value at 0.1 SB. TC projection: 0.0 — edge: 0.05. Marginal conviction based on usage rate and defensive matchup.
2B  Josh Smith,Texas Rangers,mlb,SB,Seattle_Mariners_at_Texas_Rangers,0.04,0.09,-0.07199999999999998,UNDER,Targeting 2B  Josh Smith UNDER 0.1 SB. Model projects 0.0 (0.05 edge). Recent trends and opponent weakness support this play.
SS  Andrés Giménez,Toronto Blue Jays,mlb,3B,Toronto_Blue_Jays_at_Washington_Nationals,0.01,0.06,-0.07199999999999998,UNDER,"Marginal +EV opportunity: SS  Andrés Giménez is projected for 0.0 3B vs a line of 0.1, giving a UNDER edge of 0.05. Based on recent form, opponent matchup, and game context."
C   Brandon Valenzuela,Toronto Blue Jays,mlb,SB,Toronto_Blue_Jays_at_Washington_Nationals,0.01,0.06,-0.07199999999999998,UNDER,Targeting C   Brandon Valenzuela UNDER 0.1 SB. Model projects 0.0 (0.05 edge). Recent trends and opponent weakness support this play.
2B  Ernie Clement,Toronto Blue Jays,mlb,3B,Toronto_Blue_Jays_at_Washington_Nationals,0.01,0.06,-0.07199999999999998,UNDER,2B  Ernie Clement shows UNDER value at 0.1 3B. TC projection: 0.0 — edge: 0.05. Marginal conviction based on usage rate and defensive matchup.
DH  George Springer,Toronto Blue Jays,mlb,3B,Toronto_Blue_Jays_at_Washington_Nationals,0.01,0.06,-0.07199999999999998,UNDER,Targeting DH  George Springer UNDER 0.1 3B. Model projects 0.0 (0.05 edge). Recent trends and opponent weakness support this play.
3B  Jorbit Vivas,Washington Nationals,mlb,3B,Toronto_Blue_Jays_at_Washington_Nationals,0.01,0.06,-0.07199999999999998,UNDER,"Marginal +EV opportunity: 3B  Jorbit Vivas is projected for 0.0 3B vs a line of 0.1, giving a UNDER edge of 0.05. Based on recent form, opponent matchup, and game context."
1B  Luis García Jr.,Washington Nationals,mlb,SB,Toronto_Blue_Jays_at_Washington_Nationals,0.04,0.09,-0.07199999999999998,UNDER,Targeting 1B  Luis García Jr. UNDER 0.1 SB. Model projects 0.0 (0.05 edge). Recent trends and opponent weakness support this play.
2B  Nasim Nuñez,Washington Nationals,mlb,2B,Toronto_Blue_Jays_at_Washington_Nationals,0.04,0.09,-0.07199999999999998,UNDER,"Marginal +EV opportunity: 2B  Nasim Nuñez is projected for 0.0 2B vs a line of 0.1, giving a UNDER edge of 0.05. Based on recent form, opponent matchup, and game context."
RF  Corbin Carroll,Arizona Diamondbacks,mlb,HR,Arizona_Diamondbacks_at_Pittsburgh_Pirates,0.12,0.07,0.031999999999999994,OVER,"Marginal +EV opportunity: RF  Corbin Carroll is projected for 0.1 HR vs a line of 0.1, giving a OVER edge of 0.05. Based on recent form, opponent matchup, and game context."
C   Gabriel Moreno,Arizona Diamondbacks,mlb,2B,Arizona_Diamondbacks_at_Pittsburgh_Pirates,0.19,0.14,0.031999999999999994,OVER,C   Gabriel Moreno shows OVER value at 0.1 2B. TC projection: 0.2 — edge: 0.05. Marginal conviction based on usage rate and defensive matchup.
SS  Geraldo Perdomo,Arizona Diamondbacks,mlb,RBI,Arizona_Diamondbacks_at_Pittsburgh_Pirates,0.3,0.25,0.031999999999999994,OVER,SS  Geraldo Perdomo shows OVER value at 0.2 RBI. TC projection: 0.3 — edge: 0.05. Marginal conviction based on usage rate and defensive matchup.
C   James McCann,Arizona Diamondbacks,mlb,R,Arizona_Diamondbacks_at_Pittsburgh_Pirates,0.22,0.17,0.031999999999999994,OVER,Targeting C   James McCann OVER 0.2 R. Model projects 0.2 (0.05 edge). Recent trends and opponent weakness support this play.
3B  Nolan Arenado,Arizona Diamondbacks,mlb,HR,Arizona_Diamondbacks_at_Pittsburgh_Pirates,0.12,0.07,0.031999999999999994,OVER,Targeting 3B  Nolan Arenado OVER 0.1 HR. Model projects 0.1 (0.05 edge). Recent trends and opponent weakness support this play.
CF  Ryan Waldschmidt,Arizona Diamondbacks,mlb,BB,Arizona_Diamondbacks_at_Pittsburgh_Pirates,0.18,0.13,0.031999999999999994,OVER,Targeting CF  Ryan Waldschmidt OVER 0.1 BB. Model projects 0.2 (0.05 edge). Recent trends and opponent weakness support this play.
CF  Ryan Waldschmidt,Arizona Diamondbacks,mlb,SB,Arizona_Diamondbacks_at_Pittsburgh_Pirates,0.12,0.07,0.031999999999999994,OVER,CF  Ryan Waldschmidt shows OVER value at 0.1 SB. TC projection: 0.1 — edge: 0.05. Marginal conviction based on usage rate and defensive matchup.
LF  Tim Tawa,Arizona Diamondbacks,mlb,R,Arizona_Diamondbacks_at_Pittsburgh_Pirates,0.22,0.17,0.031999999999999994,OVER,"Marginal +EV opportunity: LF  Tim Tawa is projected for 0.2 R vs a line of 0.2, giving a OVER edge of 0.05. Based on recent form, opponent matchup, and game context."
LF  Tim Tawa,Arizona Diamondbacks,mlb,BB,Arizona_Diamondbacks_at_Pittsburgh_Pirates,0.19,0.14,0.031999999999999994,OVER,Targeting LF  Tim Tawa OVER 0.1 BB. Model projects 0.2 (0.05 edge). Recent trends and opponent weakness support this play.
C   Henry Davis,Pittsburgh Pirates,mlb,R,Arizona_Diamondbacks_at_Pittsburgh_Pirates,0.32,0.27,0.031999999999999994,OVER,Targeting C   Henry Davis OVER 0.3 R. Model projects 0.3 (0.05 edge). Recent trends and opponent weakness support this play.
C   Henry Davis,Pittsburgh Pirates,mlb,BB,Arizona_Diamondbacks_at_Pittsburgh_Pirates,0.24,0.19,0.031999999999999994,OVER,C   Henry Davis shows OVER value at 0.2 BB. TC projection: 0.2 — edge: 0.05. Marginal conviction based on usage rate and defensive matchup.
1B  Jacob Gonzalez,Pittsburgh Pirates,mlb,BB,Arizona_Diamondbacks_at_Pittsburgh_Pirates,0.18,0.13,0.031999999999999994,OVER,"Marginal +EV opportunity: 1B  Jacob Gonzalez is projected for 0.2 BB vs a line of 0.1, giving a OVER edge of 0.05. Based on recent form, opponent matchup, and game context."
SS  Jared Triolo,Pittsburgh Pirates,mlb,2B,Arizona_Diamondbacks_at_Pittsburgh_Pirates,0.15,0.1,0.031999999999999994,OVER,"Marginal +EV opportunity: SS  Jared Triolo is projected for 0.1 2B vs a line of 0.1, giving a OVER edge of 0.05. Based on recent form, opponent matchup, and game context."
LF  Tyler Callihan,Pittsburgh Pirates,mlb,BB,Arizona_Diamondbacks_at_Pittsburgh_Pirates,0.21,0.16,0.031999999999999994,OVER,Targeting LF  Tyler Callihan OVER 0.2 BB. Model projects 0.2 (0.05 edge). Recent trends and opponent weakness support this play.
RF  Brewer Hicklen,Atlanta Braves,mlb,RBI,Atlanta_Braves_at_New_York_Mets,0.31,0.26,0.031999999999999994,OVER,Targeting RF  Brewer Hicklen OVER 0.3 RBI. Model projects 0.3 (0.05 edge). Recent trends and opponent weakness support this play.
DH  Dominic Smith,Atlanta Braves,mlb,BB,Atlanta_Braves_at_New_York_Mets,0.18,0.13,0.031999999999999994,OVER,DH  Dominic Smith shows OVER value at 0.1 BB. TC projection: 0.2 — edge: 0.05. Marginal conviction based on usage rate and defensive matchup.
SS  Jim Jarvis,Atlanta Braves,mlb,R,Atlanta_Braves_at_New_York_Mets,0.33,0.28,0.031999999999999994,OVER,SS  Jim Jarvis shows OVER value at 0.3 R. TC projection: 0.3 — edge: 0.05. Marginal conviction based on usage rate and defensive matchup.
LF  Mauricio Dubón,Atlanta Braves,mlb,BB,Atlanta_Braves_at_New_York_Mets,0.22,0.17,0.031999999999999994,OVER,LF  Mauricio Dubón shows OVER value at 0.2 BB. TC projection: 0.2 — edge: 0.05. Marginal conviction based on usage rate and defensive matchup.
CF  Michael Harris II,Atlanta Braves,mlb,2B,Atlanta_Braves_at_New_York_Mets,0.18,0.13,0.031999999999999994,OVER,Targeting CF  Michael Harris II OVER 0.1 2B. Model projects 0.2 (0.05 edge). Recent trends and opponent weakness support this play.
P   Victor Mederos,Atlanta Braves,mlb,H,Atlanta_Braves_at_New_York_Mets,0.12,0.07,0.031999999999999994,OVER,"Marginal +EV opportunity: P   Victor Mederos is projected for 0.1 H vs a line of 0.1, giving a OVER edge of 0.05. Based on recent form, opponent matchup, and game context."
3B  Brett Baty,New York Mets,mlb,RBI,Atlanta_Braves_at_New_York_Mets,0.29,0.24,0.031999999999999994,OVER,"Marginal +EV opportunity: 3B  Brett Baty is projected for 0.3 RBI vs a line of 0.2, giving a OVER edge of 0.05. Based on recent form, opponent matchup, and game context."
1B  Eric Wagaman,New York Mets,mlb,R,Atlanta_Braves_at_New_York_Mets,0.12,0.07,0.031999999999999994,OVER,1B  Eric Wagaman shows OVER value at 0.1 R. TC projection: 0.1 — edge: 0.05. Marginal conviction based on usage rate and defensive matchup.
C   Francisco Alvarez,New York Mets,mlb,RBI,Atlanta_Braves_at_New_York_Mets,0.32,0.27,0.031999999999999994,OVER,"Marginal +EV opportunity: C   Francisco Alvarez is projected for 0.3 RBI vs a line of 0.3, giving a OVER edge of 0.05. Based on recent form, opponent matchup, and game context."
1B  Jared Young,New York Mets,mlb,2B,Atlanta_Braves_at_New_York_Mets,0.12,0.07,0.031999999999999994,OVER,"Marginal +EV opportunity: 1B  Jared Young is projected for 0.1 2B vs a line of 0.1, giving a OVER edge of 0.05. Based on recent form, opponent matchup, and game context."
1B  Jared Young,New York Mets,mlb,BB,Atlanta_Braves_at_New_York_Mets,0.19,0.14,0.031999999999999994,OVER,1B  Jared Young shows OVER value at 0.1 BB. TC projection: 0.2 — edge: 0.05. Marginal conviction based on usage rate and defensive matchup.
CF  Luis Robert Jr.,New York Mets,mlb,HR,Atlanta_Braves_at_New_York_Mets,0.12,0.07,0.031999999999999994,OVER,Targeting CF  Luis Robert Jr. OVER 0.1 HR. Model projects 0.1 (0.05 edge). Recent trends and opponent weakness support this play.
C   Luis Torrens,New York Mets,mlb,R,Atlanta_Braves_at_New_York_Mets,0.3,0.25,0.031999999999999994,OVER,C   Luis Torrens shows OVER value at 0.2 R. TC projection: 0.3 — edge: 0.05. Marginal conviction based on usage rate and defensive matchup.
C   Luis Torrens,New York Mets,mlb,BB,Atlanta_Braves_at_New_York_Mets,0.15,0.1,0.031999999999999994,OVER,C   Luis Torrens shows OVER value at 0.1 BB. TC projection: 0.1 — edge: 0.05. Marginal conviction based on usage rate and defensive matchup.
2B  Marcus Semien,New York Mets,mlb,RBI,Atlanta_Braves_at_New_York_Mets,0.33,0.28,0.031999999999999994,OVER,Targeting 2B  Marcus Semien OVER 0.3 RBI. Model projects 0.3 (0.05 edge). Recent trends and opponent weakness support this play.
CF  Tyrone Taylor,New York Mets,mlb,R,Atlanta_Braves_at_New_York_Mets,0.24,0.19,0.031999999999999994,OVER,CF  Tyrone Taylor shows OVER value at 0.2 R. TC projection: 0.2 — edge: 0.05. Marginal conviction based on usage rate and defensive matchup.
C   Chadwick Tromp,Baltimore Orioles,mlb,RBI,Baltimore_Orioles_at_Detroit_Tigers,0.19,0.14,0.031999999999999994,OVER,"Marginal +EV opportunity: C   Chadwick Tromp is projected for 0.2 RBI vs a line of 0.1, giving a OVER edge of 0.05. Based on recent form, opponent matchup, and game context."
CF  Colton Cowser,Baltimore Orioles,mlb,RBI,Baltimore_Orioles_at_Detroit_Tigers,0.24,0.19,0.031999999999999994,OVER,"Marginal +EV opportunity: CF  Colton Cowser is projected for 0.2 RBI vs a line of 0.2, giving a OVER edge of 0.05. Based on recent form, opponent matchup, and game context."
RF  Tyler O'Neill,Baltimore Orioles,mlb,BB,Baltimore_Orioles_at_Detroit_Tigers,0.24,0.19,0.031999999999999994,OVER,Targeting RF  Tyler O'Neill OVER 0.2 BB. Model projects 0.2 (0.05 edge). Recent trends and opponent weakness support this play.
2B  Gleyber Torres,Detroit Tigers,mlb,RBI,Baltimore_Orioles_at_Detroit_Tigers,0.32,0.27,0.031999999999999994,OVER,2B  Gleyber Torres shows OVER value at 0.3 RBI. TC projection: 0.3 — edge: 0.05. Marginal conviction based on usage rate and defensive matchup.
2B  Hao-Yu Lee,Detroit Tigers,mlb,BB,Baltimore_Orioles_at_Detroit_Tigers,0.12,0.07,0.031999999999999994,OVER,"Marginal +EV opportunity: 2B  Hao-Yu Lee is projected for 0.1 BB vs a line of 0.1, giving a OVER edge of 0.05. Based on recent form, opponent matchup, and game context."
C   Jake Rogers,Detroit Tigers,mlb,RBI,Baltimore_Orioles_at_Detroit_Tigers,0.22,0.17,0.031999999999999994,OVER,"Marginal +EV opportunity: C   Jake Rogers is projected for 0.2 RBI vs a line of 0.2, giving a OVER edge of 0.05. Based on recent form, opponent matchup, and game context."
CF  Matt Vierling,Detroit Tigers,mlb,R,Baltimore_Orioles_at_Detroit_Tigers,0.22,0.17,0.031999999999999994,OVER,"Marginal +EV opportunity: CF  Matt Vierling is projected for 0.2 R vs a line of 0.2, giving a OVER edge of 0.05. Based on recent form, opponent matchup, and game context."
CF  Matt Vierling,Detroit Tigers,mlb,RBI,Baltimore_Orioles_at_Detroit_Tigers,0.29,0.24,0.031999999999999994,OVER,"Marginal +EV opportunity: CF  Matt Vierling is projected for 0.3 RBI vs a line of 0.2, giving a OVER edge of 0.05. Based on recent form, opponent matchup, and game context."
CF  Matt Vierling,Detroit Tigers,mlb,2B,Baltimore_Orioles_at_Detroit_Tigers,0.12,0.07,0.031999999999999994,OVER,"Marginal +EV opportunity: CF  Matt Vierling is projected for 0.1 2B vs a line of 0.1, giving a OVER edge of 0.05. Based on recent form, opponent matchup, and game context."
CF  Matt Vierling,Detroit Tigers,mlb,BB,Baltimore_Orioles_at_Detroit_Tigers,0.18,0.13,0.031999999999999994,OVER,Targeting CF  Matt Vierling OVER 0.1 BB. Model projects 0.2 (0.05 edge). Recent trends and opponent weakness support this play.
LF  Riley Greene,Detroit Tigers,mlb,HR,Baltimore_Orioles_at_Detroit_Tigers,0.12,0.07,0.031999999999999994,OVER,"Marginal +EV opportunity: LF  Riley Greene is projected for 0.1 HR vs a line of 0.1, giving a OVER edge of 0.05. Based on recent form, opponent matchup, and game context."
2B  Zach McKinstry,Detroit Tigers,mlb,R,Baltimore_Orioles_at_Detroit_Tigers,0.22,0.17,0.031999999999999994,OVER,"Marginal +EV opportunity: 2B  Zach McKinstry is projected for 0.2 R vs a line of 0.2, giving a OVER edge of 0.05. Based on recent form, opponent matchup, and game context."
C   Carlos Narváez,Boston Red Sox,mlb,R,Boston_Red_Sox_at_Athletics,0.24,0.19,0.031999999999999994,OVER,Targeting C   Carlos Narváez OVER 0.2 R. Model projects 0.2 (0.05 edge). Recent trends and opponent weakness support this play.
C   Connor Wong,Boston Red Sox,mlb,R,Boston_Red_Sox_at_Athletics,0.24,0.19,0.031999999999999994,OVER,C   Connor Wong shows OVER value at 0.2 R. TC projection: 0.2 — edge: 0.05. Marginal conviction based on usage rate and defensive matchup.
OF  Jahmai Jones,Boston Red Sox,mlb,H,Boston_Red_Sox_at_Athletics,0.21,0.16,0.031999999999999994,OVER,"Marginal +EV opportunity: OF  Jahmai Jones is projected for 0.2 H vs a line of 0.2, giving a OVER edge of 0.05. Based on recent form, opponent matchup, and game context."
OF  Jahmai Jones,Boston Red Sox,mlb,RBI,Boston_Red_Sox_at_Athletics,0.15,0.1,0.031999999999999994,OVER,OF  Jahmai Jones shows OVER value at 0.1 RBI. TC projection: 0.1 — edge: 0.05. Marginal conviction based on usage rate and defensive matchup.
LF  Jarren Duran,Boston Red Sox,mlb,BB,Boston_Red_Sox_at_Athletics,0.24,0.19,0.031999999999999994,OVER,"Marginal +EV opportunity: LF  Jarren Duran is projected for 0.2 BB vs a line of 0.2, giving a OVER edge of 0.05. Based on recent form, opponent matchup, and game context."
DH  Romy Gonzalez,Boston Red Sox,mlb,R,Boston_Red_Sox_at_Athletics,0.29,0.24,0.031999999999999994,OVER,DH  Romy Gonzalez shows OVER value at 0.2 R. TC projection: 0.3 — edge: 0.05. Marginal conviction based on usage rate and defensive matchup.
1B  Willson Contreras,Boston Red Sox,mlb,HR,Boston_Red_Sox_at_Athletics,0.19,0.14,0.031999999999999994,OVER,1B  Willson Contreras shows OVER value at 0.1 HR. TC projection: 0.2 — edge: 0.05. Marginal conviction based on usage rate and defensive matchup.
RF  Wilyer Abreu,Boston Red Sox,mlb,2B,Boston_Red_Sox_at_Athletics,0.18,0.13,0.031999999999999994,OVER,Targeting RF  Wilyer Abreu OVER 0.1 2B. Model projects 0.2 (0.05 edge). Recent trends and opponent weakness support this play.
RF  Carlos Cortes,Athletics,mlb,R,Boston_Red_Sox_at_Athletics,0.24,0.19,0.031999999999999994,OVER,Targeting RF  Carlos Cortes OVER 0.2 R. Model projects 0.2 (0.05 edge). Recent trends and opponent weakness support this play.
RF  Carlos Cortes,Athletics,mlb,RBI,Boston_Red_Sox_at_Athletics,0.29,0.24,0.031999999999999994,OVER,Targeting RF  Carlos Cortes OVER 0.2 RBI. Model projects 0.3 (0.05 edge). Recent trends and opponent weakness support this play.
RF  Carlos Cortes,Athletics,mlb,BB,Boston_Red_Sox_at_Athletics,0.24,0.19,0.031999999999999994,OVER,"Marginal +EV opportunity: RF  Carlos Cortes is projected for 0.2 BB vs a line of 0.2, giving a OVER edge of 0.05. Based on recent form, opponent matchup, and game context."
RF  Colby Thomas,Athletics,mlb,R,Boston_Red_Sox_at_Athletics,0.19,0.14,0.031999999999999994,OVER,RF  Colby Thomas shows OVER value at 0.1 R. TC projection: 0.2 — edge: 0.05. Marginal conviction based on usage rate and defensive matchup.
RF  Colby Thomas,Athletics,mlb,RBI,Boston_Red_Sox_at_Athletics,0.19,0.14,0.031999999999999994,OVER,Targeting RF  Colby Thomas OVER 0.1 RBI. Model projects 0.2 (0.05 edge). Recent trends and opponent weakness support this play.
3B  Donovan Walton,Athletics,mlb,2B,Boston_Red_Sox_at_Athletics,0.19,0.14,0.031999999999999994,OVER,Targeting 3B  Donovan Walton OVER 0.1 2B. Model projects 0.2 (0.05 edge). Recent trends and opponent weakness support this play.
CF  Henry Bolte,Athletics,mlb,BB,Boston_Red_Sox_at_Athletics,0.22,0.17,0.031999999999999994,OVER,CF  Henry Bolte shows OVER value at 0.2 BB. TC projection: 0.2 — edge: 0.05. Marginal conviction based on usage rate and defensive matchup.
SS  Jacob Wilson,Athletics,mlb,BB,Boston_Red_Sox_at_Athletics,0.15,0.1,0.031999999999999994,OVER,"Marginal +EV opportunity: SS  Jacob Wilson is projected for 0.1 BB vs a line of 0.1, giving a OVER edge of 0.05. Based on recent form, opponent matchup, and game context."
2B  Jeff McNeil,Athletics,mlb,RBI,Boston_Red_Sox_at_Athletics,0.31,0.26,0.031999999999999994,OVER,"Marginal +EV opportunity: 2B  Jeff McNeil is projected for 0.3 RBI vs a line of 0.3, giving a OVER edge of 0.05. Based on recent form, opponent matchup, and game context."
C   Jonah Heim,Athletics,mlb,BB,Boston_Red_Sox_at_Athletics,0.19,0.14,0.031999999999999994,OVER,C   Jonah Heim shows OVER value at 0.1 BB. TC projection: 0.2 — edge: 0.05. Marginal conviction based on usage rate and defensive matchup.
RF  Lawrence Butler,Athletics,mlb,RBI,Boston_Red_Sox_at_Athletics,0.22,0.17,0.031999999999999994,OVER,RF  Lawrence Butler shows OVER value at 0.2 RBI. TC projection: 0.2 — edge: 0.05. Marginal conviction based on usage rate and defensive matchup.
LF  Tyler Soderstrom,Athletics,mlb,HR,Boston_Red_Sox_at_Athletics,0.15,0.1,0.031999999999999994,OVER,Targeting LF  Tyler Soderstrom OVER 0.1 HR. Model projects 0.1 (0.05 edge). Recent trends and opponent weakness support this play.
3B  Alex Bregman,Chicago Cubs,mlb,2B,Chicago_Cubs_at_St_Louis_Cardinals,0.12,0.07,0.031999999999999994,OVER,"Marginal +EV opportunity: 3B  Alex Bregman is projected for 0.1 2B vs a line of 0.1, giving a OVER edge of 0.05. Based on recent form, opponent matchup, and game context."
SS  Dansby Swanson,Chicago Cubs,mlb,SB,Chicago_Cubs_at_St_Louis_Cardinals,0.12,0.07,0.031999999999999994,OVER,Targeting SS  Dansby Swanson OVER 0.1 SB. Model projects 0.1 (0.05 edge). Recent trends and opponent weakness support this play.
LF  Ian Happ,Chicago Cubs,mlb,2B,Chicago_Cubs_at_St_Louis_Cardinals,0.15,0.1,0.031999999999999994,OVER,"Marginal +EV opportunity: LF  Ian Happ is projected for 0.1 2B vs a line of 0.1, giving a OVER edge of 0.05. Based on recent form, opponent matchup, and game context."
C   Miguel Amaya,Chicago Cubs,mlb,2B,Chicago_Cubs_at_St_Louis_Cardinals,0.12,0.07,0.031999999999999994,OVER,C   Miguel Amaya shows OVER value at 0.1 2B. TC projection: 0.1 — edge: 0.05. Marginal conviction based on usage rate and defensive matchup.
2B  Pedro Ramírez,Chicago Cubs,mlb,R,Chicago_Cubs_at_St_Louis_Cardinals,0.33,0.28,0.031999999999999994,OVER,"Marginal +EV opportunity: 2B  Pedro Ramírez is projected for 0.3 R vs a line of 0.3, giving a OVER edge of 0.05. Based on recent form, opponent matchup, and game context."
2B  Pedro Ramírez,Chicago Cubs,mlb,RBI,Chicago_Cubs_at_St_Louis_Cardinals,0.33,0.28,0.031999999999999994,OVER,"Marginal +EV opportunity: 2B  Pedro Ramírez is projected for 0.3 RBI vs a line of 0.3, giving a OVER edge of 0.05. Based on recent form, opponent matchup, and game context."
2B  Pedro Ramírez,Chicago Cubs,mlb,BB,Chicago_Cubs_at_St_Louis_Cardinals,0.15,0.1,0.031999999999999994,OVER,Targeting 2B  Pedro Ramírez OVER 0.1 BB. Model projects 0.1 (0.05 edge). Recent trends and opponent weakness support this play.
CF  Pete Crow-Armstrong,Chicago Cubs,mlb,HR,Chicago_Cubs_at_St_Louis_Cardinals,0.18,0.13,0.031999999999999994,OVER,Targeting CF  Pete Crow-Armstrong OVER 0.1 HR. Model projects 0.2 (0.05 edge). Recent trends and opponent weakness support this play.
RF  Seiya Suzuki,Chicago Cubs,mlb,2B,Chicago_Cubs_at_St_Louis_Cardinals,0.15,0.1,0.031999999999999994,OVER,Targeting RF  Seiya Suzuki OVER 0.1 2B. Model projects 0.1 (0.05 edge). Recent trends and opponent weakness support this play.
C   Jimmy Crooks,St. Louis Cardinals,mlb,BB,Chicago_Cubs_at_St_Louis_Cardinals,0.19,0.14,0.031999999999999994,OVER,"Marginal +EV opportunity: C   Jimmy Crooks is projected for 0.2 BB vs a line of 0.1, giving a OVER edge of 0.05. Based on recent form, opponent matchup, and game context."
RF  Jordan Walker,St. Louis Cardinals,mlb,HR,Chicago_Cubs_at_St_Louis_Cardinals,0.19,0.14,0.031999999999999994,OVER,"Marginal +EV opportunity: RF  Jordan Walker is projected for 0.2 HR vs a line of 0.1, giving a OVER edge of 0.05. Based on recent form, opponent matchup, and game context."
RF  Jordan Walker,St. Louis Cardinals,mlb,2B,Chicago_Cubs_at_St_Louis_Cardinals,0.19,0.14,0.031999999999999994,OVER,"Marginal +EV opportunity: RF  Jordan Walker is projected for 0.2 2B vs a line of 0.1, giving a OVER edge of 0.05. Based on recent form, opponent matchup, and game context."
RF  Jordan Walker,St. Louis Cardinals,mlb,SB,Chicago_Cubs_at_St_Louis_Cardinals,0.12,0.07,0.031999999999999994,OVER,Targeting RF  Jordan Walker OVER 0.1 SB. Model projects 0.1 (0.05 edge). Recent trends and opponent weakness support this play.
CF  Nathan Church,St. Louis Cardinals,mlb,R,Chicago_Cubs_at_St_Louis_Cardinals,0.32,0.27,0.031999999999999994,OVER,"Marginal +EV opportunity: CF  Nathan Church is projected for 0.3 R vs a line of 0.3, giving a OVER edge of 0.05. Based on recent form, opponent matchup, and game context."
CF  Nathan Church,St. Louis Cardinals,mlb,RBI,Chicago_Cubs_at_St_Louis_Cardinals,0.3,0.25,0.031999999999999994,OVER,"Marginal +EV opportunity: CF  Nathan Church is projected for 0.3 RBI vs a line of 0.2, giving a OVER edge of 0.05. Based on recent form, opponent matchup, and game context."
LF  Nelson Velázquez,St. Louis Cardinals,mlb,HR,Chicago_Cubs_at_St_Louis_Cardinals,0.12,0.07,0.031999999999999994,OVER,LF  Nelson Velázquez shows OVER value at 0.1 HR. TC projection: 0.1 — edge: 0.05. Marginal conviction based on usage rate and defensive matchup.
RF  Chase DeLauter,Cleveland Guardians,mlb,2B,Cleveland_Guardians_at_Cincinnati_Reds,0.19,0.14,0.031999999999999994,OVER,Targeting RF  Chase DeLauter OVER 0.1 2B. Model projects 0.2 (0.05 edge). Recent trends and opponent weakness support this play.
RF  David Fry,Cleveland Guardians,mlb,H,Cleveland_Guardians_at_Cincinnati_Reds,0.31,0.26,0.031999999999999994,OVER,Targeting RF  David Fry OVER 0.3 H. Model projects 0.3 (0.05 edge). Recent trends and opponent weakness support this play.
3B  Gabriel Arias,Cleveland Guardians,mlb,RBI,Cleveland_Guardians_at_Cincinnati_Reds,0.22,0.17,0.031999999999999994,OVER,3B  Gabriel Arias shows OVER value at 0.2 RBI. TC projection: 0.2 — edge: 0.05. Marginal conviction based on usage rate and defensive matchup.
CF  Petey Halpin,Cleveland Guardians,mlb,SB,Cleveland_Guardians_at_Cincinnati_Reds,0.12,0.07,0.031999999999999994,OVER,CF  Petey Halpin shows OVER value at 0.1 SB. TC projection: 0.1 — edge: 0.05. Marginal conviction based on usage rate and defensive matchup.
1B  Rhys Hoskins,Cleveland Guardians,mlb,R,Cleveland_Guardians_at_Cincinnati_Reds,0.3,0.25,0.031999999999999994,OVER,"Marginal +EV opportunity: 1B  Rhys Hoskins is projected for 0.3 R vs a line of 0.2, giving a OVER edge of 0.05. Based on recent form, opponent matchup, and game context."
1B  Rhys Hoskins,Cleveland Guardians,mlb,RBI,Cleveland_Guardians_at_Cincinnati_Reds,0.33,0.28,0.031999999999999994,OVER,1B  Rhys Hoskins shows OVER value at 0.3 RBI. TC projection: 0.3 — edge: 0.05. Marginal conviction based on usage rate and defensive matchup.
2B  Edwin Arroyo,Cincinnati Reds,mlb,R,Cleveland_Guardians_at_Cincinnati_Reds,0.25,0.2,0.031999999999999994,OVER,"Marginal +EV opportunity: 2B  Edwin Arroyo is projected for 0.2 R vs a line of 0.2, giving a OVER edge of 0.05. Based on recent form, opponent matchup, and game context."
SS  Elly De La Cruz,Cincinnati Reds,mlb,SB,Cleveland_Guardians_at_Cincinnati_Reds,0.18,0.13,0.031999999999999994,OVER,"Marginal +EV opportunity: SS  Elly De La Cruz is projected for 0.2 SB vs a line of 0.1, giving a OVER edge of 0.05. Based on recent form, opponent matchup, and game context."
3B  Ke'Bryan Hayes,Cincinnati Reds,mlb,R,Cleveland_Guardians_at_Cincinnati_Reds,0.21,0.16,0.031999999999999994,OVER,"Marginal +EV opportunity: 3B  Ke'Bryan Hayes is projected for 0.2 R vs a line of 0.2, giving a OVER edge of 0.05. Based on recent form, opponent matchup, and game context."
RF  Noelvi Marte,Cincinnati Reds,mlb,R,Cleveland_Guardians_at_Cincinnati_Reds,0.3,0.25,0.031999999999999994,OVER,RF  Noelvi Marte shows OVER value at 0.2 R. TC projection: 0.3 — edge: 0.05. Marginal conviction based on usage rate and defensive matchup.
RF  Noelvi Marte,Cincinnati Reds,mlb,RBI,Cleveland_Guardians_at_Cincinnati_Reds,0.24,0.19,0.031999999999999994,OVER,Targeting RF  Noelvi Marte OVER 0.2 RBI. Model projects 0.2 (0.05 edge). Recent trends and opponent weakness support this play.
1B  Sal Stewart,Cincinnati Reds,mlb,HR,Cleveland_Guardians_at_Cincinnati_Reds,0.18,0.13,0.031999999999999994,OVER,Targeting 1B  Sal Stewart OVER 0.1 HR. Model projects 0.2 (0.05 edge). Recent trends and opponent weakness support this play.
1B  Sal Stewart,Cincinnati Reds,mlb,2B,Cleveland_Guardians_at_Cincinnati_Reds,0.19,0.14,0.031999999999999994,OVER,Targeting 1B  Sal Stewart OVER 0.1 2B. Model projects 0.2 (0.05 edge). Recent trends and opponent weakness support this play.
1B  Spencer Steer,Cincinnati Reds,mlb,2B,Cleveland_Guardians_at_Cincinnati_Reds,0.12,0.07,0.031999999999999994,OVER,Targeting 1B  Spencer Steer OVER 0.1 2B. Model projects 0.1 (0.05 edge). Recent trends and opponent weakness support this play.
RF  Cam Smith,Houston Astros,mlb,R,Houston_Astros_at_Los_Angeles_Angels,0.33,0.28,0.031999999999999994,OVER,Targeting RF  Cam Smith OVER 0.3 R. Model projects 0.3 (0.05 edge). Recent trends and opponent weakness support this play.
C   Christian Vázquez,Houston Astros,mlb,RBI,Houston_Astros_at_Los_Angeles_Angels,0.29,0.24,0.031999999999999994,OVER,"Marginal +EV opportunity: C   Christian Vázquez is projected for 0.3 RBI vs a line of 0.2, giving a OVER edge of 0.05. Based on recent form, opponent matchup, and game context."
C   Christian Vázquez,Houston Astros,mlb,BB,Houston_Astros_at_Los_Angeles_Angels,0.18,0.13,0.031999999999999994,OVER,Targeting C   Christian Vázquez OVER 0.1 BB. Model projects 0.2 (0.05 edge). Recent trends and opponent weakness support this play.
3B  Isaac Paredes,Houston Astros,mlb,HR,Houston_Astros_at_Los_Angeles_Angels,0.12,0.07,0.031999999999999994,OVER,3B  Isaac Paredes shows OVER value at 0.1 HR. TC projection: 0.1 — edge: 0.05. Marginal conviction based on usage rate and defensive matchup.
CF  Lucas Spence,Houston Astros,mlb,R,Houston_Astros_at_Los_Angeles_Angels,0.21,0.16,0.031999999999999994,OVER,"Marginal +EV opportunity: CF  Lucas Spence is projected for 0.2 R vs a line of 0.2, giving a OVER edge of 0.05. Based on recent form, opponent matchup, and game context."
LF  Zach Dezenzo,Houston Astros,mlb,BB,Houston_Astros_at_Los_Angeles_Angels,0.19,0.14,0.031999999999999994,OVER,"Marginal +EV opportunity: LF  Zach Dezenzo is projected for 0.2 BB vs a line of 0.1, giving a OVER edge of 0.05. Based on recent form, opponent matchup, and game context."
RF  Jo Adell,Los Angeles Angels,mlb,2B,Houston_Astros_at_Los_Angeles_Angels,0.12,0.07,0.031999999999999994,OVER,Targeting RF  Jo Adell OVER 0.1 2B. Model projects 0.1 (0.05 edge). Recent trends and opponent weakness support this play.
RF  Jo Adell,Los Angeles Angels,mlb,BB,Houston_Astros_at_Los_Angeles_Angels,0.12,0.07,0.031999999999999994,OVER,"Marginal +EV opportunity: RF  Jo Adell is projected for 0.1 BB vs a line of 0.1, giving a OVER edge of 0.05. Based on recent form, opponent matchup, and game context."
CF  Jose Siri,Los Angeles Angels,mlb,RBI,Houston_Astros_at_Los_Angeles_Angels,0.3,0.25,0.031999999999999994,OVER,CF  Jose Siri shows OVER value at 0.2 RBI. TC projection: 0.3 — edge: 0.05. Marginal conviction based on usage rate and defensive matchup.
1B  Nolan Schanuel,Los Angeles Angels,mlb,R,Houston_Astros_at_Los_Angeles_Angels,0.33,0.28,0.031999999999999994,OVER,Targeting 1B  Nolan Schanuel OVER 0.3 R. Model projects 0.3 (0.05 edge). Recent trends and opponent weakness support this play.
2B  Vaughn Grissom,Los Angeles Angels,mlb,R,Houston_Astros_at_Los_Angeles_Angels,0.33,0.28,0.031999999999999994,OVER,Targeting 2B  Vaughn Grissom OVER 0.3 R. Model projects 0.3 (0.05 edge). Recent trends and opponent weakness support this play.
LF  Wade Meckler,Los Angeles Angels,mlb,RBI,Houston_Astros_at_Los_Angeles_Angels,0.3,0.25,0.031999999999999994,OVER,"Marginal +EV opportunity: LF  Wade Meckler is projected for 0.3 RBI vs a line of 0.2, giving a OVER edge of 0.05. Based on recent form, opponent matchup, and game context."
1B  Andrew Vaughn,Milwaukee Brewers,mlb,R,Milwaukee_Brewers_at_San_Francisco_Giants,0.31,0.26,0.031999999999999994,OVER,Targeting 1B  Andrew Vaughn OVER 0.3 R. Model projects 0.3 (0.05 edge). Recent trends and opponent weakness support this play.
CF  Blake Perkins,Milwaukee Brewers,mlb,R,Milwaukee_Brewers_at_San_Francisco_Giants,0.21,0.16,0.031999999999999994,OVER,CF  Blake Perkins shows OVER value at 0.2 R. TC projection: 0.2 — edge: 0.05. Marginal conviction based on usage rate and defensive matchup.
CF  Blake Perkins,Milwaukee Brewers,mlb,BB,Milwaukee_Brewers_at_San_Francisco_Giants,0.15,0.1,0.031999999999999994,OVER,"Marginal +EV opportunity: CF  Blake Perkins is projected for 0.1 BB vs a line of 0.1, giving a OVER edge of 0.05. Based on recent form, opponent matchup, and game context."
CF  Garrett Mitchell,Milwaukee Brewers,mlb,2B,Milwaukee_Brewers_at_San_Francisco_Giants,0.19,0.14,0.031999999999999994,OVER,Targeting CF  Garrett Mitchell OVER 0.1 2B. Model projects 0.2 (0.05 edge). Recent trends and opponent weakness support this play.
LF  Jackson Chourio,Milwaukee Brewers,mlb,HR,Milwaukee_Brewers_at_San_Francisco_Giants,0.15,0.1,0.031999999999999994,OVER,Targeting LF  Jackson Chourio OVER 0.1 HR. Model projects 0.1 (0.05 edge). Recent trends and opponent weakness support this play.
RF  Luis Lara,Milwaukee Brewers,mlb,R,Milwaukee_Brewers_at_San_Francisco_Giants,0.32,0.27,0.031999999999999994,OVER,RF  Luis Lara shows OVER value at 0.3 R. TC projection: 0.3 — edge: 0.05. Marginal conviction based on usage rate and defensive matchup.
LF  Casey Schmitt,San Francisco Giants,mlb,2B,Milwaukee_Brewers_at_San_Francisco_Giants,0.15,0.1,0.031999999999999994,OVER,"Marginal +EV opportunity: LF  Casey Schmitt is projected for 0.1 2B vs a line of 0.1, giving a OVER edge of 0.05. Based on recent form, opponent matchup, and game context."
C   Daniel Susac,San Francisco Giants,mlb,RBI,Milwaukee_Brewers_at_San_Francisco_Giants,0.3,0.25,0.031999999999999994,OVER,C   Daniel Susac shows OVER value at 0.2 RBI. TC projection: 0.3 — edge: 0.05. Marginal conviction based on usage rate and defensive matchup.
C   Daniel Susac,San Francisco Giants,mlb,2B,Milwaukee_Brewers_at_San_Francisco_Giants,0.12,0.07,0.031999999999999994,OVER,"Marginal +EV opportunity: C   Daniel Susac is projected for 0.1 2B vs a line of 0.1, giving a OVER edge of 0.05. Based on recent form, opponent matchup, and game context."
CF  Drew Gilbert,San Francisco Giants,mlb,RBI,Milwaukee_Brewers_at_San_Francisco_Giants,0.22,0.17,0.031999999999999994,OVER,Targeting CF  Drew Gilbert OVER 0.2 RBI. Model projects 0.2 (0.05 edge). Recent trends and opponent weakness support this play.
CF  Grant McCray,San Francisco Giants,mlb,R,Milwaukee_Brewers_at_San_Francisco_Giants,0.33,0.28,0.031999999999999994,OVER,"Marginal +EV opportunity: CF  Grant McCray is projected for 0.3 R vs a line of 0.3, giving a OVER edge of 0.05. Based on recent form, opponent matchup, and game context."
LF  Heliot Ramos,San Francisco Giants,mlb,HR,Milwaukee_Brewers_at_San_Francisco_Giants,0.12,0.07,0.031999999999999994,OVER,"Marginal +EV opportunity: LF  Heliot Ramos is projected for 0.1 HR vs a line of 0.1, giving a OVER edge of 0.05. Based on recent form, opponent matchup, and game context."
C   Jesus Rodriguez,San Francisco Giants,mlb,BB,Milwaukee_Brewers_at_San_Francisco_Giants,0.18,0.13,0.031999999999999994,OVER,"Marginal +EV opportunity: C   Jesus Rodriguez is projected for 0.2 BB vs a line of 0.1, giving a OVER edge of 0.05. Based on recent form, opponent matchup, and game context."
3B  Amed Rosario,New York Yankees,mlb,HR,New_York_Yankees_at_Chicago_White_Sox,0.12,0.07,0.031999999999999994,OVER,Targeting 3B  Amed Rosario OVER 0.1 HR. Model projects 0.1 (0.05 edge). Recent trends and opponent weakness support this play.
3B  Amed Rosario,New York Yankees,mlb,BB,New_York_Yankees_at_Chicago_White_Sox,0.15,0.1,0.031999999999999994,OVER,"Marginal +EV opportunity: 3B  Amed Rosario is projected for 0.1 BB vs a line of 0.1, giving a OVER edge of 0.05. Based on recent form, opponent matchup, and game context."
SS  Anthony Volpe,New York Yankees,mlb,R,New_York_Yankees_at_Chicago_White_Sox,0.3,0.25,0.031999999999999994,OVER,Targeting SS  Anthony Volpe OVER 0.2 R. Model projects 0.3 (0.05 edge). Recent trends and opponent weakness support this play.
SS  Anthony Volpe,New York Yankees,mlb,SB,New_York_Yankees_at_Chicago_White_Sox,0.12,0.07,0.031999999999999994,OVER,"Marginal +EV opportunity: SS  Anthony Volpe is projected for 0.1 SB vs a line of 0.1, giving a OVER edge of 0.05. Based on recent form, opponent matchup, and game context."
1B  Ben Rice,New York Yankees,mlb,2B,New_York_Yankees_at_Chicago_White_Sox,0.15,0.1,0.031999999999999994,OVER,1B  Ben Rice shows OVER value at 0.1 2B. TC projection: 0.1 — edge: 0.05. Marginal conviction based on usage rate and defensive matchup.
SS  Max Schuemann,New York Yankees,mlb,2B,New_York_Yankees_at_Chicago_White_Sox,0.12,0.07,0.031999999999999994,OVER,Targeting SS  Max Schuemann OVER 0.1 2B. Model projects 0.1 (0.05 edge). Recent trends and opponent weakness support this play.
1B  Paul Goldschmidt,New York Yankees,mlb,HR,New_York_Yankees_at_Chicago_White_Sox,0.18,0.13,0.031999999999999994,OVER,"Marginal +EV opportunity: 1B  Paul Goldschmidt is projected for 0.2 HR vs a line of 0.1, giving a OVER edge of 0.05. Based on recent form, opponent matchup, and game context."
3B  Ryan McMahon,New York Yankees,mlb,RBI,New_York_Yankees_at_Chicago_White_Sox,0.25,0.2,0.031999999999999994,OVER,Targeting 3B  Ryan McMahon OVER 0.2 RBI. Model projects 0.2 (0.05 edge). Recent trends and opponent weakness support this play.
CF  Spencer Jones,New York Yankees,mlb,RBI,New_York_Yankees_at_Chicago_White_Sox,0.18,0.13,0.031999999999999994,OVER,Targeting CF  Spencer Jones OVER 0.1 RBI. Model projects 0.2 (0.05 edge). Recent trends and opponent weakness support this play.
DH  Andrew Benintendi,Chicago White Sox,mlb,2B,New_York_Yankees_at_Chicago_White_Sox,0.15,0.1,0.031999999999999994,OVER,DH  Andrew Benintendi shows OVER value at 0.1 2B. TC projection: 0.1 — edge: 0.05. Marginal conviction based on usage rate and defensive matchup.
2B  Chase Meidroth,Chicago White Sox,mlb,2B,New_York_Yankees_at_Chicago_White_Sox,0.15,0.1,0.031999999999999994,OVER,2B  Chase Meidroth shows OVER value at 0.1 2B. TC projection: 0.1 — edge: 0.05. Marginal conviction based on usage rate and defensive matchup.
SS  Colson Montgomery,Chicago White Sox,mlb,2B,New_York_Yankees_at_Chicago_White_Sox,0.15,0.1,0.031999999999999994,OVER,"Marginal +EV opportunity: SS  Colson Montgomery is projected for 0.1 2B vs a line of 0.1, giving a OVER edge of 0.05. Based on recent form, opponent matchup, and game context."
SS  Luisangel Acuña,Chicago White Sox,mlb,SB,New_York_Yankees_at_Chicago_White_Sox,0.18,0.13,0.031999999999999994,OVER,"Marginal +EV opportunity: SS  Luisangel Acuña is projected for 0.2 SB vs a line of 0.1, giving a OVER edge of 0.05. Based on recent form, opponent matchup, and game context."
3B  Miguel Vargas,Chicago White Sox,mlb,HR,New_York_Yankees_at_Chicago_White_Sox,0.19,0.14,0.031999999999999994,OVER,"Marginal +EV opportunity: 3B  Miguel Vargas is projected for 0.2 HR vs a line of 0.1, giving a OVER edge of 0.05. Based on recent form, opponent matchup, and game context."
DH  Randal Grichuk,Chicago White Sox,mlb,R,New_York_Yankees_at_Chicago_White_Sox,0.29,0.24,0.031999999999999994,OVER,"Marginal +EV opportunity: DH  Randal Grichuk is projected for 0.3 R vs a line of 0.2, giving a OVER edge of 0.05. Based on recent form, opponent matchup, and game context."
CF  Tristan Peters,Chicago White Sox,mlb,R,New_York_Yankees_at_Chicago_White_Sox,0.33,0.28,0.031999999999999994,OVER,CF  Tristan Peters shows OVER value at 0.3 R. TC projection: 0.3 — edge: 0.05. Marginal conviction based on usage rate and defensive matchup.
CF  Tristan Peters,Chicago White Sox,mlb,RBI,New_York_Yankees_at_Chicago_White_Sox,0.32,0.27,0.031999999999999994,OVER,Targeting CF  Tristan Peters OVER 0.3 RBI. Model projects 0.3 (0.05 edge). Recent trends and opponent weakness support this play.
3B  Alec Bohm,Philadelphia Phillies,mlb,BB,Philadelphia_Phillies_at_Miami_Marlins,0.21,0.16,0.031999999999999994,OVER,"Marginal +EV opportunity: 3B  Alec Bohm is projected for 0.2 BB vs a line of 0.2, giving a OVER edge of 0.05. Based on recent form, opponent matchup, and game context."
LF  Brandon Marsh,Philadelphia Phillies,mlb,BB,Philadelphia_Phillies_at_Miami_Marlins,0.18,0.13,0.031999999999999994,OVER,Targeting LF  Brandon Marsh OVER 0.1 BB. Model projects 0.2 (0.05 edge). Recent trends and opponent weakness support this play.
RF  Derek Hill,Philadelphia Phillies,mlb,RBI,Philadelphia_Phillies_at_Miami_Marlins,0.18,0.13,0.031999999999999994,OVER,"Marginal +EV opportunity: RF  Derek Hill is projected for 0.2 RBI vs a line of 0.1, giving a OVER edge of 0.05. Based on recent form, opponent matchup, and game context."
RF  Derek Hill,Philadelphia Phillies,mlb,BB,Philadelphia_Phillies_at_Miami_Marlins,0.12,0.07,0.031999999999999994,OVER,RF  Derek Hill shows OVER value at 0.1 BB. TC projection: 0.1 — edge: 0.05. Marginal conviction based on usage rate and defensive matchup.
RF  Gabriel Rincones Jr.,Philadelphia Phillies,mlb,R,Philadelphia_Phillies_at_Miami_Marlins,0.22,0.17,0.031999999999999994,OVER,"Marginal +EV opportunity: RF  Gabriel Rincones Jr. is projected for 0.2 R vs a line of 0.2, giving a OVER edge of 0.05. Based on recent form, opponent matchup, and game context."
RF  Gabriel Rincones Jr.,Philadelphia Phillies,mlb,RBI,Philadelphia_Phillies_at_Miami_Marlins,0.22,0.17,0.031999999999999994,OVER,RF  Gabriel Rincones Jr. shows OVER value at 0.2 RBI. TC projection: 0.2 — edge: 0.05. Marginal conviction based on usage rate and defensive matchup.
RF  Gabriel Rincones Jr.,Philadelphia Phillies,mlb,2B,Philadelphia_Phillies_at_Miami_Marlins,0.12,0.07,0.031999999999999994,OVER,Targeting RF  Gabriel Rincones Jr. OVER 0.1 2B. Model projects 0.1 (0.05 edge). Recent trends and opponent weakness support this play.
C   J.T. Realmuto,Philadelphia Phillies,mlb,R,Philadelphia_Phillies_at_Miami_Marlins,0.3,0.25,0.031999999999999994,OVER,Targeting C   J.T. Realmuto OVER 0.2 R. Model projects 0.3 (0.05 edge). Recent trends and opponent weakness support this play.
CF  Justin Crawford,Philadelphia Phillies,mlb,BB,Philadelphia_Phillies_at_Miami_Marlins,0.15,0.1,0.031999999999999994,OVER,CF  Justin Crawford shows OVER value at 0.1 BB. TC projection: 0.1 — edge: 0.05. Marginal conviction based on usage rate and defensive matchup.
SS  Trea Turner,Philadelphia Phillies,mlb,2B,Philadelphia_Phillies_at_Miami_Marlins,0.15,0.1,0.031999999999999994,OVER,SS  Trea Turner shows OVER value at 0.1 2B. TC projection: 0.1 — edge: 0.05. Marginal conviction based on usage rate and defensive matchup.
C   Brian Navarreto,Miami Marlins,mlb,R,Philadelphia_Phillies_at_Miami_Marlins,0.25,0.2,0.031999999999999994,OVER,Targeting C   Brian Navarreto OVER 0.2 R. Model projects 0.2 (0.05 edge). Recent trends and opponent weakness support this play.
C   Brian Navarreto,Miami Marlins,mlb,2B,Philadelphia_Phillies_at_Miami_Marlins,0.12,0.07,0.031999999999999994,OVER,"Marginal +EV opportunity: C   Brian Navarreto is projected for 0.1 2B vs a line of 0.1, giving a OVER edge of 0.05. Based on recent form, opponent matchup, and game context."
C   Brian Navarreto,Miami Marlins,mlb,BB,Philadelphia_Phillies_at_Miami_Marlins,0.12,0.07,0.031999999999999994,OVER,C   Brian Navarreto shows OVER value at 0.1 BB. TC projection: 0.1 — edge: 0.05. Marginal conviction based on usage rate and defensive matchup.
3B  Graham Pauley,Miami Marlins,mlb,2B,Philadelphia_Phillies_at_Miami_Marlins,0.18,0.13,0.031999999999999994,OVER,Targeting 3B  Graham Pauley OVER 0.1 2B. Model projects 0.2 (0.05 edge). Recent trends and opponent weakness support this play.
LF  Heriberto Hernández,Miami Marlins,mlb,R,Philadelphia_Phillies_at_Miami_Marlins,0.3,0.25,0.031999999999999994,OVER,LF  Heriberto Hernández shows OVER value at 0.2 R. TC projection: 0.3 — edge: 0.05. Marginal conviction based on usage rate and defensive matchup.
CF  Jakob Marsee,Miami Marlins,mlb,RBI,Philadelphia_Phillies_at_Miami_Marlins,0.21,0.16,0.031999999999999994,OVER,Targeting CF  Jakob Marsee OVER 0.2 RBI. Model projects 0.2 (0.05 edge). Recent trends and opponent weakness support this play.
3B  Leo Jiménez,Miami Marlins,mlb,R,Philadelphia_Phillies_at_Miami_Marlins,0.25,0.2,0.031999999999999994,OVER,"Marginal +EV opportunity: 3B  Leo Jiménez is projected for 0.2 R vs a line of 0.2, giving a OVER edge of 0.05. Based on recent form, opponent matchup, and game context."
3B  Leo Jiménez,Miami Marlins,mlb,BB,Philadelphia_Phillies_at_Miami_Marlins,0.22,0.17,0.031999999999999994,OVER,3B  Leo Jiménez shows OVER value at 0.2 BB. TC projection: 0.2 — edge: 0.05. Marginal conviction based on usage rate and defensive matchup.
SS  Colt Emerson,Seattle Mariners,mlb,R,Seattle_Mariners_at_Texas_Rangers,0.32,0.27,0.031999999999999994,OVER,"Marginal +EV opportunity: SS  Colt Emerson is projected for 0.3 R vs a line of 0.3, giving a OVER edge of 0.05. Based on recent form, opponent matchup, and game context."
SS  Colt Emerson,Seattle Mariners,mlb,RBI,Seattle_Mariners_at_Texas_Rangers,0.32,0.27,0.031999999999999994,OVER,"Marginal +EV opportunity: SS  Colt Emerson is projected for 0.3 RBI vs a line of 0.3, giving a OVER edge of 0.05. Based on recent form, opponent matchup, and game context."
SS  Colt Emerson,Seattle Mariners,mlb,BB,Seattle_Mariners_at_Texas_Rangers,0.22,0.17,0.031999999999999994,OVER,Targeting SS  Colt Emerson OVER 0.2 BB. Model projects 0.2 (0.05 edge). Recent trends and opponent weakness support this play.
DH  Dominic Canzone,Seattle Mariners,mlb,R,Seattle_Mariners_at_Texas_Rangers,0.32,0.27,0.031999999999999994,OVER,"Marginal +EV opportunity: DH  Dominic Canzone is projected for 0.3 R vs a line of 0.3, giving a OVER edge of 0.05. Based on recent form, opponent matchup, and game context."
SS  J.P. Crawford,Seattle Mariners,mlb,RBI,Seattle_Mariners_at_Texas_Rangers,0.29,0.24,0.031999999999999994,OVER,Targeting SS  J.P. Crawford OVER 0.2 RBI. Model projects 0.3 (0.05 edge). Recent trends and opponent weakness support this play.
1B  Josh Naylor,Seattle Mariners,mlb,RBI,Seattle_Mariners_at_Texas_Rangers,0.31,0.26,0.031999999999999994,OVER,Targeting 1B  Josh Naylor OVER 0.3 RBI. Model projects 0.3 (0.05 edge). Recent trends and opponent weakness support this play.
RF  Luke Raley,Seattle Mariners,mlb,BB,Seattle_Mariners_at_Texas_Rangers,0.12,0.07,0.031999999999999994,OVER,Targeting RF  Luke Raley OVER 0.1 BB. Model projects 0.1 (0.05 edge). Recent trends and opponent weakness support this play.
C   Mitch Garver,Seattle Mariners,mlb,RBI,Seattle_Mariners_at_Texas_Rangers,0.25,0.2,0.031999999999999994,OVER,C   Mitch Garver shows OVER value at 0.2 RBI. TC projection: 0.2 — edge: 0.05. Marginal conviction based on usage rate and defensive matchup.
3B  Weston Wilson,Seattle Mariners,mlb,R,Seattle_Mariners_at_Texas_Rangers,0.22,0.17,0.031999999999999994,OVER,"Marginal +EV opportunity: 3B  Weston Wilson is projected for 0.2 R vs a line of 0.2, giving a OVER edge of 0.05. Based on recent form, opponent matchup, and game context."
3B  Weston Wilson,Seattle Mariners,mlb,BB,Seattle_Mariners_at_Texas_Rangers,0.15,0.1,0.031999999999999994,OVER,Targeting 3B  Weston Wilson OVER 0.1 BB. Model projects 0.1 (0.05 edge). Recent trends and opponent weakness support this play.
LF  Alejandro Osuna,Texas Rangers,mlb,RBI,Seattle_Mariners_at_Texas_Rangers,0.29,0.24,0.031999999999999994,OVER,LF  Alejandro Osuna shows OVER value at 0.2 RBI. TC projection: 0.3 — edge: 0.05. Marginal conviction based on usage rate and defensive matchup.
LF  Alejandro Osuna,Texas Rangers,mlb,BB,Seattle_Mariners_at_Texas_Rangers,0.22,0.17,0.031999999999999994,OVER,Targeting LF  Alejandro Osuna OVER 0.2 BB. Model projects 0.2 (0.05 edge). Recent trends and opponent weakness support this play.
C   Austin Wynns,Texas Rangers,mlb,R,Seattle_Mariners_at_Texas_Rangers,0.12,0.07,0.031999999999999994,OVER,Targeting C   Austin Wynns OVER 0.1 R. Model projects 0.1 (0.05 edge). Recent trends and opponent weakness support this play.
C   Elias Díaz,Texas Rangers,mlb,R,Seattle_Mariners_at_Texas_Rangers,0.22,0.17,0.031999999999999994,OVER,Targeting C   Elias Díaz OVER 0.2 R. Model projects 0.2 (0.05 edge). Recent trends and opponent weakness support this play.
C   Elias Díaz,Texas Rangers,mlb,RBI,Seattle_Mariners_at_Texas_Rangers,0.32,0.27,0.031999999999999994,OVER,Targeting C   Elias Díaz OVER 0.3 RBI. Model projects 0.3 (0.05 edge). Recent trends and opponent weakness support this play.
LF  Wyatt Langford,Texas Rangers,mlb,BB,Seattle_Mariners_at_Texas_Rangers,0.21,0.16,0.031999999999999994,OVER,LF  Wyatt Langford shows OVER value at 0.2 BB. TC projection: 0.2 — edge: 0.05. Marginal conviction based on usage rate and defensive matchup.
C   Alejandro Kirk,Toronto Blue Jays,mlb,RBI,Toronto_Blue_Jays_at_Washington_Nationals,0.29,0.24,0.031999999999999994,OVER,C   Alejandro Kirk shows OVER value at 0.2 RBI. TC projection: 0.3 — edge: 0.05. Marginal conviction based on usage rate and defensive matchup.
SS  Andrés Giménez,Toronto Blue Jays,mlb,R,Toronto_Blue_Jays_at_Washington_Nationals,0.22,0.17,0.031999999999999994,OVER,Targeting SS  Andrés Giménez OVER 0.2 R. Model projects 0.2 (0.05 edge). Recent trends and opponent weakness support this play.
SS  Andrés Giménez,Toronto Blue Jays,mlb,RBI,Toronto_Blue_Jays_at_Washington_Nationals,0.33,0.28,0.031999999999999994,OVER,SS  Andrés Giménez shows OVER value at 0.3 RBI. TC projection: 0.3 — edge: 0.05. Marginal conviction based on usage rate and defensive matchup.
C   Brandon Valenzuela,Toronto Blue Jays,mlb,RBI,Toronto_Blue_Jays_at_Washington_Nationals,0.29,0.24,0.031999999999999994,OVER,Targeting C   Brandon Valenzuela OVER 0.2 RBI. Model projects 0.3 (0.05 edge). Recent trends and opponent weakness support this play.
LF  Davis Schneider,Toronto Blue Jays,mlb,RBI,Toronto_Blue_Jays_at_Washington_Nationals,0.19,0.14,0.031999999999999994,OVER,Targeting LF  Davis Schneider OVER 0.1 RBI. Model projects 0.2 (0.05 edge). Recent trends and opponent weakness support this play.
DH  George Springer,Toronto Blue Jays,mlb,RBI,Toronto_Blue_Jays_at_Washington_Nationals,0.33,0.28,0.031999999999999994,OVER,DH  George Springer shows OVER value at 0.3 RBI. TC projection: 0.3 — edge: 0.05. Marginal conviction based on usage rate and defensive matchup.
DH  George Springer,Toronto Blue Jays,mlb,HR,Toronto_Blue_Jays_at_Washington_Nationals,0.12,0.07,0.031999999999999994,OVER,"Marginal +EV opportunity: DH  George Springer is projected for 0.1 HR vs a line of 0.1, giving a OVER edge of 0.05. Based on recent form, opponent matchup, and game context."
3B  Kazuma Okamoto,Toronto Blue Jays,mlb,HR,Toronto_Blue_Jays_at_Washington_Nationals,0.19,0.14,0.031999999999999994,OVER,Targeting 3B  Kazuma Okamoto OVER 0.1 HR. Model projects 0.2 (0.05 edge). Recent trends and opponent weakness support this play.
RF  Myles Straw,Toronto Blue Jays,mlb,H,Toronto_Blue_Jays_at_Washington_Nationals,0.31,0.26,0.031999999999999994,OVER,"Marginal +EV opportunity: RF  Myles Straw is projected for 0.3 H vs a line of 0.3, giving a OVER edge of 0.05. Based on recent form, opponent matchup, and game context."
RF  Nathan Lukes,Toronto Blue Jays,mlb,R,Toronto_Blue_Jays_at_Washington_Nationals,0.31,0.26,0.031999999999999994,OVER,"Marginal +EV opportunity: RF  Nathan Lukes is projected for 0.3 R vs a line of 0.3, giving a OVER edge of 0.05. Based on recent form, opponent matchup, and game context."
RF  Nathan Lukes,Toronto Blue Jays,mlb,RBI,Toronto_Blue_Jays_at_Washington_Nationals,0.21,0.16,0.031999999999999994,OVER,"Marginal +EV opportunity: RF  Nathan Lukes is projected for 0.2 RBI vs a line of 0.2, giving a OVER edge of 0.05. Based on recent form, opponent matchup, and game context."
RF  Nathan Lukes,Toronto Blue Jays,mlb,BB,Toronto_Blue_Jays_at_Washington_Nationals,0.15,0.1,0.031999999999999994,OVER,Targeting RF  Nathan Lukes OVER 0.1 BB. Model projects 0.1 (0.05 edge). Recent trends and opponent weakness support this play.
LF  Yohendrick Piñango,Toronto Blue Jays,mlb,R,Toronto_Blue_Jays_at_Washington_Nationals,0.18,0.13,0.031999999999999994,OVER,LF  Yohendrick Piñango shows OVER value at 0.1 R. TC projection: 0.2 — edge: 0.05. Marginal conviction based on usage rate and defensive matchup.
3B  Brady House,Washington Nationals,mlb,BB,Toronto_Blue_Jays_at_Washington_Nationals,0.25,0.2,0.031999999999999994,OVER,Targeting 3B  Brady House OVER 0.2 BB. Model projects 0.2 (0.05 edge). Recent trends and opponent weakness support this play.
SS  CJ Abrams,Washington Nationals,mlb,2B,Toronto_Blue_Jays_at_Washington_Nationals,0.18,0.13,0.031999999999999994,OVER,"Marginal +EV opportunity: SS  CJ Abrams is projected for 0.2 2B vs a line of 0.1, giving a OVER edge of 0.05. Based on recent form, opponent matchup, and game context."
LF  Daylen Lile,Washington Nationals,mlb,BB,Toronto_Blue_Jays_at_Washington_Nationals,0.22,0.17,0.031999999999999994,OVER,LF  Daylen Lile shows OVER value at 0.2 BB. TC projection: 0.2 — edge: 0.05. Marginal conviction based on usage rate and defensive matchup.
CF  Jacob Young,Washington Nationals,mlb,2B,Toronto_Blue_Jays_at_Washington_Nationals,0.12,0.07,0.031999999999999994,OVER,Targeting CF  Jacob Young OVER 0.1 2B. Model projects 0.1 (0.05 edge). Recent trends and opponent weakness support this play.
DH  José Tena,Washington Nationals,mlb,R,Toronto_Blue_Jays_at_Washington_Nationals,0.3,0.25,0.031999999999999994,OVER,"Marginal +EV opportunity: DH  José Tena is projected for 0.3 R vs a line of 0.2, giving a OVER edge of 0.05. Based on recent form, opponent matchup, and game context."
DH  Marcell Ozuna,Pittsburgh Pirates,mlb,R,Arizona_Diamondbacks_at_Pittsburgh_Pirates,0.27,0.32,-0.07199999999999998,UNDER,"Marginal +EV opportunity: DH  Marcell Ozuna is projected for 0.3 R vs a line of 0.3, giving a UNDER edge of 0.05. Based on recent form, opponent matchup, and game context."
3B  Nick Gonzales,Pittsburgh Pirates,mlb,BB,Arizona_Diamondbacks_at_Pittsburgh_Pirates,0.24,0.29,-0.07199999999999998,UNDER,Targeting 3B  Nick Gonzales UNDER 0.3 BB. Model projects 0.2 (0.05 edge). Recent trends and opponent weakness support this play.
RF  Ryan O'Hearn,Pittsburgh Pirates,mlb,HR,Arizona_Diamondbacks_at_Pittsburgh_Pirates,0.16,0.21,-0.07199999999999998,UNDER,"Marginal +EV opportunity: RF  Ryan O'Hearn is projected for 0.2 HR vs a line of 0.2, giving a UNDER edge of 0.05. Based on recent form, opponent matchup, and game context."
LF  Tyler Callihan,Pittsburgh Pirates,mlb,R,Arizona_Diamondbacks_at_Pittsburgh_Pirates,0.3,0.35,-0.07199999999999998,UNDER,Targeting LF  Tyler Callihan UNDER 0.3 R. Model projects 0.3 (0.05 edge). Recent trends and opponent weakness support this play.
LF  Tyler Callihan,Pittsburgh Pirates,mlb,HR,Arizona_Diamondbacks_at_Pittsburgh_Pirates,0.07,0.12,-0.07199999999999998,UNDER,LF  Tyler Callihan shows UNDER value at 0.1 HR. TC projection: 0.1 — edge: 0.05. Marginal conviction based on usage rate and defensive matchup.
3B  Austin Riley,Atlanta Braves,mlb,BB,Atlanta_Braves_at_New_York_Mets,0.27,0.32,-0.07199999999999998,UNDER,Targeting 3B  Austin Riley UNDER 0.3 BB. Model projects 0.3 (0.05 edge). Recent trends and opponent weakness support this play.
DH  Dominic Smith,Atlanta Braves,mlb,HR,Atlanta_Braves_at_New_York_Mets,0.07,0.12,-0.07199999999999998,UNDER,DH  Dominic Smith shows UNDER value at 0.1 HR. TC projection: 0.1 — edge: 0.05. Marginal conviction based on usage rate and defensive matchup.
C   Drake Baldwin,Atlanta Braves,mlb,HR,Atlanta_Braves_at_New_York_Mets,0.2,0.25,-0.07199999999999998,UNDER,C   Drake Baldwin shows UNDER value at 0.2 HR. TC projection: 0.2 — edge: 0.05. Marginal conviction based on usage rate and defensive matchup.
SS  Jim Jarvis,Atlanta Braves,mlb,RBI,Atlanta_Braves_at_New_York_Mets,0.33,0.38,-0.07199999999999998,UNDER,SS  Jim Jarvis shows UNDER value at 0.4 RBI. TC projection: 0.3 — edge: 0.05. Marginal conviction based on usage rate and defensive matchup.
SS  Jim Jarvis,Atlanta Braves,mlb,2B,Atlanta_Braves_at_New_York_Mets,0.17,0.22,-0.07199999999999998,UNDER,SS  Jim Jarvis shows UNDER value at 0.2 2B. TC projection: 0.2 — edge: 0.05. Marginal conviction based on usage rate and defensive matchup.
C   Joey Bart,Atlanta Braves,mlb,R,Atlanta_Braves_at_New_York_Mets,0.28,0.33,-0.07199999999999998,UNDER,Targeting C   Joey Bart UNDER 0.3 R. Model projects 0.3 (0.05 edge). Recent trends and opponent weakness support this play.
C   Joey Bart,Atlanta Braves,mlb,RBI,Atlanta_Braves_at_New_York_Mets,0.28,0.33,-0.07199999999999998,UNDER,"Marginal +EV opportunity: C   Joey Bart is projected for 0.3 RBI vs a line of 0.3, giving a UNDER edge of 0.05. Based on recent form, opponent matchup, and game context."
SS  Jorge Mateo,Atlanta Braves,mlb,RBI,Atlanta_Braves_at_New_York_Mets,0.14,0.19,-0.07199999999999998,UNDER,SS  Jorge Mateo shows UNDER value at 0.2 RBI. TC projection: 0.1 — edge: 0.05. Marginal conviction based on usage rate and defensive matchup.
LF  Mauricio Dubón,Atlanta Braves,mlb,2B,Atlanta_Braves_at_New_York_Mets,0.17,0.22,-0.07199999999999998,UNDER,Targeting LF  Mauricio Dubón UNDER 0.2 2B. Model projects 0.2 (0.05 edge). Recent trends and opponent weakness support this play.
CF  Michael Harris II,Atlanta Braves,mlb,HR,Atlanta_Braves_at_New_York_Mets,0.16,0.21,-0.07199999999999998,UNDER,Targeting CF  Michael Harris II UNDER 0.2 HR. Model projects 0.2 (0.05 edge). Recent trends and opponent weakness support this play.
LF  Mike Yastrzemski,Atlanta Braves,mlb,R,Atlanta_Braves_at_New_York_Mets,0.31,0.36,-0.07199999999999998,UNDER,Targeting LF  Mike Yastrzemski UNDER 0.4 R. Model projects 0.3 (0.05 edge). Recent trends and opponent weakness support this play.
LF  Mike Yastrzemski,Atlanta Braves,mlb,RBI,Atlanta_Braves_at_New_York_Mets,0.26,0.31,-0.07199999999999998,UNDER,"Marginal +EV opportunity: LF  Mike Yastrzemski is projected for 0.3 RBI vs a line of 0.3, giving a UNDER edge of 0.05. Based on recent form, opponent matchup, and game context."
LF  Mike Yastrzemski,Atlanta Braves,mlb,2B,Atlanta_Braves_at_New_York_Mets,0.1,0.15,-0.07199999999999998,UNDER,"Marginal +EV opportunity: LF  Mike Yastrzemski is projected for 0.1 2B vs a line of 0.1, giving a UNDER edge of 0.05. Based on recent form, opponent matchup, and game context."
2B  Ozzie Albies,Atlanta Braves,mlb,HR,Atlanta_Braves_at_New_York_Mets,0.13,0.18,-0.07199999999999998,UNDER,"Marginal +EV opportunity: 2B  Ozzie Albies is projected for 0.1 HR vs a line of 0.2, giving a UNDER edge of 0.05. Based on recent form, opponent matchup, and game context."
2B  Ozzie Albies,Atlanta Braves,mlb,BB,Atlanta_Braves_at_New_York_Mets,0.24,0.29,-0.07199999999999998,UNDER,2B  Ozzie Albies shows UNDER value at 0.3 BB. TC projection: 0.2 — edge: 0.05. Marginal conviction based on usage rate and defensive matchup.
P   Victor Mederos,Atlanta Braves,mlb,RBI,Atlanta_Braves_at_New_York_Mets,0.24,0.29,-0.07199999999999998,UNDER,P   Victor Mederos shows UNDER value at 0.3 RBI. TC projection: 0.2 — edge: 0.05. Marginal conviction based on usage rate and defensive matchup.
CF  A.J. Ewing,New York Mets,mlb,RBI,Atlanta_Braves_at_New_York_Mets,0.33,0.38,-0.07199999999999998,UNDER,"Marginal +EV opportunity: CF  A.J. Ewing is projected for 0.3 RBI vs a line of 0.4, giving a UNDER edge of 0.05. Based on recent form, opponent matchup, and game context."
CF  A.J. Ewing,New York Mets,mlb,SB,Atlanta_Braves_at_New_York_Mets,0.14,0.19,-0.07199999999999998,UNDER,CF  A.J. Ewing shows UNDER value at 0.2 SB. TC projection: 0.1 — edge: 0.05. Marginal conviction based on usage rate and defensive matchup.
3B  Bo Bichette,New York Mets,mlb,BB,Atlanta_Braves_at_New_York_Mets,0.24,0.29,-0.07199999999999998,UNDER,"Marginal +EV opportunity: 3B  Bo Bichette is projected for 0.2 BB vs a line of 0.3, giving a UNDER edge of 0.05. Based on recent form, opponent matchup, and game context."
RF  Carson Benge,New York Mets,mlb,BB,Atlanta_Braves_at_New_York_Mets,0.27,0.32,-0.07199999999999998,UNDER,Targeting RF  Carson Benge UNDER 0.3 BB. Model projects 0.3 (0.05 edge). Recent trends and opponent weakness support this play.
1B  Eric Wagaman,New York Mets,mlb,H,Atlanta_Braves_at_New_York_Mets,0.25,0.3,-0.07199999999999998,UNDER,1B  Eric Wagaman shows UNDER value at 0.3 H. TC projection: 0.2 — edge: 0.05. Marginal conviction based on usage rate and defensive matchup.
1B  Eric Wagaman,New York Mets,mlb,RBI,Atlanta_Braves_at_New_York_Mets,0.17,0.22,-0.07199999999999998,UNDER,1B  Eric Wagaman shows UNDER value at 0.2 RBI. TC projection: 0.2 — edge: 0.05. Marginal conviction based on usage rate and defensive matchup.
1B  Eric Wagaman,New York Mets,mlb,BB,Atlanta_Braves_at_New_York_Mets,0.17,0.22,-0.07199999999999998,UNDER,1B  Eric Wagaman shows UNDER value at 0.2 BB. TC projection: 0.2 — edge: 0.05. Marginal conviction based on usage rate and defensive matchup.
C   Francisco Alvarez,New York Mets,mlb,R,Atlanta_Braves_at_New_York_Mets,0.28,0.33,-0.07199999999999998,UNDER,Targeting C   Francisco Alvarez UNDER 0.3 R. Model projects 0.3 (0.05 edge). Recent trends and opponent weakness support this play.
C   Francisco Alvarez,New York Mets,mlb,BB,Atlanta_Braves_at_New_York_Mets,0.27,0.32,-0.07199999999999998,UNDER,Targeting C   Francisco Alvarez UNDER 0.3 BB. Model projects 0.3 (0.05 edge). Recent trends and opponent weakness support this play.
SS  Francisco Lindor,New York Mets,mlb,RBI,Atlanta_Braves_at_New_York_Mets,0.3,0.35,-0.07199999999999998,UNDER,Targeting SS  Francisco Lindor UNDER 0.3 RBI. Model projects 0.3 (0.05 edge). Recent trends and opponent weakness support this play.
1B  Jared Young,New York Mets,mlb,RBI,Atlanta_Braves_at_New_York_Mets,0.28,0.33,-0.07199999999999998,UNDER,Targeting 1B  Jared Young UNDER 0.3 RBI. Model projects 0.3 (0.05 edge). Recent trends and opponent weakness support this play.
1B  Jared Young,New York Mets,mlb,HR,Atlanta_Braves_at_New_York_Mets,0.1,0.15,-0.07199999999999998,UNDER,"Marginal +EV opportunity: 1B  Jared Young is projected for 0.1 HR vs a line of 0.1, giving a UNDER edge of 0.05. Based on recent form, opponent matchup, and game context."
DH  Jorge Polanco,New York Mets,mlb,RBI,Atlanta_Braves_at_New_York_Mets,0.14,0.19,-0.07199999999999998,UNDER,DH  Jorge Polanco shows UNDER value at 0.2 RBI. TC projection: 0.1 — edge: 0.05. Marginal conviction based on usage rate and defensive matchup.
DH  Jorge Polanco,New York Mets,mlb,BB,Atlanta_Braves_at_New_York_Mets,0.24,0.29,-0.07199999999999998,UNDER,DH  Jorge Polanco shows UNDER value at 0.3 BB. TC projection: 0.2 — edge: 0.05. Marginal conviction based on usage rate and defensive matchup.
2B  Marcus Semien,New York Mets,mlb,R,Atlanta_Braves_at_New_York_Mets,0.32,0.37,-0.07199999999999998,UNDER,Targeting 2B  Marcus Semien UNDER 0.4 R. Model projects 0.3 (0.05 edge). Recent trends and opponent weakness support this play.
2B  Marcus Semien,New York Mets,mlb,BB,Atlanta_Braves_at_New_York_Mets,0.24,0.29,-0.07199999999999998,UNDER,2B  Marcus Semien shows UNDER value at 0.3 BB. TC projection: 0.2 — edge: 0.05. Marginal conviction based on usage rate and defensive matchup.
CF  Tyrone Taylor,New York Mets,mlb,RBI,Atlanta_Braves_at_New_York_Mets,0.33,0.38,-0.07199999999999998,UNDER,Targeting CF  Tyrone Taylor UNDER 0.4 RBI. Model projects 0.3 (0.05 edge). Recent trends and opponent weakness support this play.
3B  Christian Encarnacion-Strand,Baltimore Orioles,mlb,BB,Baltimore_Orioles_at_Detroit_Tigers,0.24,0.29,-0.07199999999999998,UNDER,3B  Christian Encarnacion-Strand shows UNDER value at 0.3 BB. TC projection: 0.2 — edge: 0.05. Marginal conviction based on usage rate and defensive matchup.
3B  Coby Mayo,Baltimore Orioles,mlb,BB,Baltimore_Orioles_at_Detroit_Tigers,0.2,0.25,-0.07199999999999998,UNDER,3B  Coby Mayo shows UNDER value at 0.2 BB. TC projection: 0.2 — edge: 0.05. Marginal conviction based on usage rate and defensive matchup.
CF  Colton Cowser,Baltimore Orioles,mlb,R,Baltimore_Orioles_at_Detroit_Tigers,0.25,0.3,-0.07199999999999998,UNDER,CF  Colton Cowser shows UNDER value at 0.3 R. TC projection: 0.2 — edge: 0.05. Marginal conviction based on usage rate and defensive matchup.
CF  Colton Cowser,Baltimore Orioles,mlb,HR,Baltimore_Orioles_at_Detroit_Tigers,0.07,0.12,-0.07199999999999998,UNDER,Targeting CF  Colton Cowser UNDER 0.1 HR. Model projects 0.1 (0.05 edge). Recent trends and opponent weakness support this play.
RF  Dylan Beavers,Baltimore Orioles,mlb,R,Baltimore_Orioles_at_Detroit_Tigers,0.32,0.37,-0.07199999999999998,UNDER,RF  Dylan Beavers shows UNDER value at 0.4 R. TC projection: 0.3 — edge: 0.05. Marginal conviction based on usage rate and defensive matchup.
SS  Gunnar Henderson,Baltimore Orioles,mlb,HR,Baltimore_Orioles_at_Detroit_Tigers,0.14,0.19,-0.07199999999999998,UNDER,SS  Gunnar Henderson shows UNDER value at 0.2 HR. TC projection: 0.1 — edge: 0.05. Marginal conviction based on usage rate and defensive matchup.
2B  Jackson Holliday,Baltimore Orioles,mlb,R,Baltimore_Orioles_at_Detroit_Tigers,0.31,0.36,-0.07199999999999998,UNDER,2B  Jackson Holliday shows UNDER value at 0.4 R. TC projection: 0.3 — edge: 0.05. Marginal conviction based on usage rate and defensive matchup.
1B  Pete Alonso,Baltimore Orioles,mlb,HR,Baltimore_Orioles_at_Detroit_Tigers,0.17,0.22,-0.07199999999999998,UNDER,1B  Pete Alonso shows UNDER value at 0.2 HR. TC projection: 0.2 — edge: 0.05. Marginal conviction based on usage rate and defensive matchup.
1B  Pete Alonso,Baltimore Orioles,mlb,2B,Baltimore_Orioles_at_Detroit_Tigers,0.16,0.21,-0.07199999999999998,UNDER,1B  Pete Alonso shows UNDER value at 0.2 2B. TC projection: 0.2 — edge: 0.05. Marginal conviction based on usage rate and defensive matchup.
C   Sam Huff,Baltimore Orioles,mlb,H,Baltimore_Orioles_at_Detroit_Tigers,0.24,0.29,-0.07199999999999998,UNDER,Targeting C   Sam Huff UNDER 0.3 H. Model projects 0.2 (0.05 edge). Recent trends and opponent weakness support this play.
LF  Taylor Ward,Baltimore Orioles,mlb,2B,Baltimore_Orioles_at_Detroit_Tigers,0.16,0.21,-0.07199999999999998,UNDER,"Marginal +EV opportunity: LF  Taylor Ward is projected for 0.2 2B vs a line of 0.2, giving a UNDER edge of 0.05. Based on recent form, opponent matchup, and game context."
RF  Tyler O'Neill,Baltimore Orioles,mlb,R,Baltimore_Orioles_at_Detroit_Tigers,0.3,0.35,-0.07199999999999998,UNDER,Targeting RF  Tyler O'Neill UNDER 0.3 R. Model projects 0.3 (0.05 edge). Recent trends and opponent weakness support this play.
RF  Ben Malgeri,Detroit Tigers,mlb,2B,Baltimore_Orioles_at_Detroit_Tigers,0.1,0.15,-0.07199999999999998,UNDER,"Marginal +EV opportunity: RF  Ben Malgeri is projected for 0.1 2B vs a line of 0.1, giving a UNDER edge of 0.05. Based on recent form, opponent matchup, and game context."
RF  Ben Malgeri,Detroit Tigers,mlb,BB,Baltimore_Orioles_at_Detroit_Tigers,0.26,0.31,-0.07199999999999998,UNDER,"Marginal +EV opportunity: RF  Ben Malgeri is projected for 0.3 BB vs a line of 0.3, giving a UNDER edge of 0.05. Based on recent form, opponent matchup, and game context."
3B  Colt Keith,Detroit Tigers,mlb,HR,Baltimore_Orioles_at_Detroit_Tigers,0.07,0.12,-0.07199999999999998,UNDER,"Marginal +EV opportunity: 3B  Colt Keith is projected for 0.1 HR vs a line of 0.1, giving a UNDER edge of 0.05. Based on recent form, opponent matchup, and game context."
3B  Colt Keith,Detroit Tigers,mlb,2B,Baltimore_Orioles_at_Detroit_Tigers,0.1,0.15,-0.07199999999999998,UNDER,"Marginal +EV opportunity: 3B  Colt Keith is projected for 0.1 2B vs a line of 0.1, giving a UNDER edge of 0.05. Based on recent form, opponent matchup, and game context."
3B  Colt Keith,Detroit Tigers,mlb,BB,Baltimore_Orioles_at_Detroit_Tigers,0.14,0.19,-0.07199999999999998,UNDER,3B  Colt Keith shows UNDER value at 0.2 BB. TC projection: 0.1 — edge: 0.05. Marginal conviction based on usage rate and defensive matchup.
C   Dillon Dingler,Detroit Tigers,mlb,HR,Baltimore_Orioles_at_Detroit_Tigers,0.2,0.25,-0.07199999999999998,UNDER,"Marginal +EV opportunity: C   Dillon Dingler is projected for 0.2 HR vs a line of 0.2, giving a UNDER edge of 0.05. Based on recent form, opponent matchup, and game context."
2B  Gleyber Torres,Detroit Tigers,mlb,HR,Baltimore_Orioles_at_Detroit_Tigers,0.07,0.12,-0.07199999999999998,UNDER,Targeting 2B  Gleyber Torres UNDER 0.1 HR. Model projects 0.1 (0.05 edge). Recent trends and opponent weakness support this play.
2B  Hao-Yu Lee,Detroit Tigers,mlb,RBI,Baltimore_Orioles_at_Detroit_Tigers,0.31,0.36,-0.07199999999999998,UNDER,Targeting 2B  Hao-Yu Lee UNDER 0.4 RBI. Model projects 0.3 (0.05 edge). Recent trends and opponent weakness support this play.
2B  Hao-Yu Lee,Detroit Tigers,mlb,2B,Baltimore_Orioles_at_Detroit_Tigers,0.14,0.19,-0.07199999999999998,UNDER,Targeting 2B  Hao-Yu Lee UNDER 0.2 2B. Model projects 0.1 (0.05 edge). Recent trends and opponent weakness support this play.
RF  Kerry Carpenter,Detroit Tigers,mlb,HR,Baltimore_Orioles_at_Detroit_Tigers,0.14,0.19,-0.07199999999999998,UNDER,Targeting RF  Kerry Carpenter UNDER 0.2 HR. Model projects 0.1 (0.05 edge). Recent trends and opponent weakness support this play.
RF  Kerry Carpenter,Detroit Tigers,mlb,BB,Baltimore_Orioles_at_Detroit_Tigers,0.19,0.24,-0.07199999999999998,UNDER,RF  Kerry Carpenter shows UNDER value at 0.2 BB. TC projection: 0.2 — edge: 0.05. Marginal conviction based on usage rate and defensive matchup.
SS  Kevin McGonigle,Detroit Tigers,mlb,RBI,Baltimore_Orioles_at_Detroit_Tigers,0.3,0.35,-0.07199999999999998,UNDER,SS  Kevin McGonigle shows UNDER value at 0.3 RBI. TC projection: 0.3 — edge: 0.05. Marginal conviction based on usage rate and defensive matchup.
SS  Kevin McGonigle,Detroit Tigers,mlb,2B,Baltimore_Orioles_at_Detroit_Tigers,0.17,0.22,-0.07199999999999998,UNDER,Targeting SS  Kevin McGonigle UNDER 0.2 2B. Model projects 0.2 (0.05 edge). Recent trends and opponent weakness support this play.
2B  Anthony Seigler,Boston Red Sox,mlb,RBI,Boston_Red_Sox_at_Athletics,0.26,0.31,-0.07199999999999998,UNDER,"Marginal +EV opportunity: 2B  Anthony Seigler is projected for 0.3 RBI vs a line of 0.3, giving a UNDER edge of 0.05. Based on recent form, opponent matchup, and game context."
C   Carlos Narváez,Boston Red Sox,mlb,RBI,Boston_Red_Sox_at_Athletics,0.13,0.18,-0.07199999999999998,UNDER,Targeting C   Carlos Narváez UNDER 0.2 RBI. Model projects 0.1 (0.05 edge). Recent trends and opponent weakness support this play.
C   Carlos Narváez,Boston Red Sox,mlb,BB,Boston_Red_Sox_at_Athletics,0.17,0.22,-0.07199999999999998,UNDER,Targeting C   Carlos Narváez UNDER 0.2 BB. Model projects 0.2 (0.05 edge). Recent trends and opponent weakness support this play.
C   Connor Wong,Boston Red Sox,mlb,RBI,Boston_Red_Sox_at_Athletics,0.26,0.31,-0.07199999999999998,UNDER,C   Connor Wong shows UNDER value at 0.3 RBI. TC projection: 0.3 — edge: 0.05. Marginal conviction based on usage rate and defensive matchup.
LF  Jarren Duran,Boston Red Sox,mlb,SB,Boston_Red_Sox_at_Athletics,0.13,0.18,-0.07199999999999998,UNDER,"Marginal +EV opportunity: LF  Jarren Duran is projected for 0.1 SB vs a line of 0.2, giving a UNDER edge of 0.05. Based on recent form, opponent matchup, and game context."
DH  Masataka Yoshida,Boston Red Sox,mlb,R,Boston_Red_Sox_at_Athletics,0.32,0.37,-0.07199999999999998,UNDER,DH  Masataka Yoshida shows UNDER value at 0.4 R. TC projection: 0.3 — edge: 0.05. Marginal conviction based on usage rate and defensive matchup.
DH  Masataka Yoshida,Boston Red Sox,mlb,BB,Boston_Red_Sox_at_Athletics,0.26,0.31,-0.07199999999999998,UNDER,Targeting DH  Masataka Yoshida UNDER 0.3 BB. Model projects 0.3 (0.05 edge). Recent trends and opponent weakness support this play.
DH  Romy Gonzalez,Boston Red Sox,mlb,BB,Boston_Red_Sox_at_Athletics,0.2,0.25,-0.07199999999999998,UNDER,"Marginal +EV opportunity: DH  Romy Gonzalez is projected for 0.2 BB vs a line of 0.2, giving a UNDER edge of 0.05. Based on recent form, opponent matchup, and game context."
SS  Alika Williams,Athletics,mlb,R,Boston_Red_Sox_at_Athletics,0.26,0.31,-0.07199999999999998,UNDER,SS  Alika Williams shows UNDER value at 0.3 R. TC projection: 0.3 — edge: 0.05. Marginal conviction based on usage rate and defensive matchup.
RF  Colby Thomas,Athletics,mlb,HR,Boston_Red_Sox_at_Athletics,0.07,0.12,-0.07199999999999998,UNDER,RF  Colby Thomas shows UNDER value at 0.1 HR. TC projection: 0.1 — edge: 0.05. Marginal conviction based on usage rate and defensive matchup.
RF  Colby Thomas,Athletics,mlb,BB,Boston_Red_Sox_at_Athletics,0.07,0.12,-0.07199999999999998,UNDER,Targeting RF  Colby Thomas UNDER 0.1 BB. Model projects 0.1 (0.05 edge). Recent trends and opponent weakness support this play.
3B  Donovan Walton,Athletics,mlb,RBI,Boston_Red_Sox_at_Athletics,0.27,0.32,-0.07199999999999998,UNDER,3B  Donovan Walton shows UNDER value at 0.3 RBI. TC projection: 0.3 — edge: 0.05. Marginal conviction based on usage rate and defensive matchup.
3B  Donovan Walton,Athletics,mlb,BB,Boston_Red_Sox_at_Athletics,0.27,0.32,-0.07199999999999998,UNDER,3B  Donovan Walton shows UNDER value at 0.3 BB. TC projection: 0.3 — edge: 0.05. Marginal conviction based on usage rate and defensive matchup.
CF  Henry Bolte,Athletics,mlb,RBI,Boston_Red_Sox_at_Athletics,0.24,0.29,-0.07199999999999998,UNDER,CF  Henry Bolte shows UNDER value at 0.3 RBI. TC projection: 0.2 — edge: 0.05. Marginal conviction based on usage rate and defensive matchup.
SS  Jacob Wilson,Athletics,mlb,2B,Boston_Red_Sox_at_Athletics,0.13,0.18,-0.07199999999999998,UNDER,Targeting SS  Jacob Wilson UNDER 0.2 2B. Model projects 0.1 (0.05 edge). Recent trends and opponent weakness support this play.
2B  Jeff McNeil,Athletics,mlb,R,Boston_Red_Sox_at_Athletics,0.27,0.32,-0.07199999999999998,UNDER,"Marginal +EV opportunity: 2B  Jeff McNeil is projected for 0.3 R vs a line of 0.3, giving a UNDER edge of 0.05. Based on recent form, opponent matchup, and game context."
C   Jonah Heim,Athletics,mlb,R,Boston_Red_Sox_at_Athletics,0.31,0.36,-0.07199999999999998,UNDER,"Marginal +EV opportunity: C   Jonah Heim is projected for 0.3 R vs a line of 0.4, giving a UNDER edge of 0.05. Based on recent form, opponent matchup, and game context."
RF  Lawrence Butler,Athletics,mlb,R,Boston_Red_Sox_at_Athletics,0.31,0.36,-0.07199999999999998,UNDER,Targeting RF  Lawrence Butler UNDER 0.4 R. Model projects 0.3 (0.05 edge). Recent trends and opponent weakness support this play.
1B  Nick Kurtz,Athletics,mlb,HR,Boston_Red_Sox_at_Athletics,0.19,0.24,-0.07199999999999998,UNDER,1B  Nick Kurtz shows UNDER value at 0.2 HR. TC projection: 0.2 — edge: 0.05. Marginal conviction based on usage rate and defensive matchup.
1B  Nick Kurtz,Athletics,mlb,2B,Boston_Red_Sox_at_Athletics,0.14,0.19,-0.07199999999999998,UNDER,1B  Nick Kurtz shows UNDER value at 0.2 2B. TC projection: 0.1 — edge: 0.05. Marginal conviction based on usage rate and defensive matchup.
SS  Dansby Swanson,Chicago Cubs,mlb,HR,Chicago_Cubs_at_St_Louis_Cardinals,0.13,0.18,-0.07199999999999998,UNDER,SS  Dansby Swanson shows UNDER value at 0.2 HR. TC projection: 0.1 — edge: 0.05. Marginal conviction based on usage rate and defensive matchup.
CF  Justin Dean,Chicago Cubs,mlb,R,Chicago_Cubs_at_St_Louis_Cardinals,0.19,0.24,-0.07199999999999998,UNDER,"Marginal +EV opportunity: CF  Justin Dean is projected for 0.2 R vs a line of 0.2, giving a UNDER edge of 0.05. Based on recent form, opponent matchup, and game context."
CF  Justin Dean,Chicago Cubs,mlb,RBI,Chicago_Cubs_at_St_Louis_Cardinals,0.19,0.24,-0.07199999999999998,UNDER,Targeting CF  Justin Dean UNDER 0.2 RBI. Model projects 0.2 (0.05 edge). Recent trends and opponent weakness support this play.
1B  Michael Busch,Chicago Cubs,mlb,2B,Chicago_Cubs_at_St_Louis_Cardinals,0.14,0.19,-0.07199999999999998,UNDER,"Marginal +EV opportunity: 1B  Michael Busch is projected for 0.1 2B vs a line of 0.2, giving a UNDER edge of 0.05. Based on recent form, opponent matchup, and game context."
DH  Michael Conforto,Chicago Cubs,mlb,R,Chicago_Cubs_at_St_Louis_Cardinals,0.27,0.32,-0.07199999999999998,UNDER,"Marginal +EV opportunity: DH  Michael Conforto is projected for 0.3 R vs a line of 0.3, giving a UNDER edge of 0.05. Based on recent form, opponent matchup, and game context."
DH  Michael Conforto,Chicago Cubs,mlb,2B,Chicago_Cubs_at_St_Louis_Cardinals,0.13,0.18,-0.07199999999999998,UNDER,Targeting DH  Michael Conforto UNDER 0.2 2B. Model projects 0.1 (0.05 edge). Recent trends and opponent weakness support this play.
DH  Michael Conforto,Chicago Cubs,mlb,BB,Chicago_Cubs_at_St_Louis_Cardinals,0.25,0.3,-0.07199999999999998,UNDER,"Marginal +EV opportunity: DH  Michael Conforto is projected for 0.2 BB vs a line of 0.3, giving a UNDER edge of 0.05. Based on recent form, opponent matchup, and game context."
C   Miguel Amaya,Chicago Cubs,mlb,RBI,Chicago_Cubs_at_St_Louis_Cardinals,0.25,0.3,-0.07199999999999998,UNDER,"Marginal +EV opportunity: C   Miguel Amaya is projected for 0.2 RBI vs a line of 0.3, giving a UNDER edge of 0.05. Based on recent form, opponent matchup, and game context."
2B  Nico Hoerner,Chicago Cubs,mlb,2B,Chicago_Cubs_at_St_Louis_Cardinals,0.19,0.24,-0.07199999999999998,UNDER,2B  Nico Hoerner shows UNDER value at 0.2 2B. TC projection: 0.2 — edge: 0.05. Marginal conviction based on usage rate and defensive matchup.
RF  Seiya Suzuki,Chicago Cubs,mlb,HR,Chicago_Cubs_at_St_Louis_Cardinals,0.17,0.22,-0.07199999999999998,UNDER,RF  Seiya Suzuki shows UNDER value at 0.2 HR. TC projection: 0.2 — edge: 0.05. Marginal conviction based on usage rate and defensive matchup.
1B  Alec Burleson,St. Louis Cardinals,mlb,HR,Chicago_Cubs_at_St_Louis_Cardinals,0.13,0.18,-0.07199999999999998,UNDER,1B  Alec Burleson shows UNDER value at 0.2 HR. TC projection: 0.1 — edge: 0.05. Marginal conviction based on usage rate and defensive matchup.
LF  Bryan Torres,St. Louis Cardinals,mlb,RBI,Chicago_Cubs_at_St_Louis_Cardinals,0.26,0.31,-0.07199999999999998,UNDER,"Marginal +EV opportunity: LF  Bryan Torres is projected for 0.3 RBI vs a line of 0.3, giving a UNDER edge of 0.05. Based on recent form, opponent matchup, and game context."
LF  Bryan Torres,St. Louis Cardinals,mlb,BB,Chicago_Cubs_at_St_Louis_Cardinals,0.14,0.19,-0.07199999999999998,UNDER,"Marginal +EV opportunity: LF  Bryan Torres is projected for 0.1 BB vs a line of 0.2, giving a UNDER edge of 0.05. Based on recent form, opponent matchup, and game context."
DH  Iván Herrera,St. Louis Cardinals,mlb,HR,Chicago_Cubs_at_St_Louis_Cardinals,0.1,0.15,-0.07199999999999998,UNDER,Targeting DH  Iván Herrera UNDER 0.1 HR. Model projects 0.1 (0.05 edge). Recent trends and opponent weakness support this play.
C   Jimmy Crooks,St. Louis Cardinals,mlb,RBI,Chicago_Cubs_at_St_Louis_Cardinals,0.24,0.29,-0.07199999999999998,UNDER,"Marginal +EV opportunity: C   Jimmy Crooks is projected for 0.2 RBI vs a line of 0.3, giving a UNDER edge of 0.05. Based on recent form, opponent matchup, and game context."
LF  José Fermín,St. Louis Cardinals,mlb,RBI,Chicago_Cubs_at_St_Louis_Cardinals,0.26,0.31,-0.07199999999999998,UNDER,"Marginal +EV opportunity: LF  José Fermín is projected for 0.3 RBI vs a line of 0.3, giving a UNDER edge of 0.05. Based on recent form, opponent matchup, and game context."
LF  Lars Nootbaar,St. Louis Cardinals,mlb,RBI,Chicago_Cubs_at_St_Louis_Cardinals,0.32,0.37,-0.07199999999999998,UNDER,"Marginal +EV opportunity: LF  Lars Nootbaar is projected for 0.3 RBI vs a line of 0.4, giving a UNDER edge of 0.05. Based on recent form, opponent matchup, and game context."
C   Pedro Pagés,St. Louis Cardinals,mlb,R,Chicago_Cubs_at_St_Louis_Cardinals,0.19,0.24,-0.07199999999999998,UNDER,Targeting C   Pedro Pagés UNDER 0.2 R. Model projects 0.2 (0.05 edge). Recent trends and opponent weakness support this play.
C   Pedro Pagés,St. Louis Cardinals,mlb,BB,Chicago_Cubs_at_St_Louis_Cardinals,0.1,0.15,-0.07199999999999998,UNDER,Targeting C   Pedro Pagés UNDER 0.1 BB. Model projects 0.1 (0.05 edge). Recent trends and opponent weakness support this play.
LF  Angel Martínez,Cleveland Guardians,mlb,2B,Cleveland_Guardians_at_Cincinnati_Reds,0.13,0.18,-0.07199999999999998,UNDER,"Marginal +EV opportunity: LF  Angel Martínez is projected for 0.1 2B vs a line of 0.2, giving a UNDER edge of 0.05. Based on recent form, opponent matchup, and game context."
C   Austin Hedges,Cleveland Guardians,mlb,RBI,Cleveland_Guardians_at_Cincinnati_Reds,0.26,0.31,-0.07199999999999998,UNDER,Targeting C   Austin Hedges UNDER 0.3 RBI. Model projects 0.3 (0.05 edge). Recent trends and opponent weakness support this play.
SS  Brayan Rocchio,Cleveland Guardians,mlb,HR,Cleveland_Guardians_at_Cincinnati_Reds,0.07,0.12,-0.07199999999999998,UNDER,"Marginal +EV opportunity: SS  Brayan Rocchio is projected for 0.1 HR vs a line of 0.1, giving a UNDER edge of 0.05. Based on recent form, opponent matchup, and game context."
SS  Brayan Rocchio,Cleveland Guardians,mlb,2B,Cleveland_Guardians_at_Cincinnati_Reds,0.13,0.18,-0.07199999999999998,UNDER,SS  Brayan Rocchio shows UNDER value at 0.2 2B. TC projection: 0.1 — edge: 0.05. Marginal conviction based on usage rate and defensive matchup.
RF  Chase DeLauter,Cleveland Guardians,mlb,R,Cleveland_Guardians_at_Cincinnati_Reds,0.33,0.38,-0.07199999999999998,UNDER,Targeting RF  Chase DeLauter UNDER 0.4 R. Model projects 0.3 (0.05 edge). Recent trends and opponent weakness support this play.
RF  David Fry,Cleveland Guardians,mlb,R,Cleveland_Guardians_at_Cincinnati_Reds,0.19,0.24,-0.07199999999999998,UNDER,"Marginal +EV opportunity: RF  David Fry is projected for 0.2 R vs a line of 0.2, giving a UNDER edge of 0.05. Based on recent form, opponent matchup, and game context."
RF  David Fry,Cleveland Guardians,mlb,RBI,Cleveland_Guardians_at_Cincinnati_Reds,0.16,0.21,-0.07199999999999998,UNDER,"Marginal +EV opportunity: RF  David Fry is projected for 0.2 RBI vs a line of 0.2, giving a UNDER edge of 0.05. Based on recent form, opponent matchup, and game context."
3B  Gabriel Arias,Cleveland Guardians,mlb,BB,Cleveland_Guardians_at_Cincinnati_Reds,0.13,0.18,-0.07199999999999998,UNDER,Targeting 3B  Gabriel Arias UNDER 0.2 BB. Model projects 0.1 (0.05 edge). Recent trends and opponent weakness support this play.
3B  José Ramírez,Cleveland Guardians,mlb,2B,Cleveland_Guardians_at_Cincinnati_Reds,0.2,0.25,-0.07199999999999998,UNDER,Targeting 3B  José Ramírez UNDER 0.2 2B. Model projects 0.2 (0.05 edge). Recent trends and opponent weakness support this play.
1B  Kyle Manzardo,Cleveland Guardians,mlb,R,Cleveland_Guardians_at_Cincinnati_Reds,0.31,0.36,-0.07199999999999998,UNDER,1B  Kyle Manzardo shows UNDER value at 0.4 R. TC projection: 0.3 — edge: 0.05. Marginal conviction based on usage rate and defensive matchup.
1B  Kyle Manzardo,Cleveland Guardians,mlb,HR,Cleveland_Guardians_at_Cincinnati_Reds,0.1,0.15,-0.07199999999999998,UNDER,"Marginal +EV opportunity: 1B  Kyle Manzardo is projected for 0.1 HR vs a line of 0.1, giving a UNDER edge of 0.05. Based on recent form, opponent matchup, and game context."
CF  Petey Halpin,Cleveland Guardians,mlb,RBI,Cleveland_Guardians_at_Cincinnati_Reds,0.1,0.15,-0.07199999999999998,UNDER,CF  Petey Halpin shows UNDER value at 0.1 RBI. TC projection: 0.1 — edge: 0.05. Marginal conviction based on usage rate and defensive matchup.
1B  Rhys Hoskins,Cleveland Guardians,mlb,2B,Cleveland_Guardians_at_Cincinnati_Reds,0.13,0.18,-0.07199999999999998,UNDER,Targeting 1B  Rhys Hoskins UNDER 0.2 2B. Model projects 0.1 (0.05 edge). Recent trends and opponent weakness support this play.
2B  Travis Bazzana,Cleveland Guardians,mlb,HR,Cleveland_Guardians_at_Cincinnati_Reds,0.1,0.15,-0.07199999999999998,UNDER,2B  Travis Bazzana shows UNDER value at 0.1 HR. TC projection: 0.1 — edge: 0.05. Marginal conviction based on usage rate and defensive matchup.
2B  Travis Bazzana,Cleveland Guardians,mlb,2B,Cleveland_Guardians_at_Cincinnati_Reds,0.16,0.21,-0.07199999999999998,UNDER,"Marginal +EV opportunity: 2B  Travis Bazzana is projected for 0.2 2B vs a line of 0.2, giving a UNDER edge of 0.05. Based on recent form, opponent matchup, and game context."
CF  Dane Myers,Cincinnati Reds,mlb,BB,Cleveland_Guardians_at_Cincinnati_Reds,0.24,0.29,-0.07199999999999998,UNDER,"Marginal +EV opportunity: CF  Dane Myers is projected for 0.2 BB vs a line of 0.3, giving a UNDER edge of 0.05. Based on recent form, opponent matchup, and game context."
DH  Eugenio Suárez,Cincinnati Reds,mlb,R,Cleveland_Guardians_at_Cincinnati_Reds,0.31,0.36,-0.07199999999999998,UNDER,DH  Eugenio Suárez shows UNDER value at 0.4 R. TC projection: 0.3 — edge: 0.05. Marginal conviction based on usage rate and defensive matchup.
DH  Eugenio Suárez,Cincinnati Reds,mlb,2B,Cleveland_Guardians_at_Cincinnati_Reds,0.13,0.18,-0.07199999999999998,UNDER,"Marginal +EV opportunity: DH  Eugenio Suárez is projected for 0.1 2B vs a line of 0.2, giving a UNDER edge of 0.05. Based on recent form, opponent matchup, and game context."
LF  JJ Bleday,Cincinnati Reds,mlb,HR,Cleveland_Guardians_at_Cincinnati_Reds,0.19,0.24,-0.07199999999999998,UNDER,"Marginal +EV opportunity: LF  JJ Bleday is projected for 0.2 HR vs a line of 0.2, giving a UNDER edge of 0.05. Based on recent form, opponent matchup, and game context."
LF  JJ Bleday,Cincinnati Reds,mlb,2B,Cleveland_Guardians_at_Cincinnati_Reds,0.13,0.18,-0.07199999999999998,UNDER,Targeting LF  JJ Bleday UNDER 0.2 2B. Model projects 0.1 (0.05 edge). Recent trends and opponent weakness support this play.
C   Jose Trevino,Cincinnati Reds,mlb,R,Cleveland_Guardians_at_Cincinnati_Reds,0.28,0.33,-0.07199999999999998,UNDER,C   Jose Trevino shows UNDER value at 0.3 R. TC projection: 0.3 — edge: 0.05. Marginal conviction based on usage rate and defensive matchup.
C   Jose Trevino,Cincinnati Reds,mlb,RBI,Cleveland_Guardians_at_Cincinnati_Reds,0.31,0.36,-0.07199999999999998,UNDER,Targeting C   Jose Trevino UNDER 0.4 RBI. Model projects 0.3 (0.05 edge). Recent trends and opponent weakness support this play.
3B  Ke'Bryan Hayes,Cincinnati Reds,mlb,RBI,Cleveland_Guardians_at_Cincinnati_Reds,0.1,0.15,-0.07199999999999998,UNDER,Targeting 3B  Ke'Bryan Hayes UNDER 0.1 RBI. Model projects 0.1 (0.05 edge). Recent trends and opponent weakness support this play.
CF  TJ Friedl,Cincinnati Reds,mlb,SB,Cleveland_Guardians_at_Cincinnati_Reds,0.07,0.12,-0.07199999999999998,UNDER,Targeting CF  TJ Friedl UNDER 0.1 SB. Model projects 0.1 (0.05 edge). Recent trends and opponent weakness support this play.
C   Tyler Stephenson,Cincinnati Reds,mlb,R,Cleveland_Guardians_at_Cincinnati_Reds,0.24,0.29,-0.07199999999999998,UNDER,Targeting C   Tyler Stephenson UNDER 0.3 R. Model projects 0.2 (0.05 edge). Recent trends and opponent weakness support this play.
C   Tyler Stephenson,Cincinnati Reds,mlb,RBI,Cleveland_Guardians_at_Cincinnati_Reds,0.3,0.35,-0.07199999999999998,UNDER,Targeting C   Tyler Stephenson UNDER 0.3 RBI. Model projects 0.3 (0.05 edge). Recent trends and opponent weakness support this play.
C   Tyler Stephenson,Cincinnati Reds,mlb,2B,Cleveland_Guardians_at_Cincinnati_Reds,0.14,0.19,-0.07199999999999998,UNDER,C   Tyler Stephenson shows UNDER value at 0.2 2B. TC projection: 0.1 — edge: 0.05. Marginal conviction based on usage rate and defensive matchup.
RF  Cam Smith,Houston Astros,mlb,HR,Houston_Astros_at_Los_Angeles_Angels,0.1,0.15,-0.07199999999999998,UNDER,RF  Cam Smith shows UNDER value at 0.1 HR. TC projection: 0.1 — edge: 0.05. Marginal conviction based on usage rate and defensive matchup.
1B  Christian Walker,Houston Astros,mlb,HR,Houston_Astros_at_Los_Angeles_Angels,0.16,0.21,-0.07199999999999998,UNDER,1B  Christian Walker shows UNDER value at 0.2 HR. TC projection: 0.2 — edge: 0.05. Marginal conviction based on usage rate and defensive matchup.
1B  Christian Walker,Houston Astros,mlb,2B,Houston_Astros_at_Los_Angeles_Angels,0.16,0.21,-0.07199999999999998,UNDER,Targeting 1B  Christian Walker UNDER 0.2 2B. Model projects 0.2 (0.05 edge). Recent trends and opponent weakness support this play.
SS  Jeremy Peña,Houston Astros,mlb,2B,Houston_Astros_at_Los_Angeles_Angels,0.13,0.18,-0.07199999999999998,UNDER,"Marginal +EV opportunity: SS  Jeremy Peña is projected for 0.1 2B vs a line of 0.2, giving a UNDER edge of 0.05. Based on recent form, opponent matchup, and game context."
SS  Jeremy Peña,Houston Astros,mlb,BB,Houston_Astros_at_Los_Angeles_Angels,0.24,0.29,-0.07199999999999998,UNDER,SS  Jeremy Peña shows UNDER value at 0.3 BB. TC projection: 0.2 — edge: 0.05. Marginal conviction based on usage rate and defensive matchup.
2B  Jose Altuve,Houston Astros,mlb,RBI,Houston_Astros_at_Los_Angeles_Angels,0.3,0.35,-0.07199999999999998,UNDER,"Marginal +EV opportunity: 2B  Jose Altuve is projected for 0.3 RBI vs a line of 0.3, giving a UNDER edge of 0.05. Based on recent form, opponent matchup, and game context."
SS  Nick Allen,Houston Astros,mlb,RBI,Houston_Astros_at_Los_Angeles_Angels,0.17,0.22,-0.07199999999999998,UNDER,Targeting SS  Nick Allen UNDER 0.2 RBI. Model projects 0.2 (0.05 edge). Recent trends and opponent weakness support this play.
CF  Taylor Trammell,Houston Astros,mlb,HR,Houston_Astros_at_Los_Angeles_Angels,0.07,0.12,-0.07199999999999998,UNDER,"Marginal +EV opportunity: CF  Taylor Trammell is projected for 0.1 HR vs a line of 0.1, giving a UNDER edge of 0.05. Based on recent form, opponent matchup, and game context."
C   Yainer Diaz,Houston Astros,mlb,R,Houston_Astros_at_Los_Angeles_Angels,0.33,0.38,-0.07199999999999998,UNDER,"Marginal +EV opportunity: C   Yainer Diaz is projected for 0.3 R vs a line of 0.4, giving a UNDER edge of 0.05. Based on recent form, opponent matchup, and game context."
LF  Zach Dezenzo,Houston Astros,mlb,R,Houston_Astros_at_Los_Angeles_Angels,0.3,0.35,-0.07199999999999998,UNDER,LF  Zach Dezenzo shows UNDER value at 0.3 R. TC projection: 0.3 — edge: 0.05. Marginal conviction based on usage rate and defensive matchup.
3B  Denzer Guzman,Los Angeles Angels,mlb,R,Houston_Astros_at_Los_Angeles_Angels,0.3,0.35,-0.07199999999999998,UNDER,"Marginal +EV opportunity: 3B  Denzer Guzman is projected for 0.3 R vs a line of 0.3, giving a UNDER edge of 0.05. Based on recent form, opponent matchup, and game context."
3B  Denzer Guzman,Los Angeles Angels,mlb,HR,Houston_Astros_at_Los_Angeles_Angels,0.1,0.15,-0.07199999999999998,UNDER,"Marginal +EV opportunity: 3B  Denzer Guzman is projected for 0.1 HR vs a line of 0.1, giving a UNDER edge of 0.05. Based on recent form, opponent matchup, and game context."
3B  Denzer Guzman,Los Angeles Angels,mlb,2B,Houston_Astros_at_Los_Angeles_Angels,0.1,0.15,-0.07199999999999998,UNDER,3B  Denzer Guzman shows UNDER value at 0.1 2B. TC projection: 0.1 — edge: 0.05. Marginal conviction based on usage rate and defensive matchup.
3B  Denzer Guzman,Los Angeles Angels,mlb,BB,Houston_Astros_at_Los_Angeles_Angels,0.2,0.25,-0.07199999999999998,UNDER,Targeting 3B  Denzer Guzman UNDER 0.2 BB. Model projects 0.2 (0.05 edge). Recent trends and opponent weakness support this play.
DH  Jorge Soler,Los Angeles Angels,mlb,HR,Houston_Astros_at_Los_Angeles_Angels,0.13,0.18,-0.07199999999999998,UNDER,DH  Jorge Soler shows UNDER value at 0.2 HR. TC projection: 0.1 — edge: 0.05. Marginal conviction based on usage rate and defensive matchup.
LF  Josh Lowe,Los Angeles Angels,mlb,BB,Houston_Astros_at_Los_Angeles_Angels,0.16,0.21,-0.07199999999999998,UNDER,"Marginal +EV opportunity: LF  Josh Lowe is projected for 0.2 BB vs a line of 0.2, giving a UNDER edge of 0.05. Based on recent form, opponent matchup, and game context."
C   Logan O'Hoppe,Los Angeles Angels,mlb,RBI,Houston_Astros_at_Los_Angeles_Angels,0.27,0.32,-0.07199999999999998,UNDER,C   Logan O'Hoppe shows UNDER value at 0.3 RBI. TC projection: 0.3 — edge: 0.05. Marginal conviction based on usage rate and defensive matchup.
C   Logan O'Hoppe,Los Angeles Angels,mlb,BB,Houston_Astros_at_Los_Angeles_Angels,0.2,0.25,-0.07199999999999998,UNDER,"Marginal +EV opportunity: C   Logan O'Hoppe is projected for 0.2 BB vs a line of 0.2, giving a UNDER edge of 0.05. Based on recent form, opponent matchup, and game context."
2B  Oswald Peraza,Los Angeles Angels,mlb,R,Houston_Astros_at_Los_Angeles_Angels,0.25,0.3,-0.07199999999999998,UNDER,"Marginal +EV opportunity: 2B  Oswald Peraza is projected for 0.2 R vs a line of 0.3, giving a UNDER edge of 0.05. Based on recent form, opponent matchup, and game context."
2B  Oswald Peraza,Los Angeles Angels,mlb,BB,Houston_Astros_at_Los_Angeles_Angels,0.1,0.15,-0.07199999999999998,UNDER,"Marginal +EV opportunity: 2B  Oswald Peraza is projected for 0.1 BB vs a line of 0.1, giving a UNDER edge of 0.05. Based on recent form, opponent matchup, and game context."
C   Tyler Heineman,Los Angeles Angels,mlb,BB,Houston_Astros_at_Los_Angeles_Angels,0.1,0.15,-0.07199999999999998,UNDER,"Marginal +EV opportunity: C   Tyler Heineman is projected for 0.1 BB vs a line of 0.1, giving a UNDER edge of 0.05. Based on recent form, opponent matchup, and game context."
SS  Zach Neto,Los Angeles Angels,mlb,HR,Houston_Astros_at_Los_Angeles_Angels,0.16,0.21,-0.07199999999999998,UNDER,SS  Zach Neto shows UNDER value at 0.2 HR. TC projection: 0.2 — edge: 0.05. Marginal conviction based on usage rate and defensive matchup.
1B  Andrew Vaughn,Milwaukee Brewers,mlb,2B,Milwaukee_Brewers_at_San_Francisco_Giants,0.2,0.25,-0.07199999999999998,UNDER,Targeting 1B  Andrew Vaughn UNDER 0.2 2B. Model projects 0.2 (0.05 edge). Recent trends and opponent weakness support this play.
2B  Brice Turang,Milwaukee Brewers,mlb,HR,Milwaukee_Brewers_at_San_Francisco_Giants,0.13,0.18,-0.07199999999999998,UNDER,Targeting 2B  Brice Turang UNDER 0.2 HR. Model projects 0.1 (0.05 edge). Recent trends and opponent weakness support this play.
2B  Brice Turang,Milwaukee Brewers,mlb,SB,Milwaukee_Brewers_at_San_Francisco_Giants,0.13,0.18,-0.07199999999999998,UNDER,"Marginal +EV opportunity: 2B  Brice Turang is projected for 0.1 SB vs a line of 0.2, giving a UNDER edge of 0.05. Based on recent form, opponent matchup, and game context."
DH  Christian Yelich,Milwaukee Brewers,mlb,SB,Milwaukee_Brewers_at_San_Francisco_Giants,0.1,0.15,-0.07199999999999998,UNDER,Targeting DH  Christian Yelich UNDER 0.1 SB. Model projects 0.1 (0.05 edge). Recent trends and opponent weakness support this play.
3B  David Hamilton,Milwaukee Brewers,mlb,BB,Milwaukee_Brewers_at_San_Francisco_Giants,0.24,0.29,-0.07199999999999998,UNDER,"Marginal +EV opportunity: 3B  David Hamilton is projected for 0.2 BB vs a line of 0.3, giving a UNDER edge of 0.05. Based on recent form, opponent matchup, and game context."
CF  Garrett Mitchell,Milwaukee Brewers,mlb,HR,Milwaukee_Brewers_at_San_Francisco_Giants,0.07,0.12,-0.07199999999999998,UNDER,CF  Garrett Mitchell shows UNDER value at 0.1 HR. TC projection: 0.1 — edge: 0.05. Marginal conviction based on usage rate and defensive matchup.
1B  Jake Bauers,Milwaukee Brewers,mlb,HR,Milwaukee_Brewers_at_San_Francisco_Giants,0.16,0.21,-0.07199999999999998,UNDER,1B  Jake Bauers shows UNDER value at 0.2 HR. TC projection: 0.2 — edge: 0.05. Marginal conviction based on usage rate and defensive matchup.
1B  Jake Bauers,Milwaukee Brewers,mlb,2B,Milwaukee_Brewers_at_San_Francisco_Giants,0.14,0.19,-0.07199999999999998,UNDER,"Marginal +EV opportunity: 1B  Jake Bauers is projected for 0.1 2B vs a line of 0.2, giving a UNDER edge of 0.05. Based on recent form, opponent matchup, and game context."
SS  Joey Ortiz,Milwaukee Brewers,mlb,RBI,Milwaukee_Brewers_at_San_Francisco_Giants,0.26,0.31,-0.07199999999999998,UNDER,Targeting SS  Joey Ortiz UNDER 0.3 RBI. Model projects 0.3 (0.05 edge). Recent trends and opponent weakness support this play.
DH  Bryce Eldridge,San Francisco Giants,mlb,RBI,Milwaukee_Brewers_at_San_Francisco_Giants,0.32,0.37,-0.07199999999999998,UNDER,"Marginal +EV opportunity: DH  Bryce Eldridge is projected for 0.3 RBI vs a line of 0.4, giving a UNDER edge of 0.05. Based on recent form, opponent matchup, and game context."
DH  Bryce Eldridge,San Francisco Giants,mlb,HR,Milwaukee_Brewers_at_San_Francisco_Giants,0.14,0.19,-0.07199999999999998,UNDER,Targeting DH  Bryce Eldridge UNDER 0.2 HR. Model projects 0.1 (0.05 edge). Recent trends and opponent weakness support this play.
DH  Bryce Eldridge,San Francisco Giants,mlb,2B,Milwaukee_Brewers_at_San_Francisco_Giants,0.19,0.24,-0.07199999999999998,UNDER,DH  Bryce Eldridge shows UNDER value at 0.2 2B. TC projection: 0.2 — edge: 0.05. Marginal conviction based on usage rate and defensive matchup.
LF  Casey Schmitt,San Francisco Giants,mlb,HR,Milwaukee_Brewers_at_San_Francisco_Giants,0.19,0.24,-0.07199999999999998,UNDER,Targeting LF  Casey Schmitt UNDER 0.2 HR. Model projects 0.2 (0.05 edge). Recent trends and opponent weakness support this play.
LF  Casey Schmitt,San Francisco Giants,mlb,BB,Milwaukee_Brewers_at_San_Francisco_Giants,0.1,0.15,-0.07199999999999998,UNDER,LF  Casey Schmitt shows UNDER value at 0.1 BB. TC projection: 0.1 — edge: 0.05. Marginal conviction based on usage rate and defensive matchup.
C   Drew Cavanaugh,San Francisco Giants,mlb,R,Milwaukee_Brewers_at_San_Francisco_Giants,0.14,0.19,-0.07199999999999998,UNDER,"Marginal +EV opportunity: C   Drew Cavanaugh is projected for 0.1 R vs a line of 0.2, giving a UNDER edge of 0.05. Based on recent form, opponent matchup, and game context."
CF  Drew Gilbert,San Francisco Giants,mlb,R,Milwaukee_Brewers_at_San_Francisco_Giants,0.25,0.3,-0.07199999999999998,UNDER,Targeting CF  Drew Gilbert UNDER 0.3 R. Model projects 0.2 (0.05 edge). Recent trends and opponent weakness support this play.
LF  Heliot Ramos,San Francisco Giants,mlb,2B,Milwaukee_Brewers_at_San_Francisco_Giants,0.17,0.22,-0.07199999999999998,UNDER,Targeting LF  Heliot Ramos UNDER 0.2 2B. Model projects 0.2 (0.05 edge). Recent trends and opponent weakness support this play.
LF  Heliot Ramos,San Francisco Giants,mlb,BB,Milwaukee_Brewers_at_San_Francisco_Giants,0.17,0.22,-0.07199999999999998,UNDER,LF  Heliot Ramos shows UNDER value at 0.2 BB. TC projection: 0.2 — edge: 0.05. Marginal conviction based on usage rate and defensive matchup.
RF  Jung Hoo Lee,San Francisco Giants,mlb,RBI,Milwaukee_Brewers_at_San_Francisco_Giants,0.33,0.38,-0.07199999999999998,UNDER,RF  Jung Hoo Lee shows UNDER value at 0.4 RBI. TC projection: 0.3 — edge: 0.05. Marginal conviction based on usage rate and defensive matchup.
RF  Jung Hoo Lee,San Francisco Giants,mlb,2B,Milwaukee_Brewers_at_San_Francisco_Giants,0.2,0.25,-0.07199999999999998,UNDER,"Marginal +EV opportunity: RF  Jung Hoo Lee is projected for 0.2 2B vs a line of 0.2, giving a UNDER edge of 0.05. Based on recent form, opponent matchup, and game context."
C   Ali Sánchez,New York Yankees,mlb,R,New_York_Yankees_at_Chicago_White_Sox,0.1,0.15,-0.07199999999999998,UNDER,C   Ali Sánchez shows UNDER value at 0.1 R. TC projection: 0.1 — edge: 0.05. Marginal conviction based on usage rate and defensive matchup.
C   Ali Sánchez,New York Yankees,mlb,2B,New_York_Yankees_at_Chicago_White_Sox,0.07,0.12,-0.07199999999999998,UNDER,Targeting C   Ali Sánchez UNDER 0.1 2B. Model projects 0.1 (0.05 edge). Recent trends and opponent weakness support this play.
C   Austin Wells,New York Yankees,mlb,R,New_York_Yankees_at_Chicago_White_Sox,0.25,0.3,-0.07199999999999998,UNDER,Targeting C   Austin Wells UNDER 0.3 R. Model projects 0.2 (0.05 edge). Recent trends and opponent weakness support this play.
RF  Jasson Domínguez,New York Yankees,mlb,R,New_York_Yankees_at_Chicago_White_Sox,0.31,0.36,-0.07199999999999998,UNDER,"Marginal +EV opportunity: RF  Jasson Domínguez is projected for 0.3 R vs a line of 0.4, giving a UNDER edge of 0.05. Based on recent form, opponent matchup, and game context."
RF  Jasson Domínguez,New York Yankees,mlb,RBI,New_York_Yankees_at_Chicago_White_Sox,0.26,0.31,-0.07199999999999998,UNDER,RF  Jasson Domínguez shows UNDER value at 0.3 RBI. TC projection: 0.3 — edge: 0.05. Marginal conviction based on usage rate and defensive matchup.
RF  Jasson Domínguez,New York Yankees,mlb,2B,New_York_Yankees_at_Chicago_White_Sox,0.19,0.24,-0.07199999999999998,UNDER,RF  Jasson Domínguez shows UNDER value at 0.2 2B. TC projection: 0.2 — edge: 0.05. Marginal conviction based on usage rate and defensive matchup.
RF  Jasson Domínguez,New York Yankees,mlb,BB,New_York_Yankees_at_Chicago_White_Sox,0.13,0.18,-0.07199999999999998,UNDER,"Marginal +EV opportunity: RF  Jasson Domínguez is projected for 0.1 BB vs a line of 0.2, giving a UNDER edge of 0.05. Based on recent form, opponent matchup, and game context."
SS  José Caballero,New York Yankees,mlb,R,New_York_Yankees_at_Chicago_White_Sox,0.33,0.38,-0.07199999999999998,UNDER,SS  José Caballero shows UNDER value at 0.4 R. TC projection: 0.3 — edge: 0.05. Marginal conviction based on usage rate and defensive matchup.
SS  José Caballero,New York Yankees,mlb,BB,New_York_Yankees_at_Chicago_White_Sox,0.16,0.21,-0.07199999999999998,UNDER,"Marginal +EV opportunity: SS  José Caballero is projected for 0.2 BB vs a line of 0.2, giving a UNDER edge of 0.05. Based on recent form, opponent matchup, and game context."
SS  Max Schuemann,New York Yankees,mlb,H,New_York_Yankees_at_Chicago_White_Sox,0.3,0.35,-0.07199999999999998,UNDER,SS  Max Schuemann shows UNDER value at 0.3 H. TC projection: 0.3 — edge: 0.05. Marginal conviction based on usage rate and defensive matchup.
3B  Ryan McMahon,New York Yankees,mlb,R,New_York_Yankees_at_Chicago_White_Sox,0.24,0.29,-0.07199999999999998,UNDER,Targeting 3B  Ryan McMahon UNDER 0.3 R. Model projects 0.2 (0.05 edge). Recent trends and opponent weakness support this play.
CF  Spencer Jones,New York Yankees,mlb,R,New_York_Yankees_at_Chicago_White_Sox,0.16,0.21,-0.07199999999999998,UNDER,"Marginal +EV opportunity: CF  Spencer Jones is projected for 0.2 R vs a line of 0.2, giving a UNDER edge of 0.05. Based on recent form, opponent matchup, and game context."
CF  Spencer Jones,New York Yankees,mlb,2B,New_York_Yankees_at_Chicago_White_Sox,0.1,0.15,-0.07199999999999998,UNDER,CF  Spencer Jones shows UNDER value at 0.1 2B. TC projection: 0.1 — edge: 0.05. Marginal conviction based on usage rate and defensive matchup.
CF  Trent Grisham,New York Yankees,mlb,2B,New_York_Yankees_at_Chicago_White_Sox,0.14,0.19,-0.07199999999999998,UNDER,"Marginal +EV opportunity: CF  Trent Grisham is projected for 0.1 2B vs a line of 0.2, giving a UNDER edge of 0.05. Based on recent form, opponent matchup, and game context."
DH  Andrew Benintendi,Chicago White Sox,mlb,BB,New_York_Yankees_at_Chicago_White_Sox,0.25,0.3,-0.07199999999999998,UNDER,DH  Andrew Benintendi shows UNDER value at 0.3 BB. TC projection: 0.2 — edge: 0.05. Marginal conviction based on usage rate and defensive matchup.
RF  Braden Montgomery,Chicago White Sox,mlb,HR,New_York_Yankees_at_Chicago_White_Sox,0.07,0.12,-0.07199999999999998,UNDER,Targeting RF  Braden Montgomery UNDER 0.1 HR. Model projects 0.1 (0.05 edge). Recent trends and opponent weakness support this play.
2B  Chase Meidroth,Chicago White Sox,mlb,RBI,New_York_Yankees_at_Chicago_White_Sox,0.32,0.37,-0.07199999999999998,UNDER,"Marginal +EV opportunity: 2B  Chase Meidroth is projected for 0.3 RBI vs a line of 0.4, giving a UNDER edge of 0.05. Based on recent form, opponent matchup, and game context."
C   Drew Romo,Chicago White Sox,mlb,R,New_York_Yankees_at_Chicago_White_Sox,0.24,0.29,-0.07199999999999998,UNDER,"Marginal +EV opportunity: C   Drew Romo is projected for 0.2 R vs a line of 0.3, giving a UNDER edge of 0.05. Based on recent form, opponent matchup, and game context."
C   Drew Romo,Chicago White Sox,mlb,RBI,New_York_Yankees_at_Chicago_White_Sox,0.24,0.29,-0.07199999999999998,UNDER,Targeting C   Drew Romo UNDER 0.3 RBI. Model projects 0.2 (0.05 edge). Recent trends and opponent weakness support this play.
SS  Luisangel Acuña,Chicago White Sox,mlb,RBI,New_York_Yankees_at_Chicago_White_Sox,0.14,0.19,-0.07199999999999998,UNDER,SS  Luisangel Acuña shows UNDER value at 0.2 RBI. TC projection: 0.1 — edge: 0.05. Marginal conviction based on usage rate and defensive matchup.
3B  Miguel Vargas,Chicago White Sox,mlb,2B,New_York_Yankees_at_Chicago_White_Sox,0.2,0.25,-0.07199999999999998,UNDER,3B  Miguel Vargas shows UNDER value at 0.2 2B. TC projection: 0.2 — edge: 0.05. Marginal conviction based on usage rate and defensive matchup.
1B  Munetaka Murakami,Chicago White Sox,mlb,2B,New_York_Yankees_at_Chicago_White_Sox,0.1,0.15,-0.07199999999999998,UNDER,1B  Munetaka Murakami shows UNDER value at 0.1 2B. TC projection: 0.1 — edge: 0.05. Marginal conviction based on usage rate and defensive matchup.
DH  Randal Grichuk,Chicago White Sox,mlb,RBI,New_York_Yankees_at_Chicago_White_Sox,0.3,0.35,-0.07199999999999998,UNDER,Targeting DH  Randal Grichuk UNDER 0.3 RBI. Model projects 0.3 (0.05 edge). Recent trends and opponent weakness support this play.
DH  Randal Grichuk,Chicago White Sox,mlb,2B,New_York_Yankees_at_Chicago_White_Sox,0.13,0.18,-0.07199999999999998,UNDER,Targeting DH  Randal Grichuk UNDER 0.2 2B. Model projects 0.1 (0.05 edge). Recent trends and opponent weakness support this play.
LF  Sam Antonacci,Chicago White Sox,mlb,RBI,New_York_Yankees_at_Chicago_White_Sox,0.31,0.36,-0.07199999999999998,UNDER,Targeting LF  Sam Antonacci UNDER 0.4 RBI. Model projects 0.3 (0.05 edge). Recent trends and opponent weakness support this play.
LF  Sam Antonacci,Chicago White Sox,mlb,HR,New_York_Yankees_at_Chicago_White_Sox,0.07,0.12,-0.07199999999999998,UNDER,Targeting LF  Sam Antonacci UNDER 0.1 HR. Model projects 0.1 (0.05 edge). Recent trends and opponent weakness support this play.
LF  Sam Antonacci,Chicago White Sox,mlb,BB,New_York_Yankees_at_Chicago_White_Sox,0.26,0.31,-0.07199999999999998,UNDER,Targeting LF  Sam Antonacci UNDER 0.3 BB. Model projects 0.3 (0.05 edge). Recent trends and opponent weakness support this play.
3B  Alec Bohm,Philadelphia Phillies,mlb,2B,Philadelphia_Phillies_at_Miami_Marlins,0.13,0.18,-0.07199999999999998,UNDER,3B  Alec Bohm shows UNDER value at 0.2 2B. TC projection: 0.1 — edge: 0.05. Marginal conviction based on usage rate and defensive matchup.
LF  Brandon Marsh,Philadelphia Phillies,mlb,HR,Philadelphia_Phillies_at_Miami_Marlins,0.13,0.18,-0.07199999999999998,UNDER,LF  Brandon Marsh shows UNDER value at 0.2 HR. TC projection: 0.1 — edge: 0.05. Marginal conviction based on usage rate and defensive matchup.
LF  Brandon Marsh,Philadelphia Phillies,mlb,SB,Philadelphia_Phillies_at_Miami_Marlins,0.07,0.12,-0.07199999999999998,UNDER,Targeting LF  Brandon Marsh UNDER 0.1 SB. Model projects 0.1 (0.05 edge). Recent trends and opponent weakness support this play.
1B  Bryce Harper,Philadelphia Phillies,mlb,HR,Philadelphia_Phillies_at_Miami_Marlins,0.17,0.22,-0.07199999999999998,UNDER,Targeting 1B  Bryce Harper UNDER 0.2 HR. Model projects 0.2 (0.05 edge). Recent trends and opponent weakness support this play.
1B  Bryce Harper,Philadelphia Phillies,mlb,2B,Philadelphia_Phillies_at_Miami_Marlins,0.16,0.21,-0.07199999999999998,UNDER,1B  Bryce Harper shows UNDER value at 0.2 2B. TC projection: 0.2 — edge: 0.05. Marginal conviction based on usage rate and defensive matchup.
2B  Bryson Stott,Philadelphia Phillies,mlb,HR,Philadelphia_Phillies_at_Miami_Marlins,0.07,0.12,-0.07199999999999998,UNDER,Targeting 2B  Bryson Stott UNDER 0.1 HR. Model projects 0.1 (0.05 edge). Recent trends and opponent weakness support this play.
RF  Derek Hill,Philadelphia Phillies,mlb,R,Philadelphia_Phillies_at_Miami_Marlins,0.24,0.29,-0.07199999999999998,UNDER,RF  Derek Hill shows UNDER value at 0.3 R. TC projection: 0.2 — edge: 0.05. Marginal conviction based on usage rate and defensive matchup.
LF  Edmundo Sosa,Philadelphia Phillies,mlb,R,Philadelphia_Phillies_at_Miami_Marlins,0.24,0.29,-0.07199999999999998,UNDER,LF  Edmundo Sosa shows UNDER value at 0.3 R. TC projection: 0.2 — edge: 0.05. Marginal conviction based on usage rate and defensive matchup.
LF  Edmundo Sosa,Philadelphia Phillies,mlb,HR,Philadelphia_Phillies_at_Miami_Marlins,0.07,0.12,-0.07199999999999998,UNDER,LF  Edmundo Sosa shows UNDER value at 0.1 HR. TC projection: 0.1 — edge: 0.05. Marginal conviction based on usage rate and defensive matchup.
C   J.T. Realmuto,Philadelphia Phillies,mlb,2B,Philadelphia_Phillies_at_Miami_Marlins,0.13,0.18,-0.07199999999999998,UNDER,C   J.T. Realmuto shows UNDER value at 0.2 2B. TC projection: 0.1 — edge: 0.05. Marginal conviction based on usage rate and defensive matchup.
CF  Justin Crawford,Philadelphia Phillies,mlb,R,Philadelphia_Phillies_at_Miami_Marlins,0.25,0.3,-0.07199999999999998,UNDER,CF  Justin Crawford shows UNDER value at 0.3 R. TC projection: 0.2 — edge: 0.05. Marginal conviction based on usage rate and defensive matchup.
CF  Justin Crawford,Philadelphia Phillies,mlb,RBI,Philadelphia_Phillies_at_Miami_Marlins,0.19,0.24,-0.07199999999999998,UNDER,CF  Justin Crawford shows UNDER value at 0.2 RBI. TC projection: 0.2 — edge: 0.05. Marginal conviction based on usage rate and defensive matchup.
CF  Justin Crawford,Philadelphia Phillies,mlb,2B,Philadelphia_Phillies_at_Miami_Marlins,0.1,0.15,-0.07199999999999998,UNDER,Targeting CF  Justin Crawford UNDER 0.1 2B. Model projects 0.1 (0.05 edge). Recent trends and opponent weakness support this play.
SS  Trea Turner,Philadelphia Phillies,mlb,RBI,Philadelphia_Phillies_at_Miami_Marlins,0.33,0.38,-0.07199999999999998,UNDER,SS  Trea Turner shows UNDER value at 0.4 RBI. TC projection: 0.3 — edge: 0.05. Marginal conviction based on usage rate and defensive matchup.
SS  Trea Turner,Philadelphia Phillies,mlb,SB,Philadelphia_Phillies_at_Miami_Marlins,0.14,0.19,-0.07199999999999998,UNDER,Targeting SS  Trea Turner UNDER 0.2 SB. Model projects 0.1 (0.05 edge). Recent trends and opponent weakness support this play.
C   Brian Navarreto,Miami Marlins,mlb,H,Philadelphia_Phillies_at_Miami_Marlins,0.25,0.3,-0.07199999999999998,UNDER,C   Brian Navarreto shows UNDER value at 0.3 H. TC projection: 0.2 — edge: 0.05. Marginal conviction based on usage rate and defensive matchup.
RF  Esteury Ruiz,Miami Marlins,mlb,RBI,Philadelphia_Phillies_at_Miami_Marlins,0.13,0.18,-0.07199999999999998,UNDER,"Marginal +EV opportunity: RF  Esteury Ruiz is projected for 0.1 RBI vs a line of 0.2, giving a UNDER edge of 0.05. Based on recent form, opponent matchup, and game context."
RF  Esteury Ruiz,Miami Marlins,mlb,HR,Philadelphia_Phillies_at_Miami_Marlins,0.07,0.12,-0.07199999999999998,UNDER,RF  Esteury Ruiz shows UNDER value at 0.1 HR. TC projection: 0.1 — edge: 0.05. Marginal conviction based on usage rate and defensive matchup.
RF  Esteury Ruiz,Miami Marlins,mlb,BB,Philadelphia_Phillies_at_Miami_Marlins,0.2,0.25,-0.07199999999999998,UNDER,Targeting RF  Esteury Ruiz UNDER 0.2 BB. Model projects 0.2 (0.05 edge). Recent trends and opponent weakness support this play.
LF  Griffin Conine,Miami Marlins,mlb,HR,Philadelphia_Phillies_at_Miami_Marlins,0.16,0.21,-0.07199999999999998,UNDER,"Marginal +EV opportunity: LF  Griffin Conine is projected for 0.2 HR vs a line of 0.2, giving a UNDER edge of 0.05. Based on recent form, opponent matchup, and game context."
LF  Heriberto Hernández,Miami Marlins,mlb,HR,Philadelphia_Phillies_at_Miami_Marlins,0.16,0.21,-0.07199999999999998,UNDER,LF  Heriberto Hernández shows UNDER value at 0.2 HR. TC projection: 0.2 — edge: 0.05. Marginal conviction based on usage rate and defensive matchup.
LF  Heriberto Hernández,Miami Marlins,mlb,BB,Philadelphia_Phillies_at_Miami_Marlins,0.27,0.32,-0.07199999999999998,UNDER,LF  Heriberto Hernández shows UNDER value at 0.3 BB. TC projection: 0.3 — edge: 0.05. Marginal conviction based on usage rate and defensive matchup.
CF  Jakob Marsee,Miami Marlins,mlb,SB,Philadelphia_Phillies_at_Miami_Marlins,0.16,0.21,-0.07199999999999998,UNDER,Targeting CF  Jakob Marsee UNDER 0.2 SB. Model projects 0.2 (0.05 edge). Recent trends and opponent weakness support this play.
3B  Javier Sanoja,Miami Marlins,mlb,R,Philadelphia_Phillies_at_Miami_Marlins,0.25,0.3,-0.07199999999999998,UNDER,3B  Javier Sanoja shows UNDER value at 0.3 R. TC projection: 0.2 — edge: 0.05. Marginal conviction based on usage rate and defensive matchup.
C   Joe Mack,Miami Marlins,mlb,HR,Philadelphia_Phillies_at_Miami_Marlins,0.14,0.19,-0.07199999999999998,UNDER,"Marginal +EV opportunity: C   Joe Mack is projected for 0.1 HR vs a line of 0.2, giving a UNDER edge of 0.05. Based on recent form, opponent matchup, and game context."
LF  Kyle Stowers,Miami Marlins,mlb,2B,Philadelphia_Phillies_at_Miami_Marlins,0.19,0.24,-0.07199999999999998,UNDER,Targeting LF  Kyle Stowers UNDER 0.2 2B. Model projects 0.2 (0.05 edge). Recent trends and opponent weakness support this play.
SS  Otto Lopez,Miami Marlins,mlb,BB,Philadelphia_Phillies_at_Miami_Marlins,0.2,0.25,-0.07199999999999998,UNDER,SS  Otto Lopez shows UNDER value at 0.2 BB. TC projection: 0.2 — edge: 0.05. Marginal conviction based on usage rate and defensive matchup.
2B  Xavier Edwards,Miami Marlins,mlb,RBI,Philadelphia_Phillies_at_Miami_Marlins,0.3,0.35,-0.07199999999999998,UNDER,Targeting 2B  Xavier Edwards UNDER 0.3 RBI. Model projects 0.3 (0.05 edge). Recent trends and opponent weakness support this play.
2B  Xavier Edwards,Miami Marlins,mlb,SB,Philadelphia_Phillies_at_Miami_Marlins,0.13,0.18,-0.07199999999999998,UNDER,"Marginal +EV opportunity: 2B  Xavier Edwards is projected for 0.1 SB vs a line of 0.2, giving a UNDER edge of 0.05. Based on recent form, opponent matchup, and game context."
1B  Buddy Kennedy,Seattle Mariners,mlb,H,Seattle_Mariners_at_Texas_Rangers,0.07,0.12,-0.07199999999999998,UNDER,Targeting 1B  Buddy Kennedy UNDER 0.1 H. Model projects 0.1 (0.05 edge). Recent trends and opponent weakness support this play.
1B  Buddy Kennedy,Seattle Mariners,mlb,R,Seattle_Mariners_at_Texas_Rangers,0.14,0.19,-0.07199999999999998,UNDER,1B  Buddy Kennedy shows UNDER value at 0.2 R. TC projection: 0.1 — edge: 0.05. Marginal conviction based on usage rate and defensive matchup.
2B  Cole Young,Seattle Mariners,mlb,HR,Seattle_Mariners_at_Texas_Rangers,0.1,0.15,-0.07199999999999998,UNDER,Targeting 2B  Cole Young UNDER 0.1 HR. Model projects 0.1 (0.05 edge). Recent trends and opponent weakness support this play.
2B  Cole Young,Seattle Mariners,mlb,BB,Seattle_Mariners_at_Texas_Rangers,0.2,0.25,-0.07199999999999998,UNDER,2B  Cole Young shows UNDER value at 0.2 BB. TC projection: 0.2 — edge: 0.05. Marginal conviction based on usage rate and defensive matchup.
DH  Dominic Canzone,Seattle Mariners,mlb,2B,Seattle_Mariners_at_Texas_Rangers,0.14,0.19,-0.07199999999999998,UNDER,DH  Dominic Canzone shows UNDER value at 0.2 2B. TC projection: 0.1 — edge: 0.05. Marginal conviction based on usage rate and defensive matchup.
DH  Dominic Canzone,Seattle Mariners,mlb,BB,Seattle_Mariners_at_Texas_Rangers,0.24,0.29,-0.07199999999999998,UNDER,"Marginal +EV opportunity: DH  Dominic Canzone is projected for 0.2 BB vs a line of 0.3, giving a UNDER edge of 0.05. Based on recent form, opponent matchup, and game context."
SS  J.P. Crawford,Seattle Mariners,mlb,HR,Seattle_Mariners_at_Texas_Rangers,0.1,0.15,-0.07199999999999998,UNDER,"Marginal +EV opportunity: SS  J.P. Crawford is projected for 0.1 HR vs a line of 0.1, giving a UNDER edge of 0.05. Based on recent form, opponent matchup, and game context."
1B  Josh Naylor,Seattle Mariners,mlb,HR,Seattle_Mariners_at_Texas_Rangers,0.07,0.12,-0.07199999999999998,UNDER,1B  Josh Naylor shows UNDER value at 0.1 HR. TC projection: 0.1 — edge: 0.05. Marginal conviction based on usage rate and defensive matchup.
CF  Julio Rodríguez,Seattle Mariners,mlb,HR,Seattle_Mariners_at_Texas_Rangers,0.13,0.18,-0.07199999999999998,UNDER,"Marginal +EV opportunity: CF  Julio Rodríguez is projected for 0.1 HR vs a line of 0.2, giving a UNDER edge of 0.05. Based on recent form, opponent matchup, and game context."
RF  Luke Raley,Seattle Mariners,mlb,HR,Seattle_Mariners_at_Texas_Rangers,0.14,0.19,-0.07199999999999998,UNDER,"Marginal +EV opportunity: RF  Luke Raley is projected for 0.1 HR vs a line of 0.2, giving a UNDER edge of 0.05. Based on recent form, opponent matchup, and game context."
C   Mitch Garver,Seattle Mariners,mlb,R,Seattle_Mariners_at_Texas_Rangers,0.31,0.36,-0.07199999999999998,UNDER,C   Mitch Garver shows UNDER value at 0.4 R. TC projection: 0.3 — edge: 0.05. Marginal conviction based on usage rate and defensive matchup.
LF  Randy Arozarena,Seattle Mariners,mlb,HR,Seattle_Mariners_at_Texas_Rangers,0.1,0.15,-0.07199999999999998,UNDER,LF  Randy Arozarena shows UNDER value at 0.1 HR. TC projection: 0.1 — edge: 0.05. Marginal conviction based on usage rate and defensive matchup.
3B  Weston Wilson,Seattle Mariners,mlb,HR,Seattle_Mariners_at_Texas_Rangers,0.07,0.12,-0.07199999999999998,UNDER,Targeting 3B  Weston Wilson UNDER 0.1 HR. Model projects 0.1 (0.05 edge). Recent trends and opponent weakness support this play.
C   Austin Wynns,Texas Rangers,mlb,H,Seattle_Mariners_at_Texas_Rangers,0.2,0.25,-0.07199999999999998,UNDER,"Marginal +EV opportunity: C   Austin Wynns is projected for 0.2 H vs a line of 0.2, giving a UNDER edge of 0.05. Based on recent form, opponent matchup, and game context."
SS  Ezequiel Duran,Texas Rangers,mlb,2B,Seattle_Mariners_at_Texas_Rangers,0.17,0.22,-0.07199999999999998,UNDER,Targeting SS  Ezequiel Duran UNDER 0.2 2B. Model projects 0.2 (0.05 edge). Recent trends and opponent weakness support this play.
1B  Jake Burger,Texas Rangers,mlb,2B,Seattle_Mariners_at_Texas_Rangers,0.13,0.18,-0.07199999999999998,UNDER,"Marginal +EV opportunity: 1B  Jake Burger is projected for 0.1 2B vs a line of 0.2, giving a UNDER edge of 0.05. Based on recent form, opponent matchup, and game context."
1B  Jake Burger,Texas Rangers,mlb,BB,Seattle_Mariners_at_Texas_Rangers,0.27,0.32,-0.07199999999999998,UNDER,1B  Jake Burger shows UNDER value at 0.3 BB. TC projection: 0.3 — edge: 0.05. Marginal conviction based on usage rate and defensive matchup.
DH  Joc Pederson,Texas Rangers,mlb,RBI,Seattle_Mariners_at_Texas_Rangers,0.33,0.38,-0.07199999999999998,UNDER,DH  Joc Pederson shows UNDER value at 0.4 RBI. TC projection: 0.3 — edge: 0.05. Marginal conviction based on usage rate and defensive matchup.
2B  Josh Smith,Texas Rangers,mlb,RBI,Seattle_Mariners_at_Texas_Rangers,0.17,0.22,-0.07199999999999998,UNDER,"Marginal +EV opportunity: 2B  Josh Smith is projected for 0.2 RBI vs a line of 0.2, giving a UNDER edge of 0.05. Based on recent form, opponent matchup, and game context."
2B  Justin Foscue,Texas Rangers,mlb,R,Seattle_Mariners_at_Texas_Rangers,0.24,0.29,-0.07199999999999998,UNDER,2B  Justin Foscue shows UNDER value at 0.3 R. TC projection: 0.2 — edge: 0.05. Marginal conviction based on usage rate and defensive matchup.
2B  Justin Foscue,Texas Rangers,mlb,RBI,Seattle_Mariners_at_Texas_Rangers,0.31,0.36,-0.07199999999999998,UNDER,2B  Justin Foscue shows UNDER value at 0.4 RBI. TC projection: 0.3 — edge: 0.05. Marginal conviction based on usage rate and defensive matchup.
2B  Justin Foscue,Texas Rangers,mlb,BB,Seattle_Mariners_at_Texas_Rangers,0.16,0.21,-0.07199999999999998,UNDER,Targeting 2B  Justin Foscue UNDER 0.2 BB. Model projects 0.2 (0.05 edge). Recent trends and opponent weakness support this play.
SS  Andrés Giménez,Toronto Blue Jays,mlb,2B,Toronto_Blue_Jays_at_Washington_Nationals,0.13,0.18,-0.07199999999999998,UNDER,SS  Andrés Giménez shows UNDER value at 0.2 2B. TC projection: 0.1 — edge: 0.05. Marginal conviction based on usage rate and defensive matchup.
CF  Daulton Varsho,Toronto Blue Jays,mlb,BB,Toronto_Blue_Jays_at_Washington_Nationals,0.24,0.29,-0.07199999999999998,UNDER,CF  Daulton Varsho shows UNDER value at 0.3 BB. TC projection: 0.2 — edge: 0.05. Marginal conviction based on usage rate and defensive matchup.
LF  Davis Schneider,Toronto Blue Jays,mlb,H,Toronto_Blue_Jays_at_Washington_Nationals,0.24,0.29,-0.07199999999999998,UNDER,LF  Davis Schneider shows UNDER value at 0.3 H. TC projection: 0.2 — edge: 0.05. Marginal conviction based on usage rate and defensive matchup.
LF  Davis Schneider,Toronto Blue Jays,mlb,R,Toronto_Blue_Jays_at_Washington_Nationals,0.26,0.31,-0.07199999999999998,UNDER,Targeting LF  Davis Schneider UNDER 0.3 R. Model projects 0.3 (0.05 edge). Recent trends and opponent weakness support this play.
2B  Ernie Clement,Toronto Blue Jays,mlb,RBI,Toronto_Blue_Jays_at_Washington_Nationals,0.27,0.32,-0.07199999999999998,UNDER,"Marginal +EV opportunity: 2B  Ernie Clement is projected for 0.3 RBI vs a line of 0.3, giving a UNDER edge of 0.05. Based on recent form, opponent matchup, and game context."
2B  Ernie Clement,Toronto Blue Jays,mlb,2B,Toronto_Blue_Jays_at_Washington_Nationals,0.2,0.25,-0.07199999999999998,UNDER,Targeting 2B  Ernie Clement UNDER 0.2 2B. Model projects 0.2 (0.05 edge). Recent trends and opponent weakness support this play.
DH  George Springer,Toronto Blue Jays,mlb,2B,Toronto_Blue_Jays_at_Washington_Nationals,0.14,0.19,-0.07199999999999998,UNDER,Targeting DH  George Springer UNDER 0.2 2B. Model projects 0.1 (0.05 edge). Recent trends and opponent weakness support this play.
2B  Luis Urías,Toronto Blue Jays,mlb,BB,Toronto_Blue_Jays_at_Washington_Nationals,0.14,0.19,-0.07199999999999998,UNDER,Targeting 2B  Luis Urías UNDER 0.2 BB. Model projects 0.1 (0.05 edge). Recent trends and opponent weakness support this play.
RF  Myles Straw,Toronto Blue Jays,mlb,R,Toronto_Blue_Jays_at_Washington_Nationals,0.24,0.29,-0.07199999999999998,UNDER,"Marginal +EV opportunity: RF  Myles Straw is projected for 0.2 R vs a line of 0.3, giving a UNDER edge of 0.05. Based on recent form, opponent matchup, and game context."
RF  Myles Straw,Toronto Blue Jays,mlb,BB,Toronto_Blue_Jays_at_Washington_Nationals,0.13,0.18,-0.07199999999999998,UNDER,Targeting RF  Myles Straw UNDER 0.2 BB. Model projects 0.1 (0.05 edge). Recent trends and opponent weakness support this play.
LF  Yohendrick Piñango,Toronto Blue Jays,mlb,RBI,Toronto_Blue_Jays_at_Washington_Nationals,0.3,0.35,-0.07199999999999998,UNDER,LF  Yohendrick Piñango shows UNDER value at 0.3 RBI. TC projection: 0.3 — edge: 0.05. Marginal conviction based on usage rate and defensive matchup.
LF  Yohendrick Piñango,Toronto Blue Jays,mlb,HR,Toronto_Blue_Jays_at_Washington_Nationals,0.07,0.12,-0.07199999999999998,UNDER,LF  Yohendrick Piñango shows UNDER value at 0.1 HR. TC projection: 0.1 — edge: 0.05. Marginal conviction based on usage rate and defensive matchup.
1B  Andrés Chaparro,Washington Nationals,mlb,BB,Toronto_Blue_Jays_at_Washington_Nationals,0.27,0.32,-0.07199999999999998,UNDER,Targeting 1B  Andrés Chaparro UNDER 0.3 BB. Model projects 0.3 (0.05 edge). Recent trends and opponent weakness support this play.
3B  Brady House,Washington Nationals,mlb,HR,Toronto_Blue_Jays_at_Washington_Nationals,0.13,0.18,-0.07199999999999998,UNDER,"Marginal +EV opportunity: 3B  Brady House is projected for 0.1 HR vs a line of 0.2, giving a UNDER edge of 0.05. Based on recent form, opponent matchup, and game context."
3B  Brady House,Washington Nationals,mlb,2B,Toronto_Blue_Jays_at_Washington_Nationals,0.17,0.22,-0.07199999999999998,UNDER,"Marginal +EV opportunity: 3B  Brady House is projected for 0.2 2B vs a line of 0.2, giving a UNDER edge of 0.05. Based on recent form, opponent matchup, and game context."
SS  CJ Abrams,Washington Nationals,mlb,SB,Toronto_Blue_Jays_at_Washington_Nationals,0.14,0.19,-0.07199999999999998,UNDER,SS  CJ Abrams shows UNDER value at 0.2 SB. TC projection: 0.1 — edge: 0.05. Marginal conviction based on usage rate and defensive matchup.
RF  Dylan Crews,Washington Nationals,mlb,HR,Toronto_Blue_Jays_at_Washington_Nationals,0.13,0.18,-0.07199999999999998,UNDER,"Marginal +EV opportunity: RF  Dylan Crews is projected for 0.1 HR vs a line of 0.2, giving a UNDER edge of 0.05. Based on recent form, opponent matchup, and game context."
C   Harry Ford,Washington Nationals,mlb,HR,Toronto_Blue_Jays_at_Washington_Nationals,0.17,0.22,-0.07199999999999998,UNDER,C   Harry Ford shows UNDER value at 0.2 HR. TC projection: 0.2 — edge: 0.05. Marginal conviction based on usage rate and defensive matchup.
C   Harry Ford,Washington Nationals,mlb,2B,Toronto_Blue_Jays_at_Washington_Nationals,0.17,0.22,-0.07199999999999998,UNDER,Targeting C   Harry Ford UNDER 0.2 2B. Model projects 0.2 (0.05 edge). Recent trends and opponent weakness support this play.
C   Harry Ford,Washington Nationals,mlb,SB,Toronto_Blue_Jays_at_Washington_Nationals,0.17,0.22,-0.07199999999999998,UNDER,"Marginal +EV opportunity: C   Harry Ford is projected for 0.2 SB vs a line of 0.2, giving a UNDER edge of 0.05. Based on recent form, opponent matchup, and game context."
CF  Jacob Young,Washington Nationals,mlb,RBI,Toronto_Blue_Jays_at_Washington_Nationals,0.32,0.37,-0.07199999999999998,UNDER,CF  Jacob Young shows UNDER value at 0.4 RBI. TC projection: 0.3 — edge: 0.05. Marginal conviction based on usage rate and defensive matchup.
CF  Jacob Young,Washington Nationals,mlb,BB,Toronto_Blue_Jays_at_Washington_Nationals,0.16,0.21,-0.07199999999999998,UNDER,"Marginal +EV opportunity: CF  Jacob Young is projected for 0.2 BB vs a line of 0.2, giving a UNDER edge of 0.05. Based on recent form, opponent matchup, and game context."
RF  James Wood,Washington Nationals,mlb,2B,Toronto_Blue_Jays_at_Washington_Nationals,0.2,0.25,-0.07199999999999998,UNDER,RF  James Wood shows UNDER value at 0.2 2B. TC projection: 0.2 — edge: 0.05. Marginal conviction based on usage rate and defensive matchup.
3B  Jorbit Vivas,Washington Nationals,mlb,BB,Toronto_Blue_Jays_at_Washington_Nationals,0.24,0.29,-0.07199999999999998,UNDER,"Marginal +EV opportunity: 3B  Jorbit Vivas is projected for 0.2 BB vs a line of 0.3, giving a UNDER edge of 0.05. Based on recent form, opponent matchup, and game context."
C   Keibert Ruiz,Washington Nationals,mlb,BB,Toronto_Blue_Jays_at_Washington_Nationals,0.1,0.15,-0.07199999999999998,UNDER,"Marginal +EV opportunity: C   Keibert Ruiz is projected for 0.1 BB vs a line of 0.1, giving a UNDER edge of 0.05. Based on recent form, opponent matchup, and game context."
1B  Luis García Jr.,Washington Nationals,mlb,HR,Toronto_Blue_Jays_at_Washington_Nationals,0.19,0.24,-0.07199999999999998,UNDER,1B  Luis García Jr. shows UNDER value at 0.2 HR. TC projection: 0.2 — edge: 0.05. Marginal conviction based on usage rate and defensive matchup.
1B  Luis García Jr.,Washington Nationals,mlb,BB,Toronto_Blue_Jays_at_Washington_Nationals,0.14,0.19,-0.07199999999999998,UNDER,"Marginal +EV opportunity: 1B  Luis García Jr. is projected for 0.1 BB vs a line of 0.2, giving a UNDER edge of 0.05. Based on recent form, opponent matchup, and game context."
2B  Nasim Nuñez,Washington Nationals,mlb,RBI,Toronto_Blue_Jays_at_Washington_Nationals,0.27,0.32,-0.07199999999999998,UNDER,2B  Nasim Nuñez shows UNDER value at 0.3 RBI. TC projection: 0.3 — edge: 0.05. Marginal conviction based on usage rate and defensive matchup.
SS  Jim Jarvis,Atlanta Braves,mlb,HR,Atlanta_Braves_at_New_York_Mets,0.04,0.0,0.0256,OVER,SS  Jim Jarvis shows OVER value at 0.0 HR. TC projection: 0.0 — edge: 0.04. Marginal conviction based on usage rate and defensive matchup.
SS  Jim Jarvis,Atlanta Braves,mlb,3B,Atlanta_Braves_at_New_York_Mets,0.04,0.0,0.0256,OVER,Targeting SS  Jim Jarvis OVER 0.0 3B. Model projects 0.0 (0.04 edge). Recent trends and opponent weakness support this play.
SS  Francisco Lindor,New York Mets,mlb,SB,Atlanta_Braves_at_New_York_Mets,0.04,0.0,0.0256,OVER,"Marginal +EV opportunity: SS  Francisco Lindor is projected for 0.0 SB vs a line of 0.0, giving a OVER edge of 0.04. Based on recent form, opponent matchup, and game context."
1B  Pete Alonso,Baltimore Orioles,mlb,SB,Baltimore_Orioles_at_Detroit_Tigers,0.04,0.0,0.0256,OVER,1B  Pete Alonso shows OVER value at 0.0 SB. TC projection: 0.0 — edge: 0.04. Marginal conviction based on usage rate and defensive matchup.
CF  James Outman,Detroit Tigers,mlb,HR,Baltimore_Orioles_at_Detroit_Tigers,0.04,0.0,0.0256,OVER,Targeting CF  James Outman OVER 0.0 HR. Model projects 0.0 (0.04 edge). Recent trends and opponent weakness support this play.
C   Carlos Narváez,Boston Red Sox,mlb,HR,Boston_Red_Sox_at_Athletics,0.04,0.0,0.0256,OVER,Targeting C   Carlos Narváez OVER 0.0 HR. Model projects 0.0 (0.04 edge). Recent trends and opponent weakness support this play.
OF  Jahmai Jones,Boston Red Sox,mlb,HR,Boston_Red_Sox_at_Athletics,0.04,0.0,0.0256,OVER,"Marginal +EV opportunity: OF  Jahmai Jones is projected for 0.0 HR vs a line of 0.0, giving a OVER edge of 0.04. Based on recent form, opponent matchup, and game context."
CF  Henry Bolte,Athletics,mlb,HR,Boston_Red_Sox_at_Athletics,0.04,0.0,0.0256,OVER,Targeting CF  Henry Bolte OVER 0.0 HR. Model projects 0.0 (0.04 edge). Recent trends and opponent weakness support this play.
2B  Jeff McNeil,Athletics,mlb,HR,Boston_Red_Sox_at_Athletics,0.04,0.0,0.0256,OVER,Targeting 2B  Jeff McNeil OVER 0.0 HR. Model projects 0.0 (0.04 edge). Recent trends and opponent weakness support this play.
SS  Masyn Winn,St. Louis Cardinals,mlb,HR,Chicago_Cubs_at_St_Louis_Cardinals,0.04,0.0,0.0256,OVER,Targeting SS  Masyn Winn OVER 0.0 HR. Model projects 0.0 (0.04 edge). Recent trends and opponent weakness support this play.
3B  Gabriel Arias,Cleveland Guardians,mlb,2B,Cleveland_Guardians_at_Cincinnati_Reds,0.04,0.0,0.0256,OVER,3B  Gabriel Arias shows OVER value at 0.0 2B. TC projection: 0.0 — edge: 0.04. Marginal conviction based on usage rate and defensive matchup.
CF  Petey Halpin,Cleveland Guardians,mlb,HR,Cleveland_Guardians_at_Cincinnati_Reds,0.04,0.0,0.0256,OVER,Targeting CF  Petey Halpin OVER 0.0 HR. Model projects 0.0 (0.04 edge). Recent trends and opponent weakness support this play.
CF  Petey Halpin,Cleveland Guardians,mlb,BB,Cleveland_Guardians_at_Cincinnati_Reds,0.04,0.0,0.0256,OVER,Targeting CF  Petey Halpin OVER 0.0 BB. Model projects 0.0 (0.04 edge). Recent trends and opponent weakness support this play.
CF  Dane Myers,Cincinnati Reds,mlb,HR,Cleveland_Guardians_at_Cincinnati_Reds,0.04,0.0,0.0256,OVER,CF  Dane Myers shows OVER value at 0.0 HR. TC projection: 0.0 — edge: 0.04. Marginal conviction based on usage rate and defensive matchup.
LF  Heliot Ramos,San Francisco Giants,mlb,3B,Milwaukee_Brewers_at_San_Francisco_Giants,0.04,0.0,0.0256,OVER,Targeting LF  Heliot Ramos OVER 0.0 3B. Model projects 0.0 (0.04 edge). Recent trends and opponent weakness support this play.
CF  Tristan Peters,Chicago White Sox,mlb,SB,New_York_Yankees_at_Chicago_White_Sox,0.04,0.0,0.0256,OVER,Targeting CF  Tristan Peters OVER 0.0 SB. Model projects 0.0 (0.04 edge). Recent trends and opponent weakness support this play.
LF  Edmundo Sosa,Philadelphia Phillies,mlb,SB,Philadelphia_Phillies_at_Miami_Marlins,0.04,0.0,0.0256,OVER,"Marginal +EV opportunity: LF  Edmundo Sosa is projected for 0.0 SB vs a line of 0.0, giving a OVER edge of 0.04. Based on recent form, opponent matchup, and game context."
LF  Griffin Conine,Miami Marlins,mlb,SB,Philadelphia_Phillies_at_Miami_Marlins,0.04,0.0,0.0256,OVER,LF  Griffin Conine shows OVER value at 0.0 SB. TC projection: 0.0 — edge: 0.04. Marginal conviction based on usage rate and defensive matchup.
3B  Leo Jiménez,Miami Marlins,mlb,HR,Philadelphia_Phillies_at_Miami_Marlins,0.04,0.0,0.0256,OVER,"Marginal +EV opportunity: 3B  Leo Jiménez is projected for 0.0 HR vs a line of 0.0, giving a OVER edge of 0.04. Based on recent form, opponent matchup, and game context."
3B  Weston Wilson,Seattle Mariners,mlb,2B,Seattle_Mariners_at_Texas_Rangers,0.04,0.0,0.0256,OVER,Targeting 3B  Weston Wilson OVER 0.0 2B. Model projects 0.0 (0.04 edge). Recent trends and opponent weakness support this play.
C   Elias Díaz,Texas Rangers,mlb,BB,Seattle_Mariners_at_Texas_Rangers,0.04,0.0,0.0256,OVER,Targeting C   Elias Díaz OVER 0.0 BB. Model projects 0.0 (0.04 edge). Recent trends and opponent weakness support this play.
RF  Myles Straw,Toronto Blue Jays,mlb,SB,Toronto_Blue_Jays_at_Washington_Nationals,0.04,0.0,0.0256,OVER,"Marginal +EV opportunity: RF  Myles Straw is projected for 0.0 SB vs a line of 0.0, giving a OVER edge of 0.04. Based on recent form, opponent matchup, and game context."
LF  Daylen Lile,Washington Nationals,mlb,3B,Toronto_Blue_Jays_at_Washington_Nationals,0.04,0.0,0.0256,OVER,LF  Daylen Lile shows OVER value at 0.0 3B. TC projection: 0.0 — edge: 0.04. Marginal conviction based on usage rate and defensive matchup.
1B  Luis García Jr.,Washington Nationals,mlb,3B,Toronto_Blue_Jays_at_Washington_Nationals,0.04,0.0,0.0256,OVER,1B  Luis García Jr. shows OVER value at 0.0 3B. TC projection: 0.0 — edge: 0.04. Marginal conviction based on usage rate and defensive matchup.
2B  Ketel Marte,Arizona Diamondbacks,mlb,SB,Arizona_Diamondbacks_at_Pittsburgh_Pirates,0.03,0.0,0.019200000000000002,OVER,"Marginal +EV opportunity: 2B  Ketel Marte is projected for 0.0 SB vs a line of 0.0, giving a OVER edge of 0.03. Based on recent form, opponent matchup, and game context."
CF  Billy Cook,Pittsburgh Pirates,mlb,RBI,Arizona_Diamondbacks_at_Pittsburgh_Pirates,0.03,0.0,0.019200000000000002,OVER,CF  Billy Cook shows OVER value at 0.0 RBI. TC projection: 0.0 — edge: 0.03. Marginal conviction based on usage rate and defensive matchup.
C   Luis Torrens,New York Mets,mlb,HR,Atlanta_Braves_at_New_York_Mets,0.03,0.0,0.019200000000000002,OVER,"Marginal +EV opportunity: C   Luis Torrens is projected for 0.0 HR vs a line of 0.0, giving a OVER edge of 0.03. Based on recent form, opponent matchup, and game context."
CF  Colton Cowser,Baltimore Orioles,mlb,2B,Baltimore_Orioles_at_Detroit_Tigers,0.03,0.0,0.019200000000000002,OVER,Targeting CF  Colton Cowser OVER 0.0 2B. Model projects 0.0 (0.03 edge). Recent trends and opponent weakness support this play.
RF  Dylan Beavers,Baltimore Orioles,mlb,HR,Baltimore_Orioles_at_Detroit_Tigers,0.03,0.0,0.019200000000000002,OVER,"Marginal +EV opportunity: RF  Dylan Beavers is projected for 0.0 HR vs a line of 0.0, giving a OVER edge of 0.03. Based on recent form, opponent matchup, and game context."
1B  Willson Contreras,Boston Red Sox,mlb,SB,Boston_Red_Sox_at_Athletics,0.03,0.0,0.019200000000000002,OVER,Targeting 1B  Willson Contreras OVER 0.0 SB. Model projects 0.0 (0.03 edge). Recent trends and opponent weakness support this play.
LF  Ian Happ,Chicago Cubs,mlb,SB,Chicago_Cubs_at_St_Louis_Cardinals,0.03,0.0,0.019200000000000002,OVER,Targeting LF  Ian Happ OVER 0.0 SB. Model projects 0.0 (0.03 edge). Recent trends and opponent weakness support this play.
2B  Nico Hoerner,Chicago Cubs,mlb,HR,Chicago_Cubs_at_St_Louis_Cardinals,0.03,0.0,0.019200000000000002,OVER,"Marginal +EV opportunity: 2B  Nico Hoerner is projected for 0.0 HR vs a line of 0.0, giving a OVER edge of 0.03. Based on recent form, opponent matchup, and game context."
3B  Blaze Jordan,St. Louis Cardinals,mlb,HR,Chicago_Cubs_at_St_Louis_Cardinals,0.03,0.0,0.019200000000000002,OVER,3B  Blaze Jordan shows OVER value at 0.0 HR. TC projection: 0.0 — edge: 0.03. Marginal conviction based on usage rate and defensive matchup.
C   Pedro Pagés,St. Louis Cardinals,mlb,SB,Chicago_Cubs_at_St_Louis_Cardinals,0.03,0.0,0.019200000000000002,OVER,C   Pedro Pagés shows OVER value at 0.0 SB. TC projection: 0.0 — edge: 0.03. Marginal conviction based on usage rate and defensive matchup.
1B  Andrew Vaughn,Milwaukee Brewers,mlb,3B,Milwaukee_Brewers_at_San_Francisco_Giants,0.03,0.0,0.019200000000000002,OVER,Targeting 1B  Andrew Vaughn OVER 0.0 3B. Model projects 0.0 (0.03 edge). Recent trends and opponent weakness support this play.
SS  Cooper Pratt,Milwaukee Brewers,mlb,3B,Milwaukee_Brewers_at_San_Francisco_Giants,0.03,0.0,0.019200000000000002,OVER,"Marginal +EV opportunity: SS  Cooper Pratt is projected for 0.0 3B vs a line of 0.0, giving a OVER edge of 0.03. Based on recent form, opponent matchup, and game context."
CF  Garrett Mitchell,Milwaukee Brewers,mlb,3B,Milwaukee_Brewers_at_San_Francisco_Giants,0.03,0.0,0.019200000000000002,OVER,Targeting CF  Garrett Mitchell OVER 0.0 3B. Model projects 0.0 (0.03 edge). Recent trends and opponent weakness support this play.
C   Edgar Quero,Chicago White Sox,mlb,HR,New_York_Yankees_at_Chicago_White_Sox,0.03,0.0,0.019200000000000002,OVER,Targeting C   Edgar Quero OVER 0.0 HR. Model projects 0.0 (0.03 edge). Recent trends and opponent weakness support this play.
CF  Tristan Peters,Chicago White Sox,mlb,3B,New_York_Yankees_at_Chicago_White_Sox,0.03,0.0,0.019200000000000002,OVER,"Marginal +EV opportunity: CF  Tristan Peters is projected for 0.0 3B vs a line of 0.0, giving a OVER edge of 0.03. Based on recent form, opponent matchup, and game context."
RF  Derek Hill,Philadelphia Phillies,mlb,2B,Philadelphia_Phillies_at_Miami_Marlins,0.03,0.0,0.019200000000000002,OVER,"Marginal +EV opportunity: RF  Derek Hill is projected for 0.0 2B vs a line of 0.0, giving a OVER edge of 0.03. Based on recent form, opponent matchup, and game context."
CF  Justin Crawford,Philadelphia Phillies,mlb,3B,Philadelphia_Phillies_at_Miami_Marlins,0.03,0.0,0.019200000000000002,OVER,Targeting CF  Justin Crawford OVER 0.0 3B. Model projects 0.0 (0.03 edge). Recent trends and opponent weakness support this play.
CF  Jakob Marsee,Miami Marlins,mlb,3B,Philadelphia_Phillies_at_Miami_Marlins,0.03,0.0,0.019200000000000002,OVER,Targeting CF  Jakob Marsee OVER 0.0 3B. Model projects 0.0 (0.03 edge). Recent trends and opponent weakness support this play.
3B  Javier Sanoja,Miami Marlins,mlb,HR,Philadelphia_Phillies_at_Miami_Marlins,0.03,0.0,0.019200000000000002,OVER,"Marginal +EV opportunity: 3B  Javier Sanoja is projected for 0.0 HR vs a line of 0.0, giving a OVER edge of 0.03. Based on recent form, opponent matchup, and game context."
LF  Kyle Stowers,Miami Marlins,mlb,3B,Philadelphia_Phillies_at_Miami_Marlins,0.03,0.0,0.019200000000000002,OVER,LF  Kyle Stowers shows OVER value at 0.0 3B. TC projection: 0.0 — edge: 0.03. Marginal conviction based on usage rate and defensive matchup.
LF  Wyatt Langford,Texas Rangers,mlb,3B,Seattle_Mariners_at_Texas_Rangers,0.03,0.0,0.019200000000000002,OVER,LF  Wyatt Langford shows OVER value at 0.0 3B. TC projection: 0.0 — edge: 0.03. Marginal conviction based on usage rate and defensive matchup.
2B  Ernie Clement,Toronto Blue Jays,mlb,SB,Toronto_Blue_Jays_at_Washington_Nationals,0.03,0.0,0.019200000000000002,OVER,"Marginal +EV opportunity: 2B  Ernie Clement is projected for 0.0 SB vs a line of 0.0, giving a OVER edge of 0.03. Based on recent form, opponent matchup, and game context."
RF  Myles Straw,Toronto Blue Jays,mlb,HR,Toronto_Blue_Jays_at_Washington_Nationals,0.03,0.0,0.019200000000000002,OVER,Targeting RF  Myles Straw OVER 0.0 HR. Model projects 0.0 (0.03 edge). Recent trends and opponent weakness support this play.
DH  José Tena,Washington Nationals,mlb,SB,Toronto_Blue_Jays_at_Washington_Nationals,0.03,0.0,0.019200000000000002,OVER,DH  José Tena shows OVER value at 0.0 SB. TC projection: 0.0 — edge: 0.03. Marginal conviction based on usage rate and defensive matchup.
2B  Nasim Nuñez,Washington Nationals,mlb,3B,Toronto_Blue_Jays_at_Washington_Nationals,0.03,0.0,0.019200000000000002,OVER,"Marginal +EV opportunity: 2B  Nasim Nuñez is projected for 0.0 3B vs a line of 0.0, giving a OVER edge of 0.03. Based on recent form, opponent matchup, and game context."
DH  Adrian Del Castillo,Arizona Diamondbacks,mlb,SB,Arizona_Diamondbacks_at_Pittsburgh_Pirates,0.02,0.0,0.0128,OVER,"Marginal +EV opportunity: DH  Adrian Del Castillo is projected for 0.0 SB vs a line of 0.0, giving a OVER edge of 0.02. Based on recent form, opponent matchup, and game context."
SS  Geraldo Perdomo,Arizona Diamondbacks,mlb,3B,Arizona_Diamondbacks_at_Pittsburgh_Pirates,0.02,0.0,0.0128,OVER,Targeting SS  Geraldo Perdomo OVER 0.0 3B. Model projects 0.0 (0.02 edge). Recent trends and opponent weakness support this play.
2B  Ketel Marte,Arizona Diamondbacks,mlb,3B,Arizona_Diamondbacks_at_Pittsburgh_Pirates,0.02,0.0,0.0128,OVER,"Marginal +EV opportunity: 2B  Ketel Marte is projected for 0.0 3B vs a line of 0.0, giving a OVER edge of 0.02. Based on recent form, opponent matchup, and game context."
3B  Nolan Arenado,Arizona Diamondbacks,mlb,SB,Arizona_Diamondbacks_at_Pittsburgh_Pirates,0.02,0.0,0.0128,OVER,"Marginal +EV opportunity: 3B  Nolan Arenado is projected for 0.0 SB vs a line of 0.0, giving a OVER edge of 0.02. Based on recent form, opponent matchup, and game context."
CF  Ryan Waldschmidt,Arizona Diamondbacks,mlb,HR,Arizona_Diamondbacks_at_Pittsburgh_Pirates,0.02,0.0,0.0128,OVER,CF  Ryan Waldschmidt shows OVER value at 0.0 HR. TC projection: 0.0 — edge: 0.02. Marginal conviction based on usage rate and defensive matchup.
LF  Bryan Reynolds,Pittsburgh Pirates,mlb,3B,Arizona_Diamondbacks_at_Pittsburgh_Pirates,0.02,0.0,0.0128,OVER,Targeting LF  Bryan Reynolds OVER 0.0 3B. Model projects 0.0 (0.02 edge). Recent trends and opponent weakness support this play.
1B  Matt Olson,Atlanta Braves,mlb,SB,Atlanta_Braves_at_New_York_Mets,0.02,0.0,0.0128,OVER,"Marginal +EV opportunity: 1B  Matt Olson is projected for 0.0 SB vs a line of 0.0, giving a OVER edge of 0.02. Based on recent form, opponent matchup, and game context."
RF  Carson Benge,New York Mets,mlb,3B,Atlanta_Braves_at_New_York_Mets,0.02,0.0,0.0128,OVER,RF  Carson Benge shows OVER value at 0.0 3B. TC projection: 0.0 — edge: 0.02. Marginal conviction based on usage rate and defensive matchup.
2B  Jackson Holliday,Baltimore Orioles,mlb,3B,Baltimore_Orioles_at_Detroit_Tigers,0.02,0.0,0.0128,OVER,2B  Jackson Holliday shows OVER value at 0.0 3B. TC projection: 0.0 — edge: 0.02. Marginal conviction based on usage rate and defensive matchup.
2B  Jeremiah Jackson,Baltimore Orioles,mlb,SB,Baltimore_Orioles_at_Detroit_Tigers,0.02,0.0,0.0128,OVER,2B  Jeremiah Jackson shows OVER value at 0.0 SB. TC projection: 0.0 — edge: 0.02. Marginal conviction based on usage rate and defensive matchup.
CF  Matt Vierling,Detroit Tigers,mlb,3B,Baltimore_Orioles_at_Detroit_Tigers,0.02,0.0,0.0128,OVER,CF  Matt Vierling shows OVER value at 0.0 3B. TC projection: 0.0 — edge: 0.02. Marginal conviction based on usage rate and defensive matchup.
LF  Riley Greene,Detroit Tigers,mlb,SB,Baltimore_Orioles_at_Detroit_Tigers,0.02,0.0,0.0128,OVER,Targeting LF  Riley Greene OVER 0.0 SB. Model projects 0.0 (0.02 edge). Recent trends and opponent weakness support this play.
C   Connor Wong,Boston Red Sox,mlb,HR,Boston_Red_Sox_at_Athletics,0.02,0.0,0.0128,OVER,C   Connor Wong shows OVER value at 0.0 HR. TC projection: 0.0 — edge: 0.02. Marginal conviction based on usage rate and defensive matchup.
RF  Wilyer Abreu,Boston Red Sox,mlb,3B,Boston_Red_Sox_at_Athletics,0.02,0.0,0.0128,OVER,Targeting RF  Wilyer Abreu OVER 0.0 3B. Model projects 0.0 (0.02 edge). Recent trends and opponent weakness support this play.
2B  Jeff McNeil,Athletics,mlb,SB,Boston_Red_Sox_at_Athletics,0.02,0.0,0.0128,OVER,"Marginal +EV opportunity: 2B  Jeff McNeil is projected for 0.0 SB vs a line of 0.0, giving a OVER edge of 0.02. Based on recent form, opponent matchup, and game context."
LF  Tyler Soderstrom,Athletics,mlb,3B,Boston_Red_Sox_at_Athletics,0.02,0.0,0.0128,OVER,Targeting LF  Tyler Soderstrom OVER 0.0 3B. Model projects 0.0 (0.02 edge). Recent trends and opponent weakness support this play.
LF  Ian Happ,Chicago Cubs,mlb,3B,Chicago_Cubs_at_St_Louis_Cardinals,0.02,0.0,0.0128,OVER,Targeting LF  Ian Happ OVER 0.0 3B. Model projects 0.0 (0.02 edge). Recent trends and opponent weakness support this play.
LF  Lars Nootbaar,St. Louis Cardinals,mlb,3B,Chicago_Cubs_at_St_Louis_Cardinals,0.02,0.0,0.0128,OVER,"Marginal +EV opportunity: LF  Lars Nootbaar is projected for 0.0 3B vs a line of 0.0, giving a OVER edge of 0.02. Based on recent form, opponent matchup, and game context."
SS  Masyn Winn,St. Louis Cardinals,mlb,3B,Chicago_Cubs_at_St_Louis_Cardinals,0.02,0.0,0.0128,OVER,"Marginal +EV opportunity: SS  Masyn Winn is projected for 0.0 3B vs a line of 0.0, giving a OVER edge of 0.02. Based on recent form, opponent matchup, and game context."
SS  Brayan Rocchio,Cleveland Guardians,mlb,3B,Cleveland_Guardians_at_Cincinnati_Reds,0.02,0.0,0.0128,OVER,SS  Brayan Rocchio shows OVER value at 0.0 3B. TC projection: 0.0 — edge: 0.02. Marginal conviction based on usage rate and defensive matchup.
CF  Steven Kwan,Cleveland Guardians,mlb,3B,Cleveland_Guardians_at_Cincinnati_Reds,0.02,0.0,0.0128,OVER,"Marginal +EV opportunity: CF  Steven Kwan is projected for 0.0 3B vs a line of 0.0, giving a OVER edge of 0.02. Based on recent form, opponent matchup, and game context."
2B  Travis Bazzana,Cleveland Guardians,mlb,3B,Cleveland_Guardians_at_Cincinnati_Reds,0.02,0.0,0.0128,OVER,Targeting 2B  Travis Bazzana OVER 0.0 3B. Model projects 0.0 (0.02 edge). Recent trends and opponent weakness support this play.
3B  Ke'Bryan Hayes,Cincinnati Reds,mlb,3B,Cleveland_Guardians_at_Cincinnati_Reds,0.02,0.0,0.0128,OVER,"Marginal +EV opportunity: 3B  Ke'Bryan Hayes is projected for 0.0 3B vs a line of 0.0, giving a OVER edge of 0.02. Based on recent form, opponent matchup, and game context."
2B  Oswald Peraza,Los Angeles Angels,mlb,3B,Houston_Astros_at_Los_Angeles_Angels,0.02,0.0,0.0128,OVER,Targeting 2B  Oswald Peraza OVER 0.0 3B. Model projects 0.0 (0.02 edge). Recent trends and opponent weakness support this play.
C   Tyler Heineman,Los Angeles Angels,mlb,3B,Houston_Astros_at_Los_Angeles_Angels,0.02,0.0,0.0128,OVER,Targeting C   Tyler Heineman OVER 0.0 3B. Model projects 0.0 (0.02 edge). Recent trends and opponent weakness support this play.
DH  Christian Yelich,Milwaukee Brewers,mlb,3B,Milwaukee_Brewers_at_San_Francisco_Giants,0.02,0.0,0.0128,OVER,DH  Christian Yelich shows OVER value at 0.0 3B. TC projection: 0.0 — edge: 0.02. Marginal conviction based on usage rate and defensive matchup.
3B  David Hamilton,Milwaukee Brewers,mlb,3B,Milwaukee_Brewers_at_San_Francisco_Giants,0.02,0.0,0.0128,OVER,3B  David Hamilton shows OVER value at 0.0 3B. TC projection: 0.0 — edge: 0.02. Marginal conviction based on usage rate and defensive matchup.
SS  Joey Ortiz,Milwaukee Brewers,mlb,3B,Milwaukee_Brewers_at_San_Francisco_Giants,0.02,0.0,0.0128,OVER,Targeting SS  Joey Ortiz OVER 0.0 3B. Model projects 0.0 (0.02 edge). Recent trends and opponent weakness support this play.
CF  Drew Gilbert,San Francisco Giants,mlb,3B,Milwaukee_Brewers_at_San_Francisco_Giants,0.02,0.0,0.0128,OVER,CF  Drew Gilbert shows OVER value at 0.0 3B. TC projection: 0.0 — edge: 0.02. Marginal conviction based on usage rate and defensive matchup.
1B  Ben Rice,New York Yankees,mlb,3B,New_York_Yankees_at_Chicago_White_Sox,0.02,0.0,0.0128,OVER,1B  Ben Rice shows OVER value at 0.0 3B. TC projection: 0.0 — edge: 0.02. Marginal conviction based on usage rate and defensive matchup.
2B  Jazz Chisholm Jr.,New York Yankees,mlb,3B,New_York_Yankees_at_Chicago_White_Sox,0.02,0.0,0.0128,OVER,"Marginal +EV opportunity: 2B  Jazz Chisholm Jr. is projected for 0.0 3B vs a line of 0.0, giving a OVER edge of 0.02. Based on recent form, opponent matchup, and game context."
CF  Trent Grisham,New York Yankees,mlb,3B,New_York_Yankees_at_Chicago_White_Sox,0.02,0.0,0.0128,OVER,Targeting CF  Trent Grisham OVER 0.0 3B. Model projects 0.0 (0.02 edge). Recent trends and opponent weakness support this play.
DH  Andrew Benintendi,Chicago White Sox,mlb,3B,New_York_Yankees_at_Chicago_White_Sox,0.02,0.0,0.0128,OVER,DH  Andrew Benintendi shows OVER value at 0.0 3B. TC projection: 0.0 — edge: 0.02. Marginal conviction based on usage rate and defensive matchup.
RF  Braden Montgomery,Chicago White Sox,mlb,3B,New_York_Yankees_at_Chicago_White_Sox,0.02,0.0,0.0128,OVER,Targeting RF  Braden Montgomery OVER 0.0 3B. Model projects 0.0 (0.02 edge). Recent trends and opponent weakness support this play.
RF  Braden Montgomery,Chicago White Sox,mlb,SB,New_York_Yankees_at_Chicago_White_Sox,0.02,0.0,0.0128,OVER,"Marginal +EV opportunity: RF  Braden Montgomery is projected for 0.0 SB vs a line of 0.0, giving a OVER edge of 0.02. Based on recent form, opponent matchup, and game context."
2B  Chase Meidroth,Chicago White Sox,mlb,SB,New_York_Yankees_at_Chicago_White_Sox,0.02,0.0,0.0128,OVER,Targeting 2B  Chase Meidroth OVER 0.0 SB. Model projects 0.0 (0.02 edge). Recent trends and opponent weakness support this play.
C   Drew Romo,Chicago White Sox,mlb,SB,New_York_Yankees_at_Chicago_White_Sox,0.02,0.0,0.0128,OVER,Targeting C   Drew Romo OVER 0.0 SB. Model projects 0.0 (0.02 edge). Recent trends and opponent weakness support this play.
C   Edgar Quero,Chicago White Sox,mlb,2B,New_York_Yankees_at_Chicago_White_Sox,0.02,0.0,0.0128,OVER,Targeting C   Edgar Quero OVER 0.0 2B. Model projects 0.0 (0.02 edge). Recent trends and opponent weakness support this play.
C   Edgar Quero,Chicago White Sox,mlb,SB,New_York_Yankees_at_Chicago_White_Sox,0.02,0.0,0.0128,OVER,Targeting C   Edgar Quero OVER 0.0 SB. Model projects 0.0 (0.02 edge). Recent trends and opponent weakness support this play.
LF  Sam Antonacci,Chicago White Sox,mlb,3B,New_York_Yankees_at_Chicago_White_Sox,0.02,0.0,0.0128,OVER,"Marginal +EV opportunity: LF  Sam Antonacci is projected for 0.0 3B vs a line of 0.0, giving a OVER edge of 0.02. Based on recent form, opponent matchup, and game context."
1B  Bryce Harper,Philadelphia Phillies,mlb,3B,Philadelphia_Phillies_at_Miami_Marlins,0.02,0.0,0.0128,OVER,1B  Bryce Harper shows OVER value at 0.0 3B. TC projection: 0.0 — edge: 0.02. Marginal conviction based on usage rate and defensive matchup.
CF  Justin Crawford,Philadelphia Phillies,mlb,HR,Philadelphia_Phillies_at_Miami_Marlins,0.02,0.0,0.0128,OVER,Targeting CF  Justin Crawford OVER 0.0 HR. Model projects 0.0 (0.02 edge). Recent trends and opponent weakness support this play.
3B  Javier Sanoja,Miami Marlins,mlb,3B,Philadelphia_Phillies_at_Miami_Marlins,0.02,0.0,0.0128,OVER,Targeting 3B  Javier Sanoja OVER 0.0 3B. Model projects 0.0 (0.02 edge). Recent trends and opponent weakness support this play.
C   Cal Raleigh,Seattle Mariners,mlb,SB,Seattle_Mariners_at_Texas_Rangers,0.02,0.0,0.0128,OVER,"Marginal +EV opportunity: C   Cal Raleigh is projected for 0.0 SB vs a line of 0.0, giving a OVER edge of 0.02. Based on recent form, opponent matchup, and game context."
2B  Cole Young,Seattle Mariners,mlb,3B,Seattle_Mariners_at_Texas_Rangers,0.02,0.0,0.0128,OVER,2B  Cole Young shows OVER value at 0.0 3B. TC projection: 0.0 — edge: 0.02. Marginal conviction based on usage rate and defensive matchup.
SS  Colt Emerson,Seattle Mariners,mlb,3B,Seattle_Mariners_at_Texas_Rangers,0.02,0.0,0.0128,OVER,SS  Colt Emerson shows OVER value at 0.0 3B. TC projection: 0.0 — edge: 0.02. Marginal conviction based on usage rate and defensive matchup.
CF  Evan Carter,Texas Rangers,mlb,3B,Seattle_Mariners_at_Texas_Rangers,0.02,0.0,0.0128,OVER,CF  Evan Carter shows OVER value at 0.0 3B. TC projection: 0.0 — edge: 0.02. Marginal conviction based on usage rate and defensive matchup.
1B  Jake Burger,Texas Rangers,mlb,SB,Seattle_Mariners_at_Texas_Rangers,0.02,0.0,0.0128,OVER,"Marginal +EV opportunity: 1B  Jake Burger is projected for 0.0 SB vs a line of 0.0, giving a OVER edge of 0.02. Based on recent form, opponent matchup, and game context."
DH  Joc Pederson,Texas Rangers,mlb,SB,Seattle_Mariners_at_Texas_Rangers,0.02,0.0,0.0128,OVER,"Marginal +EV opportunity: DH  Joc Pederson is projected for 0.0 SB vs a line of 0.0, giving a OVER edge of 0.02. Based on recent form, opponent matchup, and game context."
2B  Josh Smith,Texas Rangers,mlb,HR,Seattle_Mariners_at_Texas_Rangers,0.02,0.0,0.0128,OVER,Targeting 2B  Josh Smith OVER 0.0 HR. Model projects 0.0 (0.02 edge). Recent trends and opponent weakness support this play.
2B  Josh Smith,Texas Rangers,mlb,3B,Seattle_Mariners_at_Texas_Rangers,0.02,0.0,0.0128,OVER,2B  Josh Smith shows OVER value at 0.0 3B. TC projection: 0.0 — edge: 0.02. Marginal conviction based on usage rate and defensive matchup.
CF  Daulton Varsho,Toronto Blue Jays,mlb,3B,Toronto_Blue_Jays_at_Washington_Nationals,0.02,0.0,0.0128,OVER,"Marginal +EV opportunity: CF  Daulton Varsho is projected for 0.0 3B vs a line of 0.0, giving a OVER edge of 0.02. Based on recent form, opponent matchup, and game context."
LF  Davis Schneider,Toronto Blue Jays,mlb,SB,Toronto_Blue_Jays_at_Washington_Nationals,0.02,0.0,0.0128,OVER,LF  Davis Schneider shows OVER value at 0.0 SB. TC projection: 0.0 — edge: 0.02. Marginal conviction based on usage rate and defensive matchup.
SS  CJ Abrams,Washington Nationals,mlb,3B,Toronto_Blue_Jays_at_Washington_Nationals,0.02,0.0,0.0128,OVER,"Marginal +EV opportunity: SS  CJ Abrams is projected for 0.0 3B vs a line of 0.0, giving a OVER edge of 0.02. Based on recent form, opponent matchup, and game context."
DH  José Tena,Washington Nationals,mlb,3B,Toronto_Blue_Jays_at_Washington_Nationals,0.02,0.0,0.0128,OVER,"Marginal +EV opportunity: DH  José Tena is projected for 0.0 3B vs a line of 0.0, giving a OVER edge of 0.02. Based on recent form, opponent matchup, and game context."
CF  Jorge Barrosa,Arizona Diamondbacks,mlb,3B,Arizona_Diamondbacks_at_Pittsburgh_Pirates,0.01,0.0,0.0064,OVER,CF  Jorge Barrosa shows OVER value at 0.0 3B. TC projection: 0.0 — edge: 0.01. Marginal conviction based on usage rate and defensive matchup.
CF  Billy Cook,Pittsburgh Pirates,mlb,3B,Arizona_Diamondbacks_at_Pittsburgh_Pirates,0.01,0.0,0.0064,OVER,CF  Billy Cook shows OVER value at 0.0 3B. TC projection: 0.0 — edge: 0.01. Marginal conviction based on usage rate and defensive matchup.
2B  Brandon Lowe,Pittsburgh Pirates,mlb,3B,Arizona_Diamondbacks_at_Pittsburgh_Pirates,0.01,0.0,0.0064,OVER,"Marginal +EV opportunity: 2B  Brandon Lowe is projected for 0.0 3B vs a line of 0.0, giving a OVER edge of 0.01. Based on recent form, opponent matchup, and game context."
2B  Brandon Lowe,Pittsburgh Pirates,mlb,SB,Arizona_Diamondbacks_at_Pittsburgh_Pirates,0.01,0.0,0.0064,OVER,2B  Brandon Lowe shows OVER value at 0.0 SB. TC projection: 0.0 — edge: 0.01. Marginal conviction based on usage rate and defensive matchup.
3B  Nick Gonzales,Pittsburgh Pirates,mlb,3B,Arizona_Diamondbacks_at_Pittsburgh_Pirates,0.01,0.0,0.0064,OVER,"Marginal +EV opportunity: 3B  Nick Gonzales is projected for 0.0 3B vs a line of 0.0, giving a OVER edge of 0.01. Based on recent form, opponent matchup, and game context."
RF  Ryan O'Hearn,Pittsburgh Pirates,mlb,SB,Arizona_Diamondbacks_at_Pittsburgh_Pirates,0.01,0.0,0.0064,OVER,"Marginal +EV opportunity: RF  Ryan O'Hearn is projected for 0.0 SB vs a line of 0.0, giving a OVER edge of 0.01. Based on recent form, opponent matchup, and game context."
LF  Mike Yastrzemski,Atlanta Braves,mlb,3B,Atlanta_Braves_at_New_York_Mets,0.01,0.0,0.0064,OVER,"Marginal +EV opportunity: LF  Mike Yastrzemski is projected for 0.0 3B vs a line of 0.0, giving a OVER edge of 0.01. Based on recent form, opponent matchup, and game context."
LF  Mike Yastrzemski,Atlanta Braves,mlb,SB,Atlanta_Braves_at_New_York_Mets,0.01,0.0,0.0064,OVER,LF  Mike Yastrzemski shows OVER value at 0.0 SB. TC projection: 0.0 — edge: 0.01. Marginal conviction based on usage rate and defensive matchup.
2B  Ozzie Albies,Atlanta Braves,mlb,SB,Atlanta_Braves_at_New_York_Mets,0.01,0.0,0.0064,OVER,2B  Ozzie Albies shows OVER value at 0.0 SB. TC projection: 0.0 — edge: 0.01. Marginal conviction based on usage rate and defensive matchup.
CF  A.J. Ewing,New York Mets,mlb,3B,Atlanta_Braves_at_New_York_Mets,0.01,0.0,0.0064,OVER,CF  A.J. Ewing shows OVER value at 0.0 3B. TC projection: 0.0 — edge: 0.01. Marginal conviction based on usage rate and defensive matchup.
3B  Bo Bichette,New York Mets,mlb,3B,Atlanta_Braves_at_New_York_Mets,0.01,0.0,0.0064,OVER,Targeting 3B  Bo Bichette OVER 0.0 3B. Model projects 0.0 (0.01 edge). Recent trends and opponent weakness support this play.
3B  Bo Bichette,New York Mets,mlb,SB,Atlanta_Braves_at_New_York_Mets,0.01,0.0,0.0064,OVER,Targeting 3B  Bo Bichette OVER 0.0 SB. Model projects 0.0 (0.01 edge). Recent trends and opponent weakness support this play.
2B  Marcus Semien,New York Mets,mlb,3B,Atlanta_Braves_at_New_York_Mets,0.01,0.0,0.0064,OVER,Targeting 2B  Marcus Semien OVER 0.0 3B. Model projects 0.0 (0.01 edge). Recent trends and opponent weakness support this play.
RF  Tyler O'Neill,Baltimore Orioles,mlb,SB,Baltimore_Orioles_at_Detroit_Tigers,0.01,0.0,0.0064,OVER,"Marginal +EV opportunity: RF  Tyler O'Neill is projected for 0.0 SB vs a line of 0.0, giving a OVER edge of 0.01. Based on recent form, opponent matchup, and game context."
2B  Zach McKinstry,Detroit Tigers,mlb,SB,Baltimore_Orioles_at_Detroit_Tigers,0.01,0.0,0.0064,OVER,Targeting 2B  Zach McKinstry OVER 0.0 SB. Model projects 0.0 (0.01 edge). Recent trends and opponent weakness support this play.
3B  Caleb Durbin,Boston Red Sox,mlb,3B,Boston_Red_Sox_at_Athletics,0.01,0.0,0.0064,OVER,"Marginal +EV opportunity: 3B  Caleb Durbin is projected for 0.0 3B vs a line of 0.0, giving a OVER edge of 0.01. Based on recent form, opponent matchup, and game context."
C   Carlos Narváez,Boston Red Sox,mlb,SB,Boston_Red_Sox_at_Athletics,0.01,0.0,0.0064,OVER,"Marginal +EV opportunity: C   Carlos Narváez is projected for 0.0 SB vs a line of 0.0, giving a OVER edge of 0.01. Based on recent form, opponent matchup, and game context."
DH  Masataka Yoshida,Boston Red Sox,mlb,3B,Boston_Red_Sox_at_Athletics,0.01,0.0,0.0064,OVER,"Marginal +EV opportunity: DH  Masataka Yoshida is projected for 0.0 3B vs a line of 0.0, giving a OVER edge of 0.01. Based on recent form, opponent matchup, and game context."
RF  Carlos Cortes,Athletics,mlb,3B,Boston_Red_Sox_at_Athletics,0.01,0.0,0.0064,OVER,Targeting RF  Carlos Cortes OVER 0.0 3B. Model projects 0.0 (0.01 edge). Recent trends and opponent weakness support this play.
RF  Carlos Cortes,Athletics,mlb,SB,Boston_Red_Sox_at_Athletics,0.01,0.0,0.0064,OVER,RF  Carlos Cortes shows OVER value at 0.0 SB. TC projection: 0.0 — edge: 0.01. Marginal conviction based on usage rate and defensive matchup.
1B  Nick Kurtz,Athletics,mlb,3B,Boston_Red_Sox_at_Athletics,0.01,0.0,0.0064,OVER,Targeting 1B  Nick Kurtz OVER 0.0 3B. Model projects 0.0 (0.01 edge). Recent trends and opponent weakness support this play.
LF  Tyler Soderstrom,Athletics,mlb,SB,Boston_Red_Sox_at_Athletics,0.01,0.0,0.0064,OVER,"Marginal +EV opportunity: LF  Tyler Soderstrom is projected for 0.0 SB vs a line of 0.0, giving a OVER edge of 0.01. Based on recent form, opponent matchup, and game context."
3B  Alex Bregman,Chicago Cubs,mlb,3B,Chicago_Cubs_at_St_Louis_Cardinals,0.01,0.0,0.0064,OVER,"Marginal +EV opportunity: 3B  Alex Bregman is projected for 0.0 3B vs a line of 0.0, giving a OVER edge of 0.01. Based on recent form, opponent matchup, and game context."
2B  Nico Hoerner,Chicago Cubs,mlb,3B,Chicago_Cubs_at_St_Louis_Cardinals,0.01,0.0,0.0064,OVER,"Marginal +EV opportunity: 2B  Nico Hoerner is projected for 0.0 3B vs a line of 0.0, giving a OVER edge of 0.01. Based on recent form, opponent matchup, and game context."
RF  Seiya Suzuki,Chicago Cubs,mlb,SB,Chicago_Cubs_at_St_Louis_Cardinals,0.01,0.0,0.0064,OVER,Targeting RF  Seiya Suzuki OVER 0.0 SB. Model projects 0.0 (0.01 edge). Recent trends and opponent weakness support this play.
1B  Alec Burleson,St. Louis Cardinals,mlb,3B,Chicago_Cubs_at_St_Louis_Cardinals,0.01,0.0,0.0064,OVER,1B  Alec Burleson shows OVER value at 0.0 3B. TC projection: 0.0 — edge: 0.01. Marginal conviction based on usage rate and defensive matchup.
C   Patrick Bailey,Cleveland Guardians,mlb,3B,Cleveland_Guardians_at_Cincinnati_Reds,0.01,0.0,0.0064,OVER,"Marginal +EV opportunity: C   Patrick Bailey is projected for 0.0 3B vs a line of 0.0, giving a OVER edge of 0.01. Based on recent form, opponent matchup, and game context."
1B  Rhys Hoskins,Cleveland Guardians,mlb,SB,Cleveland_Guardians_at_Cincinnati_Reds,0.01,0.0,0.0064,OVER,Targeting 1B  Rhys Hoskins OVER 0.0 SB. Model projects 0.0 (0.01 edge). Recent trends and opponent weakness support this play.
2B  Jose Altuve,Houston Astros,mlb,3B,Houston_Astros_at_Los_Angeles_Angels,0.01,0.0,0.0064,OVER,"Marginal +EV opportunity: 2B  Jose Altuve is projected for 0.0 3B vs a line of 0.0, giving a OVER edge of 0.01. Based on recent form, opponent matchup, and game context."
DH  Yordan Alvarez,Houston Astros,mlb,SB,Houston_Astros_at_Los_Angeles_Angels,0.01,0.0,0.0064,OVER,"Marginal +EV opportunity: DH  Yordan Alvarez is projected for 0.0 SB vs a line of 0.0, giving a OVER edge of 0.01. Based on recent form, opponent matchup, and game context."
C   Gary Sánchez,Milwaukee Brewers,mlb,3B,Milwaukee_Brewers_at_San_Francisco_Giants,0.01,0.0,0.0064,OVER,Targeting C   Gary Sánchez OVER 0.0 3B. Model projects 0.0 (0.01 edge). Recent trends and opponent weakness support this play.
1B  Jake Bauers,Milwaukee Brewers,mlb,3B,Milwaukee_Brewers_at_San_Francisco_Giants,0.01,0.0,0.0064,OVER,1B  Jake Bauers shows OVER value at 0.0 3B. TC projection: 0.0 — edge: 0.01. Marginal conviction based on usage rate and defensive matchup.
C   William Contreras,Milwaukee Brewers,mlb,SB,Milwaukee_Brewers_at_San_Francisco_Giants,0.01,0.0,0.0064,OVER,"Marginal +EV opportunity: C   William Contreras is projected for 0.0 SB vs a line of 0.0, giving a OVER edge of 0.01. Based on recent form, opponent matchup, and game context."
LF  Casey Schmitt,San Francisco Giants,mlb,3B,Milwaukee_Brewers_at_San_Francisco_Giants,0.01,0.0,0.0064,OVER,Targeting LF  Casey Schmitt OVER 0.0 3B. Model projects 0.0 (0.01 edge). Recent trends and opponent weakness support this play.
SS  Willy Adames,San Francisco Giants,mlb,3B,Milwaukee_Brewers_at_San_Francisco_Giants,0.01,0.0,0.0064,OVER,"Marginal +EV opportunity: SS  Willy Adames is projected for 0.0 3B vs a line of 0.0, giving a OVER edge of 0.01. Based on recent form, opponent matchup, and game context."
3B  Amed Rosario,New York Yankees,mlb,3B,New_York_Yankees_at_Chicago_White_Sox,0.01,0.0,0.0064,OVER,Targeting 3B  Amed Rosario OVER 0.0 3B. Model projects 0.0 (0.01 edge). Recent trends and opponent weakness support this play.
3B  Amed Rosario,New York Yankees,mlb,SB,New_York_Yankees_at_Chicago_White_Sox,0.01,0.0,0.0064,OVER,3B  Amed Rosario shows OVER value at 0.0 SB. TC projection: 0.0 — edge: 0.01. Marginal conviction based on usage rate and defensive matchup.
1B  Paul Goldschmidt,New York Yankees,mlb,SB,New_York_Yankees_at_Chicago_White_Sox,0.01,0.0,0.0064,OVER,"Marginal +EV opportunity: 1B  Paul Goldschmidt is projected for 0.0 SB vs a line of 0.0, giving a OVER edge of 0.01. Based on recent form, opponent matchup, and game context."
DH  Andrew Benintendi,Chicago White Sox,mlb,SB,New_York_Yankees_at_Chicago_White_Sox,0.01,0.0,0.0064,OVER,"Marginal +EV opportunity: DH  Andrew Benintendi is projected for 0.0 SB vs a line of 0.0, giving a OVER edge of 0.01. Based on recent form, opponent matchup, and game context."
SS  Colson Montgomery,Chicago White Sox,mlb,SB,New_York_Yankees_at_Chicago_White_Sox,0.01,0.0,0.0064,OVER,Targeting SS  Colson Montgomery OVER 0.0 SB. Model projects 0.0 (0.01 edge). Recent trends and opponent weakness support this play.
SS  Luisangel Acuña,Chicago White Sox,mlb,HR,New_York_Yankees_at_Chicago_White_Sox,0.01,0.0,0.0064,OVER,Targeting SS  Luisangel Acuña OVER 0.0 HR. Model projects 0.0 (0.01 edge). Recent trends and opponent weakness support this play.
3B  Miguel Vargas,Chicago White Sox,mlb,3B,New_York_Yankees_at_Chicago_White_Sox,0.01,0.0,0.0064,OVER,"Marginal +EV opportunity: 3B  Miguel Vargas is projected for 0.0 3B vs a line of 0.0, giving a OVER edge of 0.01. Based on recent form, opponent matchup, and game context."
1B  Munetaka Murakami,Chicago White Sox,mlb,SB,New_York_Yankees_at_Chicago_White_Sox,0.01,0.0,0.0064,OVER,"Marginal +EV opportunity: 1B  Munetaka Murakami is projected for 0.0 SB vs a line of 0.0, giving a OVER edge of 0.01. Based on recent form, opponent matchup, and game context."
3B  Alec Bohm,Philadelphia Phillies,mlb,SB,Philadelphia_Phillies_at_Miami_Marlins,0.01,0.0,0.0064,OVER,"Marginal +EV opportunity: 3B  Alec Bohm is projected for 0.0 SB vs a line of 0.0, giving a OVER edge of 0.01. Based on recent form, opponent matchup, and game context."
LF  Edmundo Sosa,Philadelphia Phillies,mlb,3B,Philadelphia_Phillies_at_Miami_Marlins,0.01,0.0,0.0064,OVER,LF  Edmundo Sosa shows OVER value at 0.0 3B. TC projection: 0.0 — edge: 0.01. Marginal conviction based on usage rate and defensive matchup.
DH  Kyle Schwarber,Philadelphia Phillies,mlb,3B,Philadelphia_Phillies_at_Miami_Marlins,0.01,0.0,0.0064,OVER,DH  Kyle Schwarber shows OVER value at 0.0 3B. TC projection: 0.0 — edge: 0.01. Marginal conviction based on usage rate and defensive matchup.
RF  Esteury Ruiz,Miami Marlins,mlb,3B,Philadelphia_Phillies_at_Miami_Marlins,0.01,0.0,0.0064,OVER,RF  Esteury Ruiz shows OVER value at 0.0 3B. TC projection: 0.0 — edge: 0.01. Marginal conviction based on usage rate and defensive matchup.
LF  Heriberto Hernández,Miami Marlins,mlb,3B,Philadelphia_Phillies_at_Miami_Marlins,0.01,0.0,0.0064,OVER,Targeting LF  Heriberto Hernández OVER 0.0 3B. Model projects 0.0 (0.01 edge). Recent trends and opponent weakness support this play.
C   Liam Hicks,Miami Marlins,mlb,3B,Philadelphia_Phillies_at_Miami_Marlins,0.01,0.0,0.0064,OVER,Targeting C   Liam Hicks OVER 0.0 3B. Model projects 0.0 (0.01 edge). Recent trends and opponent weakness support this play.
DH  Dominic Canzone,Seattle Mariners,mlb,3B,Seattle_Mariners_at_Texas_Rangers,0.01,0.0,0.0064,OVER,Targeting DH  Dominic Canzone OVER 0.0 3B. Model projects 0.0 (0.01 edge). Recent trends and opponent weakness support this play.
SS  J.P. Crawford,Seattle Mariners,mlb,SB,Seattle_Mariners_at_Texas_Rangers,0.01,0.0,0.0064,OVER,SS  J.P. Crawford shows OVER value at 0.0 SB. TC projection: 0.0 — edge: 0.01. Marginal conviction based on usage rate and defensive matchup.
LF  Alejandro Osuna,Texas Rangers,mlb,HR,Seattle_Mariners_at_Texas_Rangers,0.01,0.0,0.0064,OVER,LF  Alejandro Osuna shows OVER value at 0.0 HR. TC projection: 0.0 — edge: 0.01. Marginal conviction based on usage rate and defensive matchup.
RF  James Wood,Washington Nationals,mlb,3B,Toronto_Blue_Jays_at_Washington_Nationals,0.01,0.0,0.0064,OVER,RF  James Wood shows OVER value at 0.0 3B. TC projection: 0.0 — edge: 0.01. Marginal conviction based on usage rate and defensive matchup.
2B  Nasim Nuñez,Washington Nationals,mlb,HR,Toronto_Blue_Jays_at_Washington_Nationals,0.01,0.0,0.0064,OVER,2B  Nasim Nuñez shows OVER value at 0.0 HR. TC projection: 0.0 — edge: 0.01. Marginal conviction based on usage rate and defensive matchup.
