{
  "401856981:halftime": 1781327882.0,
  "401859965:halftime": 1781327902.0,
  "401856975:halftime": 1781327882.0,
  "401856985:halftime": 1781327881.0,
  "401859966:halftime": 1781327902.0,
  "401857012:halftime": 1782173558.0,
  "401856972:halftime": 1781327882.0,
  "401857017:halftime": 1782347562.9359808,
  "401857018:halftime": 1782347562.9999826,
  "401856971:halftime": 1781327882.0,
  "401856982:halftime": 1781327882.0,
  "401856979:halftime": 1781327882.0,
  "401856977:halftime": 1781327882.0,
  "401856980:halftime": 1781327881.0,
  "401856976:halftime": 1781327882.0,
  "401856978:halftime": 1781327882.0,
  "401856970:halftime": 1781327882.0,
  "401856973:halftime": 1781327882.0,
  "401857013:halftime": 1782174787.0,
  "401856983:halftime": 1781327882.0,
  "401856984:halftime": 1781327881.0,
  "401856974:halftime": 1781327882.0,
  "401857024:halftime": 1782520326.8165135,
  "401857025:halftime": 1782520326.8715136,
  "401857019:final": 1782354786.6259189,
  "401856982:final": 1781327882.0,
  "401856977:final": 1781327882.0,
  "401856973:final": 1781327882.0,
  "401856991:final": 1781757177.0,
  "401856983:final": 1781327882.0,
  "401856976:final": 1781327882.0,
  "401856978:final": 1781327882.0,
  "401857017:final": 1782354786.4779148,
  "401856999:final": 1781757201.0,
  "401856994:final": 1781757184.0,
  "401857000:final": 1781757201.0,
  "401856997:final": 1781757201.0,
  "401856985:final": 1781327881.0,
  "401857014:final": 1782182018.0,
  "401857012:final": 1782182018.0,
  "401856992:final": 1781757183.0,
  "401856981:final": 1781327882.0,
  "401856996:final": 1781757201.0,
  "401856972:final": 1781327882.0,
  "401856971:final": 1781327882.0,
  "401856984:final": 1781327881.0,
  "401856970:final": 1781327882.0,
  "401856979:final": 1781327882.0,
  "401856980:final": 1781327881.0,
  "401859965:final": 1781327902.0,
  "401857001:final": 1781757202.0,
  "401856995:final": 1781757190.0,
  "401856990:final": 1781757177.0,
  "401856998:final": 1781757201.0,
  "401856974:final": 1781327882.0,
  "401856993:final": 1781757183.0,
  "401857018:final": 1782354786.5429165,
  "401856975:final": 1781327882.0,
  "401857013:final": 1782182018.0,
  "401859966:final": 1781327902.0,
  "401857024:final": 1782527618.870904,
  "401857025:final": 1782527618.9329042
}