{
  "401857037:halftime": 1783125152.8723707,
  "401857018:halftime": 1782347562.9999826,
  "401857017:halftime": 1782347562.9359808,
  "401857025:halftime": 1782520326.8715136,
  "401857024:halftime": 1782520326.8165135,
  "401857018:final": 1782354786.5429165,
  "401857040:final": 1783223804.3320484,
  "401857027:final": 1782606739.981319,
  "401857025:final": 1782527618.9329042,
  "401857037:final": 1783132366.9395995,
  "401857019:final": 1782354786.6259189,
  "401857321:final": 1782873133.4029756,
  "401857024:final": 1782527618.870904,
  "401857032:final": 1782693151.2752283,
  "401857030:final": 1782693151.0312269,
  "401857031:final": 1782693151.1572275,
  "401857034:final": 1783045941.8682597,
  "401857033:final": 1782700324.5691097,
  "401857039:final": 1783223804.2690482,
  "401857017:final": 1782354786.4779148,
  "401857046:final": 1783478034.082524
}