{
  "401856976:halftime": 1781327882.0,
  "401859964:halftime": 1781215695.0,
  "401856985:halftime": 1781327881.0,
  "401856984:halftime": 1781327881.0,
  "401856963:halftime": 1781215663.0,
  "401856966:halftime": 1781240580.0,
  "401856970:halftime": 1781327882.0,
  "401856982:halftime": 1781327882.0,
  "401856975:halftime": 1781327882.0,
  "401856983:halftime": 1781327882.0,
  "401856969:halftime": 1781240580.0,
  "401856964:halftime": 1781215663.0,
  "401856974:halftime": 1781327882.0,
  "401856980:halftime": 1781327881.0,
  "401856979:halftime": 1781327882.0,
  "401856977:halftime": 1781327882.0,
  "401856967:halftime": 1781240580.0,
  "401856965:halftime": 1781215663.0,
  "401856981:halftime": 1781327882.0,
  "401859966:halftime": 1781327902.0,
  "401856973:halftime": 1781327882.0,
  "401859965:halftime": 1781327902.0,
  "401856971:halftime": 1781327882.0,
  "401856972:halftime": 1781327882.0,
  "401856978:halftime": 1781327882.0,
  "401856968:halftime": 1781240580.0,
  "401856990:final": 1781757176.500691,
  "401856991:final": 1781757176.6412191,
  "401856992:final": 1781757182.9418392,
  "401856993:final": 1781757183.4438543,
  "401856994:final": 1781757183.981002,
  "401856995:final": 1781757189.6788251,
  "401856996:final": 1781757200.604153,
  "401856997:final": 1781757200.747585,
  "401856998:final": 1781757200.9795074,
  "401856999:final": 1781757201.2111263,
  "401857000:final": 1781757201.4442797,
  "401857001:final": 1781757201.587957,
  "401856963:final": 1781215663.0,
  "401856975:final": 1781327882.0,
  "401856966:final": 1781240580.0,
  "401856985:final": 1781327881.0,
  "401856968:final": 1781240580.0,
  "401856984:final": 1781327881.0,
  "401859964:final": 1781215695.0,
  "401856980:final": 1781327881.0,
  "401856979:final": 1781327882.0,
  "401856971:final": 1781327882.0,
  "401856977:final": 1781327882.0,
  "401856970:final": 1781327882.0,
  "401856978:final": 1781327882.0,
  "401856983:final": 1781327882.0,
  "401856976:final": 1781327882.0,
  "401856972:final": 1781327882.0,
  "401856982:final": 1781327882.0,
  "401856967:final": 1781240580.0,
  "401856969:final": 1781240580.0,
  "401856973:final": 1781327882.0,
  "401856974:final": 1781327882.0,
  "401859966:final": 1781327902.0,
  "401856981:final": 1781327882.0,
  "401856965:final": 1781215663.0,
  "401856964:final": 1781215663.0,
  "401859965:final": 1781327902.0
}