{
  "401857024:halftime": 1782520326.8165135,
  "401857017:halftime": 1782347562.9359808,
  "401857013:halftime": 1782174787.0,
  "401857018:halftime": 1782347562.9999826,
  "401857025:halftime": 1782520326.8715136,
  "401857012:halftime": 1782173558.0,
  "401857012:final": 1782182018.0,
  "401856992:final": 1781757183.0,
  "401857027:final": 1782606739.981319,
  "401856993:final": 1781757183.0,
  "401857013:final": 1782182018.0,
  "401856990:final": 1781757177.0,
  "401857031:final": 1782693151.1572275,
  "401857033:final": 1782700324.5691097,
  "401857017:final": 1782354786.4779148,
  "401857014:final": 1782182018.0,
  "401856998:final": 1781757201.0,
  "401857025:final": 1782527618.9329042,
  "401857001:final": 1781757202.0,
  "401856997:final": 1781757201.0,
  "401856995:final": 1781757190.0,
  "401857030:final": 1782693151.0312269,
  "401856991:final": 1781757177.0,
  "401857032:final": 1782693151.2752283,
  "401856996:final": 1781757201.0,
  "401857000:final": 1781757201.0,
  "401857024:final": 1782527618.870904,
  "401856994:final": 1781757184.0,
  "401857019:final": 1782354786.6259189,
  "401856999:final": 1781757201.0,
  "401857018:final": 1782354786.5429165
}