{
  "generated_at": "2026-06-08T02:35:34.607218+00:00",
  "days": 14,
  "games": 36,
  "player_games": 878,
  "picks": 2882,
  "overall_hit_rate": 0.5169219807623797,
  "by_stat": {
    "PTS": {
      "hit": 331,
      "miss": 200,
      "push": 9,
      "rate": 0.623352165725047
    },
    "REB": {
      "hit": 291,
      "miss": 237,
      "push": 11,
      "rate": 0.5511363636363636
    },
    "AST": {
      "hit": 250,
      "miss": 227,
      "push": 15,
      "rate": 0.5241090146750524
    },
    "STL": {
      "hit": 228,
      "miss": 243,
      "push": 19,
      "rate": 0.4840764331210191
    },
    "BLK": {
      "hit": 117,
      "miss": 245,
      "push": 2,
      "rate": 0.32320441988950277
    },
    "TPM": {
      "hit": 234,
      "miss": 204,
      "push": 19,
      "rate": 0.5342465753424658
    }
  },
  "features": {
    "per_stat_cons": true,
    "starter_gate": true,
    "pace_adj": true,
    "b2b_adj": true
  }
}