proj_norm,edge_abs,edge_val,is_over,is_under,market_2B,market_3B,market_BB,market_H,market_HR,market_R,market_RBI,market_SB,home_rest_days,away_rest_days,home_form_last_10,away_form_last_10,h2h_home_win_rate,market_implied_prob,result_binary
0.03058103975535168,9.97,-9.97,0,1,False,False,False,False,True,False,False,False,1.0,1.0,0.5,0.5,0.5,0.5,0
0.03058103975535168,9.97,-9.97,0,1,False,False,False,False,False,False,False,True,1.0,1.0,0.5,0.5,0.5,0.5,0
0.03058103975535168,9.97,-9.97,0,1,False,False,False,False,False,False,False,True,1.0,1.0,0.5,0.5,0.5,0.5,0
0.03058103975535168,9.97,-9.97,0,1,False,True,False,False,False,False,False,False,1.0,1.0,0.5,0.5,0.5,0.5,0
0.03058103975535168,9.97,-9.97,0,1,False,True,False,False,False,False,False,False,1.0,1.0,0.5,0.5,0.5,0.5,1
0.040774719673802244,9.96,-9.96,0,1,True,False,False,False,False,False,False,False,1.0,1.0,0.5,0.5,0.5,0.5,0
0.040774719673802244,9.96,-9.96,0,1,False,True,False,False,False,False,False,False,1.0,1.0,0.5,0.5,0.5,0.5,0
0.040774719673802244,9.96,-9.96,0,1,False,False,False,False,False,False,False,True,1.0,1.0,0.5,0.5,0.5,0.5,0
0.06116207951070336,9.94,-9.94,0,1,False,False,False,False,True,False,False,False,1.0,1.0,0.5,0.5,0.5,0.5,0
0.06116207951070336,9.94,-9.94,0,1,False,False,False,False,False,False,False,True,1.0,1.0,0.5,0.5,0.5,0.5,0
0.08154943934760449,9.92,-9.92,0,1,False,False,False,False,False,False,False,True,1.0,1.0,0.5,0.5,0.5,0.5,0
0.08154943934760449,9.92,-9.92,0,1,False,False,False,False,True,False,False,False,1.0,1.0,0.5,0.5,0.5,0.5,0
0.09174311926605505,9.91,-9.91,0,1,False,False,False,False,True,False,False,False,1.0,1.0,0.5,0.5,0.5,0.5,0
0.09174311926605505,9.91,-9.91,0,1,False,False,False,False,True,False,False,False,1.0,1.0,0.5,0.5,0.5,0.5,0
0.09174311926605505,9.91,-9.91,0,1,True,False,False,False,False,False,False,False,1.0,1.0,0.5,0.5,0.5,0.5,0
0.10193679918450561,9.9,-9.9,0,1,True,False,False,False,False,False,False,False,1.0,1.0,0.5,0.5,0.5,0.5,0
0.10193679918450561,9.9,-9.9,0,1,False,False,False,False,True,False,False,False,1.0,1.0,0.5,0.5,0.5,0.5,0
0.10193679918450561,9.9,-9.9,0,1,True,False,False,False,False,False,False,False,1.0,1.0,0.5,0.5,0.5,0.5,1
0.10193679918450561,9.9,-9.9,0,1,False,False,False,False,False,False,False,True,1.0,1.0,0.5,0.5,0.5,0.5,0
0.10193679918450561,9.9,-9.9,0,1,False,False,False,False,False,False,False,True,1.0,1.0,0.5,0.5,0.5,0.5,1
0.10193679918450561,9.9,-9.9,0,1,False,False,True,False,False,False,False,False,1.0,1.0,0.5,0.5,0.5,0.5,0
0.11213047910295618,9.89,-9.89,0,1,True,False,False,False,False,False,False,False,1.0,1.0,0.5,0.5,0.5,0.5,0
0.11213047910295618,9.89,-9.89,0,1,True,False,False,False,False,False,False,False,1.0,1.0,0.5,0.5,0.5,0.5,0
0.1325178389398573,9.87,-9.87,0,1,False,False,False,False,False,False,False,True,1.0,1.0,0.5,0.5,0.5,0.5,0
0.1325178389398573,9.87,-9.87,0,1,False,False,False,False,True,False,False,False,1.0,1.0,0.5,0.5,0.5,0.5,0
0.14271151885830788,9.86,-9.86,0,1,False,False,False,False,False,False,False,True,1.0,1.0,0.5,0.5,0.5,0.5,1
0.14271151885830788,9.86,-9.86,0,1,True,False,False,False,False,False,False,False,1.0,1.0,0.5,0.5,0.5,0.5,0
0.14271151885830788,9.86,-9.86,0,1,False,False,True,False,False,False,False,False,1.0,1.0,0.5,0.5,0.5,0.5,0
0.16309887869520898,9.84,-9.84,0,1,False,False,True,False,False,False,False,False,1.0,1.0,0.5,0.5,0.5,0.5,0
0.17329255861365955,9.83,-9.83,0,1,True,False,False,False,False,False,False,False,1.0,1.0,0.5,0.5,0.5,0.5,1
0.17329255861365955,9.83,-9.83,0,1,False,False,False,False,True,False,False,False,1.0,1.0,0.5,0.5,0.5,0.5,0
0.17329255861365955,9.83,-9.83,0,1,False,False,True,False,False,False,False,False,1.0,1.0,0.5,0.5,0.5,0.5,0
0.17329255861365955,9.83,-9.83,0,1,True,False,False,False,False,False,False,False,1.0,1.0,0.5,0.5,0.5,0.5,0
0.19367991845056065,9.81,-9.81,0,1,True,False,False,False,False,False,False,False,1.0,1.0,0.5,0.5,0.5,0.5,0
0.19367991845056065,9.81,-9.81,0,1,False,False,False,False,True,False,False,False,1.0,1.0,0.5,0.5,0.5,0.5,0
0.21406727828746178,9.79,-9.79,0,1,True,False,False,False,False,False,False,False,1.0,1.0,0.5,0.5,0.5,0.5,0
0.21406727828746178,9.79,-9.79,0,1,False,False,False,False,False,False,True,False,1.0,1.0,0.5,0.5,0.5,0.5,0
0.21406727828746178,9.79,-9.79,0,1,False,False,False,False,True,False,False,False,1.0,1.0,0.5,0.5,0.5,0.5,1
0.22426095820591235,9.78,-9.78,0,1,False,False,True,False,False,False,False,False,1.0,1.0,0.5,0.5,0.5,0.5,0
0.2344546381243629,9.77,-9.77,0,1,False,False,True,False,False,False,False,False,1.0,1.0,0.5,0.5,0.5,0.5,1
0.2344546381243629,9.77,-9.77,0,1,False,False,False,False,False,False,True,False,1.0,1.0,0.5,0.5,0.5,0.5,0
0.2344546381243629,9.77,-9.77,0,1,False,False,False,False,True,False,False,False,1.0,1.0,0.5,0.5,0.5,0.5,0
0.24464831804281345,9.76,-9.76,0,1,False,False,True,False,False,False,False,False,1.0,1.0,0.5,0.5,0.5,0.5,0
0.254841997961264,9.75,-9.75,0,1,True,False,False,False,False,False,False,False,1.0,1.0,0.5,0.5,0.5,0.5,1
0.2650356778797146,9.74,-9.74,0,1,False,False,False,False,False,True,False,False,1.0,1.0,0.5,0.5,0.5,0.5,0
0.27522935779816515,9.73,-9.73,0,1,False,False,False,False,False,False,True,False,1.0,1.0,0.5,0.5,0.5,0.5,0
0.29561671763506625,9.71,-9.71,0,1,False,False,True,False,False,False,False,False,1.0,1.0,0.5,0.5,0.5,0.5,0
0.3058103975535168,9.7,-9.7,0,1,False,False,False,False,False,True,False,False,1.0,1.0,0.5,0.5,0.5,0.5,0
0.3160040774719674,9.69,-9.69,0,1,False,False,False,False,False,False,True,False,1.0,1.0,0.5,0.5,0.5,0.5,0
0.3160040774719674,9.69,-9.69,0,1,False,False,True,False,False,False,False,False,1.0,1.0,0.5,0.5,0.5,0.5,1
0.3160040774719674,9.69,-9.69,0,1,False,False,True,False,False,False,False,False,1.0,1.0,0.5,0.5,0.5,0.5,0
0.3363914373088685,9.67,-9.67,0,1,False,False,False,False,False,False,False,True,1.0,1.0,0.5,0.5,0.5,0.5,0
0.3465851172273191,9.66,-9.66,0,1,False,False,False,False,False,True,False,False,1.0,1.0,0.5,0.5,0.5,0.5,1
0.3567787971457696,9.65,-9.65,0,1,False,False,False,False,False,True,False,False,1.0,1.0,0.5,0.5,0.5,0.5,1
0.3669724770642202,9.64,-9.64,0,1,False,False,False,True,False,False,False,False,1.0,1.0,0.5,0.5,0.5,0.5,1
0.37716615698267075,9.63,-9.63,0,1,False,False,True,False,False,False,False,False,1.0,1.0,0.5,0.5,0.5,0.5,1
0.3873598369011213,9.62,-9.62,0,1,False,False,False,False,False,False,True,False,1.0,1.0,0.5,0.5,0.5,0.5,0
0.40774719673802245,9.6,-9.6,0,1,False,False,False,False,False,True,False,False,1.0,1.0,0.5,0.5,0.5,0.5,0
0.41794087665647295,9.59,-9.59,0,1,False,False,False,False,False,True,False,False,1.0,1.0,0.5,0.5,0.5,0.5,0
0.42813455657492355,9.58,-9.58,0,1,False,False,False,False,False,False,True,False,1.0,1.0,0.5,0.5,0.5,0.5,1
0.42813455657492355,9.58,-9.58,0,1,False,False,False,False,False,True,False,False,1.0,1.0,0.5,0.5,0.5,0.5,0
0.4383282364933741,9.57,-9.57,0,1,False,False,False,False,False,False,True,False,1.0,1.0,0.5,0.5,0.5,0.5,0
0.4485219164118247,9.56,-9.56,0,1,False,False,False,False,False,True,False,False,1.0,1.0,0.5,0.5,0.5,0.5,0
0.45871559633027525,9.55,-9.55,0,1,False,False,False,False,False,False,True,False,1.0,1.0,0.5,0.5,0.5,0.5,0
0.4892966360856269,9.52,-9.52,0,1,False,False,False,False,False,False,True,False,1.0,1.0,0.5,0.5,0.5,0.5,0
0.4892966360856269,9.52,-9.52,0,1,False,False,False,False,False,True,False,False,1.0,1.0,0.5,0.5,0.5,0.5,1
0.49949031600407745,9.51,-9.51,0,1,False,False,False,False,False,True,False,False,1.0,1.0,0.5,0.5,0.5,0.5,1
0.5198776758409787,9.49,-9.49,0,1,False,False,False,True,False,False,False,False,1.0,1.0,0.5,0.5,0.5,0.5,0
0.5300713557594292,9.48,-9.48,0,1,False,False,False,True,False,False,False,False,1.0,1.0,0.5,0.5,0.5,0.5,0
0.03058103975535168,9.47,-9.47,0,1,False,False,False,False,True,False,False,False,1.0,1.0,0.5,0.5,0.5,0.5,0
0.03058103975535168,9.47,-9.47,0,1,False,True,False,False,False,False,False,False,1.0,1.0,0.5,0.5,0.5,0.5,0
0.040774719673802244,9.46,-9.46,0,1,False,False,True,False,False,False,False,False,1.0,1.0,0.5,0.5,0.5,0.5,0
0.040774719673802244,9.46,-9.46,0,1,True,False,False,False,False,False,False,False,1.0,1.0,0.5,0.5,0.5,0.5,0
0.040774719673802244,9.46,-9.46,0,1,False,False,False,False,False,False,False,True,1.0,1.0,0.5,0.5,0.5,0.5,0
0.5606523955147809,9.45,-9.45,0,1,False,False,False,False,False,True,False,False,1.0,1.0,0.5,0.5,0.5,0.5,1
0.05096839959225281,9.45,-9.45,0,1,False,False,False,False,True,False,False,False,1.0,1.0,0.5,0.5,0.5,0.5,0
0.06116207951070336,9.44,-9.44,0,1,False,False,False,False,True,False,False,False,1.0,1.0,0.5,0.5,0.5,0.5,0
0.07135575942915394,9.43,-9.43,0,1,False,False,False,False,True,False,False,False,1.0,1.0,0.5,0.5,0.5,0.5,0
0.07135575942915394,9.43,-9.43,0,1,False,False,False,False,True,False,False,False,1.0,1.0,0.5,0.5,0.5,0.5,0
0.5912334352701325,9.42,-9.42,0,1,False,False,False,False,False,False,True,False,1.0,1.0,0.5,0.5,0.5,0.5,0
0.08154943934760449,9.42,-9.42,0,1,False,False,False,False,True,False,False,False,1.0,1.0,0.5,0.5,0.5,0.5,0
0.08154943934760449,9.42,-9.42,0,1,False,False,True,False,False,False,False,False,1.0,1.0,0.5,0.5,0.5,0.5,0
0.08154943934760449,9.42,-9.42,0,1,False,False,True,False,False,False,False,False,1.0,1.0,0.5,0.5,0.5,0.5,0
0.09174311926605505,9.41,-9.41,0,1,False,False,False,False,False,False,False,True,1.0,1.0,0.5,0.5,0.5,0.5,0
0.10193679918450561,9.4,-9.4,0,1,False,False,False,False,True,False,False,False,1.0,1.0,0.5,0.5,0.5,0.5,0
0.10193679918450561,9.4,-9.4,0,1,True,False,False,False,False,False,False,False,1.0,1.0,0.5,0.5,0.5,0.5,0
0.6218144750254841,9.39,-9.39,0,1,False,False,False,True,False,False,False,False,1.0,1.0,0.5,0.5,0.5,0.5,1
0.11213047910295618,9.39,-9.39,0,1,True,False,False,False,False,False,False,False,1.0,1.0,0.5,0.5,0.5,0.5,0
0.11213047910295618,9.39,-9.39,0,1,False,False,False,False,True,False,False,False,1.0,1.0,0.5,0.5,0.5,0.5,0
0.12232415902140673,9.38,-9.38,0,1,False,False,False,False,False,True,False,False,1.0,1.0,0.5,0.5,0.5,0.5,0
0.12232415902140673,9.38,-9.38,0,1,False,False,False,False,True,False,False,False,1.0,1.0,0.5,0.5,0.5,0.5,0
0.6422018348623854,9.37,-9.37,0,1,False,False,False,False,False,False,True,False,1.0,1.0,0.5,0.5,0.5,0.5,0
0.1325178389398573,9.37,-9.37,0,1,True,False,False,False,False,False,False,False,1.0,1.0,0.5,0.5,0.5,0.5,0
0.14271151885830788,9.36,-9.36,0,1,False,False,False,False,False,False,True,False,1.0,1.0,0.5,0.5,0.5,0.5,0
0.14271151885830788,9.36,-9.36,0,1,True,False,False,False,False,False,False,False,1.0,1.0,0.5,0.5,0.5,0.5,0
0.1529051987767584,9.35,-9.35,0,1,False,False,False,False,False,False,False,True,1.0,1.0,0.5,0.5,0.5,0.5,0
0.1529051987767584,9.35,-9.35,0,1,True,False,False,False,False,False,False,False,1.0,1.0,0.5,0.5,0.5,0.5,0
0.1529051987767584,9.35,-9.35,0,1,True,False,False,False,False,False,False,False,1.0,1.0,0.5,0.5,0.5,0.5,0
0.672782874617737,9.34,-9.34,0,1,False,False,False,False,False,False,True,False,1.0,1.0,0.5,0.5,0.5,0.5,1
0.672782874617737,9.34,-9.34,0,1,False,False,False,True,False,False,False,False,1.0,1.0,0.5,0.5,0.5,0.5,0
0.16309887869520898,9.34,-9.34,0,1,True,False,False,False,False,False,False,False,1.0,1.0,0.5,0.5,0.5,0.5,0
0.17329255861365955,9.33,-9.33,0,1,False,False,False,False,False,False,True,False,1.0,1.0,0.5,0.5,0.5,0.5,0
0.6931702344546382,9.32,-9.32,0,1,False,False,True,False,False,False,False,False,1.0,1.0,0.5,0.5,0.5,0.5,0
0.1834862385321101,9.32,-9.32,0,1,False,False,False,False,False,False,False,True,1.0,1.0,0.5,0.5,0.5,0.5,0
0.1834862385321101,9.32,-9.32,0,1,False,False,False,False,True,False,False,False,1.0,1.0,0.5,0.5,0.5,0.5,0
0.1834862385321101,9.32,-9.32,0,1,False,False,True,False,False,False,False,False,1.0,1.0,0.5,0.5,0.5,0.5,1
0.19367991845056065,9.31,-9.31,0,1,False,False,False,False,False,True,False,False,1.0,1.0,0.5,0.5,0.5,0.5,0
0.19367991845056065,9.31,-9.31,0,1,True,False,False,False,False,False,False,False,1.0,1.0,0.5,0.5,0.5,0.5,0
0.7135575942915392,9.3,-9.3,0,1,False,False,False,True,False,False,False,False,1.0,1.0,0.5,0.5,0.5,0.5,0
0.20387359836901123,9.3,-9.3,0,1,False,False,True,False,False,False,False,False,1.0,1.0,0.5,0.5,0.5,0.5,0
0.20387359836901123,9.3,-9.3,0,1,False,False,False,False,False,True,False,False,1.0,1.0,0.5,0.5,0.5,0.5,0
0.21406727828746178,9.29,-9.29,0,1,False,False,False,False,True,False,False,False,1.0,1.0,0.5,0.5,0.5,0.5,0
0.21406727828746178,9.29,-9.29,0,1,False,False,False,True,False,False,False,False,1.0,1.0,0.5,0.5,0.5,0.5,0
0.21406727828746178,9.29,-9.29,0,1,True,False,False,False,False,False,False,False,1.0,1.0,0.5,0.5,0.5,0.5,0
0.22426095820591235,9.28,-9.28,0,1,False,False,False,False,False,True,False,False,1.0,1.0,0.5,0.5,0.5,0.5,0
0.744138634046891,9.27,-9.27,0,1,False,False,False,True,False,False,False,False,1.0,1.0,0.5,0.5,0.5,0.5,0
0.2344546381243629,9.27,-9.27,0,1,False,False,False,False,False,False,True,False,1.0,1.0,0.5,0.5,0.5,0.5,0
0.24464831804281345,9.26,-9.26,0,1,False,False,False,False,False,False,True,False,1.0,1.0,0.5,0.5,0.5,0.5,0
0.24464831804281345,9.26,-9.26,0,1,True,False,False,False,False,False,False,False,1.0,1.0,0.5,0.5,0.5,0.5,0
0.764525993883792,9.25,-9.25,0,1,False,False,False,True,False,False,False,False,1.0,1.0,0.5,0.5,0.5,0.5,1
0.254841997961264,9.25,-9.25,0,1,False,False,True,False,False,False,False,False,1.0,1.0,0.5,0.5,0.5,0.5,0
0.2650356778797146,9.24,-9.24,0,1,False,False,True,False,False,False,False,False,1.0,1.0,0.5,0.5,0.5,0.5,0
0.2650356778797146,9.24,-9.24,0,1,False,False,False,False,True,False,False,False,1.0,1.0,0.5,0.5,0.5,0.5,0
0.27522935779816515,9.23,-9.23,0,1,False,False,True,False,False,False,False,False,1.0,1.0,0.5,0.5,0.5,0.5,0
0.7951070336391438,9.22,-9.22,0,1,False,False,False,False,False,True,False,False,1.0,1.0,0.5,0.5,0.5,0.5,0
0.29561671763506625,9.21,-9.21,0,1,False,False,True,False,False,False,False,False,1.0,1.0,0.5,0.5,0.5,0.5,0
0.3058103975535168,9.2,-9.2,0,1,False,False,True,False,False,False,False,False,1.0,1.0,0.5,0.5,0.5,0.5,0
0.3058103975535168,9.2,-9.2,0,1,False,False,False,False,False,True,False,False,1.0,1.0,0.5,0.5,0.5,0.5,0
0.8256880733944955,9.19,-9.19,0,1,False,False,False,True,False,False,False,False,1.0,1.0,0.5,0.5,0.5,0.5,0
0.3160040774719674,9.19,-9.19,0,1,False,False,False,False,False,False,True,False,1.0,1.0,0.5,0.5,0.5,0.5,0
0.8358817533129459,9.18,-9.18,0,1,False,False,False,True,False,False,False,False,1.0,1.0,0.5,0.5,0.5,0.5,1
0.32619775739041795,9.18,-9.18,0,1,False,False,False,False,False,False,True,False,1.0,1.0,0.5,0.5,0.5,0.5,0
0.32619775739041795,9.18,-9.18,0,1,False,False,False,False,False,False,True,False,1.0,1.0,0.5,0.5,0.5,0.5,0
0.3363914373088685,9.17,-9.17,0,1,False,False,True,False,False,False,False,False,1.0,1.0,0.5,0.5,0.5,0.5,0
0.3363914373088685,9.17,-9.17,0,1,False,False,False,True,False,False,False,False,1.0,1.0,0.5,0.5,0.5,0.5,0
0.3363914373088685,9.17,-9.17,0,1,False,False,False,False,False,False,True,False,1.0,1.0,0.5,0.5,0.5,0.5,0
0.3465851172273191,9.16,-9.16,0,1,False,False,False,False,False,True,False,False,1.0,1.0,0.5,0.5,0.5,0.5,0
0.3975535168195719,9.11,-9.11,0,1,False,False,False,False,False,True,False,False,1.0,1.0,0.5,0.5,0.5,0.5,0
0.9174311926605505,9.1,-9.1,0,1,False,False,False,True,False,False,False,False,1.0,1.0,0.5,0.5,0.5,0.5,1
0.4383282364933741,9.07,-9.07,0,1,False,False,False,False,False,True,False,False,1.0,1.0,0.5,0.5,0.5,0.5,0
0.4383282364933741,9.07,-9.07,0,1,False,False,False,True,False,False,False,False,1.0,1.0,0.5,0.5,0.5,0.5,0
0.9582059123343527,9.06,-9.06,0,1,False,False,False,True,False,False,False,False,1.0,1.0,0.5,0.5,0.5,0.5,1
0.4689092762487258,9.04,-9.04,0,1,False,False,False,False,False,False,True,False,1.0,1.0,0.5,0.5,0.5,0.5,0
0.4689092762487258,9.04,-9.04,0,1,False,False,False,True,False,False,False,False,1.0,1.0,0.5,0.5,0.5,0.5,0
0.47910295616717635,9.03,-9.03,0,1,False,False,False,True,False,False,False,False,1.0,1.0,0.5,0.5,0.5,0.5,0
0.509683995922528,9.0,-9.0,0,1,False,False,False,False,False,False,True,False,1.0,1.0,0.5,0.5,0.5,0.5,0
0.509683995922528,9.0,-9.0,0,1,False,False,False,False,False,True,False,False,1.0,1.0,0.5,0.5,0.5,0.5,0
0.509683995922528,9.0,-9.0,0,1,False,False,True,False,False,False,False,False,1.0,1.0,0.5,0.5,0.5,0.5,0
0.0,9.0,-9.0,0,1,False,True,False,False,False,False,False,False,1.0,1.0,0.5,0.5,0.5,0.5,1
0.0,9.0,-9.0,0,1,False,True,False,False,False,False,False,False,1.0,1.0,0.5,0.5,0.5,0.5,1
0.0,9.0,-9.0,0,1,False,False,False,True,False,False,False,False,1.0,1.0,0.5,0.5,0.5,0.5,1
0.0,9.0,-9.0,0,1,False,False,False,False,False,True,False,False,1.0,1.0,0.5,0.5,0.5,0.5,1
0.0,9.0,-9.0,0,1,False,False,False,False,False,False,True,False,1.0,1.0,0.5,0.5,0.5,0.5,1
0.0,9.0,-9.0,0,1,False,False,False,False,True,False,False,False,1.0,1.0,0.5,0.5,0.5,0.5,1
0.0,9.0,-9.0,0,1,True,False,False,False,False,False,False,False,1.0,1.0,0.5,0.5,0.5,0.5,1
0.0,9.0,-9.0,0,1,False,True,False,False,False,False,False,False,1.0,1.0,0.5,0.5,0.5,0.5,1
0.0,9.0,-9.0,0,1,False,False,True,False,False,False,False,False,1.0,1.0,0.5,0.5,0.5,0.5,1
0.0,9.0,-9.0,0,1,False,False,False,False,False,False,False,True,1.0,1.0,0.5,0.5,0.5,0.5,1
0.0,9.0,-9.0,0,1,False,True,False,False,False,False,False,False,1.0,1.0,0.5,0.5,0.5,0.5,1
0.0,9.0,-9.0,0,1,False,False,False,False,False,False,False,True,1.0,1.0,0.5,0.5,0.5,0.5,1
0.0,9.0,-9.0,0,1,False,False,False,True,False,False,False,False,1.0,1.0,0.5,0.5,0.5,0.5,1
0.0,9.0,-9.0,0,1,False,False,False,False,False,True,False,False,1.0,1.0,0.5,0.5,0.5,0.5,1
0.0,9.0,-9.0,0,1,False,False,False,False,False,False,True,False,1.0,1.0,0.5,0.5,0.5,0.5,1
0.0,9.0,-9.0,0,1,False,False,False,False,True,False,False,False,1.0,1.0,0.5,0.5,0.5,0.5,1
0.0,9.0,-9.0,0,1,True,False,False,False,False,False,False,False,1.0,1.0,0.5,0.5,0.5,0.5,1
0.0,9.0,-9.0,0,1,False,True,False,False,False,False,False,False,1.0,1.0,0.5,0.5,0.5,0.5,1
0.0,9.0,-9.0,0,1,False,False,True,False,False,False,False,False,1.0,1.0,0.5,0.5,0.5,0.5,1
0.0,9.0,-9.0,0,1,False,False,False,False,False,False,False,True,1.0,1.0,0.5,0.5,0.5,0.5,1
0.0,9.0,-9.0,0,1,False,False,False,False,True,False,False,False,1.0,1.0,0.5,0.5,0.5,0.5,1
0.0,9.0,-9.0,0,1,False,True,False,False,False,False,False,False,1.0,1.0,0.5,0.5,0.5,0.5,1
0.0,9.0,-9.0,0,1,False,False,True,False,False,False,False,False,1.0,1.0,0.5,0.5,0.5,0.5,1
0.0,9.0,-9.0,0,1,False,False,False,False,False,False,False,True,1.0,1.0,0.5,0.5,0.5,0.5,1
0.0,9.0,-9.0,0,1,False,False,False,True,False,False,False,False,1.0,1.0,0.5,0.5,0.5,0.5,1
0.0,9.0,-9.0,0,1,False,False,False,False,False,True,False,False,1.0,1.0,0.5,0.5,0.5,0.5,1
0.0,9.0,-9.0,0,1,False,False,False,False,False,False,True,False,1.0,1.0,0.5,0.5,0.5,0.5,1
0.0,9.0,-9.0,0,1,False,False,False,False,True,False,False,False,1.0,1.0,0.5,0.5,0.5,0.5,1
0.0,9.0,-9.0,0,1,True,False,False,False,False,False,False,False,1.0,1.0,0.5,0.5,0.5,0.5,1
0.0,9.0,-9.0,0,1,False,True,False,False,False,False,False,False,1.0,1.0,0.5,0.5,0.5,0.5,1
0.0,9.0,-9.0,0,1,False,False,True,False,False,False,False,False,1.0,1.0,0.5,0.5,0.5,0.5,1
0.0,9.0,-9.0,0,1,False,False,False,False,False,False,False,True,1.0,1.0,0.5,0.5,0.5,0.5,1
0.0,9.0,-9.0,0,1,False,True,False,False,False,False,False,False,1.0,1.0,0.5,0.5,0.5,0.5,1
0.0,9.0,-9.0,0,1,False,False,False,False,False,False,False,True,1.0,1.0,0.5,0.5,0.5,0.5,1
0.0,9.0,-9.0,0,1,False,True,False,False,False,False,False,False,1.0,1.0,0.5,0.5,0.5,0.5,1
0.0,9.0,-9.0,0,1,False,True,False,False,False,False,False,False,1.0,1.0,0.5,0.5,0.5,0.5,1
0.0,9.0,-9.0,0,1,False,False,False,True,False,False,False,False,1.0,1.0,0.5,0.5,0.5,0.5,1
0.0,9.0,-9.0,0,1,False,False,False,False,False,True,False,False,1.0,1.0,0.5,0.5,0.5,0.5,1
0.0,9.0,-9.0,0,1,False,False,False,False,False,False,True,False,1.0,1.0,0.5,0.5,0.5,0.5,1
0.0,9.0,-9.0,0,1,False,False,False,False,True,False,False,False,1.0,1.0,0.5,0.5,0.5,0.5,1
0.0,9.0,-9.0,0,1,True,False,False,False,False,False,False,False,1.0,1.0,0.5,0.5,0.5,0.5,1
0.0,9.0,-9.0,0,1,False,True,False,False,False,False,False,False,1.0,1.0,0.5,0.5,0.5,0.5,1
0.0,9.0,-9.0,0,1,False,False,True,False,False,False,False,False,1.0,1.0,0.5,0.5,0.5,0.5,1
0.0,9.0,-9.0,0,1,False,False,False,False,False,False,False,True,1.0,1.0,0.5,0.5,0.5,0.5,1
0.0,9.0,-9.0,0,1,False,True,False,False,False,False,False,False,1.0,1.0,0.5,0.5,0.5,0.5,1
0.0,9.0,-9.0,0,1,False,False,False,False,False,False,False,True,1.0,1.0,0.5,0.5,0.5,0.5,1
0.0,9.0,-9.0,0,1,False,True,False,False,False,False,False,False,1.0,1.0,0.5,0.5,0.5,0.5,1
0.0,9.0,-9.0,0,1,False,True,False,False,False,False,False,False,1.0,1.0,0.5,0.5,0.5,0.5,1
0.0,9.0,-9.0,0,1,False,False,False,False,False,False,False,True,1.0,1.0,0.5,0.5,0.5,0.5,1
0.0,9.0,-9.0,0,1,False,True,False,False,False,False,False,False,1.0,1.0,0.5,0.5,0.5,0.5,1
0.0,9.0,-9.0,0,1,False,True,False,False,False,False,False,False,1.0,1.0,0.5,0.5,0.5,0.5,1
0.0,9.0,-9.0,0,1,False,False,False,False,False,False,False,True,1.0,1.0,0.5,0.5,0.5,0.5,1
0.0,9.0,-9.0,0,1,False,False,False,True,False,False,False,False,1.0,1.0,0.5,0.5,0.5,0.5,1
0.0,9.0,-9.0,0,1,False,False,False,False,False,True,False,False,1.0,1.0,0.5,0.5,0.5,0.5,1
0.0,9.0,-9.0,0,1,False,False,False,False,False,False,True,False,1.0,1.0,0.5,0.5,0.5,0.5,1
0.0,9.0,-9.0,0,1,False,False,False,False,True,False,False,False,1.0,1.0,0.5,0.5,0.5,0.5,1
0.0,9.0,-9.0,0,1,True,False,False,False,False,False,False,False,1.0,1.0,0.5,0.5,0.5,0.5,1
0.0,9.0,-9.0,0,1,False,True,False,False,False,False,False,False,1.0,1.0,0.5,0.5,0.5,0.5,1
0.0,9.0,-9.0,0,1,False,False,True,False,False,False,False,False,1.0,1.0,0.5,0.5,0.5,0.5,1
0.0,9.0,-9.0,0,1,False,False,False,False,False,False,False,True,1.0,1.0,0.5,0.5,0.5,0.5,1
0.0,9.0,-9.0,0,1,False,True,False,False,False,False,False,False,1.0,1.0,0.5,0.5,0.5,0.5,1
0.0,9.0,-9.0,0,1,False,False,False,False,False,False,False,True,1.0,1.0,0.5,0.5,0.5,0.5,1
0.5198776758409787,8.99,-8.99,0,1,False,False,False,False,False,True,False,False,1.0,1.0,0.5,0.5,0.5,0.5,0
0.010193679918450561,8.99,-8.99,0,1,False,False,False,False,True,False,False,False,1.0,1.0,0.5,0.5,0.5,0.5,0
0.010193679918450561,8.99,-8.99,0,1,False,False,False,False,False,False,False,True,1.0,1.0,0.5,0.5,0.5,0.5,0
0.010193679918450561,8.99,-8.99,0,1,False,True,False,False,False,False,False,False,1.0,1.0,0.5,0.5,0.5,0.5,0
0.010193679918450561,8.99,-8.99,0,1,False,True,False,False,False,False,False,False,1.0,1.0,0.5,0.5,0.5,0.5,0
0.010193679918450561,8.99,-8.99,0,1,False,False,False,False,False,False,False,True,1.0,1.0,0.5,0.5,0.5,0.5,0
0.010193679918450561,8.99,-8.99,0,1,False,False,False,False,False,False,False,True,1.0,1.0,0.5,0.5,0.5,0.5,0
0.010193679918450561,8.99,-8.99,0,1,False,True,False,False,False,False,False,False,1.0,1.0,0.5,0.5,0.5,0.5,0
0.010193679918450561,8.99,-8.99,0,1,False,True,False,False,False,False,False,False,1.0,1.0,0.5,0.5,0.5,0.5,0
0.010193679918450561,8.99,-8.99,0,1,False,False,False,False,False,False,False,True,1.0,1.0,0.5,0.5,0.5,0.5,0
0.010193679918450561,8.99,-8.99,0,1,False,True,False,False,False,False,False,False,1.0,1.0,0.5,0.5,0.5,0.5,0
0.010193679918450561,8.99,-8.99,0,1,False,True,False,False,False,False,False,False,1.0,1.0,0.5,0.5,0.5,0.5,0
0.5300713557594292,8.98,-8.98,0,1,False,False,False,False,False,False,True,False,1.0,1.0,0.5,0.5,0.5,0.5,1
0.5300713557594292,8.98,-8.98,0,1,False,False,False,False,False,False,True,False,1.0,1.0,0.5,0.5,0.5,0.5,0
0.020387359836901122,8.98,-8.98,0,1,False,False,False,False,False,False,False,True,1.0,1.0,0.5,0.5,0.5,0.5,0
0.020387359836901122,8.98,-8.98,0,1,False,True,False,False,False,False,False,False,1.0,1.0,0.5,0.5,0.5,0.5,0
0.020387359836901122,8.98,-8.98,0,1,False,True,False,False,False,False,False,False,1.0,1.0,0.5,0.5,0.5,0.5,0
0.020387359836901122,8.98,-8.98,0,1,False,True,False,False,False,False,False,False,1.0,1.0,0.5,0.5,0.5,0.5,0
0.020387359836901122,8.98,-8.98,0,1,False,False,False,False,False,False,False,True,1.0,1.0,0.5,0.5,0.5,0.5,0
0.020387359836901122,8.98,-8.98,0,1,False,True,False,False,False,False,False,False,1.0,1.0,0.5,0.5,0.5,0.5,0
0.020387359836901122,8.98,-8.98,0,1,False,False,False,False,False,False,False,True,1.0,1.0,0.5,0.5,0.5,0.5,0
0.020387359836901122,8.98,-8.98,0,1,False,True,False,False,False,False,False,False,1.0,1.0,0.5,0.5,0.5,0.5,0
0.03058103975535168,8.97,-8.97,0,1,False,False,False,False,False,False,False,True,1.0,1.0,0.5,0.5,0.5,0.5,0
0.03058103975535168,8.97,-8.97,0,1,False,False,False,False,True,False,False,False,1.0,1.0,0.5,0.5,0.5,0.5,0
0.5504587155963303,8.96,-8.96,0,1,False,False,False,False,False,False,True,False,1.0,1.0,0.5,0.5,0.5,0.5,0
0.040774719673802244,8.96,-8.96,0,1,False,False,False,False,True,False,False,False,1.0,1.0,0.5,0.5,0.5,0.5,0
0.040774719673802244,8.96,-8.96,0,1,False,False,False,False,False,False,False,True,1.0,1.0,0.5,0.5,0.5,0.5,0
0.040774719673802244,8.96,-8.96,0,1,False,False,False,False,True,False,False,False,1.0,1.0,0.5,0.5,0.5,0.5,0
0.040774719673802244,8.96,-8.96,0,1,False,False,False,False,False,False,False,True,1.0,1.0,0.5,0.5,0.5,0.5,0
0.040774719673802244,8.96,-8.96,0,1,False,False,False,False,False,False,False,True,1.0,1.0,0.5,0.5,0.5,0.5,0
0.040774719673802244,8.96,-8.96,0,1,False,False,False,False,False,False,False,True,1.0,1.0,0.5,0.5,0.5,0.5,0
0.040774719673802244,8.96,-8.96,0,1,False,False,False,False,True,False,False,False,1.0,1.0,0.5,0.5,0.5,0.5,0
0.040774719673802244,8.96,-8.96,0,1,False,False,True,False,False,False,False,False,1.0,1.0,0.5,0.5,0.5,0.5,0
0.040774719673802244,8.96,-8.96,0,1,False,False,False,False,False,False,False,True,1.0,1.0,0.5,0.5,0.5,0.5,0
0.040774719673802244,8.96,-8.96,0,1,False,False,False,False,True,False,False,False,1.0,1.0,0.5,0.5,0.5,0.5,0
0.040774719673802244,8.96,-8.96,0,1,False,False,False,False,True,False,False,False,1.0,1.0,0.5,0.5,0.5,0.5,0
0.05096839959225281,8.95,-8.95,0,1,False,False,False,False,True,False,False,False,1.0,1.0,0.5,0.5,0.5,0.5,0
0.05096839959225281,8.95,-8.95,0,1,False,False,False,False,False,False,False,True,1.0,1.0,0.5,0.5,0.5,0.5,0
0.05096839959225281,8.95,-8.95,0,1,False,False,False,False,False,False,False,True,1.0,1.0,0.5,0.5,0.5,0.5,0
0.05096839959225281,8.95,-8.95,0,1,False,False,False,False,True,False,False,False,1.0,1.0,0.5,0.5,0.5,0.5,1
0.05096839959225281,8.95,-8.95,0,1,False,False,False,False,False,False,False,True,1.0,1.0,0.5,0.5,0.5,0.5,0
0.05096839959225281,8.95,-8.95,0,1,False,False,False,False,True,False,False,False,1.0,1.0,0.5,0.5,0.5,0.5,0
0.5708460754332315,8.94,-8.94,0,1,False,False,False,False,False,True,False,False,1.0,1.0,0.5,0.5,0.5,0.5,0
0.06116207951070336,8.94,-8.94,0,1,False,False,False,False,False,False,False,True,1.0,1.0,0.5,0.5,0.5,0.5,0
0.06116207951070336,8.94,-8.94,0,1,False,False,False,False,True,False,False,False,1.0,1.0,0.5,0.5,0.5,0.5,0
0.06116207951070336,8.94,-8.94,0,1,False,True,False,False,False,False,False,False,1.0,1.0,0.5,0.5,0.5,0.5,0
0.06116207951070336,8.94,-8.94,0,1,False,True,False,False,False,False,False,False,1.0,1.0,0.5,0.5,0.5,0.5,0
0.06116207951070336,8.94,-8.94,0,1,False,False,False,False,False,False,False,True,1.0,1.0,0.5,0.5,0.5,0.5,0
0.06116207951070336,8.94,-8.94,0,1,False,False,False,False,True,False,False,False,1.0,1.0,0.5,0.5,0.5,0.5,0
0.06116207951070336,8.94,-8.94,0,1,False,False,False,False,False,False,False,True,1.0,1.0,0.5,0.5,0.5,0.5,1
0.06116207951070336,8.94,-8.94,0,1,False,False,False,False,False,False,False,True,1.0,1.0,0.5,0.5,0.5,0.5,0
0.07135575942915394,8.93,-8.93,0,1,False,False,False,False,True,False,False,False,1.0,1.0,0.5,0.5,0.5,0.5,0
0.07135575942915394,8.93,-8.93,0,1,True,False,False,False,False,False,False,False,1.0,1.0,0.5,0.5,0.5,0.5,0
0.07135575942915394,8.93,-8.93,0,1,False,False,False,False,True,False,False,False,1.0,1.0,0.5,0.5,0.5,0.5,1
0.07135575942915394,8.93,-8.93,0,1,False,False,False,False,False,False,False,True,1.0,1.0,0.5,0.5,0.5,0.5,0
0.07135575942915394,8.93,-8.93,0,1,True,False,False,False,False,False,False,False,1.0,1.0,0.5,0.5,0.5,0.5,0
0.08154943934760449,8.92,-8.92,0,1,True,False,False,False,False,False,False,False,1.0,1.0,0.5,0.5,0.5,0.5,0
0.08154943934760449,8.92,-8.92,0,1,False,False,False,False,True,False,False,False,1.0,1.0,0.5,0.5,0.5,0.5,0
0.08154943934760449,8.92,-8.92,0,1,False,False,True,False,False,False,False,False,1.0,1.0,0.5,0.5,0.5,0.5,0
0.08154943934760449,8.92,-8.92,0,1,True,False,False,False,False,False,False,False,1.0,1.0,0.5,0.5,0.5,0.5,0
0.08154943934760449,8.92,-8.92,0,1,False,False,False,False,False,False,False,True,1.0,1.0,0.5,0.5,0.5,0.5,0
0.08154943934760449,8.92,-8.92,0,1,False,False,False,False,True,False,False,False,1.0,1.0,0.5,0.5,0.5,0.5,0
0.08154943934760449,8.92,-8.92,0,1,True,False,False,False,False,False,False,False,1.0,1.0,0.5,0.5,0.5,0.5,0
0.601427115188583,8.91,-8.91,0,1,False,False,False,False,False,True,False,False,1.0,1.0,0.5,0.5,0.5,0.5,1
0.09174311926605505,8.91,-8.91,0,1,False,False,False,False,True,False,False,False,1.0,1.0,0.5,0.5,0.5,0.5,0
0.09174311926605505,8.91,-8.91,0,1,True,False,False,False,False,False,False,False,1.0,1.0,0.5,0.5,0.5,0.5,0
0.09174311926605505,8.91,-8.91,0,1,True,False,False,False,False,False,False,False,1.0,1.0,0.5,0.5,0.5,0.5,0
0.09174311926605505,8.91,-8.91,0,1,True,False,False,False,False,False,False,False,1.0,1.0,0.5,0.5,0.5,0.5,0
0.10193679918450561,8.9,-8.9,0,1,False,False,False,False,False,True,False,False,1.0,1.0,0.5,0.5,0.5,0.5,0
0.10193679918450561,8.9,-8.9,0,1,False,False,False,False,False,False,True,False,1.0,1.0,0.5,0.5,0.5,0.5,0
0.10193679918450561,8.9,-8.9,0,1,True,False,False,False,False,False,False,False,1.0,1.0,0.5,0.5,0.5,0.5,0
0.10193679918450561,8.9,-8.9,0,1,False,False,False,False,True,False,False,False,1.0,1.0,0.5,0.5,0.5,0.5,0
0.10193679918450561,8.9,-8.9,0,1,False,False,True,False,False,False,False,False,1.0,1.0,0.5,0.5,0.5,0.5,0
0.10193679918450561,8.9,-8.9,0,1,False,False,False,False,False,False,True,False,1.0,1.0,0.5,0.5,0.5,0.5,0
0.10193679918450561,8.9,-8.9,0,1,False,False,False,False,True,False,False,False,1.0,1.0,0.5,0.5,0.5,0.5,0
0.10193679918450561,8.9,-8.9,0,1,False,False,False,False,True,False,False,False,1.0,1.0,0.5,0.5,0.5,0.5,0
0.10193679918450561,8.9,-8.9,0,1,False,False,False,False,True,False,False,False,1.0,1.0,0.5,0.5,0.5,0.5,0
0.10193679918450561,8.9,-8.9,0,1,True,False,False,False,False,False,False,False,1.0,1.0,0.5,0.5,0.5,0.5,1
0.11213047910295618,8.89,-8.89,0,1,True,False,False,False,False,False,False,False,1.0,1.0,0.5,0.5,0.5,0.5,0
0.11213047910295618,8.89,-8.89,0,1,True,False,False,False,False,False,False,False,1.0,1.0,0.5,0.5,0.5,0.5,0
0.11213047910295618,8.89,-8.89,0,1,False,False,False,False,True,False,False,False,1.0,1.0,0.5,0.5,0.5,0.5,0
0.11213047910295618,8.89,-8.89,0,1,False,False,False,False,True,False,False,False,1.0,1.0,0.5,0.5,0.5,0.5,0
0.12232415902140673,8.88,-8.88,0,1,False,False,False,False,True,False,False,False,1.0,1.0,0.5,0.5,0.5,0.5,0
0.12232415902140673,8.88,-8.88,0,1,True,False,False,False,False,False,False,False,1.0,1.0,0.5,0.5,0.5,0.5,0
0.12232415902140673,8.88,-8.88,0,1,False,False,False,False,True,False,False,False,1.0,1.0,0.5,0.5,0.5,0.5,1
0.12232415902140673,8.88,-8.88,0,1,True,False,False,False,False,False,False,False,1.0,1.0,0.5,0.5,0.5,0.5,0
0.12232415902140673,8.88,-8.88,0,1,False,False,False,False,True,False,False,False,1.0,1.0,0.5,0.5,0.5,0.5,0
0.12232415902140673,8.88,-8.88,0,1,True,False,False,False,False,False,False,False,1.0,1.0,0.5,0.5,0.5,0.5,0
0.12232415902140673,8.88,-8.88,0,1,True,False,False,False,False,False,False,False,1.0,1.0,0.5,0.5,0.5,0.5,1
0.12232415902140673,8.88,-8.88,0,1,True,False,False,False,False,False,False,False,1.0,1.0,0.5,0.5,0.5,0.5,0
0.12232415902140673,8.88,-8.88,0,1,False,False,True,False,False,False,False,False,1.0,1.0,0.5,0.5,0.5,0.5,0
0.12232415902140673,8.88,-8.88,0,1,True,False,False,False,False,False,False,False,1.0,1.0,0.5,0.5,0.5,0.5,0
0.12232415902140673,8.88,-8.88,0,1,False,False,False,False,True,False,False,False,1.0,1.0,0.5,0.5,0.5,0.5,0
0.1325178389398573,8.87,-8.87,0,1,True,False,False,False,False,False,False,False,1.0,1.0,0.5,0.5,0.5,0.5,0
0.1325178389398573,8.87,-8.87,0,1,True,False,False,False,False,False,False,False,1.0,1.0,0.5,0.5,0.5,0.5,0
0.1325178389398573,8.87,-8.87,0,1,False,False,False,False,True,False,False,False,1.0,1.0,0.5,0.5,0.5,0.5,0
0.1325178389398573,8.87,-8.87,0,1,True,False,False,False,False,False,False,False,1.0,1.0,0.5,0.5,0.5,0.5,0
0.14271151885830788,8.86,-8.86,0,1,False,False,True,False,False,False,False,False,1.0,1.0,0.5,0.5,0.5,0.5,0
0.14271151885830788,8.86,-8.86,0,1,False,False,True,False,False,False,False,False,1.0,1.0,0.5,0.5,0.5,0.5,0
0.14271151885830788,8.86,-8.86,0,1,True,False,False,False,False,False,False,False,1.0,1.0,0.5,0.5,0.5,0.5,0
0.14271151885830788,8.86,-8.86,0,1,True,False,False,False,False,False,False,False,1.0,1.0,0.5,0.5,0.5,0.5,0
0.14271151885830788,8.86,-8.86,0,1,False,False,False,False,True,False,False,False,1.0,1.0,0.5,0.5,0.5,0.5,0
0.14271151885830788,8.86,-8.86,0,1,False,False,False,False,True,False,False,False,1.0,1.0,0.5,0.5,0.5,0.5,0
0.14271151885830788,8.86,-8.86,0,1,False,False,False,False,False,False,False,True,1.0,1.0,0.5,0.5,0.5,0.5,0
0.6625891946992865,8.85,-8.85,0,1,False,False,False,False,False,True,False,False,1.0,1.0,0.5,0.5,0.5,0.5,0
0.1529051987767584,8.85,-8.85,0,1,True,False,False,False,False,False,False,False,1.0,1.0,0.5,0.5,0.5,0.5,0
0.1529051987767584,8.85,-8.85,0,1,True,False,False,False,False,False,False,False,1.0,1.0,0.5,0.5,0.5,0.5,0
0.1529051987767584,8.85,-8.85,0,1,True,False,False,False,False,False,False,False,1.0,1.0,0.5,0.5,0.5,0.5,0
0.1529051987767584,8.85,-8.85,0,1,False,False,False,False,False,False,False,True,1.0,1.0,0.5,0.5,0.5,0.5,0
0.1529051987767584,8.85,-8.85,0,1,False,False,False,False,True,False,False,False,1.0,1.0,0.5,0.5,0.5,0.5,0
0.1529051987767584,8.85,-8.85,0,1,False,False,False,False,False,False,True,False,1.0,1.0,0.5,0.5,0.5,0.5,0
0.1529051987767584,8.85,-8.85,0,1,True,False,False,False,False,False,False,False,1.0,1.0,0.5,0.5,0.5,0.5,0
0.1529051987767584,8.85,-8.85,0,1,True,False,False,False,False,False,False,False,1.0,1.0,0.5,0.5,0.5,0.5,0
0.1529051987767584,8.85,-8.85,0,1,True,False,False,False,False,False,False,False,1.0,1.0,0.5,0.5,0.5,0.5,0
0.1529051987767584,8.85,-8.85,0,1,False,False,False,False,False,True,False,False,1.0,1.0,0.5,0.5,0.5,0.5,0
0.1529051987767584,8.85,-8.85,0,1,True,False,False,False,False,False,False,False,1.0,1.0,0.5,0.5,0.5,0.5,0
0.1529051987767584,8.85,-8.85,0,1,False,False,True,False,False,False,False,False,1.0,1.0,0.5,0.5,0.5,0.5,0
0.672782874617737,8.84,-8.84,0,1,False,False,False,True,False,False,False,False,1.0,1.0,0.5,0.5,0.5,0.5,0
0.16309887869520898,8.84,-8.84,0,1,False,False,False,False,False,False,True,False,1.0,1.0,0.5,0.5,0.5,0.5,0
0.16309887869520898,8.84,-8.84,0,1,False,False,False,False,True,False,False,False,1.0,1.0,0.5,0.5,0.5,0.5,0
0.16309887869520898,8.84,-8.84,0,1,True,False,False,False,False,False,False,False,1.0,1.0,0.5,0.5,0.5,0.5,0
0.16309887869520898,8.84,-8.84,0,1,False,False,True,False,False,False,False,False,1.0,1.0,0.5,0.5,0.5,0.5,0
0.1834862385321101,8.82,-8.82,0,1,True,False,False,False,False,False,False,False,1.0,1.0,0.5,0.5,0.5,0.5,0
0.1834862385321101,8.82,-8.82,0,1,False,False,False,False,True,False,False,False,1.0,1.0,0.5,0.5,0.5,0.5,0
0.7033639143730887,8.81,-8.81,0,1,False,False,False,True,False,False,False,False,1.0,1.0,0.5,0.5,0.5,0.5,1
0.19367991845056065,8.81,-8.81,0,1,True,False,False,False,False,False,False,False,1.0,1.0,0.5,0.5,0.5,0.5,0
0.19367991845056065,8.81,-8.81,0,1,False,False,False,False,True,False,False,False,1.0,1.0,0.5,0.5,0.5,0.5,0
0.19367991845056065,8.81,-8.81,0,1,False,False,False,False,False,True,False,False,1.0,1.0,0.5,0.5,0.5,0.5,0
0.7135575942915392,8.8,-8.8,0,1,False,False,False,True,False,False,False,False,1.0,1.0,0.5,0.5,0.5,0.5,1
0.7135575942915392,8.8,-8.8,0,1,False,False,True,False,False,False,False,False,1.0,1.0,0.5,0.5,0.5,0.5,0
0.20387359836901123,8.8,-8.8,0,1,True,False,False,False,False,False,False,False,1.0,1.0,0.5,0.5,0.5,0.5,0
0.20387359836901123,8.8,-8.8,0,1,True,False,False,False,False,False,False,False,1.0,1.0,0.5,0.5,0.5,0.5,0
0.20387359836901123,8.8,-8.8,0,1,False,False,True,False,False,False,False,False,1.0,1.0,0.5,0.5,0.5,0.5,0
0.7237512742099897,8.79,-8.79,0,1,False,False,False,True,False,False,False,False,1.0,1.0,0.5,0.5,0.5,0.5,1
0.21406727828746178,8.79,-8.79,0,1,False,False,False,False,False,True,False,False,1.0,1.0,0.5,0.5,0.5,0.5,0
0.21406727828746178,8.79,-8.79,0,1,False,False,False,True,False,False,False,False,1.0,1.0,0.5,0.5,0.5,0.5,0
0.21406727828746178,8.79,-8.79,0,1,True,False,False,False,False,False,False,False,1.0,1.0,0.5,0.5,0.5,0.5,0
0.22426095820591235,8.78,-8.78,0,1,False,False,True,False,False,False,False,False,1.0,1.0,0.5,0.5,0.5,0.5,0
0.22426095820591235,8.78,-8.78,0,1,False,False,False,False,False,False,True,False,1.0,1.0,0.5,0.5,0.5,0.5,0
0.22426095820591235,8.78,-8.78,0,1,False,False,False,False,False,False,True,False,1.0,1.0,0.5,0.5,0.5,0.5,0
0.22426095820591235,8.78,-8.78,0,1,False,False,False,False,True,False,False,False,1.0,1.0,0.5,0.5,0.5,0.5,0
0.2344546381243629,8.77,-8.77,0,1,False,False,True,False,False,False,False,False,1.0,1.0,0.5,0.5,0.5,0.5,0
0.2344546381243629,8.77,-8.77,0,1,False,False,False,False,False,True,False,False,1.0,1.0,0.5,0.5,0.5,0.5,0
0.2344546381243629,8.77,-8.77,0,1,False,False,False,False,False,False,True,False,1.0,1.0,0.5,0.5,0.5,0.5,0
0.2344546381243629,8.77,-8.77,0,1,False,False,True,False,False,False,False,False,1.0,1.0,0.5,0.5,0.5,0.5,0
0.24464831804281345,8.76,-8.76,0,1,False,False,False,False,False,False,False,True,1.0,1.0,0.5,0.5,0.5,0.5,0
0.24464831804281345,8.76,-8.76,0,1,False,False,True,False,False,False,False,False,1.0,1.0,0.5,0.5,0.5,0.5,0
0.24464831804281345,8.76,-8.76,0,1,False,False,False,False,False,True,False,False,1.0,1.0,0.5,0.5,0.5,0.5,0
0.24464831804281345,8.76,-8.76,0,1,False,False,True,False,False,False,False,False,1.0,1.0,0.5,0.5,0.5,0.5,0
0.254841997961264,8.75,-8.75,0,1,False,False,True,False,False,False,False,False,1.0,1.0,0.5,0.5,0.5,0.5,1
0.254841997961264,8.75,-8.75,0,1,False,False,False,False,False,False,True,False,1.0,1.0,0.5,0.5,0.5,0.5,0
0.254841997961264,8.75,-8.75,0,1,False,False,True,False,False,False,False,False,1.0,1.0,0.5,0.5,0.5,0.5,0
0.2650356778797146,8.74,-8.74,0,1,False,False,True,False,False,False,False,False,1.0,1.0,0.5,0.5,0.5,0.5,0
0.2650356778797146,8.74,-8.74,0,1,False,False,True,False,False,False,False,False,1.0,1.0,0.5,0.5,0.5,0.5,0
0.2650356778797146,8.74,-8.74,0,1,False,False,False,False,False,False,True,False,1.0,1.0,0.5,0.5,0.5,0.5,0
0.2650356778797146,8.74,-8.74,0,1,False,False,False,False,False,False,True,False,1.0,1.0,0.5,0.5,0.5,0.5,1
0.7849133537206932,8.73,-8.73,0,1,False,False,False,True,False,False,False,False,1.0,1.0,0.5,0.5,0.5,0.5,1
0.27522935779816515,8.73,-8.73,0,1,False,False,False,False,False,True,False,False,1.0,1.0,0.5,0.5,0.5,0.5,0
0.27522935779816515,8.73,-8.73,0,1,False,False,False,False,False,True,False,False,1.0,1.0,0.5,0.5,0.5,0.5,0
0.27522935779816515,8.73,-8.73,0,1,False,False,True,False,False,False,False,False,1.0,1.0,0.5,0.5,0.5,0.5,0
0.27522935779816515,8.73,-8.73,0,1,False,False,True,False,False,False,False,False,1.0,1.0,0.5,0.5,0.5,0.5,0
0.27522935779816515,8.73,-8.73,0,1,False,False,False,False,False,True,False,False,1.0,1.0,0.5,0.5,0.5,0.5,0
0.28542303771661576,8.72,-8.72,0,1,False,False,False,False,False,True,False,False,1.0,1.0,0.5,0.5,0.5,0.5,0
0.28542303771661576,8.72,-8.72,0,1,False,False,True,False,False,False,False,False,1.0,1.0,0.5,0.5,0.5,0.5,0
0.8053007135575944,8.71,-8.71,0,1,False,False,False,True,False,False,False,False,1.0,1.0,0.5,0.5,0.5,0.5,1
0.29561671763506625,8.71,-8.71,0,1,False,False,True,False,False,False,False,False,1.0,1.0,0.5,0.5,0.5,0.5,0
0.29561671763506625,8.71,-8.71,0,1,False,False,False,False,False,False,True,False,1.0,1.0,0.5,0.5,0.5,0.5,0
0.29561671763506625,8.71,-8.71,0,1,False,False,False,False,False,False,True,False,1.0,1.0,0.5,0.5,0.5,0.5,0
0.29561671763506625,8.71,-8.71,0,1,False,False,False,False,False,True,False,False,1.0,1.0,0.5,0.5,0.5,0.5,0
0.3058103975535168,8.7,-8.7,0,1,False,False,True,False,False,False,False,False,1.0,1.0,0.5,0.5,0.5,0.5,0
0.3058103975535168,8.7,-8.7,0,1,False,False,True,False,False,False,False,False,1.0,1.0,0.5,0.5,0.5,0.5,1
0.3058103975535168,8.7,-8.7,0,1,False,False,False,False,False,False,True,False,1.0,1.0,0.5,0.5,0.5,0.5,0
0.3058103975535168,8.7,-8.7,0,1,False,False,True,False,False,False,False,False,1.0,1.0,0.5,0.5,0.5,0.5,0
0.3058103975535168,8.7,-8.7,0,1,False,False,False,False,False,False,True,False,1.0,1.0,0.5,0.5,0.5,0.5,0
0.3058103975535168,8.7,-8.7,0,1,False,False,False,False,False,True,False,False,1.0,1.0,0.5,0.5,0.5,0.5,0
0.3160040774719674,8.69,-8.69,0,1,False,False,False,False,False,False,True,False,1.0,1.0,0.5,0.5,0.5,0.5,0
0.3160040774719674,8.69,-8.69,0,1,False,False,False,False,False,False,True,False,1.0,1.0,0.5,0.5,0.5,0.5,0
0.32619775739041795,8.68,-8.68,0,1,False,False,False,False,False,False,True,False,1.0,1.0,0.5,0.5,0.5,0.5,1
0.32619775739041795,8.68,-8.68,0,1,False,False,False,False,False,True,False,False,1.0,1.0,0.5,0.5,0.5,0.5,1
0.32619775739041795,8.68,-8.68,0,1,False,False,False,False,False,False,True,False,1.0,1.0,0.5,0.5,0.5,0.5,0
0.32619775739041795,8.68,-8.68,0,1,False,False,False,False,False,True,False,False,1.0,1.0,0.5,0.5,0.5,0.5,0
0.3363914373088685,8.67,-8.67,0,1,False,False,False,False,False,True,False,False,1.0,1.0,0.5,0.5,0.5,0.5,0
0.3363914373088685,8.67,-8.67,0,1,False,False,False,False,False,False,True,False,1.0,1.0,0.5,0.5,0.5,0.5,0
0.3363914373088685,8.67,-8.67,0,1,False,False,True,False,False,False,False,False,1.0,1.0,0.5,0.5,0.5,0.5,0
0.3363914373088685,8.67,-8.67,0,1,False,False,False,False,False,False,True,False,1.0,1.0,0.5,0.5,0.5,0.5,0
0.3465851172273191,8.66,-8.66,0,1,False,False,True,False,False,False,False,False,1.0,1.0,0.5,0.5,0.5,0.5,0
0.3465851172273191,8.66,-8.66,0,1,False,False,False,False,False,False,True,False,1.0,1.0,0.5,0.5,0.5,0.5,0
0.3465851172273191,8.66,-8.66,0,1,False,False,False,False,False,True,False,False,1.0,1.0,0.5,0.5,0.5,0.5,0
0.3465851172273191,8.66,-8.66,0,1,False,False,False,False,False,True,False,False,1.0,1.0,0.5,0.5,0.5,0.5,1
0.3567787971457696,8.65,-8.65,0,1,False,False,True,False,False,False,False,False,1.0,1.0,0.5,0.5,0.5,0.5,0
0.3567787971457696,8.65,-8.65,0,1,False,False,False,False,False,True,False,False,1.0,1.0,0.5,0.5,0.5,0.5,1
0.3567787971457696,8.65,-8.65,0,1,False,False,True,False,False,False,False,False,1.0,1.0,0.5,0.5,0.5,0.5,1
0.3567787971457696,8.65,-8.65,0,1,False,False,False,False,False,False,True,False,1.0,1.0,0.5,0.5,0.5,0.5,0
0.8766564729867482,8.64,-8.64,0,1,False,False,False,True,False,False,False,False,1.0,1.0,0.5,0.5,0.5,0.5,0
0.3669724770642202,8.64,-8.64,0,1,False,False,False,False,False,True,False,False,1.0,1.0,0.5,0.5,0.5,0.5,1
0.3669724770642202,8.64,-8.64,0,1,False,False,False,False,False,False,True,False,1.0,1.0,0.5,0.5,0.5,0.5,0
0.37716615698267075,8.63,-8.63,0,1,False,False,False,False,False,True,False,False,1.0,1.0,0.5,0.5,0.5,0.5,0
0.37716615698267075,8.63,-8.63,0,1,False,False,False,False,False,False,True,False,1.0,1.0,0.5,0.5,0.5,0.5,1
0.37716615698267075,8.63,-8.63,0,1,False,False,False,False,False,True,False,False,1.0,1.0,0.5,0.5,0.5,0.5,0
0.37716615698267075,8.63,-8.63,0,1,False,False,False,False,False,True,False,False,1.0,1.0,0.5,0.5,0.5,0.5,1
0.3873598369011213,8.62,-8.62,0,1,False,False,False,False,False,True,False,False,1.0,1.0,0.5,0.5,0.5,0.5,0
0.3873598369011213,8.62,-8.62,0,1,False,False,True,False,False,False,False,False,1.0,1.0,0.5,0.5,0.5,0.5,0
0.9072375127421,8.61,-8.61,0,1,False,False,False,True,False,False,False,False,1.0,1.0,0.5,0.5,0.5,0.5,0
0.3975535168195719,8.61,-8.61,0,1,False,False,False,False,False,True,False,False,1.0,1.0,0.5,0.5,0.5,0.5,1
0.40774719673802245,8.6,-8.6,0,1,False,False,False,False,False,True,False,False,1.0,1.0,0.5,0.5,0.5,0.5,0
0.40774719673802245,8.6,-8.6,0,1,False,False,True,False,False,False,False,False,1.0,1.0,0.5,0.5,0.5,0.5,0
0.40774719673802245,8.6,-8.6,0,1,False,False,False,False,False,False,True,False,1.0,1.0,0.5,0.5,0.5,0.5,0
0.40774719673802245,8.6,-8.6,0,1,False,False,True,False,False,False,False,False,1.0,1.0,0.5,0.5,0.5,0.5,1
0.41794087665647295,8.59,-8.59,0,1,False,False,False,True,False,False,False,False,1.0,1.0,0.5,0.5,0.5,0.5,0
0.41794087665647295,8.59,-8.59,0,1,False,False,False,True,False,False,False,False,1.0,1.0,0.5,0.5,0.5,0.5,0
0.41794087665647295,8.59,-8.59,0,1,False,False,False,False,False,False,True,False,1.0,1.0,0.5,0.5,0.5,0.5,1
0.41794087665647295,8.59,-8.59,0,1,False,False,True,False,False,False,False,False,1.0,1.0,0.5,0.5,0.5,0.5,0
0.41794087665647295,8.59,-8.59,0,1,False,False,False,False,False,False,True,False,1.0,1.0,0.5,0.5,0.5,0.5,0
0.42813455657492355,8.58,-8.58,0,1,False,False,False,False,False,False,True,False,1.0,1.0,0.5,0.5,0.5,0.5,0
0.42813455657492355,8.58,-8.58,0,1,False,False,False,False,False,False,True,False,1.0,1.0,0.5,0.5,0.5,0.5,0
0.42813455657492355,8.58,-8.58,0,1,False,False,True,False,False,False,False,False,1.0,1.0,0.5,0.5,0.5,0.5,1
0.4383282364933741,8.57,-8.57,0,1,False,False,False,False,False,True,False,False,1.0,1.0,0.5,0.5,0.5,0.5,0
0.4383282364933741,8.57,-8.57,0,1,False,False,False,True,False,False,False,False,1.0,1.0,0.5,0.5,0.5,0.5,1
0.4383282364933741,8.57,-8.57,0,1,False,False,False,False,False,False,True,False,1.0,1.0,0.5,0.5,0.5,0.5,1
0.4383282364933741,8.57,-8.57,0,1,False,False,False,False,False,False,True,False,1.0,1.0,0.5,0.5,0.5,0.5,1
0.4485219164118247,8.56,-8.56,0,1,False,False,False,False,False,True,False,False,1.0,1.0,0.5,0.5,0.5,0.5,0
0.45871559633027525,8.55,-8.55,0,1,False,False,False,False,False,False,True,False,1.0,1.0,0.5,0.5,0.5,0.5,0
0.45871559633027525,8.55,-8.55,0,1,False,False,False,False,False,False,True,False,1.0,1.0,0.5,0.5,0.5,0.5,0
0.45871559633027525,8.55,-8.55,0,1,False,False,False,False,False,True,False,False,1.0,1.0,0.5,0.5,0.5,0.5,1
0.4689092762487258,8.54,-8.54,0,1,False,False,False,False,False,True,False,False,1.0,1.0,0.5,0.5,0.5,0.5,0
0.4689092762487258,8.54,-8.54,0,1,False,False,False,False,False,True,False,False,1.0,1.0,0.5,0.5,0.5,0.5,0
0.47910295616717635,8.53,-8.53,0,1,False,False,False,False,False,True,False,False,1.0,1.0,0.5,0.5,0.5,0.5,0
0.47910295616717635,8.53,-8.53,0,1,False,False,False,False,False,True,False,False,1.0,1.0,0.5,0.5,0.5,0.5,1
0.49949031600407745,8.51,-8.51,0,1,False,False,False,False,False,True,False,False,1.0,1.0,0.5,0.5,0.5,0.5,1
0.49949031600407745,8.51,-8.51,0,1,False,False,False,False,False,True,False,False,1.0,1.0,0.5,0.5,0.5,0.5,1
0.49949031600407745,8.51,-8.51,0,1,False,False,False,False,False,False,True,False,1.0,1.0,0.5,0.5,0.5,0.5,0
0.509683995922528,8.5,-8.5,0,1,False,False,False,False,False,True,False,False,1.0,1.0,0.5,0.5,0.5,0.5,0
0.0,8.5,-8.5,0,1,False,True,False,False,False,False,False,False,1.0,1.0,0.5,0.5,0.5,0.5,1
0.0,8.5,-8.5,0,1,False,False,False,False,False,False,False,True,1.0,1.0,0.5,0.5,0.5,0.5,1
0.0,8.5,-8.5,0,1,False,True,False,False,False,False,False,False,1.0,1.0,0.5,0.5,0.5,0.5,1
0.0,8.5,-8.5,0,1,False,True,False,False,False,False,False,False,1.0,1.0,0.5,0.5,0.5,0.5,1
0.0,8.5,-8.5,0,1,False,False,False,False,True,False,False,False,1.0,1.0,0.5,0.5,0.5,0.5,1
0.0,8.5,-8.5,0,1,False,True,False,False,False,False,False,False,1.0,1.0,0.5,0.5,0.5,0.5,1
0.0,8.5,-8.5,0,1,False,True,False,False,False,False,False,False,1.0,1.0,0.5,0.5,0.5,0.5,1
0.0,8.5,-8.5,0,1,False,False,False,False,False,False,False,True,1.0,1.0,0.5,0.5,0.5,0.5,1
0.0,8.5,-8.5,0,1,False,True,False,False,False,False,False,False,1.0,1.0,0.5,0.5,0.5,0.5,1
0.0,8.5,-8.5,0,1,False,True,False,False,False,False,False,False,1.0,1.0,0.5,0.5,0.5,0.5,1
0.0,8.5,-8.5,0,1,False,False,False,True,False,False,False,False,1.0,1.0,0.5,0.5,0.5,0.5,1
0.0,8.5,-8.5,0,1,False,False,False,False,False,True,False,False,1.0,1.0,0.5,0.5,0.5,0.5,1
0.0,8.5,-8.5,0,1,False,False,False,False,False,False,True,False,1.0,1.0,0.5,0.5,0.5,0.5,1
0.0,8.5,-8.5,0,1,False,False,False,False,True,False,False,False,1.0,1.0,0.5,0.5,0.5,0.5,1
0.0,8.5,-8.5,0,1,True,False,False,False,False,False,False,False,1.0,1.0,0.5,0.5,0.5,0.5,1
0.0,8.5,-8.5,0,1,False,True,False,False,False,False,False,False,1.0,1.0,0.5,0.5,0.5,0.5,1
0.0,8.5,-8.5,0,1,False,False,True,False,False,False,False,False,1.0,1.0,0.5,0.5,0.5,0.5,1
0.0,8.5,-8.5,0,1,False,False,False,False,False,False,False,True,1.0,1.0,0.5,0.5,0.5,0.5,1
0.0,8.5,-8.5,0,1,False,True,False,False,False,False,False,False,1.0,1.0,0.5,0.5,0.5,0.5,1
0.0,8.5,-8.5,0,1,False,False,False,False,False,False,False,True,1.0,1.0,0.5,0.5,0.5,0.5,1
0.0,8.5,-8.5,0,1,False,True,False,False,False,False,False,False,1.0,1.0,0.5,0.5,0.5,0.5,1
0.0,8.5,-8.5,0,1,False,False,False,True,False,False,False,False,1.0,1.0,0.5,0.5,0.5,0.5,1
0.0,8.5,-8.5,0,1,False,False,False,False,False,True,False,False,1.0,1.0,0.5,0.5,0.5,0.5,1
0.0,8.5,-8.5,0,1,False,False,False,False,False,False,True,False,1.0,1.0,0.5,0.5,0.5,0.5,1
0.0,8.5,-8.5,0,1,False,False,False,False,True,False,False,False,1.0,1.0,0.5,0.5,0.5,0.5,1
0.0,8.5,-8.5,0,1,True,False,False,False,False,False,False,False,1.0,1.0,0.5,0.5,0.5,0.5,1
0.0,8.5,-8.5,0,1,False,True,False,False,False,False,False,False,1.0,1.0,0.5,0.5,0.5,0.5,1
0.0,8.5,-8.5,0,1,False,False,True,False,False,False,False,False,1.0,1.0,0.5,0.5,0.5,0.5,1
0.0,8.5,-8.5,0,1,False,False,False,False,False,False,False,True,1.0,1.0,0.5,0.5,0.5,0.5,1
0.0,8.5,-8.5,0,1,False,True,False,False,False,False,False,False,1.0,1.0,0.5,0.5,0.5,0.5,1
0.5198776758409787,8.49,-8.49,0,1,False,False,False,False,False,False,True,False,1.0,1.0,0.5,0.5,0.5,0.5,0
0.5198776758409787,8.49,-8.49,0,1,False,False,False,False,False,True,False,False,1.0,1.0,0.5,0.5,0.5,0.5,0
0.5198776758409787,8.49,-8.49,0,1,False,False,False,True,False,False,False,False,1.0,1.0,0.5,0.5,0.5,0.5,0
0.010193679918450561,8.49,-8.49,0,1,False,True,False,False,False,False,False,False,1.0,1.0,0.5,0.5,0.5,0.5,0
0.010193679918450561,8.49,-8.49,0,1,False,False,False,False,False,False,False,True,1.0,1.0,0.5,0.5,0.5,0.5,0
0.5300713557594292,8.48,-8.48,0,1,False,False,True,False,False,False,False,False,1.0,1.0,0.5,0.5,0.5,0.5,0
0.020387359836901122,8.48,-8.48,0,1,False,True,False,False,False,False,False,False,1.0,1.0,0.5,0.5,0.5,0.5,0
0.020387359836901122,8.48,-8.48,0,1,False,False,False,False,False,False,False,True,1.0,1.0,0.5,0.5,0.5,0.5,0
0.020387359836901122,8.48,-8.48,0,1,False,False,False,False,True,False,False,False,1.0,1.0,0.5,0.5,0.5,0.5,0
0.020387359836901122,8.48,-8.48,0,1,False,True,False,False,False,False,False,False,1.0,1.0,0.5,0.5,0.5,0.5,0
0.5402650356778798,8.47,-8.47,0,1,False,False,False,True,False,False,False,False,1.0,1.0,0.5,0.5,0.5,0.5,0
0.5402650356778798,8.47,-8.47,0,1,False,False,False,True,False,False,False,False,1.0,1.0,0.5,0.5,0.5,0.5,0
0.03058103975535168,8.47,-8.47,0,1,False,True,False,False,False,False,False,False,1.0,1.0,0.5,0.5,0.5,0.5,0
0.03058103975535168,8.47,-8.47,0,1,False,True,False,False,False,False,False,False,1.0,1.0,0.5,0.5,0.5,0.5,0
0.03058103975535168,8.47,-8.47,0,1,False,False,False,False,False,False,False,True,1.0,1.0,0.5,0.5,0.5,0.5,0
0.03058103975535168,8.47,-8.47,0,1,False,False,False,False,True,False,False,False,1.0,1.0,0.5,0.5,0.5,0.5,0
0.03058103975535168,8.47,-8.47,0,1,False,False,False,False,False,False,False,True,1.0,1.0,0.5,0.5,0.5,0.5,0
0.03058103975535168,8.47,-8.47,0,1,False,False,False,False,True,False,False,False,1.0,1.0,0.5,0.5,0.5,0.5,0
0.03058103975535168,8.47,-8.47,0,1,False,False,False,False,True,False,False,False,1.0,1.0,0.5,0.5,0.5,0.5,0
0.03058103975535168,8.47,-8.47,0,1,False,False,False,False,True,False,False,False,1.0,1.0,0.5,0.5,0.5,0.5,0
0.03058103975535168,8.47,-8.47,0,1,False,False,False,False,False,False,False,True,1.0,1.0,0.5,0.5,0.5,0.5,0
0.03058103975535168,8.47,-8.47,0,1,False,False,False,False,False,False,False,True,1.0,1.0,0.5,0.5,0.5,0.5,0
0.5504587155963303,8.46,-8.46,0,1,False,False,False,True,False,False,False,False,1.0,1.0,0.5,0.5,0.5,0.5,0
0.5504587155963303,8.46,-8.46,0,1,False,False,False,False,False,False,True,False,1.0,1.0,0.5,0.5,0.5,0.5,1
0.5504587155963303,8.46,-8.46,0,1,False,False,False,False,False,False,True,False,1.0,1.0,0.5,0.5,0.5,0.5,0
0.5504587155963303,8.46,-8.46,0,1,False,False,False,True,False,False,False,False,1.0,1.0,0.5,0.5,0.5,0.5,0
0.040774719673802244,8.46,-8.46,0,1,False,True,False,False,False,False,False,False,1.0,1.0,0.5,0.5,0.5,0.5,0
0.040774719673802244,8.46,-8.46,0,1,False,False,False,False,False,False,False,True,1.0,1.0,0.5,0.5,0.5,0.5,1
0.040774719673802244,8.46,-8.46,0,1,False,False,False,False,False,False,False,True,1.0,1.0,0.5,0.5,0.5,0.5,0
0.040774719673802244,8.46,-8.46,0,1,False,False,False,False,True,False,False,False,1.0,1.0,0.5,0.5,0.5,0.5,0
0.040774719673802244,8.46,-8.46,0,1,False,False,False,False,True,False,False,False,1.0,1.0,0.5,0.5,0.5,0.5,0
0.05096839959225281,8.45,-8.45,0,1,False,False,False,False,False,False,False,True,1.0,1.0,0.5,0.5,0.5,0.5,1
0.05096839959225281,8.45,-8.45,0,1,False,True,False,False,False,False,False,False,1.0,1.0,0.5,0.5,0.5,0.5,0
0.05096839959225281,8.45,-8.45,0,1,False,False,False,False,False,False,False,True,1.0,1.0,0.5,0.5,0.5,0.5,0
0.05096839959225281,8.45,-8.45,0,1,True,False,False,False,False,False,False,False,1.0,1.0,0.5,0.5,0.5,0.5,0
0.05096839959225281,8.45,-8.45,0,1,False,False,False,False,True,False,False,False,1.0,1.0,0.5,0.5,0.5,0.5,0
0.05096839959225281,8.45,-8.45,0,1,False,False,False,False,False,False,False,True,1.0,1.0,0.5,0.5,0.5,0.5,0
0.05096839959225281,8.45,-8.45,0,1,False,False,False,False,True,False,False,False,1.0,1.0,0.5,0.5,0.5,0.5,0
0.05096839959225281,8.45,-8.45,0,1,False,False,False,False,True,False,False,False,1.0,1.0,0.5,0.5,0.5,0.5,0
0.05096839959225281,8.45,-8.45,0,1,False,False,True,False,False,False,False,False,1.0,1.0,0.5,0.5,0.5,0.5,0
0.5708460754332315,8.44,-8.44,0,1,False,False,False,False,False,True,False,False,1.0,1.0,0.5,0.5,0.5,0.5,0
0.5708460754332315,8.44,-8.44,0,1,False,False,False,True,False,False,False,False,1.0,1.0,0.5,0.5,0.5,0.5,0
0.06116207951070336,8.44,-8.44,0,1,False,False,False,False,False,False,False,True,1.0,1.0,0.5,0.5,0.5,0.5,1
0.06116207951070336,8.44,-8.44,0,1,False,True,False,False,False,False,False,False,1.0,1.0,0.5,0.5,0.5,0.5,0
0.06116207951070336,8.44,-8.44,0,1,False,False,False,False,True,False,False,False,1.0,1.0,0.5,0.5,0.5,0.5,0
0.06116207951070336,8.44,-8.44,0,1,False,False,False,False,True,False,False,False,1.0,1.0,0.5,0.5,0.5,0.5,0
0.581039755351682,8.43,-8.43,0,1,False,False,False,True,False,False,False,False,1.0,1.0,0.5,0.5,0.5,0.5,0
0.07135575942915394,8.43,-8.43,0,1,False,False,False,False,True,False,False,False,1.0,1.0,0.5,0.5,0.5,0.5,0
0.07135575942915394,8.43,-8.43,0,1,False,False,False,False,False,False,False,True,1.0,1.0,0.5,0.5,0.5,0.5,0
0.07135575942915394,8.43,-8.43,0,1,False,False,False,False,False,False,True,False,1.0,1.0,0.5,0.5,0.5,0.5,1
0.07135575942915394,8.43,-8.43,0,1,False,False,False,False,True,False,False,False,1.0,1.0,0.5,0.5,0.5,0.5,0
0.07135575942915394,8.43,-8.43,0,1,True,False,False,False,False,False,False,False,1.0,1.0,0.5,0.5,0.5,0.5,0
0.07135575942915394,8.43,-8.43,0,1,False,False,False,False,True,False,False,False,1.0,1.0,0.5,0.5,0.5,0.5,0
0.07135575942915394,8.43,-8.43,0,1,False,True,False,False,False,False,False,False,1.0,1.0,0.5,0.5,0.5,0.5,0
0.08154943934760449,8.42,-8.42,0,1,False,False,False,False,True,False,False,False,1.0,1.0,0.5,0.5,0.5,0.5,0
0.08154943934760449,8.42,-8.42,0,1,True,False,False,False,False,False,False,False,1.0,1.0,0.5,0.5,0.5,0.5,0
0.08154943934760449,8.42,-8.42,0,1,False,False,False,False,True,False,False,False,1.0,1.0,0.5,0.5,0.5,0.5,0
0.08154943934760449,8.42,-8.42,0,1,True,False,False,False,False,False,False,False,1.0,1.0,0.5,0.5,0.5,0.5,0
0.08154943934760449,8.42,-8.42,0,1,False,False,False,False,True,False,False,False,1.0,1.0,0.5,0.5,0.5,0.5,0
0.08154943934760449,8.42,-8.42,0,1,True,False,False,False,False,False,False,False,1.0,1.0,0.5,0.5,0.5,0.5,0
0.08154943934760449,8.42,-8.42,0,1,False,False,False,False,True,False,False,False,1.0,1.0,0.5,0.5,0.5,0.5,0
0.601427115188583,8.41,-8.41,0,1,False,False,False,True,False,False,False,False,1.0,1.0,0.5,0.5,0.5,0.5,1
0.09174311926605505,8.41,-8.41,0,1,False,False,True,False,False,False,False,False,1.0,1.0,0.5,0.5,0.5,0.5,0
0.09174311926605505,8.41,-8.41,0,1,True,False,False,False,False,False,False,False,1.0,1.0,0.5,0.5,0.5,0.5,0
0.09174311926605505,8.41,-8.41,0,1,True,False,False,False,False,False,False,False,1.0,1.0,0.5,0.5,0.5,0.5,0
0.09174311926605505,8.41,-8.41,0,1,True,False,False,False,False,False,False,False,1.0,1.0,0.5,0.5,0.5,0.5,0
0.09174311926605505,8.41,-8.41,0,1,True,False,False,False,False,False,False,False,1.0,1.0,0.5,0.5,0.5,0.5,0
0.09174311926605505,8.41,-8.41,0,1,False,False,False,False,True,False,False,False,1.0,1.0,0.5,0.5,0.5,0.5,0
0.09174311926605505,8.41,-8.41,0,1,True,False,False,False,False,False,False,False,1.0,1.0,0.5,0.5,0.5,0.5,0
0.09174311926605505,8.41,-8.41,0,1,False,False,False,False,False,False,False,True,1.0,1.0,0.5,0.5,0.5,0.5,0
0.09174311926605505,8.41,-8.41,0,1,False,False,True,False,False,False,False,False,1.0,1.0,0.5,0.5,0.5,0.5,0
0.10193679918450561,8.4,-8.4,0,1,True,False,False,False,False,False,False,False,1.0,1.0,0.5,0.5,0.5,0.5,1
0.10193679918450561,8.4,-8.4,0,1,False,False,False,False,True,False,False,False,1.0,1.0,0.5,0.5,0.5,0.5,0
0.10193679918450561,8.4,-8.4,0,1,False,False,False,False,False,False,False,True,1.0,1.0,0.5,0.5,0.5,0.5,0
0.10193679918450561,8.4,-8.4,0,1,False,False,False,False,True,False,False,False,1.0,1.0,0.5,0.5,0.5,0.5,0
0.10193679918450561,8.4,-8.4,0,1,True,False,False,False,False,False,False,False,1.0,1.0,0.5,0.5,0.5,0.5,0
0.6218144750254841,8.39,-8.39,0,1,False,False,False,True,False,False,False,False,1.0,1.0,0.5,0.5,0.5,0.5,1
0.6218144750254841,8.39,-8.39,0,1,False,False,False,True,False,False,False,False,1.0,1.0,0.5,0.5,0.5,0.5,0
0.11213047910295618,8.39,-8.39,0,1,False,False,False,False,True,False,False,False,1.0,1.0,0.5,0.5,0.5,0.5,0
0.11213047910295618,8.39,-8.39,0,1,True,False,False,False,False,False,False,False,1.0,1.0,0.5,0.5,0.5,0.5,0
0.11213047910295618,8.39,-8.39,0,1,False,False,False,False,True,False,False,False,1.0,1.0,0.5,0.5,0.5,0.5,0
0.11213047910295618,8.39,-8.39,0,1,False,False,False,False,False,True,False,False,1.0,1.0,0.5,0.5,0.5,0.5,0
0.11213047910295618,8.39,-8.39,0,1,True,False,False,False,False,False,False,False,1.0,1.0,0.5,0.5,0.5,0.5,0
0.6320081549439348,8.38,-8.38,0,1,False,False,False,True,False,False,False,False,1.0,1.0,0.5,0.5,0.5,0.5,1
0.12232415902140673,8.38,-8.38,0,1,True,False,False,False,False,False,False,False,1.0,1.0,0.5,0.5,0.5,0.5,1
0.12232415902140673,8.38,-8.38,0,1,False,False,False,False,False,False,False,True,1.0,1.0,0.5,0.5,0.5,0.5,0
0.12232415902140673,8.38,-8.38,0,1,False,False,False,False,True,False,False,False,1.0,1.0,0.5,0.5,0.5,0.5,0
0.12232415902140673,8.38,-8.38,0,1,True,False,False,False,False,False,False,False,1.0,1.0,0.5,0.5,0.5,0.5,0
0.12232415902140673,8.38,-8.38,0,1,False,False,False,False,False,False,False,True,1.0,1.0,0.5,0.5,0.5,0.5,0
0.12232415902140673,8.38,-8.38,0,1,True,False,False,False,False,False,False,False,1.0,1.0,0.5,0.5,0.5,0.5,0
0.12232415902140673,8.38,-8.38,0,1,False,False,False,False,False,False,False,True,1.0,1.0,0.5,0.5,0.5,0.5,0
0.12232415902140673,8.38,-8.38,0,1,True,False,False,False,False,False,False,False,1.0,1.0,0.5,0.5,0.5,0.5,0
0.12232415902140673,8.38,-8.38,0,1,True,False,False,False,False,False,False,False,1.0,1.0,0.5,0.5,0.5,0.5,0
0.12232415902140673,8.38,-8.38,0,1,False,False,False,False,False,False,False,True,1.0,1.0,0.5,0.5,0.5,0.5,0
0.12232415902140673,8.38,-8.38,0,1,True,False,False,False,False,False,False,False,1.0,1.0,0.5,0.5,0.5,0.5,0
0.12232415902140673,8.38,-8.38,0,1,False,False,False,False,True,False,False,False,1.0,1.0,0.5,0.5,0.5,0.5,0
0.12232415902140673,8.38,-8.38,0,1,False,False,False,False,True,False,False,False,1.0,1.0,0.5,0.5,0.5,0.5,0
0.12232415902140673,8.38,-8.38,0,1,True,False,False,False,False,False,False,False,1.0,1.0,0.5,0.5,0.5,0.5,1
0.1325178389398573,8.37,-8.37,0,1,False,False,False,False,True,False,False,False,1.0,1.0,0.5,0.5,0.5,0.5,0
0.1325178389398573,8.37,-8.37,0,1,True,False,False,False,False,False,False,False,1.0,1.0,0.5,0.5,0.5,0.5,0
0.1325178389398573,8.37,-8.37,0,1,False,False,False,False,True,False,False,False,1.0,1.0,0.5,0.5,0.5,0.5,0
0.1325178389398573,8.37,-8.37,0,1,False,False,True,False,False,False,False,False,1.0,1.0,0.5,0.5,0.5,0.5,1
0.1325178389398573,8.37,-8.37,0,1,False,False,False,False,True,False,False,False,1.0,1.0,0.5,0.5,0.5,0.5,0
0.1325178389398573,8.37,-8.37,0,1,True,False,False,False,False,False,False,False,1.0,1.0,0.5,0.5,0.5,0.5,0
0.1325178389398573,8.37,-8.37,0,1,True,False,False,False,False,False,False,False,1.0,1.0,0.5,0.5,0.5,0.5,1
0.6523955147808359,8.36,-8.36,0,1,False,False,False,True,False,False,False,False,1.0,1.0,0.5,0.5,0.5,0.5,0
0.14271151885830788,8.36,-8.36,0,1,False,False,True,False,False,False,False,False,1.0,1.0,0.5,0.5,0.5,0.5,0
0.14271151885830788,8.36,-8.36,0,1,True,False,False,False,False,False,False,False,1.0,1.0,0.5,0.5,0.5,0.5,0
0.14271151885830788,8.36,-8.36,0,1,False,False,True,False,False,False,False,False,1.0,1.0,0.5,0.5,0.5,0.5,0
0.14271151885830788,8.36,-8.36,0,1,False,False,False,False,False,False,True,False,1.0,1.0,0.5,0.5,0.5,0.5,0
0.14271151885830788,8.36,-8.36,0,1,True,False,False,False,False,False,False,False,1.0,1.0,0.5,0.5,0.5,0.5,0
0.14271151885830788,8.36,-8.36,0,1,False,False,True,False,False,False,False,False,1.0,1.0,0.5,0.5,0.5,0.5,0
0.14271151885830788,8.36,-8.36,0,1,False,False,False,True,False,False,False,False,1.0,1.0,0.5,0.5,0.5,0.5,0
0.14271151885830788,8.36,-8.36,0,1,True,False,False,False,False,False,False,False,1.0,1.0,0.5,0.5,0.5,0.5,0
0.14271151885830788,8.36,-8.36,0,1,True,False,False,False,False,False,False,False,1.0,1.0,0.5,0.5,0.5,0.5,1
0.6625891946992865,8.35,-8.35,0,1,False,False,True,False,False,False,False,False,1.0,1.0,0.5,0.5,0.5,0.5,0
0.6625891946992865,8.35,-8.35,0,1,False,False,False,True,False,False,False,False,1.0,1.0,0.5,0.5,0.5,0.5,0
0.6625891946992865,8.35,-8.35,0,1,False,False,False,True,False,False,False,False,1.0,1.0,0.5,0.5,0.5,0.5,0
0.1529051987767584,8.35,-8.35,0,1,False,False,False,False,True,False,False,False,1.0,1.0,0.5,0.5,0.5,0.5,0
0.1529051987767584,8.35,-8.35,0,1,False,False,True,False,False,False,False,False,1.0,1.0,0.5,0.5,0.5,0.5,0
0.1529051987767584,8.35,-8.35,0,1,True,False,False,False,False,False,False,False,1.0,1.0,0.5,0.5,0.5,0.5,0
0.1529051987767584,8.35,-8.35,0,1,True,False,False,False,False,False,False,False,1.0,1.0,0.5,0.5,0.5,0.5,0
0.16309887869520898,8.34,-8.34,0,1,True,False,False,False,False,False,False,False,1.0,1.0,0.5,0.5,0.5,0.5,1
0.16309887869520898,8.34,-8.34,0,1,False,False,False,False,False,False,True,False,1.0,1.0,0.5,0.5,0.5,0.5,0
0.16309887869520898,8.34,-8.34,0,1,False,False,False,False,True,False,False,False,1.0,1.0,0.5,0.5,0.5,0.5,0
0.16309887869520898,8.34,-8.34,0,1,True,False,False,False,False,False,False,False,1.0,1.0,0.5,0.5,0.5,0.5,0
0.16309887869520898,8.34,-8.34,0,1,False,False,False,False,False,False,False,True,1.0,1.0,0.5,0.5,0.5,0.5,0
0.16309887869520898,8.34,-8.34,0,1,False,False,True,False,False,False,False,False,1.0,1.0,0.5,0.5,0.5,0.5,0
0.17329255861365955,8.33,-8.33,0,1,False,False,False,True,False,False,False,False,1.0,1.0,0.5,0.5,0.5,0.5,1
0.17329255861365955,8.33,-8.33,0,1,False,False,False,False,True,False,False,False,1.0,1.0,0.5,0.5,0.5,0.5,0
0.6931702344546382,8.32,-8.32,0,1,False,False,False,True,False,False,False,False,1.0,1.0,0.5,0.5,0.5,0.5,1
0.1834862385321101,8.32,-8.32,0,1,False,False,False,False,True,False,False,False,1.0,1.0,0.5,0.5,0.5,0.5,1
0.1834862385321101,8.32,-8.32,0,1,False,False,False,False,True,False,False,False,1.0,1.0,0.5,0.5,0.5,0.5,0
0.1834862385321101,8.32,-8.32,0,1,False,False,False,False,False,True,False,False,1.0,1.0,0.5,0.5,0.5,0.5,0
0.1834862385321101,8.32,-8.32,0,1,True,False,False,False,False,False,False,False,1.0,1.0,0.5,0.5,0.5,0.5,0
0.1834862385321101,8.32,-8.32,0,1,False,False,False,False,False,False,True,False,1.0,1.0,0.5,0.5,0.5,0.5,0
0.7033639143730887,8.31,-8.31,0,1,False,False,False,True,False,False,False,False,1.0,1.0,0.5,0.5,0.5,0.5,0
0.19367991845056065,8.31,-8.31,0,1,True,False,False,False,False,False,False,False,1.0,1.0,0.5,0.5,0.5,0.5,0
0.19367991845056065,8.31,-8.31,0,1,False,False,False,False,True,False,False,False,1.0,1.0,0.5,0.5,0.5,0.5,0
0.19367991845056065,8.31,-8.31,0,1,False,False,False,False,False,True,False,False,1.0,1.0,0.5,0.5,0.5,0.5,0
0.19367991845056065,8.31,-8.31,0,1,False,False,False,False,False,False,False,True,1.0,1.0,0.5,0.5,0.5,0.5,0
0.19367991845056065,8.31,-8.31,0,1,True,False,False,False,False,False,False,False,1.0,1.0,0.5,0.5,0.5,0.5,1
0.19367991845056065,8.31,-8.31,0,1,False,False,False,False,False,True,False,False,1.0,1.0,0.5,0.5,0.5,0.5,0
0.19367991845056065,8.31,-8.31,0,1,False,False,False,False,False,False,True,False,1.0,1.0,0.5,0.5,0.5,0.5,1
0.7135575942915392,8.3,-8.3,0,1,False,False,False,True,False,False,False,False,1.0,1.0,0.5,0.5,0.5,0.5,1
0.7135575942915392,8.3,-8.3,0,1,False,False,False,True,False,False,False,False,1.0,1.0,0.5,0.5,0.5,0.5,1
0.20387359836901123,8.3,-8.3,0,1,False,False,False,False,False,False,False,True,1.0,1.0,0.5,0.5,0.5,0.5,1
0.20387359836901123,8.3,-8.3,0,1,False,False,True,False,False,False,False,False,1.0,1.0,0.5,0.5,0.5,0.5,0
0.20387359836901123,8.3,-8.3,0,1,False,False,False,False,False,False,False,True,1.0,1.0,0.5,0.5,0.5,0.5,0
0.21406727828746178,8.29,-8.29,0,1,False,False,False,False,False,True,False,False,1.0,1.0,0.5,0.5,0.5,0.5,0
0.21406727828746178,8.29,-8.29,0,1,False,False,False,False,False,False,True,False,1.0,1.0,0.5,0.5,0.5,0.5,0
0.21406727828746178,8.29,-8.29,0,1,True,False,False,False,False,False,False,False,1.0,1.0,0.5,0.5,0.5,0.5,0
0.21406727828746178,8.29,-8.29,0,1,False,False,True,False,False,False,False,False,1.0,1.0,0.5,0.5,0.5,0.5,0
0.21406727828746178,8.29,-8.29,0,1,False,False,False,False,False,True,False,False,1.0,1.0,0.5,0.5,0.5,0.5,0
0.21406727828746178,8.29,-8.29,0,1,False,False,True,False,False,False,False,False,1.0,1.0,0.5,0.5,0.5,0.5,0
0.7339449541284404,8.28,-8.28,0,1,False,False,False,True,False,False,False,False,1.0,1.0,0.5,0.5,0.5,0.5,1
0.7339449541284404,8.28,-8.28,0,1,False,False,False,True,False,False,False,False,1.0,1.0,0.5,0.5,0.5,0.5,0
0.7339449541284404,8.28,-8.28,0,1,False,False,False,True,False,False,False,False,1.0,1.0,0.5,0.5,0.5,0.5,1
0.22426095820591235,8.28,-8.28,0,1,False,False,True,False,False,False,False,False,1.0,1.0,0.5,0.5,0.5,0.5,0
0.744138634046891,8.27,-8.27,0,1,False,False,False,True,False,False,False,False,1.0,1.0,0.5,0.5,0.5,0.5,1
0.2344546381243629,8.27,-8.27,0,1,False,False,False,False,False,True,False,False,1.0,1.0,0.5,0.5,0.5,0.5,0
0.2344546381243629,8.27,-8.27,0,1,False,False,False,False,False,False,True,False,1.0,1.0,0.5,0.5,0.5,0.5,1
0.24464831804281345,8.26,-8.26,0,1,False,False,True,False,False,False,False,False,1.0,1.0,0.5,0.5,0.5,0.5,0
0.24464831804281345,8.26,-8.26,0,1,False,False,True,False,False,False,False,False,1.0,1.0,0.5,0.5,0.5,0.5,0
0.24464831804281345,8.26,-8.26,0,1,False,False,True,False,False,False,False,False,1.0,1.0,0.5,0.5,0.5,0.5,0
0.764525993883792,8.25,-8.25,0,1,False,False,False,True,False,False,False,False,1.0,1.0,0.5,0.5,0.5,0.5,0
0.254841997961264,8.25,-8.25,0,1,False,False,False,False,False,False,True,False,1.0,1.0,0.5,0.5,0.5,0.5,1
0.254841997961264,8.25,-8.25,0,1,False,False,False,False,False,False,True,False,1.0,1.0,0.5,0.5,0.5,0.5,0
0.254841997961264,8.25,-8.25,0,1,False,False,False,False,False,True,False,False,1.0,1.0,0.5,0.5,0.5,0.5,1
0.7747196738022426,8.24,-8.24,0,1,False,False,False,True,False,False,False,False,1.0,1.0,0.5,0.5,0.5,0.5,0
0.7747196738022426,8.24,-8.24,0,1,False,False,False,True,False,False,False,False,1.0,1.0,0.5,0.5,0.5,0.5,1
0.2650356778797146,8.24,-8.24,0,1,False,False,False,False,False,True,False,False,1.0,1.0,0.5,0.5,0.5,0.5,0
0.2650356778797146,8.24,-8.24,0,1,False,False,False,False,False,False,True,False,1.0,1.0,0.5,0.5,0.5,0.5,0
0.2650356778797146,8.24,-8.24,0,1,False,False,False,False,False,False,True,False,1.0,1.0,0.5,0.5,0.5,0.5,0
0.27522935779816515,8.23,-8.23,0,1,False,False,True,False,False,False,False,False,1.0,1.0,0.5,0.5,0.5,0.5,0
0.27522935779816515,8.23,-8.23,0,1,False,False,True,False,False,False,False,False,1.0,1.0,0.5,0.5,0.5,0.5,1
0.27522935779816515,8.23,-8.23,0,1,False,False,False,False,False,True,False,False,1.0,1.0,0.5,0.5,0.5,0.5,1
0.27522935779816515,8.23,-8.23,0,1,False,False,False,True,False,False,False,False,1.0,1.0,0.5,0.5,0.5,0.5,0
0.28542303771661576,8.22,-8.22,0,1,False,False,False,False,False,True,False,False,1.0,1.0,0.5,0.5,0.5,0.5,0
0.29561671763506625,8.21,-8.21,0,1,False,False,False,False,False,False,True,False,1.0,1.0,0.5,0.5,0.5,0.5,0
0.29561671763506625,8.21,-8.21,0,1,False,False,True,False,False,False,False,False,1.0,1.0,0.5,0.5,0.5,0.5,0
0.29561671763506625,8.21,-8.21,0,1,False,False,False,False,False,True,False,False,1.0,1.0,0.5,0.5,0.5,0.5,0
0.3058103975535168,8.2,-8.2,0,1,False,False,True,False,False,False,False,False,1.0,1.0,0.5,0.5,0.5,0.5,0
0.3058103975535168,8.2,-8.2,0,1,False,False,True,False,False,False,False,False,1.0,1.0,0.5,0.5,0.5,0.5,0
0.3058103975535168,8.2,-8.2,0,1,False,False,False,False,False,False,True,False,1.0,1.0,0.5,0.5,0.5,0.5,1
0.3058103975535168,8.2,-8.2,0,1,False,False,False,False,False,False,True,False,1.0,1.0,0.5,0.5,0.5,0.5,1
0.3058103975535168,8.2,-8.2,0,1,False,False,False,False,False,True,False,False,1.0,1.0,0.5,0.5,0.5,0.5,0
0.3160040774719674,8.19,-8.19,0,1,False,False,True,False,False,False,False,False,1.0,1.0,0.5,0.5,0.5,0.5,0
0.3160040774719674,8.19,-8.19,0,1,False,False,False,False,False,False,True,False,1.0,1.0,0.5,0.5,0.5,0.5,0
0.3160040774719674,8.19,-8.19,0,1,False,False,False,True,False,False,False,False,1.0,1.0,0.5,0.5,0.5,0.5,1
0.3160040774719674,8.19,-8.19,0,1,False,False,False,False,False,True,False,False,1.0,1.0,0.5,0.5,0.5,0.5,1
0.3160040774719674,8.19,-8.19,0,1,False,False,True,False,False,False,False,False,1.0,1.0,0.5,0.5,0.5,0.5,1
0.32619775739041795,8.18,-8.18,0,1,False,False,False,False,False,True,False,False,1.0,1.0,0.5,0.5,0.5,0.5,1
0.32619775739041795,8.18,-8.18,0,1,False,False,False,False,False,False,True,False,1.0,1.0,0.5,0.5,0.5,0.5,0
0.32619775739041795,8.18,-8.18,0,1,False,False,True,False,False,False,False,False,1.0,1.0,0.5,0.5,0.5,0.5,1
0.8460754332313966,8.17,-8.17,0,1,False,False,False,True,False,False,False,False,1.0,1.0,0.5,0.5,0.5,0.5,0
0.3363914373088685,8.17,-8.17,0,1,False,False,False,False,False,True,False,False,1.0,1.0,0.5,0.5,0.5,0.5,1
0.3363914373088685,8.17,-8.17,0,1,False,False,False,False,False,True,False,False,1.0,1.0,0.5,0.5,0.5,0.5,0
0.3363914373088685,8.17,-8.17,0,1,False,False,True,False,False,False,False,False,1.0,1.0,0.5,0.5,0.5,0.5,1
0.3363914373088685,8.17,-8.17,0,1,False,False,False,False,False,False,True,False,1.0,1.0,0.5,0.5,0.5,0.5,0
0.3363914373088685,8.17,-8.17,0,1,False,False,False,False,False,True,False,False,1.0,1.0,0.5,0.5,0.5,0.5,0
0.3363914373088685,8.17,-8.17,0,1,False,False,False,False,False,True,False,False,1.0,1.0,0.5,0.5,0.5,0.5,0
0.3465851172273191,8.16,-8.16,0,1,False,False,True,False,False,False,False,False,1.0,1.0,0.5,0.5,0.5,0.5,0
0.3465851172273191,8.16,-8.16,0,1,False,False,True,False,False,False,False,False,1.0,1.0,0.5,0.5,0.5,0.5,0
0.3465851172273191,8.16,-8.16,0,1,False,False,False,False,False,False,True,False,1.0,1.0,0.5,0.5,0.5,0.5,0
0.8664627930682977,8.15,-8.15,0,1,False,False,False,True,False,False,False,False,1.0,1.0,0.5,0.5,0.5,0.5,1
0.8664627930682977,8.15,-8.15,0,1,False,False,False,True,False,False,False,False,1.0,1.0,0.5,0.5,0.5,0.5,1
0.3567787971457696,8.15,-8.15,0,1,False,False,False,False,False,False,True,False,1.0,1.0,0.5,0.5,0.5,0.5,0
0.3567787971457696,8.15,-8.15,0,1,False,False,False,False,False,False,True,False,1.0,1.0,0.5,0.5,0.5,0.5,1
0.3567787971457696,8.15,-8.15,0,1,False,False,False,False,False,False,True,False,1.0,1.0,0.5,0.5,0.5,0.5,0
0.3567787971457696,8.15,-8.15,0,1,False,False,False,False,False,False,True,False,1.0,1.0,0.5,0.5,0.5,0.5,1
0.3567787971457696,8.15,-8.15,0,1,False,False,False,False,False,True,False,False,1.0,1.0,0.5,0.5,0.5,0.5,0
0.8766564729867482,8.14,-8.14,0,1,False,False,False,True,False,False,False,False,1.0,1.0,0.5,0.5,0.5,0.5,0
0.3669724770642202,8.14,-8.14,0,1,False,False,False,False,False,False,True,False,1.0,1.0,0.5,0.5,0.5,0.5,0
0.3669724770642202,8.14,-8.14,0,1,False,False,False,False,False,True,False,False,1.0,1.0,0.5,0.5,0.5,0.5,1
0.3669724770642202,8.14,-8.14,0,1,False,False,False,False,False,True,False,False,1.0,1.0,0.5,0.5,0.5,0.5,0
0.3669724770642202,8.14,-8.14,0,1,False,False,False,True,False,False,False,False,1.0,1.0,0.5,0.5,0.5,0.5,0
0.3669724770642202,8.14,-8.14,0,1,False,False,False,False,False,False,True,False,1.0,1.0,0.5,0.5,0.5,0.5,0
0.8868501529051988,8.13,-8.13,0,1,False,False,False,True,False,False,False,False,1.0,1.0,0.5,0.5,0.5,0.5,1
0.37716615698267075,8.13,-8.13,0,1,False,False,False,True,False,False,False,False,1.0,1.0,0.5,0.5,0.5,0.5,1
0.37716615698267075,8.13,-8.13,0,1,False,False,False,False,False,False,True,False,1.0,1.0,0.5,0.5,0.5,0.5,0
0.8970438328236494,8.12,-8.12,0,1,False,False,False,True,False,False,False,False,1.0,1.0,0.5,0.5,0.5,0.5,0
0.3873598369011213,8.12,-8.12,0,1,False,False,False,False,False,True,False,False,1.0,1.0,0.5,0.5,0.5,0.5,0
0.3873598369011213,8.12,-8.12,0,1,False,False,False,False,False,False,True,False,1.0,1.0,0.5,0.5,0.5,0.5,0
0.3873598369011213,8.12,-8.12,0,1,False,False,False,False,False,False,True,False,1.0,1.0,0.5,0.5,0.5,0.5,0
0.3873598369011213,8.12,-8.12,0,1,False,False,False,False,False,False,True,False,1.0,1.0,0.5,0.5,0.5,0.5,0
0.3873598369011213,8.12,-8.12,0,1,False,False,False,False,False,False,True,False,1.0,1.0,0.5,0.5,0.5,0.5,0
0.9072375127421,8.11,-8.11,0,1,False,False,False,True,False,False,False,False,1.0,1.0,0.5,0.5,0.5,0.5,0
0.3975535168195719,8.11,-8.11,0,1,False,False,True,False,False,False,False,False,1.0,1.0,0.5,0.5,0.5,0.5,0
0.3975535168195719,8.11,-8.11,0,1,False,False,False,False,False,True,False,False,1.0,1.0,0.5,0.5,0.5,0.5,0
0.3975535168195719,8.11,-8.11,0,1,False,False,False,False,False,True,False,False,1.0,1.0,0.5,0.5,0.5,0.5,1
0.3975535168195719,8.11,-8.11,0,1,False,False,True,False,False,False,False,False,1.0,1.0,0.5,0.5,0.5,0.5,1
0.3975535168195719,8.11,-8.11,0,1,False,False,False,True,False,False,False,False,1.0,1.0,0.5,0.5,0.5,0.5,0
0.3975535168195719,8.11,-8.11,0,1,False,False,False,False,False,True,False,False,1.0,1.0,0.5,0.5,0.5,0.5,1
0.40774719673802245,8.1,-8.1,0,1,False,False,False,False,False,True,False,False,1.0,1.0,0.5,0.5,0.5,0.5,1
0.40774719673802245,8.1,-8.1,0,1,False,False,True,False,False,False,False,False,1.0,1.0,0.5,0.5,0.5,0.5,0
0.40774719673802245,8.1,-8.1,0,1,False,False,True,False,False,False,False,False,1.0,1.0,0.5,0.5,0.5,0.5,0
0.41794087665647295,8.09,-8.09,0,1,False,False,False,False,False,True,False,False,1.0,1.0,0.5,0.5,0.5,0.5,0
0.9378185524974516,8.08,-8.08,0,1,False,False,False,True,False,False,False,False,1.0,1.0,0.5,0.5,0.5,0.5,1
0.42813455657492355,8.08,-8.08,0,1,False,False,True,False,False,False,False,False,1.0,1.0,0.5,0.5,0.5,0.5,0
0.42813455657492355,8.08,-8.08,0,1,False,False,False,True,False,False,False,False,1.0,1.0,0.5,0.5,0.5,0.5,0
0.42813455657492355,8.08,-8.08,0,1,False,False,False,False,False,True,False,False,1.0,1.0,0.5,0.5,0.5,0.5,1
0.4383282364933741,8.07,-8.07,0,1,False,False,True,False,False,False,False,False,1.0,1.0,0.5,0.5,0.5,0.5,0
0.4383282364933741,8.07,-8.07,0,1,False,False,True,False,False,False,False,False,1.0,1.0,0.5,0.5,0.5,0.5,0
0.4383282364933741,8.07,-8.07,0,1,False,False,True,False,False,False,False,False,1.0,1.0,0.5,0.5,0.5,0.5,1
0.4383282364933741,8.07,-8.07,0,1,False,False,False,False,False,True,False,False,1.0,1.0,0.5,0.5,0.5,0.5,1
0.4485219164118247,8.06,-8.06,0,1,False,False,True,False,False,False,False,False,1.0,1.0,0.5,0.5,0.5,0.5,1
0.4485219164118247,8.06,-8.06,0,1,False,False,False,False,False,False,True,False,1.0,1.0,0.5,0.5,0.5,0.5,1
0.4485219164118247,8.06,-8.06,0,1,False,False,False,True,False,False,False,False,1.0,1.0,0.5,0.5,0.5,0.5,0
0.45871559633027525,8.05,-8.05,0,1,False,False,False,False,False,False,True,False,1.0,1.0,0.5,0.5,0.5,0.5,1
0.4689092762487258,8.04,-8.04,0,1,False,False,False,False,False,True,False,False,1.0,1.0,0.5,0.5,0.5,0.5,1
0.4689092762487258,8.04,-8.04,0,1,False,False,False,True,False,False,False,False,1.0,1.0,0.5,0.5,0.5,0.5,0
0.4689092762487258,8.04,-8.04,0,1,False,False,False,False,False,False,True,False,1.0,1.0,0.5,0.5,0.5,0.5,1
0.47910295616717635,8.03,-8.03,0,1,False,False,True,False,False,False,False,False,1.0,1.0,0.5,0.5,0.5,0.5,1
0.4892966360856269,8.02,-8.02,0,1,False,False,False,True,False,False,False,False,1.0,1.0,0.5,0.5,0.5,0.5,1
0.49949031600407745,8.01,-8.01,0,1,False,False,False,False,False,False,True,False,1.0,1.0,0.5,0.5,0.5,0.5,0
0.509683995922528,8.0,-8.0,0,1,False,False,False,False,False,False,True,False,1.0,1.0,0.5,0.5,0.5,0.5,1
0.0,8.0,-8.0,0,1,False,True,False,False,False,False,False,False,1.0,1.0,0.5,0.5,0.5,0.5,1
0.0,8.0,-8.0,0,1,False,False,False,False,False,False,False,True,1.0,1.0,0.5,0.5,0.5,0.5,1
0.0,8.0,-8.0,0,1,False,True,False,False,False,False,False,False,1.0,1.0,0.5,0.5,0.5,0.5,1
0.0,8.0,-8.0,0,1,False,True,False,False,False,False,False,False,1.0,1.0,0.5,0.5,0.5,0.5,1
0.0,8.0,-8.0,0,1,False,True,False,False,False,False,False,False,1.0,1.0,0.5,0.5,0.5,0.5,1
0.0,8.0,-8.0,0,1,False,False,False,False,False,False,False,True,1.0,1.0,0.5,0.5,0.5,0.5,1
0.0,8.0,-8.0,0,1,False,True,False,False,False,False,False,False,1.0,1.0,0.5,0.5,0.5,0.5,1
0.0,8.0,-8.0,0,1,False,True,False,False,False,False,False,False,1.0,1.0,0.5,0.5,0.5,0.5,1
0.0,8.0,-8.0,0,1,False,False,False,True,False,False,False,False,1.0,1.0,0.5,0.5,0.5,0.5,1
0.0,8.0,-8.0,0,1,False,False,False,False,False,True,False,False,1.0,1.0,0.5,0.5,0.5,0.5,1
0.0,8.0,-8.0,0,1,False,False,False,False,False,False,True,False,1.0,1.0,0.5,0.5,0.5,0.5,1
0.0,8.0,-8.0,0,1,False,False,False,False,True,False,False,False,1.0,1.0,0.5,0.5,0.5,0.5,1
0.0,8.0,-8.0,0,1,True,False,False,False,False,False,False,False,1.0,1.0,0.5,0.5,0.5,0.5,1
0.0,8.0,-8.0,0,1,False,True,False,False,False,False,False,False,1.0,1.0,0.5,0.5,0.5,0.5,1
0.0,8.0,-8.0,0,1,False,False,True,False,False,False,False,False,1.0,1.0,0.5,0.5,0.5,0.5,1
0.0,8.0,-8.0,0,1,False,False,False,False,False,False,False,True,1.0,1.0,0.5,0.5,0.5,0.5,1
0.0,8.0,-8.0,0,1,False,True,False,False,False,False,False,False,1.0,1.0,0.5,0.5,0.5,0.5,1
0.0,8.0,-8.0,0,1,False,False,False,False,False,False,False,True,1.0,1.0,0.5,0.5,0.5,0.5,1
0.0,8.0,-8.0,0,1,False,True,False,False,False,False,False,False,1.0,1.0,0.5,0.5,0.5,0.5,1
0.0,8.0,-8.0,0,1,False,True,False,False,False,False,False,False,1.0,1.0,0.5,0.5,0.5,0.5,1
0.0,8.0,-8.0,0,1,False,False,False,False,False,False,True,False,1.0,1.0,0.5,0.5,0.5,0.5,1
0.0,8.0,-8.0,0,1,False,False,False,False,True,False,False,False,1.0,1.0,0.5,0.5,0.5,0.5,1
0.0,8.0,-8.0,0,1,False,True,False,False,False,False,False,False,1.0,1.0,0.5,0.5,0.5,0.5,1
0.0,8.0,-8.0,0,1,False,False,False,False,False,False,False,True,1.0,1.0,0.5,0.5,0.5,0.5,1
0.0,8.0,-8.0,0,1,False,False,False,False,True,False,False,False,1.0,1.0,0.5,0.5,0.5,0.5,1
0.0,8.0,-8.0,0,1,False,False,False,False,True,False,False,False,1.0,1.0,0.5,0.5,0.5,0.5,1
0.0,8.0,-8.0,0,1,True,False,False,False,False,False,False,False,1.0,1.0,0.5,0.5,0.5,0.5,1
0.0,8.0,-8.0,0,1,False,True,False,False,False,False,False,False,1.0,1.0,0.5,0.5,0.5,0.5,1
0.0,8.0,-8.0,0,1,False,False,False,False,False,False,False,True,1.0,1.0,0.5,0.5,0.5,0.5,1
0.0,8.0,-8.0,0,1,False,False,False,False,False,False,False,True,1.0,1.0,0.5,0.5,0.5,0.5,1
0.0,8.0,-8.0,0,1,False,False,False,True,False,False,False,False,1.0,1.0,0.5,0.5,0.5,0.5,1
0.0,8.0,-8.0,0,1,False,False,False,False,False,True,False,False,1.0,1.0,0.5,0.5,0.5,0.5,1
0.0,8.0,-8.0,0,1,False,False,False,False,False,False,True,False,1.0,1.0,0.5,0.5,0.5,0.5,1
0.0,8.0,-8.0,0,1,False,False,False,False,True,False,False,False,1.0,1.0,0.5,0.5,0.5,0.5,1
0.0,8.0,-8.0,0,1,True,False,False,False,False,False,False,False,1.0,1.0,0.5,0.5,0.5,0.5,1
0.0,8.0,-8.0,0,1,False,True,False,False,False,False,False,False,1.0,1.0,0.5,0.5,0.5,0.5,1
0.0,8.0,-8.0,0,1,False,False,True,False,False,False,False,False,1.0,1.0,0.5,0.5,0.5,0.5,1
0.0,8.0,-8.0,0,1,False,False,False,False,False,False,False,True,1.0,1.0,0.5,0.5,0.5,0.5,1
0.0,8.0,-8.0,0,1,False,False,False,True,False,False,False,False,1.0,1.0,0.5,0.5,0.5,0.5,1
0.0,8.0,-8.0,0,1,False,False,False,False,False,False,True,False,1.0,1.0,0.5,0.5,0.5,0.5,1
0.0,8.0,-8.0,0,1,False,False,False,False,True,False,False,False,1.0,1.0,0.5,0.5,0.5,0.5,1
0.0,8.0,-8.0,0,1,True,False,False,False,False,False,False,False,1.0,1.0,0.5,0.5,0.5,0.5,1
0.0,8.0,-8.0,0,1,False,True,False,False,False,False,False,False,1.0,1.0,0.5,0.5,0.5,0.5,1
0.0,8.0,-8.0,0,1,False,False,True,False,False,False,False,False,1.0,1.0,0.5,0.5,0.5,0.5,1
0.0,8.0,-8.0,0,1,False,False,False,False,False,False,False,True,1.0,1.0,0.5,0.5,0.5,0.5,1
0.0,8.0,-8.0,0,1,False,True,False,False,False,False,False,False,1.0,1.0,0.5,0.5,0.5,0.5,1
0.0,8.0,-8.0,0,1,False,False,False,True,False,False,False,False,1.0,1.0,0.5,0.5,0.5,0.5,1
0.0,8.0,-8.0,0,1,False,False,False,False,False,True,False,False,1.0,1.0,0.5,0.5,0.5,0.5,1
0.0,8.0,-8.0,0,1,False,False,False,False,False,False,True,False,1.0,1.0,0.5,0.5,0.5,0.5,1
0.0,8.0,-8.0,0,1,False,False,False,False,True,False,False,False,1.0,1.0,0.5,0.5,0.5,0.5,1
0.0,8.0,-8.0,0,1,True,False,False,False,False,False,False,False,1.0,1.0,0.5,0.5,0.5,0.5,1
0.0,8.0,-8.0,0,1,False,True,False,False,False,False,False,False,1.0,1.0,0.5,0.5,0.5,0.5,1
0.0,8.0,-8.0,0,1,False,False,True,False,False,False,False,False,1.0,1.0,0.5,0.5,0.5,0.5,1
0.0,8.0,-8.0,0,1,False,False,False,False,False,False,False,True,1.0,1.0,0.5,0.5,0.5,0.5,1
0.0,8.0,-8.0,0,1,False,False,False,False,False,False,False,True,1.0,1.0,0.5,0.5,0.5,0.5,1
0.0,8.0,-8.0,0,1,False,False,False,True,False,False,False,False,1.0,1.0,0.5,0.5,0.5,0.5,1
0.0,8.0,-8.0,0,1,False,False,False,False,False,True,False,False,1.0,1.0,0.5,0.5,0.5,0.5,1
0.0,8.0,-8.0,0,1,False,False,False,False,False,False,True,False,1.0,1.0,0.5,0.5,0.5,0.5,1
0.0,8.0,-8.0,0,1,False,False,False,False,True,False,False,False,1.0,1.0,0.5,0.5,0.5,0.5,1
0.0,8.0,-8.0,0,1,True,False,False,False,False,False,False,False,1.0,1.0,0.5,0.5,0.5,0.5,1
0.0,8.0,-8.0,0,1,False,True,False,False,False,False,False,False,1.0,1.0,0.5,0.5,0.5,0.5,1
0.0,8.0,-8.0,0,1,False,False,True,False,False,False,False,False,1.0,1.0,0.5,0.5,0.5,0.5,1
0.0,8.0,-8.0,0,1,False,False,False,False,False,False,False,True,1.0,1.0,0.5,0.5,0.5,0.5,1
0.0,8.0,-8.0,0,1,False,False,False,False,True,False,False,False,1.0,1.0,0.5,0.5,0.5,0.5,1
0.0,8.0,-8.0,0,1,False,True,False,False,False,False,False,False,1.0,1.0,0.5,0.5,0.5,0.5,1
0.0,8.0,-8.0,0,1,False,False,False,False,False,False,False,True,1.0,1.0,0.5,0.5,0.5,0.5,1
0.0,8.0,-8.0,0,1,False,True,False,False,False,False,False,False,1.0,1.0,0.5,0.5,0.5,0.5,1
0.0,8.0,-8.0,0,1,False,False,False,True,False,False,False,False,1.0,1.0,0.5,0.5,0.5,0.5,1
0.0,8.0,-8.0,0,1,False,False,False,False,False,True,False,False,1.0,1.0,0.5,0.5,0.5,0.5,1
0.0,8.0,-8.0,0,1,False,False,False,False,False,False,True,False,1.0,1.0,0.5,0.5,0.5,0.5,1
0.0,8.0,-8.0,0,1,False,False,False,False,True,False,False,False,1.0,1.0,0.5,0.5,0.5,0.5,1
0.0,8.0,-8.0,0,1,True,False,False,False,False,False,False,False,1.0,1.0,0.5,0.5,0.5,0.5,1
0.0,8.0,-8.0,0,1,False,True,False,False,False,False,False,False,1.0,1.0,0.5,0.5,0.5,0.5,1
0.0,8.0,-8.0,0,1,False,False,True,False,False,False,False,False,1.0,1.0,0.5,0.5,0.5,0.5,1
0.0,8.0,-8.0,0,1,False,False,False,False,False,False,False,True,1.0,1.0,0.5,0.5,0.5,0.5,1
0.0,8.0,-8.0,0,1,False,False,False,True,False,False,False,False,1.0,1.0,0.5,0.5,0.5,0.5,1
0.0,8.0,-8.0,0,1,False,False,False,False,False,True,False,False,1.0,1.0,0.5,0.5,0.5,0.5,1
0.0,8.0,-8.0,0,1,False,False,False,False,False,False,True,False,1.0,1.0,0.5,0.5,0.5,0.5,1
0.0,8.0,-8.0,0,1,False,False,False,False,True,False,False,False,1.0,1.0,0.5,0.5,0.5,0.5,1
0.0,8.0,-8.0,0,1,True,False,False,False,False,False,False,False,1.0,1.0,0.5,0.5,0.5,0.5,1
0.0,8.0,-8.0,0,1,False,True,False,False,False,False,False,False,1.0,1.0,0.5,0.5,0.5,0.5,1
0.0,8.0,-8.0,0,1,False,False,True,False,False,False,False,False,1.0,1.0,0.5,0.5,0.5,0.5,1
0.0,8.0,-8.0,0,1,False,False,False,False,False,False,False,True,1.0,1.0,0.5,0.5,0.5,0.5,1
0.0,8.0,-8.0,0,1,False,True,False,False,False,False,False,False,1.0,1.0,0.5,0.5,0.5,0.5,1
0.0,8.0,-8.0,0,1,False,True,False,False,False,False,False,False,1.0,1.0,0.5,0.5,0.5,0.5,1
0.0,8.0,-8.0,0,1,False,True,False,False,False,False,False,False,1.0,1.0,0.5,0.5,0.5,0.5,1
0.0,8.0,-8.0,0,1,False,False,False,True,False,False,False,False,1.0,1.0,0.5,0.5,0.5,0.5,1
0.0,8.0,-8.0,0,1,False,False,False,False,False,True,False,False,1.0,1.0,0.5,0.5,0.5,0.5,1
0.0,8.0,-8.0,0,1,False,False,False,False,False,False,True,False,1.0,1.0,0.5,0.5,0.5,0.5,1
0.0,8.0,-8.0,0,1,False,False,False,False,True,False,False,False,1.0,1.0,0.5,0.5,0.5,0.5,1
0.0,8.0,-8.0,0,1,True,False,False,False,False,False,False,False,1.0,1.0,0.5,0.5,0.5,0.5,1
0.0,8.0,-8.0,0,1,False,True,False,False,False,False,False,False,1.0,1.0,0.5,0.5,0.5,0.5,1
0.0,8.0,-8.0,0,1,False,False,True,False,False,False,False,False,1.0,1.0,0.5,0.5,0.5,0.5,1
0.0,8.0,-8.0,0,1,False,False,False,False,False,False,False,True,1.0,1.0,0.5,0.5,0.5,0.5,1
0.0,8.0,-8.0,0,1,False,True,False,False,False,False,False,False,1.0,1.0,0.5,0.5,0.5,0.5,1
0.010193679918450561,7.99,-7.99,0,1,False,True,False,False,False,False,False,False,1.0,1.0,0.5,0.5,0.5,0.5,0
0.010193679918450561,7.99,-7.99,0,1,False,True,False,False,False,False,False,False,1.0,1.0,0.5,0.5,0.5,0.5,0
0.010193679918450561,7.99,-7.99,0,1,False,False,False,False,False,False,False,True,1.0,1.0,0.5,0.5,0.5,0.5,0
0.010193679918450561,7.99,-7.99,0,1,False,False,False,False,False,False,False,True,1.0,1.0,0.5,0.5,0.5,0.5,0
0.010193679918450561,7.99,-7.99,0,1,False,True,False,False,False,False,False,False,1.0,1.0,0.5,0.5,0.5,0.5,0
0.010193679918450561,7.99,-7.99,0,1,False,True,False,False,False,False,False,False,1.0,1.0,0.5,0.5,0.5,0.5,0
0.010193679918450561,7.99,-7.99,0,1,False,True,False,False,False,False,False,False,1.0,1.0,0.5,0.5,0.5,0.5,0
0.010193679918450561,7.99,-7.99,0,1,False,True,False,False,False,False,False,False,1.0,1.0,0.5,0.5,0.5,0.5,0
0.010193679918450561,7.99,-7.99,0,1,False,False,False,False,False,False,False,True,1.0,1.0,0.5,0.5,0.5,0.5,0
0.010193679918450561,7.99,-7.99,0,1,False,False,False,False,False,False,False,True,1.0,1.0,0.5,0.5,0.5,0.5,0
0.010193679918450561,7.99,-7.99,0,1,False,True,False,False,False,False,False,False,1.0,1.0,0.5,0.5,0.5,0.5,0
0.010193679918450561,7.99,-7.99,0,1,False,False,False,False,False,False,False,True,1.0,1.0,0.5,0.5,0.5,0.5,0
0.5300713557594292,7.98,-7.98,0,1,False,False,False,False,False,True,False,False,1.0,1.0,0.5,0.5,0.5,0.5,0
0.5300713557594292,7.98,-7.98,0,1,False,False,False,False,False,False,True,False,1.0,1.0,0.5,0.5,0.5,0.5,1
0.020387359836901122,7.98,-7.98,0,1,False,False,False,False,False,False,False,True,1.0,1.0,0.5,0.5,0.5,0.5,0
0.020387359836901122,7.98,-7.98,0,1,False,True,False,False,False,False,False,False,1.0,1.0,0.5,0.5,0.5,0.5,0
0.020387359836901122,7.98,-7.98,0,1,False,False,False,False,True,False,False,False,1.0,1.0,0.5,0.5,0.5,0.5,0
0.020387359836901122,7.98,-7.98,0,1,False,True,False,False,False,False,False,False,1.0,1.0,0.5,0.5,0.5,0.5,0
0.020387359836901122,7.98,-7.98,0,1,False,False,False,False,False,False,False,True,1.0,1.0,0.5,0.5,0.5,0.5,0
0.020387359836901122,7.98,-7.98,0,1,False,True,False,False,False,False,False,False,1.0,1.0,0.5,0.5,0.5,0.5,0
0.020387359836901122,7.98,-7.98,0,1,False,True,False,False,False,False,False,False,1.0,1.0,0.5,0.5,0.5,0.5,0
0.020387359836901122,7.98,-7.98,0,1,False,True,False,False,False,False,False,False,1.0,1.0,0.5,0.5,0.5,0.5,0
0.020387359836901122,7.98,-7.98,0,1,False,False,False,False,False,False,False,True,1.0,1.0,0.5,0.5,0.5,0.5,0
0.020387359836901122,7.98,-7.98,0,1,False,False,False,False,True,False,False,False,1.0,1.0,0.5,0.5,0.5,0.5,0
0.020387359836901122,7.98,-7.98,0,1,False,True,False,False,False,False,False,False,1.0,1.0,0.5,0.5,0.5,0.5,0
0.020387359836901122,7.98,-7.98,0,1,True,False,False,False,False,False,False,False,1.0,1.0,0.5,0.5,0.5,0.5,0
0.020387359836901122,7.98,-7.98,0,1,False,False,False,False,False,False,False,True,1.0,1.0,0.5,0.5,0.5,0.5,0
0.020387359836901122,7.98,-7.98,0,1,False,True,False,False,False,False,False,False,1.0,1.0,0.5,0.5,0.5,0.5,0
0.020387359836901122,7.98,-7.98,0,1,False,True,False,False,False,False,False,False,1.0,1.0,0.5,0.5,0.5,0.5,0
0.020387359836901122,7.98,-7.98,0,1,False,True,False,False,False,False,False,False,1.0,1.0,0.5,0.5,0.5,0.5,0
0.5402650356778798,7.97,-7.97,0,1,False,False,False,False,False,True,False,False,1.0,1.0,0.5,0.5,0.5,0.5,1
0.5402650356778798,7.97,-7.97,0,1,False,False,True,False,False,False,False,False,1.0,1.0,0.5,0.5,0.5,0.5,0
0.5402650356778798,7.97,-7.97,0,1,False,False,False,True,False,False,False,False,1.0,1.0,0.5,0.5,0.5,0.5,1
0.03058103975535168,7.97,-7.97,0,1,False,False,False,False,False,False,False,True,1.0,1.0,0.5,0.5,0.5,0.5,0
0.03058103975535168,7.97,-7.97,0,1,False,True,False,False,False,False,False,False,1.0,1.0,0.5,0.5,0.5,0.5,0
0.03058103975535168,7.97,-7.97,0,1,False,False,False,False,False,False,False,True,1.0,1.0,0.5,0.5,0.5,0.5,0
0.03058103975535168,7.97,-7.97,0,1,False,False,False,False,False,False,False,True,1.0,1.0,0.5,0.5,0.5,0.5,0
0.03058103975535168,7.97,-7.97,0,1,False,False,False,False,True,False,False,False,1.0,1.0,0.5,0.5,0.5,0.5,0
0.5504587155963303,7.96,-7.96,0,1,False,False,False,False,False,True,False,False,1.0,1.0,0.5,0.5,0.5,0.5,0
0.5504587155963303,7.96,-7.96,0,1,False,False,False,False,False,True,False,False,1.0,1.0,0.5,0.5,0.5,0.5,1
0.5504587155963303,7.96,-7.96,0,1,False,False,False,False,False,True,False,False,1.0,1.0,0.5,0.5,0.5,0.5,1
0.040774719673802244,7.96,-7.96,0,1,False,False,False,False,False,False,False,True,1.0,1.0,0.5,0.5,0.5,0.5,0
0.040774719673802244,7.96,-7.96,0,1,True,False,False,False,False,False,False,False,1.0,1.0,0.5,0.5,0.5,0.5,0
0.040774719673802244,7.96,-7.96,0,1,False,False,False,False,False,False,False,True,1.0,1.0,0.5,0.5,0.5,0.5,0
0.040774719673802244,7.96,-7.96,0,1,False,False,False,False,True,False,False,False,1.0,1.0,0.5,0.5,0.5,0.5,0
0.040774719673802244,7.96,-7.96,0,1,False,False,True,False,False,False,False,False,1.0,1.0,0.5,0.5,0.5,0.5,0
0.040774719673802244,7.96,-7.96,0,1,False,False,False,False,True,False,False,False,1.0,1.0,0.5,0.5,0.5,0.5,0
0.040774719673802244,7.96,-7.96,0,1,False,True,False,False,False,False,False,False,1.0,1.0,0.5,0.5,0.5,0.5,0
0.040774719673802244,7.96,-7.96,0,1,False,True,False,False,False,False,False,False,1.0,1.0,0.5,0.5,0.5,0.5,0
0.5606523955147809,7.95,-7.95,0,1,False,False,False,True,False,False,False,False,1.0,1.0,0.5,0.5,0.5,0.5,0
0.05096839959225281,7.95,-7.95,0,1,False,False,False,False,True,False,False,False,1.0,1.0,0.5,0.5,0.5,0.5,0
0.05096839959225281,7.95,-7.95,0,1,False,False,False,False,False,False,False,True,1.0,1.0,0.5,0.5,0.5,0.5,0
0.05096839959225281,7.95,-7.95,0,1,False,False,False,False,False,False,False,True,1.0,1.0,0.5,0.5,0.5,0.5,0
0.05096839959225281,7.95,-7.95,0,1,True,False,False,False,False,False,False,False,1.0,1.0,0.5,0.5,0.5,0.5,0
0.05096839959225281,7.95,-7.95,0,1,False,False,False,False,False,False,False,True,1.0,1.0,0.5,0.5,0.5,0.5,0
0.05096839959225281,7.95,-7.95,0,1,False,False,False,False,True,False,False,False,1.0,1.0,0.5,0.5,0.5,0.5,1
0.05096839959225281,7.95,-7.95,0,1,False,False,False,False,True,False,False,False,1.0,1.0,0.5,0.5,0.5,0.5,0
0.06116207951070336,7.94,-7.94,0,1,False,False,False,False,True,False,False,False,1.0,1.0,0.5,0.5,0.5,0.5,0
0.06116207951070336,7.94,-7.94,0,1,False,False,False,False,False,True,False,False,1.0,1.0,0.5,0.5,0.5,0.5,0
0.06116207951070336,7.94,-7.94,0,1,False,True,False,False,False,False,False,False,1.0,1.0,0.5,0.5,0.5,0.5,0
0.06116207951070336,7.94,-7.94,0,1,True,False,False,False,False,False,False,False,1.0,1.0,0.5,0.5,0.5,0.5,0
0.06116207951070336,7.94,-7.94,0,1,True,False,False,False,False,False,False,False,1.0,1.0,0.5,0.5,0.5,0.5,0
0.06116207951070336,7.94,-7.94,0,1,False,False,True,False,False,False,False,False,1.0,1.0,0.5,0.5,0.5,0.5,0
0.5708460754332315,7.939999999999999,-7.939999999999999,0,1,False,False,False,True,False,False,False,False,1.0,1.0,0.5,0.5,0.5,0.5,1
0.5708460754332315,7.939999999999999,-7.939999999999999,0,1,False,False,False,False,False,True,False,False,1.0,1.0,0.5,0.5,0.5,0.5,0
0.581039755351682,7.93,-7.93,0,1,False,False,False,False,False,True,False,False,1.0,1.0,0.5,0.5,0.5,0.5,1
0.07135575942915394,7.93,-7.93,0,1,False,False,False,False,True,False,False,False,1.0,1.0,0.5,0.5,0.5,0.5,0
0.07135575942915394,7.93,-7.93,0,1,False,False,False,False,False,False,False,True,1.0,1.0,0.5,0.5,0.5,0.5,0
0.07135575942915394,7.93,-7.93,0,1,False,False,False,False,False,False,False,True,1.0,1.0,0.5,0.5,0.5,0.5,0
0.07135575942915394,7.93,-7.93,0,1,False,False,False,False,False,False,False,True,1.0,1.0,0.5,0.5,0.5,0.5,0
0.07135575942915394,7.93,-7.93,0,1,True,False,False,False,False,False,False,False,1.0,1.0,0.5,0.5,0.5,0.5,1
0.07135575942915394,7.93,-7.93,0,1,False,False,False,False,False,True,False,False,1.0,1.0,0.5,0.5,0.5,0.5,0
0.07135575942915394,7.93,-7.93,0,1,True,False,False,False,False,False,False,False,1.0,1.0,0.5,0.5,0.5,0.5,0
0.07135575942915394,7.93,-7.93,0,1,False,False,False,False,True,False,False,False,1.0,1.0,0.5,0.5,0.5,0.5,1
0.5912334352701325,7.92,-7.92,0,1,False,False,False,False,False,False,True,False,1.0,1.0,0.5,0.5,0.5,0.5,1
0.5912334352701325,7.92,-7.92,0,1,False,False,False,True,False,False,False,False,1.0,1.0,0.5,0.5,0.5,0.5,0
0.08154943934760449,7.92,-7.92,0,1,False,False,False,False,True,False,False,False,1.0,1.0,0.5,0.5,0.5,0.5,0
0.08154943934760449,7.92,-7.92,0,1,False,False,False,False,False,False,False,True,1.0,1.0,0.5,0.5,0.5,0.5,0
0.08154943934760449,7.92,-7.92,0,1,False,False,False,False,False,False,False,True,1.0,1.0,0.5,0.5,0.5,0.5,0
0.08154943934760449,7.92,-7.92,0,1,False,False,False,False,True,False,False,False,1.0,1.0,0.5,0.5,0.5,0.5,0
0.08154943934760449,7.92,-7.92,0,1,False,False,False,False,False,False,False,True,1.0,1.0,0.5,0.5,0.5,0.5,0
0.601427115188583,7.91,-7.91,0,1,False,False,False,False,False,False,True,False,1.0,1.0,0.5,0.5,0.5,0.5,1
0.09174311926605505,7.91,-7.91,0,1,False,False,True,False,False,False,False,False,1.0,1.0,0.5,0.5,0.5,0.5,0
0.09174311926605505,7.91,-7.91,0,1,False,False,False,False,True,False,False,False,1.0,1.0,0.5,0.5,0.5,0.5,0
0.09174311926605505,7.91,-7.91,0,1,True,False,False,False,False,False,False,False,1.0,1.0,0.5,0.5,0.5,0.5,0
0.09174311926605505,7.91,-7.91,0,1,False,False,False,False,True,False,False,False,1.0,1.0,0.5,0.5,0.5,0.5,0
0.09174311926605505,7.91,-7.91,0,1,False,False,False,False,True,False,False,False,1.0,1.0,0.5,0.5,0.5,0.5,0
0.6116207951070336,7.9,-7.9,0,1,False,False,False,True,False,False,False,False,1.0,1.0,0.5,0.5,0.5,0.5,0
0.6116207951070336,7.9,-7.9,0,1,False,False,False,True,False,False,False,False,1.0,1.0,0.5,0.5,0.5,0.5,0
0.10193679918450561,7.9,-7.9,0,1,True,False,False,False,False,False,False,False,1.0,1.0,0.5,0.5,0.5,0.5,0
0.10193679918450561,7.9,-7.9,0,1,False,False,True,False,False,False,False,False,1.0,1.0,0.5,0.5,0.5,0.5,1
0.10193679918450561,7.9,-7.9,0,1,True,False,False,False,False,False,False,False,1.0,1.0,0.5,0.5,0.5,0.5,0
0.10193679918450561,7.9,-7.9,0,1,False,False,True,False,False,False,False,False,1.0,1.0,0.5,0.5,0.5,0.5,0
0.10193679918450561,7.9,-7.9,0,1,False,False,True,False,False,False,False,False,1.0,1.0,0.5,0.5,0.5,0.5,0
0.10193679918450561,7.9,-7.9,0,1,True,False,False,False,False,False,False,False,1.0,1.0,0.5,0.5,0.5,0.5,0
0.10193679918450561,7.9,-7.9,0,1,True,False,False,False,False,False,False,False,1.0,1.0,0.5,0.5,0.5,0.5,0
0.10193679918450561,7.9,-7.9,0,1,False,False,False,False,True,False,False,False,1.0,1.0,0.5,0.5,0.5,0.5,0
0.10193679918450561,7.9,-7.9,0,1,False,False,False,False,True,False,False,False,1.0,1.0,0.5,0.5,0.5,0.5,0
0.10193679918450561,7.9,-7.9,0,1,False,False,False,False,True,False,False,False,1.0,1.0,0.5,0.5,0.5,0.5,1
0.10193679918450561,7.9,-7.9,0,1,True,False,False,False,False,False,False,False,1.0,1.0,0.5,0.5,0.5,0.5,0
0.6218144750254841,7.89,-7.89,0,1,False,False,False,True,False,False,False,False,1.0,1.0,0.5,0.5,0.5,0.5,1
0.11213047910295618,7.89,-7.89,0,1,False,False,True,False,False,False,False,False,1.0,1.0,0.5,0.5,0.5,0.5,1
0.11213047910295618,7.89,-7.89,0,1,False,False,False,False,False,False,False,True,1.0,1.0,0.5,0.5,0.5,0.5,0
0.11213047910295618,7.89,-7.89,0,1,False,False,False,False,False,False,False,True,1.0,1.0,0.5,0.5,0.5,0.5,0
0.11213047910295618,7.89,-7.89,0,1,True,False,False,False,False,False,False,False,1.0,1.0,0.5,0.5,0.5,0.5,0
0.11213047910295618,7.89,-7.89,0,1,False,False,False,False,True,False,False,False,1.0,1.0,0.5,0.5,0.5,0.5,0
0.11213047910295618,7.89,-7.89,0,1,True,False,False,False,False,False,False,False,1.0,1.0,0.5,0.5,0.5,0.5,0
0.11213047910295618,7.89,-7.89,0,1,True,False,False,False,False,False,False,False,1.0,1.0,0.5,0.5,0.5,0.5,0
0.11213047910295618,7.89,-7.89,0,1,True,False,False,False,False,False,False,False,1.0,1.0,0.5,0.5,0.5,0.5,0
0.11213047910295618,7.89,-7.89,0,1,False,False,False,False,True,False,False,False,1.0,1.0,0.5,0.5,0.5,0.5,0
0.11213047910295618,7.89,-7.89,0,1,False,False,False,False,False,True,False,False,1.0,1.0,0.5,0.5,0.5,0.5,1
0.11213047910295618,7.89,-7.89,0,1,False,False,False,False,False,True,False,False,1.0,1.0,0.5,0.5,0.5,0.5,0
0.11213047910295618,7.89,-7.89,0,1,False,False,False,False,False,False,True,False,1.0,1.0,0.5,0.5,0.5,0.5,0
0.11213047910295618,7.89,-7.89,0,1,False,False,False,False,True,False,False,False,1.0,1.0,0.5,0.5,0.5,0.5,0
0.6320081549439348,7.88,-7.88,0,1,False,False,False,True,False,False,False,False,1.0,1.0,0.5,0.5,0.5,0.5,1
0.12232415902140673,7.88,-7.88,0,1,False,False,False,False,True,False,False,False,1.0,1.0,0.5,0.5,0.5,0.5,0
0.12232415902140673,7.88,-7.88,0,1,True,False,False,False,False,False,False,False,1.0,1.0,0.5,0.5,0.5,0.5,0
0.12232415902140673,7.88,-7.88,0,1,False,False,False,False,True,False,False,False,1.0,1.0,0.5,0.5,0.5,0.5,0
0.12232415902140673,7.88,-7.88,0,1,False,False,False,False,False,False,False,True,1.0,1.0,0.5,0.5,0.5,0.5,0
0.12232415902140673,7.88,-7.88,0,1,False,False,False,False,False,False,False,True,1.0,1.0,0.5,0.5,0.5,0.5,0
0.12232415902140673,7.88,-7.88,0,1,True,False,False,False,False,False,False,False,1.0,1.0,0.5,0.5,0.5,0.5,0
0.6422018348623854,7.87,-7.87,0,1,False,False,False,True,False,False,False,False,1.0,1.0,0.5,0.5,0.5,0.5,1
0.1325178389398573,7.87,-7.87,0,1,False,False,False,False,True,False,False,False,1.0,1.0,0.5,0.5,0.5,0.5,0
0.1325178389398573,7.87,-7.87,0,1,True,False,False,False,False,False,False,False,1.0,1.0,0.5,0.5,0.5,0.5,0
0.1325178389398573,7.87,-7.87,0,1,False,False,True,False,False,False,False,False,1.0,1.0,0.5,0.5,0.5,0.5,0
0.6523955147808359,7.86,-7.86,0,1,False,False,False,True,False,False,False,False,1.0,1.0,0.5,0.5,0.5,0.5,1
0.14271151885830788,7.86,-7.86,0,1,False,False,True,False,False,False,False,False,1.0,1.0,0.5,0.5,0.5,0.5,1
0.14271151885830788,7.86,-7.86,0,1,True,False,False,False,False,False,False,False,1.0,1.0,0.5,0.5,0.5,0.5,0
0.14271151885830788,7.86,-7.86,0,1,False,False,False,False,True,False,False,False,1.0,1.0,0.5,0.5,0.5,0.5,0
0.14271151885830788,7.86,-7.86,0,1,True,False,False,False,False,False,False,False,1.0,1.0,0.5,0.5,0.5,0.5,0
0.14271151885830788,7.86,-7.86,0,1,True,False,False,False,False,False,False,False,1.0,1.0,0.5,0.5,0.5,0.5,0
0.14271151885830788,7.86,-7.86,0,1,False,False,False,False,True,False,False,False,1.0,1.0,0.5,0.5,0.5,0.5,0
0.14271151885830788,7.86,-7.86,0,1,False,False,True,False,False,False,False,False,1.0,1.0,0.5,0.5,0.5,0.5,0
0.14271151885830788,7.86,-7.86,0,1,False,False,False,False,False,False,True,False,1.0,1.0,0.5,0.5,0.5,0.5,0
0.14271151885830788,7.86,-7.86,0,1,False,False,True,False,False,False,False,False,1.0,1.0,0.5,0.5,0.5,0.5,0
0.14271151885830788,7.86,-7.86,0,1,True,False,False,False,False,False,False,False,1.0,1.0,0.5,0.5,0.5,0.5,0
0.1529051987767584,7.85,-7.85,0,1,False,False,False,False,False,False,True,False,1.0,1.0,0.5,0.5,0.5,0.5,0
0.1529051987767584,7.85,-7.85,0,1,False,False,False,False,False,False,True,False,1.0,1.0,0.5,0.5,0.5,0.5,0
0.1529051987767584,7.85,-7.85,0,1,True,False,False,False,False,False,False,False,1.0,1.0,0.5,0.5,0.5,0.5,0
0.1529051987767584,7.85,-7.85,0,1,False,False,False,False,False,False,True,False,1.0,1.0,0.5,0.5,0.5,0.5,1
0.672782874617737,7.84,-7.84,0,1,False,False,False,False,False,False,True,False,1.0,1.0,0.5,0.5,0.5,0.5,0
0.16309887869520898,7.84,-7.84,0,1,False,False,False,False,True,False,False,False,1.0,1.0,0.5,0.5,0.5,0.5,0
0.16309887869520898,7.84,-7.84,0,1,False,False,True,False,False,False,False,False,1.0,1.0,0.5,0.5,0.5,0.5,0
0.16309887869520898,7.84,-7.84,0,1,False,False,True,False,False,False,False,False,1.0,1.0,0.5,0.5,0.5,0.5,0
0.16309887869520898,7.84,-7.84,0,1,True,False,False,False,False,False,False,False,1.0,1.0,0.5,0.5,0.5,0.5,1
0.16309887869520898,7.84,-7.84,0,1,False,False,True,False,False,False,False,False,1.0,1.0,0.5,0.5,0.5,0.5,0
0.16309887869520898,7.84,-7.84,0,1,True,False,False,False,False,False,False,False,1.0,1.0,0.5,0.5,0.5,0.5,0
0.16309887869520898,7.84,-7.84,0,1,False,False,False,False,True,False,False,False,1.0,1.0,0.5,0.5,0.5,0.5,0
0.16309887869520898,7.84,-7.84,0,1,False,False,True,False,False,False,False,False,1.0,1.0,0.5,0.5,0.5,0.5,0
0.17329255861365955,7.83,-7.83,0,1,True,False,False,False,False,False,False,False,1.0,1.0,0.5,0.5,0.5,0.5,0
0.17329255861365955,7.83,-7.83,0,1,True,False,False,False,False,False,False,False,1.0,1.0,0.5,0.5,0.5,0.5,0
0.17329255861365955,7.83,-7.83,0,1,True,False,False,False,False,False,False,False,1.0,1.0,0.5,0.5,0.5,0.5,0
0.17329255861365955,7.83,-7.83,0,1,False,False,False,False,False,True,False,False,1.0,1.0,0.5,0.5,0.5,0.5,0
0.17329255861365955,7.83,-7.83,0,1,True,False,False,False,False,False,False,False,1.0,1.0,0.5,0.5,0.5,0.5,0
0.6931702344546382,7.82,-7.82,0,1,False,False,False,True,False,False,False,False,1.0,1.0,0.5,0.5,0.5,0.5,0
0.6931702344546382,7.82,-7.82,0,1,False,False,False,True,False,False,False,False,1.0,1.0,0.5,0.5,0.5,0.5,0
0.1834862385321101,7.82,-7.82,0,1,False,False,False,False,True,False,False,False,1.0,1.0,0.5,0.5,0.5,0.5,0
0.1834862385321101,7.82,-7.82,0,1,False,False,False,False,True,False,False,False,1.0,1.0,0.5,0.5,0.5,0.5,0
0.1834862385321101,7.82,-7.82,0,1,False,False,False,False,True,False,False,False,1.0,1.0,0.5,0.5,0.5,0.5,1
0.1834862385321101,7.82,-7.82,0,1,False,False,True,False,False,False,False,False,1.0,1.0,0.5,0.5,0.5,0.5,0
0.7033639143730887,7.81,-7.81,0,1,False,False,False,True,False,False,False,False,1.0,1.0,0.5,0.5,0.5,0.5,1
0.19367991845056065,7.81,-7.81,0,1,True,False,False,False,False,False,False,False,1.0,1.0,0.5,0.5,0.5,0.5,1
0.19367991845056065,7.81,-7.81,0,1,True,False,False,False,False,False,False,False,1.0,1.0,0.5,0.5,0.5,0.5,1
0.19367991845056065,7.81,-7.81,0,1,True,False,False,False,False,False,False,False,1.0,1.0,0.5,0.5,0.5,0.5,0
0.19367991845056065,7.81,-7.81,0,1,False,False,False,False,True,False,False,False,1.0,1.0,0.5,0.5,0.5,0.5,0
0.19367991845056065,7.81,-7.81,0,1,False,False,False,True,False,False,False,False,1.0,1.0,0.5,0.5,0.5,0.5,0
0.20387359836901123,7.8,-7.8,0,1,True,False,False,False,False,False,False,False,1.0,1.0,0.5,0.5,0.5,0.5,0
0.20387359836901123,7.8,-7.8,0,1,True,False,False,False,False,False,False,False,1.0,1.0,0.5,0.5,0.5,0.5,0
0.20387359836901123,7.8,-7.8,0,1,False,False,True,False,False,False,False,False,1.0,1.0,0.5,0.5,0.5,0.5,0
0.20387359836901123,7.8,-7.8,0,1,False,False,True,False,False,False,False,False,1.0,1.0,0.5,0.5,0.5,0.5,0
0.7237512742099897,7.79,-7.79,0,1,False,False,False,True,False,False,False,False,1.0,1.0,0.5,0.5,0.5,0.5,0
0.21406727828746178,7.79,-7.79,0,1,False,False,True,False,False,False,False,False,1.0,1.0,0.5,0.5,0.5,0.5,1
0.21406727828746178,7.79,-7.79,0,1,False,False,True,False,False,False,False,False,1.0,1.0,0.5,0.5,0.5,0.5,0
0.7339449541284404,7.78,-7.78,0,1,False,False,False,True,False,False,False,False,1.0,1.0,0.5,0.5,0.5,0.5,1
0.7339449541284404,7.78,-7.78,0,1,False,False,False,True,False,False,False,False,1.0,1.0,0.5,0.5,0.5,0.5,1
0.22426095820591235,7.78,-7.78,0,1,False,False,False,False,False,True,False,False,1.0,1.0,0.5,0.5,0.5,0.5,0
0.22426095820591235,7.78,-7.78,0,1,False,False,False,False,False,False,True,False,1.0,1.0,0.5,0.5,0.5,0.5,0
0.22426095820591235,7.78,-7.78,0,1,False,False,False,False,False,False,True,False,1.0,1.0,0.5,0.5,0.5,0.5,0
0.22426095820591235,7.78,-7.78,0,1,False,False,False,False,False,True,False,False,1.0,1.0,0.5,0.5,0.5,0.5,0
0.22426095820591235,7.78,-7.78,0,1,False,False,True,False,False,False,False,False,1.0,1.0,0.5,0.5,0.5,0.5,0
0.22426095820591235,7.78,-7.78,0,1,True,False,False,False,False,False,False,False,1.0,1.0,0.5,0.5,0.5,0.5,1
0.22426095820591235,7.78,-7.78,0,1,False,False,False,False,False,False,False,True,1.0,1.0,0.5,0.5,0.5,0.5,0
0.744138634046891,7.77,-7.77,0,1,False,False,False,True,False,False,False,False,1.0,1.0,0.5,0.5,0.5,0.5,1
0.2344546381243629,7.77,-7.77,0,1,False,False,False,False,False,True,False,False,1.0,1.0,0.5,0.5,0.5,0.5,0
0.2344546381243629,7.77,-7.77,0,1,False,False,False,False,False,False,True,False,1.0,1.0,0.5,0.5,0.5,0.5,1
0.2344546381243629,7.77,-7.77,0,1,False,False,False,False,False,False,False,True,1.0,1.0,0.5,0.5,0.5,0.5,0
0.7543323139653415,7.76,-7.76,0,1,False,False,False,True,False,False,False,False,1.0,1.0,0.5,0.5,0.5,0.5,1
0.24464831804281345,7.76,-7.76,0,1,False,False,True,False,False,False,False,False,1.0,1.0,0.5,0.5,0.5,0.5,1
0.24464831804281345,7.76,-7.76,0,1,False,False,True,False,False,False,False,False,1.0,1.0,0.5,0.5,0.5,0.5,0
0.24464831804281345,7.76,-7.76,0,1,False,False,False,False,False,True,False,False,1.0,1.0,0.5,0.5,0.5,0.5,1
0.254841997961264,7.75,-7.75,0,1,False,False,False,False,False,True,False,False,1.0,1.0,0.5,0.5,0.5,0.5,0
0.254841997961264,7.75,-7.75,0,1,False,False,False,False,False,True,False,False,1.0,1.0,0.5,0.5,0.5,0.5,1
0.254841997961264,7.75,-7.75,0,1,False,False,False,False,False,True,False,False,1.0,1.0,0.5,0.5,0.5,0.5,0
0.2650356778797146,7.74,-7.74,0,1,False,False,False,False,False,False,True,False,1.0,1.0,0.5,0.5,0.5,0.5,0
0.2650356778797146,7.74,-7.74,0,1,False,False,False,False,True,False,False,False,1.0,1.0,0.5,0.5,0.5,0.5,0
0.2650356778797146,7.74,-7.74,0,1,False,False,True,False,False,False,False,False,1.0,1.0,0.5,0.5,0.5,0.5,0
0.2650356778797146,7.74,-7.74,0,1,False,False,False,False,False,False,True,False,1.0,1.0,0.5,0.5,0.5,0.5,0
0.7849133537206932,7.73,-7.73,0,1,False,False,False,True,False,False,False,False,1.0,1.0,0.5,0.5,0.5,0.5,1
0.27522935779816515,7.73,-7.73,0,1,False,False,False,False,False,False,True,False,1.0,1.0,0.5,0.5,0.5,0.5,0
0.27522935779816515,7.73,-7.73,0,1,False,False,True,False,False,False,False,False,1.0,1.0,0.5,0.5,0.5,0.5,0
0.7951070336391438,7.72,-7.72,0,1,False,False,False,True,False,False,False,False,1.0,1.0,0.5,0.5,0.5,0.5,0
0.28542303771661576,7.72,-7.72,0,1,False,False,False,False,False,True,False,False,1.0,1.0,0.5,0.5,0.5,0.5,0
0.29561671763506625,7.71,-7.71,0,1,False,False,False,False,False,False,True,False,1.0,1.0,0.5,0.5,0.5,0.5,0
0.3058103975535168,7.7,-7.7,0,1,False,False,False,False,False,True,False,False,1.0,1.0,0.5,0.5,0.5,0.5,0
0.3058103975535168,7.7,-7.7,0,1,False,False,False,False,False,False,True,False,1.0,1.0,0.5,0.5,0.5,0.5,0
0.3058103975535168,7.7,-7.7,0,1,False,False,False,False,False,False,True,False,1.0,1.0,0.5,0.5,0.5,0.5,0
0.3160040774719674,7.69,-7.69,0,1,False,False,True,False,False,False,False,False,1.0,1.0,0.5,0.5,0.5,0.5,0
0.3160040774719674,7.69,-7.69,0,1,False,False,False,False,False,False,True,False,1.0,1.0,0.5,0.5,0.5,0.5,1
0.3160040774719674,7.69,-7.69,0,1,False,False,False,False,False,True,False,False,1.0,1.0,0.5,0.5,0.5,0.5,0
0.3160040774719674,7.69,-7.69,0,1,False,False,False,False,False,True,False,False,1.0,1.0,0.5,0.5,0.5,0.5,1
0.8358817533129459,7.68,-7.68,0,1,False,False,False,True,False,False,False,False,1.0,1.0,0.5,0.5,0.5,0.5,1
0.32619775739041795,7.68,-7.68,0,1,False,False,False,False,False,False,True,False,1.0,1.0,0.5,0.5,0.5,0.5,0
0.32619775739041795,7.68,-7.68,0,1,False,False,False,True,False,False,False,False,1.0,1.0,0.5,0.5,0.5,0.5,0
0.32619775739041795,7.68,-7.68,0,1,False,False,False,False,False,True,False,False,1.0,1.0,0.5,0.5,0.5,0.5,1
0.32619775739041795,7.68,-7.68,0,1,False,False,False,False,False,True,False,False,1.0,1.0,0.5,0.5,0.5,0.5,0
0.32619775739041795,7.68,-7.68,0,1,False,False,True,False,False,False,False,False,1.0,1.0,0.5,0.5,0.5,0.5,1
0.32619775739041795,7.68,-7.68,0,1,False,False,True,False,False,False,False,False,1.0,1.0,0.5,0.5,0.5,0.5,0
0.8460754332313966,7.67,-7.67,0,1,False,False,False,True,False,False,False,False,1.0,1.0,0.5,0.5,0.5,0.5,1
0.3363914373088685,7.67,-7.67,0,1,False,False,False,False,False,True,False,False,1.0,1.0,0.5,0.5,0.5,0.5,0
0.3363914373088685,7.67,-7.67,0,1,False,False,False,False,False,False,True,False,1.0,1.0,0.5,0.5,0.5,0.5,0
0.3363914373088685,7.67,-7.67,0,1,False,False,False,False,False,False,True,False,1.0,1.0,0.5,0.5,0.5,0.5,1
0.3363914373088685,7.67,-7.67,0,1,False,False,True,False,False,False,False,False,1.0,1.0,0.5,0.5,0.5,0.5,0
0.3363914373088685,7.67,-7.67,0,1,False,False,False,False,False,True,False,False,1.0,1.0,0.5,0.5,0.5,0.5,0
0.3363914373088685,7.67,-7.67,0,1,False,False,False,True,False,False,False,False,1.0,1.0,0.5,0.5,0.5,0.5,0
0.3465851172273191,7.66,-7.66,0,1,False,False,False,False,False,True,False,False,1.0,1.0,0.5,0.5,0.5,0.5,0
0.3567787971457696,7.65,-7.65,0,1,False,False,True,False,False,False,False,False,1.0,1.0,0.5,0.5,0.5,0.5,0
0.3567787971457696,7.65,-7.65,0,1,False,False,False,False,False,False,True,False,1.0,1.0,0.5,0.5,0.5,0.5,0
0.3567787971457696,7.65,-7.65,0,1,False,False,False,False,False,False,True,False,1.0,1.0,0.5,0.5,0.5,0.5,0
0.3669724770642202,7.64,-7.64,0,1,False,False,False,False,False,True,False,False,1.0,1.0,0.5,0.5,0.5,0.5,0
0.3669724770642202,7.64,-7.64,0,1,False,False,False,False,False,True,False,False,1.0,1.0,0.5,0.5,0.5,0.5,0
0.3669724770642202,7.64,-7.64,0,1,False,False,False,False,False,False,True,False,1.0,1.0,0.5,0.5,0.5,0.5,0
0.3669724770642202,7.64,-7.64,0,1,False,False,False,True,False,False,False,False,1.0,1.0,0.5,0.5,0.5,0.5,0
0.3669724770642202,7.64,-7.64,0,1,False,False,True,False,False,False,False,False,1.0,1.0,0.5,0.5,0.5,0.5,0
0.37716615698267075,7.63,-7.63,0,1,False,False,False,False,False,False,True,False,1.0,1.0,0.5,0.5,0.5,0.5,0
0.8970438328236494,7.62,-7.62,0,1,False,False,False,True,False,False,False,False,1.0,1.0,0.5,0.5,0.5,0.5,1
0.8970438328236494,7.62,-7.62,0,1,False,False,False,True,False,False,False,False,1.0,1.0,0.5,0.5,0.5,0.5,0
0.3873598369011213,7.62,-7.62,0,1,False,False,False,False,False,False,True,False,1.0,1.0,0.5,0.5,0.5,0.5,0
0.3873598369011213,7.62,-7.62,0,1,False,False,True,False,False,False,False,False,1.0,1.0,0.5,0.5,0.5,0.5,0
0.3873598369011213,7.62,-7.62,0,1,False,False,True,False,False,False,False,False,1.0,1.0,0.5,0.5,0.5,0.5,0
0.3873598369011213,7.62,-7.62,0,1,False,False,False,False,False,False,True,False,1.0,1.0,0.5,0.5,0.5,0.5,0
0.3975535168195719,7.61,-7.61,0,1,False,False,False,True,False,False,False,False,1.0,1.0,0.5,0.5,0.5,0.5,1
0.3975535168195719,7.61,-7.61,0,1,False,False,False,False,False,False,True,False,1.0,1.0,0.5,0.5,0.5,0.5,0
0.3975535168195719,7.61,-7.61,0,1,False,False,False,False,False,True,False,False,1.0,1.0,0.5,0.5,0.5,0.5,0
0.40774719673802245,7.6,-7.6,0,1,False,False,False,False,False,False,True,False,1.0,1.0,0.5,0.5,0.5,0.5,0
0.41794087665647295,7.59,-7.59,0,1,False,False,False,False,False,False,True,False,1.0,1.0,0.5,0.5,0.5,0.5,0
0.41794087665647295,7.59,-7.59,0,1,False,False,False,False,False,False,True,False,1.0,1.0,0.5,0.5,0.5,0.5,0
0.9378185524974516,7.58,-7.58,0,1,False,False,False,True,False,False,False,False,1.0,1.0,0.5,0.5,0.5,0.5,0
0.42813455657492355,7.58,-7.58,0,1,False,False,False,False,False,True,False,False,1.0,1.0,0.5,0.5,0.5,0.5,1
0.42813455657492355,7.58,-7.58,0,1,False,False,False,True,False,False,False,False,1.0,1.0,0.5,0.5,0.5,0.5,1
0.42813455657492355,7.58,-7.58,0,1,False,False,True,False,False,False,False,False,1.0,1.0,0.5,0.5,0.5,0.5,0
0.42813455657492355,7.58,-7.58,0,1,False,False,False,False,False,True,False,False,1.0,1.0,0.5,0.5,0.5,0.5,0
0.9480122324159022,7.57,-7.57,0,1,False,False,False,True,False,False,False,False,1.0,1.0,0.5,0.5,0.5,0.5,1
0.4383282364933741,7.57,-7.57,0,1,False,False,False,False,False,False,True,False,1.0,1.0,0.5,0.5,0.5,0.5,0
0.4383282364933741,7.57,-7.57,0,1,False,False,False,False,False,True,False,False,1.0,1.0,0.5,0.5,0.5,0.5,0
0.4383282364933741,7.57,-7.57,0,1,False,False,False,False,False,True,False,False,1.0,1.0,0.5,0.5,0.5,0.5,0
0.4383282364933741,7.57,-7.57,0,1,False,False,False,False,False,False,False,True,1.0,1.0,0.5,0.5,0.5,0.5,0
0.4383282364933741,7.57,-7.57,0,1,False,False,False,False,False,True,False,False,1.0,1.0,0.5,0.5,0.5,0.5,1
0.4383282364933741,7.57,-7.57,0,1,False,False,False,False,False,False,True,False,1.0,1.0,0.5,0.5,0.5,0.5,1
0.4485219164118247,7.56,-7.56,0,1,False,False,False,False,False,True,False,False,1.0,1.0,0.5,0.5,0.5,0.5,0
0.4485219164118247,7.56,-7.56,0,1,False,False,False,False,False,True,False,False,1.0,1.0,0.5,0.5,0.5,0.5,1
0.4485219164118247,7.56,-7.56,0,1,False,False,False,False,False,True,False,False,1.0,1.0,0.5,0.5,0.5,0.5,0
0.45871559633027525,7.55,-7.55,0,1,False,False,True,False,False,False,False,False,1.0,1.0,0.5,0.5,0.5,0.5,1
0.45871559633027525,7.55,-7.55,0,1,False,False,False,False,False,True,False,False,1.0,1.0,0.5,0.5,0.5,0.5,1
0.45871559633027525,7.55,-7.55,0,1,False,False,True,False,False,False,False,False,1.0,1.0,0.5,0.5,0.5,0.5,0
0.45871559633027525,7.55,-7.55,0,1,False,False,True,False,False,False,False,False,1.0,1.0,0.5,0.5,0.5,0.5,0
0.45871559633027525,7.55,-7.55,0,1,False,False,False,False,False,True,False,False,1.0,1.0,0.5,0.5,0.5,0.5,0
0.9785932721712538,7.54,-7.54,0,1,False,False,False,True,False,False,False,False,1.0,1.0,0.5,0.5,0.5,0.5,1
0.4689092762487258,7.54,-7.54,0,1,False,False,False,False,False,True,False,False,1.0,1.0,0.5,0.5,0.5,0.5,1
0.4689092762487258,7.54,-7.54,0,1,False,False,False,False,False,False,True,False,1.0,1.0,0.5,0.5,0.5,0.5,1
0.4689092762487258,7.54,-7.54,0,1,False,False,False,False,False,False,True,False,1.0,1.0,0.5,0.5,0.5,0.5,0
0.47910295616717635,7.53,-7.53,0,1,False,False,False,False,False,False,True,False,1.0,1.0,0.5,0.5,0.5,0.5,0
0.4892966360856269,7.52,-7.52,0,1,False,False,False,False,False,False,True,False,1.0,1.0,0.5,0.5,0.5,0.5,0
0.4892966360856269,7.52,-7.52,0,1,False,False,False,True,False,False,False,False,1.0,1.0,0.5,0.5,0.5,0.5,0
0.49949031600407745,7.51,-7.51,0,1,False,False,False,True,False,False,False,False,1.0,1.0,0.5,0.5,0.5,0.5,0
0.49949031600407745,7.51,-7.51,0,1,False,False,False,False,False,False,True,False,1.0,1.0,0.5,0.5,0.5,0.5,1
0.49949031600407745,7.51,-7.51,0,1,False,False,False,True,False,False,False,False,1.0,1.0,0.5,0.5,0.5,0.5,0
0.509683995922528,7.5,-7.5,0,1,False,False,False,False,False,True,False,False,1.0,1.0,0.5,0.5,0.5,0.5,0
0.5198776758409787,7.49,-7.49,0,1,False,False,False,True,False,False,False,False,1.0,1.0,0.5,0.5,0.5,0.5,0
0.5300713557594292,7.48,-7.48,0,1,False,False,False,True,False,False,False,False,1.0,1.0,0.5,0.5,0.5,0.5,1
0.5402650356778798,7.47,-7.47,0,1,False,False,False,False,False,False,True,False,1.0,1.0,0.5,0.5,0.5,0.5,1
0.5504587155963303,7.46,-7.46,0,1,False,False,False,True,False,False,False,False,1.0,1.0,0.5,0.5,0.5,0.5,1
0.5708460754332315,7.439999999999999,-7.439999999999999,0,1,False,False,False,False,False,True,False,False,1.0,1.0,0.5,0.5,0.5,0.5,0
0.5912334352701325,7.42,-7.42,0,1,False,False,False,False,False,True,False,False,1.0,1.0,0.5,0.5,0.5,0.5,0
0.5912334352701325,7.42,-7.42,0,1,False,False,False,False,False,True,False,False,1.0,1.0,0.5,0.5,0.5,0.5,0
0.6116207951070336,7.4,-7.4,0,1,False,False,False,True,False,False,False,False,1.0,1.0,0.5,0.5,0.5,0.5,0
0.6116207951070336,7.4,-7.4,0,1,False,False,False,False,False,False,True,False,1.0,1.0,0.5,0.5,0.5,0.5,0
0.6218144750254841,7.39,-7.39,0,1,False,False,False,True,False,False,False,False,1.0,1.0,0.5,0.5,0.5,0.5,0
0.6218144750254841,7.39,-7.39,0,1,False,False,False,True,False,False,False,False,1.0,1.0,0.5,0.5,0.5,0.5,0
0.6218144750254841,7.39,-7.39,0,1,False,False,False,True,False,False,False,False,1.0,1.0,0.5,0.5,0.5,0.5,0
0.6320081549439348,7.38,-7.38,0,1,False,False,False,True,False,False,False,False,1.0,1.0,0.5,0.5,0.5,0.5,0
0.6422018348623854,7.37,-7.37,0,1,False,False,False,True,False,False,False,False,1.0,1.0,0.5,0.5,0.5,0.5,0
0.672782874617737,7.34,-7.34,0,1,False,False,False,True,False,False,False,False,1.0,1.0,0.5,0.5,0.5,0.5,0
0.672782874617737,7.34,-7.34,0,1,False,False,False,True,False,False,False,False,1.0,1.0,0.5,0.5,0.5,0.5,1
0.7135575942915392,7.3,-7.3,0,1,False,False,False,True,False,False,False,False,1.0,1.0,0.5,0.5,0.5,0.5,1
0.7135575942915392,7.3,-7.3,0,1,False,False,False,True,False,False,False,False,1.0,1.0,0.5,0.5,0.5,0.5,1
0.7237512742099897,7.29,-7.29,0,1,False,False,False,True,False,False,False,False,1.0,1.0,0.5,0.5,0.5,0.5,0
0.7339449541284404,7.28,-7.28,0,1,False,False,True,False,False,False,False,False,1.0,1.0,0.5,0.5,0.5,0.5,1
0.7339449541284404,7.28,-7.28,0,1,False,False,False,True,False,False,False,False,1.0,1.0,0.5,0.5,0.5,0.5,1
0.7543323139653415,7.26,-7.26,0,1,False,False,False,True,False,False,False,False,1.0,1.0,0.5,0.5,0.5,0.5,1
0.7747196738022426,7.24,-7.24,0,1,False,False,False,True,False,False,False,False,1.0,1.0,0.5,0.5,0.5,0.5,1
0.7747196738022426,7.24,-7.24,0,1,False,False,False,True,False,False,False,False,1.0,1.0,0.5,0.5,0.5,0.5,0
0.7951070336391438,7.22,-7.22,0,1,False,False,False,True,False,False,False,False,1.0,1.0,0.5,0.5,0.5,0.5,0
0.7951070336391438,7.22,-7.22,0,1,False,False,False,True,False,False,False,False,1.0,1.0,0.5,0.5,0.5,0.5,1
0.7951070336391438,7.22,-7.22,0,1,False,False,False,True,False,False,False,False,1.0,1.0,0.5,0.5,0.5,0.5,1
0.8154943934760449,7.2,-7.2,0,1,False,False,False,True,False,False,False,False,1.0,1.0,0.5,0.5,0.5,0.5,1
0.8256880733944955,7.19,-7.19,0,1,False,False,False,True,False,False,False,False,1.0,1.0,0.5,0.5,0.5,0.5,0
0.8664627930682977,7.15,-7.15,0,1,False,False,False,True,False,False,False,False,1.0,1.0,0.5,0.5,0.5,0.5,0
0.8868501529051988,7.13,-7.13,0,1,False,False,False,True,False,False,False,False,1.0,1.0,0.5,0.5,0.5,0.5,1
0.8970438328236494,7.12,-7.12,0,1,False,False,False,True,False,False,False,False,1.0,1.0,0.5,0.5,0.5,0.5,1
0.9582059123343527,7.0600000000000005,-7.0600000000000005,0,1,False,False,False,True,False,False,False,False,1.0,1.0,0.5,0.5,0.5,0.5,1
0.9989806320081549,7.02,-7.02,0,1,False,False,False,True,False,False,False,False,1.0,1.0,0.5,0.5,0.5,0.5,1
0.0,7.0,-7.0,0,1,False,False,False,False,False,True,False,False,1.0,1.0,0.5,0.5,0.5,0.5,1
0.0,7.0,-7.0,0,1,False,False,False,False,False,False,True,False,1.0,1.0,0.5,0.5,0.5,0.5,1
0.0,7.0,-7.0,0,1,False,False,False,False,True,False,False,False,1.0,1.0,0.5,0.5,0.5,0.5,1
0.0,7.0,-7.0,0,1,True,False,False,False,False,False,False,False,1.0,1.0,0.5,0.5,0.5,0.5,1
0.0,7.0,-7.0,0,1,False,True,False,False,False,False,False,False,1.0,1.0,0.5,0.5,0.5,0.5,1
0.0,7.0,-7.0,0,1,False,False,True,False,False,False,False,False,1.0,1.0,0.5,0.5,0.5,0.5,1
0.0,7.0,-7.0,0,1,False,False,False,False,False,False,False,True,1.0,1.0,0.5,0.5,0.5,0.5,1
0.0,7.0,-7.0,0,1,False,False,False,False,False,False,False,True,1.0,1.0,0.5,0.5,0.5,0.5,1
0.0,7.0,-7.0,0,1,False,True,False,False,False,False,False,False,1.0,1.0,0.5,0.5,0.5,0.5,1
0.0,7.0,-7.0,0,1,False,False,False,False,False,False,False,True,1.0,1.0,0.5,0.5,0.5,0.5,1
0.0,7.0,-7.0,0,1,False,False,False,True,False,False,False,False,1.0,1.0,0.5,0.5,0.5,0.5,1
0.0,7.0,-7.0,0,1,False,False,False,False,False,True,False,False,1.0,1.0,0.5,0.5,0.5,0.5,1
0.0,7.0,-7.0,0,1,False,False,False,False,False,False,True,False,1.0,1.0,0.5,0.5,0.5,0.5,1
0.0,7.0,-7.0,0,1,False,False,False,False,True,False,False,False,1.0,1.0,0.5,0.5,0.5,0.5,1
0.0,7.0,-7.0,0,1,True,False,False,False,False,False,False,False,1.0,1.0,0.5,0.5,0.5,0.5,1
0.0,7.0,-7.0,0,1,False,True,False,False,False,False,False,False,1.0,1.0,0.5,0.5,0.5,0.5,1
0.0,7.0,-7.0,0,1,False,False,True,False,False,False,False,False,1.0,1.0,0.5,0.5,0.5,0.5,1
0.0,7.0,-7.0,0,1,False,False,False,False,False,False,False,True,1.0,1.0,0.5,0.5,0.5,0.5,1
0.0,7.0,-7.0,0,1,False,False,False,True,False,False,False,False,1.0,1.0,0.5,0.5,0.5,0.5,1
0.0,7.0,-7.0,0,1,False,False,False,False,False,True,False,False,1.0,1.0,0.5,0.5,0.5,0.5,1
0.0,7.0,-7.0,0,1,False,False,False,False,False,False,True,False,1.0,1.0,0.5,0.5,0.5,0.5,1
0.0,7.0,-7.0,0,1,False,False,False,False,True,False,False,False,1.0,1.0,0.5,0.5,0.5,0.5,1
0.0,7.0,-7.0,0,1,True,False,False,False,False,False,False,False,1.0,1.0,0.5,0.5,0.5,0.5,1
0.0,7.0,-7.0,0,1,False,True,False,False,False,False,False,False,1.0,1.0,0.5,0.5,0.5,0.5,1
0.0,7.0,-7.0,0,1,False,False,True,False,False,False,False,False,1.0,1.0,0.5,0.5,0.5,0.5,1
0.0,7.0,-7.0,0,1,False,False,False,False,False,False,False,True,1.0,1.0,0.5,0.5,0.5,0.5,1
0.0,7.0,-7.0,0,1,False,False,False,False,False,False,False,True,1.0,1.0,0.5,0.5,0.5,0.5,1
0.0,7.0,-7.0,0,1,False,True,False,False,False,False,False,False,1.0,1.0,0.5,0.5,0.5,0.5,1
0.0,7.0,-7.0,0,1,False,False,False,False,False,False,False,True,1.0,1.0,0.5,0.5,0.5,0.5,1
0.0,7.0,-7.0,0,1,False,True,False,False,False,False,False,False,1.0,1.0,0.5,0.5,0.5,0.5,1
0.0,7.0,-7.0,0,1,False,False,False,True,False,False,False,False,1.0,1.0,0.5,0.5,0.5,0.5,1
0.0,7.0,-7.0,0,1,False,False,False,False,False,True,False,False,1.0,1.0,0.5,0.5,0.5,0.5,1
0.0,7.0,-7.0,0,1,False,False,False,False,False,False,True,False,1.0,1.0,0.5,0.5,0.5,0.5,1
0.0,7.0,-7.0,0,1,False,False,False,False,True,False,False,False,1.0,1.0,0.5,0.5,0.5,0.5,1
0.0,7.0,-7.0,0,1,True,False,False,False,False,False,False,False,1.0,1.0,0.5,0.5,0.5,0.5,1
0.0,7.0,-7.0,0,1,False,True,False,False,False,False,False,False,1.0,1.0,0.5,0.5,0.5,0.5,1
0.0,7.0,-7.0,0,1,False,False,True,False,False,False,False,False,1.0,1.0,0.5,0.5,0.5,0.5,1
0.0,7.0,-7.0,0,1,False,False,False,False,False,False,False,True,1.0,1.0,0.5,0.5,0.5,0.5,1
0.0,7.0,-7.0,0,1,False,True,False,False,False,False,False,False,1.0,1.0,0.5,0.5,0.5,0.5,1
0.0,7.0,-7.0,0,1,False,True,False,False,False,False,False,False,1.0,1.0,0.5,0.5,0.5,0.5,1
0.0,7.0,-7.0,0,1,False,False,False,False,False,False,False,True,1.0,1.0,0.5,0.5,0.5,0.5,1
0.0,7.0,-7.0,0,1,False,True,False,False,False,False,False,False,1.0,1.0,0.5,0.5,0.5,0.5,1
0.0,7.0,-7.0,0,1,False,False,False,True,False,False,False,False,1.0,1.0,0.5,0.5,0.5,0.5,1
0.0,7.0,-7.0,0,1,False,False,False,False,False,True,False,False,1.0,1.0,0.5,0.5,0.5,0.5,1
0.0,7.0,-7.0,0,1,False,False,False,False,False,False,True,False,1.0,1.0,0.5,0.5,0.5,0.5,1
0.0,7.0,-7.0,0,1,False,False,False,False,True,False,False,False,1.0,1.0,0.5,0.5,0.5,0.5,1
0.0,7.0,-7.0,0,1,True,False,False,False,False,False,False,False,1.0,1.0,0.5,0.5,0.5,0.5,1
0.0,7.0,-7.0,0,1,False,True,False,False,False,False,False,False,1.0,1.0,0.5,0.5,0.5,0.5,1
0.0,7.0,-7.0,0,1,False,False,True,False,False,False,False,False,1.0,1.0,0.5,0.5,0.5,0.5,1
0.0,7.0,-7.0,0,1,False,False,False,False,False,False,False,True,1.0,1.0,0.5,0.5,0.5,0.5,1
0.0,7.0,-7.0,0,1,False,False,False,True,False,False,False,False,1.0,1.0,0.5,0.5,0.5,0.5,1
0.0,7.0,-7.0,0,1,False,False,False,False,False,True,False,False,1.0,1.0,0.5,0.5,0.5,0.5,1
0.0,7.0,-7.0,0,1,False,False,False,False,False,False,True,False,1.0,1.0,0.5,0.5,0.5,0.5,1
0.0,7.0,-7.0,0,1,False,False,False,False,True,False,False,False,1.0,1.0,0.5,0.5,0.5,0.5,1
0.0,7.0,-7.0,0,1,True,False,False,False,False,False,False,False,1.0,1.0,0.5,0.5,0.5,0.5,1
0.0,7.0,-7.0,0,1,False,True,False,False,False,False,False,False,1.0,1.0,0.5,0.5,0.5,0.5,1
0.0,7.0,-7.0,0,1,False,False,True,False,False,False,False,False,1.0,1.0,0.5,0.5,0.5,0.5,1
0.0,7.0,-7.0,0,1,False,False,False,False,False,False,False,True,1.0,1.0,0.5,0.5,0.5,0.5,1
0.0,7.0,-7.0,0,1,False,True,False,False,False,False,False,False,1.0,1.0,0.5,0.5,0.5,0.5,1
0.0,7.0,-7.0,0,1,False,False,False,False,False,False,True,False,1.0,1.0,0.5,0.5,0.5,0.5,1
0.0,7.0,-7.0,0,1,False,False,False,False,True,False,False,False,1.0,1.0,0.5,0.5,0.5,0.5,1
0.0,7.0,-7.0,0,1,False,True,False,False,False,False,False,False,1.0,1.0,0.5,0.5,0.5,0.5,1
0.0,7.0,-7.0,0,1,False,False,False,False,False,False,False,True,1.0,1.0,0.5,0.5,0.5,0.5,1
0.0,7.0,-7.0,0,1,False,False,False,True,False,False,False,False,1.0,1.0,0.5,0.5,0.5,0.5,1
0.0,7.0,-7.0,0,1,False,False,False,False,False,True,False,False,1.0,1.0,0.5,0.5,0.5,0.5,1
0.0,7.0,-7.0,0,1,False,False,False,False,False,False,True,False,1.0,1.0,0.5,0.5,0.5,0.5,1
0.0,7.0,-7.0,0,1,False,False,False,False,True,False,False,False,1.0,1.0,0.5,0.5,0.5,0.5,1
0.0,7.0,-7.0,0,1,True,False,False,False,False,False,False,False,1.0,1.0,0.5,0.5,0.5,0.5,1
0.0,7.0,-7.0,0,1,False,True,False,False,False,False,False,False,1.0,1.0,0.5,0.5,0.5,0.5,1
0.0,7.0,-7.0,0,1,False,False,True,False,False,False,False,False,1.0,1.0,0.5,0.5,0.5,0.5,1
0.0,7.0,-7.0,0,1,False,False,False,False,False,False,False,True,1.0,1.0,0.5,0.5,0.5,0.5,1
0.0,7.0,-7.0,0,1,False,True,False,False,False,False,False,False,1.0,1.0,0.5,0.5,0.5,0.5,1
0.0,7.0,-7.0,0,1,False,True,False,False,False,False,False,False,1.0,1.0,0.5,0.5,0.5,0.5,1
0.0,7.0,-7.0,0,1,False,True,False,False,False,False,False,False,1.0,1.0,0.5,0.5,0.5,0.5,1
0.0,7.0,-7.0,0,1,False,False,False,False,False,False,False,True,1.0,1.0,0.5,0.5,0.5,0.5,1
0.0,7.0,-7.0,0,1,False,True,False,False,False,False,False,False,1.0,1.0,0.5,0.5,0.5,0.5,1
0.0,7.0,-7.0,0,1,False,False,False,True,False,False,False,False,1.0,1.0,0.5,0.5,0.5,0.5,1
0.0,7.0,-7.0,0,1,False,False,False,False,False,True,False,False,1.0,1.0,0.5,0.5,0.5,0.5,1
0.0,7.0,-7.0,0,1,False,False,False,False,False,False,True,False,1.0,1.0,0.5,0.5,0.5,0.5,1
0.0,7.0,-7.0,0,1,False,False,False,False,True,False,False,False,1.0,1.0,0.5,0.5,0.5,0.5,1
0.0,7.0,-7.0,0,1,True,False,False,False,False,False,False,False,1.0,1.0,0.5,0.5,0.5,0.5,1
0.0,7.0,-7.0,0,1,False,True,False,False,False,False,False,False,1.0,1.0,0.5,0.5,0.5,0.5,1
0.0,7.0,-7.0,0,1,False,False,True,False,False,False,False,False,1.0,1.0,0.5,0.5,0.5,0.5,1
0.0,7.0,-7.0,0,1,False,False,False,False,False,False,False,True,1.0,1.0,0.5,0.5,0.5,0.5,1
0.0,7.0,-7.0,0,1,False,False,False,False,False,False,True,False,1.0,1.0,0.5,0.5,0.5,0.5,1
0.0,7.0,-7.0,0,1,False,False,False,False,True,False,False,False,1.0,1.0,0.5,0.5,0.5,0.5,1
0.0,7.0,-7.0,0,1,False,True,False,False,False,False,False,False,1.0,1.0,0.5,0.5,0.5,0.5,1
0.0,7.0,-7.0,0,1,False,False,False,False,False,False,False,True,1.0,1.0,0.5,0.5,0.5,0.5,1
0.0,7.0,-7.0,0,1,False,True,False,False,False,False,False,False,1.0,1.0,0.5,0.5,0.5,0.5,1
0.0,7.0,-7.0,0,1,False,False,False,True,False,False,False,False,1.0,1.0,0.5,0.5,0.5,0.5,1
0.0,7.0,-7.0,0,1,False,False,False,False,False,True,False,False,1.0,1.0,0.5,0.5,0.5,0.5,1
0.0,7.0,-7.0,0,1,False,False,False,False,False,False,True,False,1.0,1.0,0.5,0.5,0.5,0.5,1
0.0,7.0,-7.0,0,1,False,False,False,False,True,False,False,False,1.0,1.0,0.5,0.5,0.5,0.5,1
0.0,7.0,-7.0,0,1,True,False,False,False,False,False,False,False,1.0,1.0,0.5,0.5,0.5,0.5,1
0.0,7.0,-7.0,0,1,False,True,False,False,False,False,False,False,1.0,1.0,0.5,0.5,0.5,0.5,1
0.0,7.0,-7.0,0,1,False,False,True,False,False,False,False,False,1.0,1.0,0.5,0.5,0.5,0.5,1
0.0,7.0,-7.0,0,1,False,False,False,False,False,False,False,True,1.0,1.0,0.5,0.5,0.5,0.5,1
0.0,7.0,-7.0,0,1,False,True,False,False,False,False,False,False,1.0,1.0,0.5,0.5,0.5,0.5,1
0.0,7.0,-7.0,0,1,False,True,False,False,False,False,False,False,1.0,1.0,0.5,0.5,0.5,0.5,1
0.0,7.0,-7.0,0,1,False,True,False,False,False,False,False,False,1.0,1.0,0.5,0.5,0.5,0.5,1
0.0,7.0,-7.0,0,1,False,True,False,False,False,False,False,False,1.0,1.0,0.5,0.5,0.5,0.5,1
0.0,7.0,-7.0,0,1,False,False,False,False,False,False,False,True,1.0,1.0,0.5,0.5,0.5,0.5,1
0.0,7.0,-7.0,0,1,False,False,False,False,True,False,False,False,1.0,1.0,0.5,0.5,0.5,0.5,1
0.0,7.0,-7.0,0,1,False,True,False,False,False,False,False,False,1.0,1.0,0.5,0.5,0.5,0.5,1
0.0,7.0,-7.0,0,1,False,True,False,False,False,False,False,False,1.0,1.0,0.5,0.5,0.5,0.5,1
0.0,7.0,-7.0,0,1,False,True,False,False,False,False,False,False,1.0,1.0,0.5,0.5,0.5,0.5,1
0.0,7.0,-7.0,0,1,False,False,False,False,False,False,True,False,1.0,1.0,0.5,0.5,0.5,0.5,1
0.0,7.0,-7.0,0,1,False,False,False,False,True,False,False,False,1.0,1.0,0.5,0.5,0.5,0.5,1
0.0,7.0,-7.0,0,1,True,False,False,False,False,False,False,False,1.0,1.0,0.5,0.5,0.5,0.5,1
0.0,7.0,-7.0,0,1,False,True,False,False,False,False,False,False,1.0,1.0,0.5,0.5,0.5,0.5,1
0.0,7.0,-7.0,0,1,False,False,False,False,False,False,False,True,1.0,1.0,0.5,0.5,0.5,0.5,1
0.0,7.0,-7.0,0,1,False,False,False,False,False,False,False,True,1.0,1.0,0.5,0.5,0.5,0.5,1
0.0,7.0,-7.0,0,1,False,True,False,False,False,False,False,False,1.0,1.0,0.5,0.5,0.5,0.5,1
0.0,7.0,-7.0,0,1,False,False,False,False,False,False,False,True,1.0,1.0,0.5,0.5,0.5,0.5,1
0.0,7.0,-7.0,0,1,False,False,False,True,False,False,False,False,1.0,1.0,0.5,0.5,0.5,0.5,1
0.0,7.0,-7.0,0,1,False,False,False,False,False,True,False,False,1.0,1.0,0.5,0.5,0.5,0.5,1
0.0,7.0,-7.0,0,1,False,False,False,False,False,False,True,False,1.0,1.0,0.5,0.5,0.5,0.5,1
0.0,7.0,-7.0,0,1,False,False,False,False,True,False,False,False,1.0,1.0,0.5,0.5,0.5,0.5,1
0.0,7.0,-7.0,0,1,True,False,False,False,False,False,False,False,1.0,1.0,0.5,0.5,0.5,0.5,1
0.0,7.0,-7.0,0,1,False,True,False,False,False,False,False,False,1.0,1.0,0.5,0.5,0.5,0.5,1
0.0,7.0,-7.0,0,1,False,False,True,False,False,False,False,False,1.0,1.0,0.5,0.5,0.5,0.5,1
0.0,7.0,-7.0,0,1,False,False,False,False,False,False,False,True,1.0,1.0,0.5,0.5,0.5,0.5,1
0.0,7.0,-7.0,0,1,False,True,False,False,False,False,False,False,1.0,1.0,0.5,0.5,0.5,0.5,1
0.0,7.0,-7.0,0,1,False,True,False,False,False,False,False,False,1.0,1.0,0.5,0.5,0.5,0.5,1
0.0,7.0,-7.0,0,1,False,False,False,False,False,False,False,True,1.0,1.0,0.5,0.5,0.5,0.5,1
0.0,7.0,-7.0,0,1,False,True,False,False,False,False,False,False,1.0,1.0,0.5,0.5,0.5,0.5,1
0.0,7.0,-7.0,0,1,False,True,False,False,False,False,False,False,1.0,1.0,0.5,0.5,0.5,0.5,1
0.0,7.0,-7.0,0,1,False,False,False,False,False,False,False,True,1.0,1.0,0.5,0.5,0.5,0.5,1
0.0,7.0,-7.0,0,1,False,True,False,False,False,False,False,False,1.0,1.0,0.5,0.5,0.5,0.5,1
0.0,7.0,-7.0,0,1,False,True,False,False,False,False,False,False,1.0,1.0,0.5,0.5,0.5,0.5,1
0.0,7.0,-7.0,0,1,False,True,False,False,False,False,False,False,1.0,1.0,0.5,0.5,0.5,0.5,1
0.0,7.0,-7.0,0,1,False,False,False,False,False,False,False,True,1.0,1.0,0.5,0.5,0.5,0.5,1
0.0,7.0,-7.0,0,1,False,True,False,False,False,False,False,False,1.0,1.0,0.5,0.5,0.5,0.5,1
0.0,7.0,-7.0,0,1,False,False,False,False,False,False,False,True,1.0,1.0,0.5,0.5,0.5,0.5,1
0.0,7.0,-7.0,0,1,False,True,False,False,False,False,False,False,1.0,1.0,0.5,0.5,0.5,0.5,1
0.0,7.0,-7.0,0,1,False,True,False,False,False,False,False,False,1.0,1.0,0.5,0.5,0.5,0.5,1
0.0,7.0,-7.0,0,1,False,False,False,False,False,False,False,True,1.0,1.0,0.5,0.5,0.5,0.5,1
0.0,7.0,-7.0,0,1,False,True,False,False,False,False,False,False,1.0,1.0,0.5,0.5,0.5,0.5,1
0.0,7.0,-7.0,0,1,False,True,False,False,False,False,False,False,1.0,1.0,0.5,0.5,0.5,0.5,1
0.0,7.0,-7.0,0,1,False,False,False,False,False,False,False,True,1.0,1.0,0.5,0.5,0.5,0.5,1
0.0,7.0,-7.0,0,1,False,True,False,False,False,False,False,False,1.0,1.0,0.5,0.5,0.5,0.5,1
0.0,7.0,-7.0,0,1,False,False,False,True,False,False,False,False,1.0,1.0,0.5,0.5,0.5,0.5,1
0.0,7.0,-7.0,0,1,False,False,False,False,False,True,False,False,1.0,1.0,0.5,0.5,0.5,0.5,1
0.0,7.0,-7.0,0,1,False,False,False,False,False,False,True,False,1.0,1.0,0.5,0.5,0.5,0.5,1
0.0,7.0,-7.0,0,1,False,False,False,False,True,False,False,False,1.0,1.0,0.5,0.5,0.5,0.5,1
0.0,7.0,-7.0,0,1,True,False,False,False,False,False,False,False,1.0,1.0,0.5,0.5,0.5,0.5,1
0.0,7.0,-7.0,0,1,False,True,False,False,False,False,False,False,1.0,1.0,0.5,0.5,0.5,0.5,1
0.0,7.0,-7.0,0,1,False,False,True,False,False,False,False,False,1.0,1.0,0.5,0.5,0.5,0.5,1
0.0,7.0,-7.0,0,1,False,False,False,False,False,False,False,True,1.0,1.0,0.5,0.5,0.5,0.5,1
0.0,7.0,-7.0,0,1,False,True,False,False,False,False,False,False,1.0,1.0,0.5,0.5,0.5,0.5,1
0.0,7.0,-7.0,0,1,False,True,False,False,False,False,False,False,1.0,1.0,0.5,0.5,0.5,0.5,1
0.0,7.0,-7.0,0,1,False,False,False,True,False,False,False,False,1.0,1.0,0.5,0.5,0.5,0.5,1
0.0,7.0,-7.0,0,1,False,False,False,False,False,True,False,False,1.0,1.0,0.5,0.5,0.5,0.5,1
0.0,7.0,-7.0,0,1,False,False,False,False,False,False,True,False,1.0,1.0,0.5,0.5,0.5,0.5,1
0.0,7.0,-7.0,0,1,False,False,False,False,True,False,False,False,1.0,1.0,0.5,0.5,0.5,0.5,1
0.0,7.0,-7.0,0,1,True,False,False,False,False,False,False,False,1.0,1.0,0.5,0.5,0.5,0.5,1
0.0,7.0,-7.0,0,1,False,True,False,False,False,False,False,False,1.0,1.0,0.5,0.5,0.5,0.5,1
0.0,7.0,-7.0,0,1,False,False,True,False,False,False,False,False,1.0,1.0,0.5,0.5,0.5,0.5,1
0.0,7.0,-7.0,0,1,False,False,False,False,False,False,False,True,1.0,1.0,0.5,0.5,0.5,0.5,1
0.0,7.0,-7.0,0,1,False,True,False,False,False,False,False,False,1.0,1.0,0.5,0.5,0.5,0.5,1
0.0,7.0,-7.0,0,1,False,False,False,False,False,False,False,True,1.0,1.0,0.5,0.5,0.5,0.5,1
0.0,7.0,-7.0,0,1,False,False,False,False,True,False,False,False,1.0,1.0,0.5,0.5,0.5,0.5,1
0.0,7.0,-7.0,0,1,False,True,False,False,False,False,False,False,1.0,1.0,0.5,0.5,0.5,0.5,1
0.0,7.0,-7.0,0,1,False,False,False,False,False,False,False,True,1.0,1.0,0.5,0.5,0.5,0.5,1
0.010193679918450561,6.99,-6.99,0,1,False,True,False,False,False,False,False,False,1.0,1.0,0.5,0.5,0.5,0.5,0
0.010193679918450561,6.99,-6.99,0,1,False,False,False,False,False,False,False,True,1.0,1.0,0.5,0.5,0.5,0.5,0
0.010193679918450561,6.99,-6.99,0,1,False,True,False,False,False,False,False,False,1.0,1.0,0.5,0.5,0.5,0.5,0
0.010193679918450561,6.99,-6.99,0,1,False,False,False,False,False,False,False,True,1.0,1.0,0.5,0.5,0.5,0.5,0
0.010193679918450561,6.99,-6.99,0,1,False,False,False,False,False,False,False,True,1.0,1.0,0.5,0.5,0.5,0.5,0
0.010193679918450561,6.99,-6.99,0,1,False,True,False,False,False,False,False,False,1.0,1.0,0.5,0.5,0.5,0.5,0
0.010193679918450561,6.99,-6.99,0,1,False,True,False,False,False,False,False,False,1.0,1.0,0.5,0.5,0.5,0.5,0
0.010193679918450561,6.99,-6.99,0,1,False,True,False,False,False,False,False,False,1.0,1.0,0.5,0.5,0.5,0.5,0
0.010193679918450561,6.99,-6.99,0,1,False,False,False,False,False,False,False,True,1.0,1.0,0.5,0.5,0.5,0.5,0
0.010193679918450561,6.99,-6.99,0,1,False,True,False,False,False,False,False,False,1.0,1.0,0.5,0.5,0.5,0.5,0
0.010193679918450561,6.99,-6.99,0,1,False,True,False,False,False,False,False,False,1.0,1.0,0.5,0.5,0.5,0.5,0
0.010193679918450561,6.99,-6.99,0,1,False,True,False,False,False,False,False,False,1.0,1.0,0.5,0.5,0.5,0.5,0
0.010193679918450561,6.99,-6.99,0,1,False,False,False,False,False,False,False,True,1.0,1.0,0.5,0.5,0.5,0.5,0
0.010193679918450561,6.99,-6.99,0,1,False,False,False,False,False,False,False,True,1.0,1.0,0.5,0.5,0.5,0.5,0
0.010193679918450561,6.99,-6.99,0,1,False,True,False,False,False,False,False,False,1.0,1.0,0.5,0.5,0.5,0.5,0
0.010193679918450561,6.99,-6.99,0,1,False,False,False,False,False,False,False,True,1.0,1.0,0.5,0.5,0.5,0.5,0
0.010193679918450561,6.99,-6.99,0,1,False,True,False,False,False,False,False,False,1.0,1.0,0.5,0.5,0.5,0.5,0
0.010193679918450561,6.99,-6.99,0,1,False,False,False,False,True,False,False,False,1.0,1.0,0.5,0.5,0.5,0.5,0
0.010193679918450561,6.99,-6.99,0,1,False,False,False,False,False,False,False,True,1.0,1.0,0.5,0.5,0.5,0.5,1
0.010193679918450561,6.99,-6.99,0,1,False,True,False,False,False,False,False,False,1.0,1.0,0.5,0.5,0.5,0.5,0
0.010193679918450561,6.99,-6.99,0,1,False,False,False,False,False,False,False,True,1.0,1.0,0.5,0.5,0.5,0.5,0
0.010193679918450561,6.99,-6.99,0,1,False,True,False,False,False,False,False,False,1.0,1.0,0.5,0.5,0.5,0.5,0
0.010193679918450561,6.99,-6.99,0,1,False,False,False,False,False,False,False,True,1.0,1.0,0.5,0.5,0.5,0.5,0
0.010193679918450561,6.99,-6.99,0,1,False,True,False,False,False,False,False,False,1.0,1.0,0.5,0.5,0.5,0.5,0
0.010193679918450561,6.99,-6.99,0,1,False,True,False,False,False,False,False,False,1.0,1.0,0.5,0.5,0.5,0.5,0
0.010193679918450561,6.99,-6.99,0,1,False,True,False,False,False,False,False,False,1.0,1.0,0.5,0.5,0.5,0.5,0
0.010193679918450561,6.99,-6.99,0,1,False,True,False,False,False,False,False,False,1.0,1.0,0.5,0.5,0.5,0.5,0
0.010193679918450561,6.99,-6.99,0,1,False,True,False,False,False,False,False,False,1.0,1.0,0.5,0.5,0.5,0.5,0
0.020387359836901122,6.98,-6.98,0,1,False,True,False,False,False,False,False,False,1.0,1.0,0.5,0.5,0.5,0.5,0
0.020387359836901122,6.98,-6.98,0,1,False,True,False,False,False,False,False,False,1.0,1.0,0.5,0.5,0.5,0.5,0
0.020387359836901122,6.98,-6.98,0,1,False,True,False,False,False,False,False,False,1.0,1.0,0.5,0.5,0.5,0.5,0
0.020387359836901122,6.98,-6.98,0,1,False,False,False,False,False,False,False,True,1.0,1.0,0.5,0.5,0.5,0.5,0
0.020387359836901122,6.98,-6.98,0,1,False,True,False,False,False,False,False,False,1.0,1.0,0.5,0.5,0.5,0.5,0
0.020387359836901122,6.98,-6.98,0,1,False,True,False,False,False,False,False,False,1.0,1.0,0.5,0.5,0.5,0.5,0
0.020387359836901122,6.98,-6.98,0,1,False,True,False,False,False,False,False,False,1.0,1.0,0.5,0.5,0.5,0.5,0
0.020387359836901122,6.98,-6.98,0,1,False,False,False,False,False,False,False,True,1.0,1.0,0.5,0.5,0.5,0.5,0
0.020387359836901122,6.98,-6.98,0,1,False,True,False,False,False,False,False,False,1.0,1.0,0.5,0.5,0.5,0.5,0
0.020387359836901122,6.98,-6.98,0,1,False,True,False,False,False,False,False,False,1.0,1.0,0.5,0.5,0.5,0.5,0
0.020387359836901122,6.98,-6.98,0,1,False,True,False,False,False,False,False,False,1.0,1.0,0.5,0.5,0.5,0.5,0
0.020387359836901122,6.98,-6.98,0,1,False,True,False,False,False,False,False,False,1.0,1.0,0.5,0.5,0.5,0.5,0
0.020387359836901122,6.98,-6.98,0,1,False,False,False,False,True,False,False,False,1.0,1.0,0.5,0.5,0.5,0.5,0
0.020387359836901122,6.98,-6.98,0,1,False,False,False,False,False,False,False,True,1.0,1.0,0.5,0.5,0.5,0.5,0
0.020387359836901122,6.98,-6.98,0,1,False,False,False,False,True,False,False,False,1.0,1.0,0.5,0.5,0.5,0.5,0
0.020387359836901122,6.98,-6.98,0,1,False,False,False,False,False,False,False,True,1.0,1.0,0.5,0.5,0.5,0.5,0
0.020387359836901122,6.98,-6.98,0,1,False,True,False,False,False,False,False,False,1.0,1.0,0.5,0.5,0.5,0.5,0
0.020387359836901122,6.98,-6.98,0,1,False,False,False,False,False,False,False,True,1.0,1.0,0.5,0.5,0.5,0.5,0
0.020387359836901122,6.98,-6.98,0,1,False,False,False,False,False,False,False,True,1.0,1.0,0.5,0.5,0.5,0.5,0
0.020387359836901122,6.98,-6.98,0,1,False,False,False,False,False,False,False,True,1.0,1.0,0.5,0.5,0.5,0.5,0
0.020387359836901122,6.98,-6.98,0,1,False,False,False,False,False,False,False,True,1.0,1.0,0.5,0.5,0.5,0.5,0
0.020387359836901122,6.98,-6.98,0,1,False,True,False,False,False,False,False,False,1.0,1.0,0.5,0.5,0.5,0.5,0
0.020387359836901122,6.98,-6.98,0,1,False,True,False,False,False,False,False,False,1.0,1.0,0.5,0.5,0.5,0.5,0
0.020387359836901122,6.98,-6.98,0,1,False,True,False,False,False,False,False,False,1.0,1.0,0.5,0.5,0.5,0.5,1
0.020387359836901122,6.98,-6.98,0,1,False,False,False,False,False,False,False,True,1.0,1.0,0.5,0.5,0.5,0.5,0
0.020387359836901122,6.98,-6.98,0,1,False,True,False,False,False,False,False,False,1.0,1.0,0.5,0.5,0.5,0.5,0
0.020387359836901122,6.98,-6.98,0,1,False,False,False,False,True,False,False,False,1.0,1.0,0.5,0.5,0.5,0.5,0
0.020387359836901122,6.98,-6.98,0,1,False,True,False,False,False,False,False,False,1.0,1.0,0.5,0.5,0.5,0.5,0
0.020387359836901122,6.98,-6.98,0,1,False,False,False,False,False,False,False,True,1.0,1.0,0.5,0.5,0.5,0.5,0
0.020387359836901122,6.98,-6.98,0,1,False,False,False,False,False,False,False,True,1.0,1.0,0.5,0.5,0.5,0.5,1
0.020387359836901122,6.98,-6.98,0,1,False,False,False,False,False,False,False,True,1.0,1.0,0.5,0.5,0.5,0.5,0
0.020387359836901122,6.98,-6.98,0,1,False,False,False,False,True,False,False,False,1.0,1.0,0.5,0.5,0.5,0.5,0
0.020387359836901122,6.98,-6.98,0,1,False,True,False,False,False,False,False,False,1.0,1.0,0.5,0.5,0.5,0.5,0
0.03058103975535168,6.97,-6.97,0,1,False,True,False,False,False,False,False,False,1.0,1.0,0.5,0.5,0.5,0.5,0
0.03058103975535168,6.97,-6.97,0,1,False,False,False,False,False,False,False,True,1.0,1.0,0.5,0.5,0.5,0.5,0
0.03058103975535168,6.97,-6.97,0,1,False,True,False,False,False,False,False,False,1.0,1.0,0.5,0.5,0.5,0.5,0
0.03058103975535168,6.97,-6.97,0,1,True,False,False,False,False,False,False,False,1.0,1.0,0.5,0.5,0.5,0.5,0
0.03058103975535168,6.97,-6.97,0,1,False,False,False,False,False,False,False,True,1.0,1.0,0.5,0.5,0.5,0.5,0
0.03058103975535168,6.97,-6.97,0,1,False,False,True,False,False,False,False,False,1.0,1.0,0.5,0.5,0.5,0.5,0
0.03058103975535168,6.97,-6.97,0,1,False,False,False,False,True,False,False,False,1.0,1.0,0.5,0.5,0.5,0.5,1
0.03058103975535168,6.97,-6.97,0,1,False,True,False,False,False,False,False,False,1.0,1.0,0.5,0.5,0.5,0.5,0
0.03058103975535168,6.97,-6.97,0,1,False,False,False,False,True,False,False,False,1.0,1.0,0.5,0.5,0.5,0.5,0
0.03058103975535168,6.97,-6.97,0,1,False,True,False,False,False,False,False,False,1.0,1.0,0.5,0.5,0.5,0.5,0
0.03058103975535168,6.97,-6.97,0,1,False,False,False,False,False,False,False,True,1.0,1.0,0.5,0.5,0.5,0.5,0
0.03058103975535168,6.97,-6.97,0,1,False,True,False,False,False,False,False,False,1.0,1.0,0.5,0.5,0.5,0.5,0
0.03058103975535168,6.97,-6.97,0,1,False,True,False,False,False,False,False,False,1.0,1.0,0.5,0.5,0.5,0.5,0
0.03058103975535168,6.97,-6.97,0,1,False,False,False,False,False,False,False,True,1.0,1.0,0.5,0.5,0.5,0.5,0
0.03058103975535168,6.97,-6.97,0,1,False,True,False,False,False,False,False,False,1.0,1.0,0.5,0.5,0.5,0.5,0
0.03058103975535168,6.97,-6.97,0,1,False,True,False,False,False,False,False,False,1.0,1.0,0.5,0.5,0.5,0.5,0
0.03058103975535168,6.97,-6.97,0,1,False,False,False,False,False,False,False,True,1.0,1.0,0.5,0.5,0.5,0.5,0
0.03058103975535168,6.97,-6.97,0,1,False,True,False,False,False,False,False,False,1.0,1.0,0.5,0.5,0.5,0.5,0
0.03058103975535168,6.97,-6.97,0,1,False,True,False,False,False,False,False,False,1.0,1.0,0.5,0.5,0.5,0.5,0
0.03058103975535168,6.97,-6.97,0,1,False,False,False,False,False,False,False,True,1.0,1.0,0.5,0.5,0.5,0.5,0
0.03058103975535168,6.97,-6.97,0,1,False,False,False,False,True,False,False,False,1.0,1.0,0.5,0.5,0.5,0.5,0
0.03058103975535168,6.97,-6.97,0,1,False,True,False,False,False,False,False,False,1.0,1.0,0.5,0.5,0.5,0.5,0
0.03058103975535168,6.97,-6.97,0,1,False,False,False,False,False,False,False,True,1.0,1.0,0.5,0.5,0.5,0.5,1
0.03058103975535168,6.97,-6.97,0,1,False,False,False,False,False,False,False,True,1.0,1.0,0.5,0.5,0.5,0.5,0
0.03058103975535168,6.97,-6.97,0,1,False,False,False,False,False,False,True,False,1.0,1.0,0.5,0.5,0.5,0.5,0
0.03058103975535168,6.97,-6.97,0,1,False,False,False,False,True,False,False,False,1.0,1.0,0.5,0.5,0.5,0.5,0
0.03058103975535168,6.97,-6.97,0,1,True,False,False,False,False,False,False,False,1.0,1.0,0.5,0.5,0.5,0.5,0
0.03058103975535168,6.97,-6.97,0,1,False,False,False,False,False,False,False,True,1.0,1.0,0.5,0.5,0.5,0.5,0
0.03058103975535168,6.97,-6.97,0,1,False,False,False,False,True,False,False,False,1.0,1.0,0.5,0.5,0.5,0.5,0
0.03058103975535168,6.97,-6.97,0,1,False,False,False,False,True,False,False,False,1.0,1.0,0.5,0.5,0.5,0.5,0
0.03058103975535168,6.97,-6.97,0,1,False,False,False,False,False,False,False,True,1.0,1.0,0.5,0.5,0.5,0.5,0
0.03058103975535168,6.97,-6.97,0,1,False,False,False,False,True,False,False,False,1.0,1.0,0.5,0.5,0.5,0.5,0
0.03058103975535168,6.97,-6.97,0,1,False,True,False,False,False,False,False,False,1.0,1.0,0.5,0.5,0.5,0.5,0
0.03058103975535168,6.97,-6.97,0,1,False,True,False,False,False,False,False,False,1.0,1.0,0.5,0.5,0.5,0.5,0
0.03058103975535168,6.97,-6.97,0,1,False,True,False,False,False,False,False,False,1.0,1.0,0.5,0.5,0.5,0.5,0
0.03058103975535168,6.97,-6.97,0,1,False,True,False,False,False,False,False,False,1.0,1.0,0.5,0.5,0.5,0.5,0
0.03058103975535168,6.97,-6.97,0,1,False,False,False,False,False,False,False,True,1.0,1.0,0.5,0.5,0.5,0.5,0
0.03058103975535168,6.97,-6.97,0,1,False,False,False,False,True,False,False,False,1.0,1.0,0.5,0.5,0.5,0.5,0
0.03058103975535168,6.97,-6.97,0,1,False,False,False,False,False,False,False,True,1.0,1.0,0.5,0.5,0.5,0.5,0
0.03058103975535168,6.97,-6.97,0,1,True,False,False,False,False,False,False,False,1.0,1.0,0.5,0.5,0.5,0.5,0
0.03058103975535168,6.97,-6.97,0,1,False,True,False,False,False,False,False,False,1.0,1.0,0.5,0.5,0.5,0.5,0
0.03058103975535168,6.97,-6.97,0,1,False,True,False,False,False,False,False,False,1.0,1.0,0.5,0.5,0.5,0.5,0
0.03058103975535168,6.97,-6.97,0,1,False,False,False,False,True,False,False,False,1.0,1.0,0.5,0.5,0.5,0.5,0
0.03058103975535168,6.97,-6.97,0,1,False,True,False,False,False,False,False,False,1.0,1.0,0.5,0.5,0.5,0.5,0
0.03058103975535168,6.97,-6.97,0,1,False,False,False,False,True,False,False,False,1.0,1.0,0.5,0.5,0.5,0.5,0
0.03058103975535168,6.97,-6.97,0,1,False,False,False,False,False,False,False,True,1.0,1.0,0.5,0.5,0.5,0.5,0
0.03058103975535168,6.97,-6.97,0,1,True,False,False,False,False,False,False,False,1.0,1.0,0.5,0.5,0.5,0.5,0
0.03058103975535168,6.97,-6.97,0,1,False,True,False,False,False,False,False,False,1.0,1.0,0.5,0.5,0.5,0.5,0
0.03058103975535168,6.97,-6.97,0,1,False,False,False,False,False,False,False,True,1.0,1.0,0.5,0.5,0.5,0.5,0
0.040774719673802244,6.96,-6.96,0,1,False,False,False,False,True,False,False,False,1.0,1.0,0.5,0.5,0.5,0.5,0
0.040774719673802244,6.96,-6.96,0,1,False,False,False,False,True,False,False,False,1.0,1.0,0.5,0.5,0.5,0.5,0
0.040774719673802244,6.96,-6.96,0,1,False,False,False,False,True,False,False,False,1.0,1.0,0.5,0.5,0.5,0.5,0
0.040774719673802244,6.96,-6.96,0,1,False,False,False,False,True,False,False,False,1.0,1.0,0.5,0.5,0.5,0.5,0
0.040774719673802244,6.96,-6.96,0,1,False,False,True,False,False,False,False,False,1.0,1.0,0.5,0.5,0.5,0.5,0
0.040774719673802244,6.96,-6.96,0,1,False,False,False,False,True,False,False,False,1.0,1.0,0.5,0.5,0.5,0.5,0
0.040774719673802244,6.96,-6.96,0,1,False,False,False,False,True,False,False,False,1.0,1.0,0.5,0.5,0.5,0.5,0
0.040774719673802244,6.96,-6.96,0,1,False,False,False,False,True,False,False,False,1.0,1.0,0.5,0.5,0.5,0.5,0
0.040774719673802244,6.96,-6.96,0,1,False,False,False,False,True,False,False,False,1.0,1.0,0.5,0.5,0.5,0.5,0
0.040774719673802244,6.96,-6.96,0,1,False,False,False,False,True,False,False,False,1.0,1.0,0.5,0.5,0.5,0.5,0
0.040774719673802244,6.96,-6.96,0,1,False,False,False,False,True,False,False,False,1.0,1.0,0.5,0.5,0.5,0.5,0
0.040774719673802244,6.96,-6.96,0,1,True,False,False,False,False,False,False,False,1.0,1.0,0.5,0.5,0.5,0.5,0
0.040774719673802244,6.96,-6.96,0,1,False,True,False,False,False,False,False,False,1.0,1.0,0.5,0.5,0.5,0.5,0
0.040774719673802244,6.96,-6.96,0,1,False,False,False,False,False,False,False,True,1.0,1.0,0.5,0.5,0.5,0.5,0
0.040774719673802244,6.96,-6.96,0,1,False,False,False,False,True,False,False,False,1.0,1.0,0.5,0.5,0.5,0.5,0
0.040774719673802244,6.96,-6.96,0,1,False,False,False,False,True,False,False,False,1.0,1.0,0.5,0.5,0.5,0.5,0
0.040774719673802244,6.96,-6.96,0,1,False,True,False,False,False,False,False,False,1.0,1.0,0.5,0.5,0.5,0.5,0
0.040774719673802244,6.96,-6.96,0,1,False,False,False,False,True,False,False,False,1.0,1.0,0.5,0.5,0.5,0.5,0
0.040774719673802244,6.96,-6.96,0,1,False,False,False,False,True,False,False,False,1.0,1.0,0.5,0.5,0.5,0.5,0
0.040774719673802244,6.96,-6.96,0,1,False,True,False,False,False,False,False,False,1.0,1.0,0.5,0.5,0.5,0.5,0
0.040774719673802244,6.96,-6.96,0,1,False,False,True,False,False,False,False,False,1.0,1.0,0.5,0.5,0.5,0.5,0
0.040774719673802244,6.96,-6.96,0,1,False,False,False,False,False,False,False,True,1.0,1.0,0.5,0.5,0.5,0.5,0
0.040774719673802244,6.96,-6.96,0,1,False,False,False,False,False,False,False,True,1.0,1.0,0.5,0.5,0.5,0.5,0
0.040774719673802244,6.96,-6.96,0,1,False,False,False,False,True,False,False,False,1.0,1.0,0.5,0.5,0.5,0.5,0
0.040774719673802244,6.96,-6.96,0,1,False,False,False,False,False,False,False,True,1.0,1.0,0.5,0.5,0.5,0.5,0
0.040774719673802244,6.96,-6.96,0,1,False,False,False,False,False,False,False,True,1.0,1.0,0.5,0.5,0.5,0.5,0
0.040774719673802244,6.96,-6.96,0,1,False,True,False,False,False,False,False,False,1.0,1.0,0.5,0.5,0.5,0.5,0
0.040774719673802244,6.96,-6.96,0,1,False,False,True,False,False,False,False,False,1.0,1.0,0.5,0.5,0.5,0.5,0
0.040774719673802244,6.96,-6.96,0,1,False,False,False,False,False,False,False,True,1.0,1.0,0.5,0.5,0.5,0.5,0
0.040774719673802244,6.96,-6.96,0,1,False,False,False,False,False,False,False,True,1.0,1.0,0.5,0.5,0.5,0.5,0
0.040774719673802244,6.96,-6.96,0,1,False,False,False,False,True,False,False,False,1.0,1.0,0.5,0.5,0.5,0.5,0
0.040774719673802244,6.96,-6.96,0,1,False,False,False,False,False,False,False,True,1.0,1.0,0.5,0.5,0.5,0.5,0
0.040774719673802244,6.96,-6.96,0,1,True,False,False,False,False,False,False,False,1.0,1.0,0.5,0.5,0.5,0.5,0
0.040774719673802244,6.96,-6.96,0,1,False,False,False,False,False,False,False,True,1.0,1.0,0.5,0.5,0.5,0.5,0
0.040774719673802244,6.96,-6.96,0,1,False,False,False,False,True,False,False,False,1.0,1.0,0.5,0.5,0.5,0.5,0
0.040774719673802244,6.96,-6.96,0,1,False,False,False,False,False,False,False,True,1.0,1.0,0.5,0.5,0.5,0.5,0
0.040774719673802244,6.96,-6.96,0,1,False,False,False,False,False,False,False,True,1.0,1.0,0.5,0.5,0.5,0.5,0
0.040774719673802244,6.96,-6.96,0,1,False,False,False,False,False,False,False,True,1.0,1.0,0.5,0.5,0.5,0.5,0
0.040774719673802244,6.96,-6.96,0,1,False,False,False,False,True,False,False,False,1.0,1.0,0.5,0.5,0.5,0.5,0
0.05096839959225281,6.95,-6.95,0,1,False,False,False,False,False,False,False,True,1.0,1.0,0.5,0.5,0.5,0.5,0
0.05096839959225281,6.95,-6.95,0,1,False,True,False,False,False,False,False,False,1.0,1.0,0.5,0.5,0.5,0.5,0
0.05096839959225281,6.95,-6.95,0,1,True,False,False,False,False,False,False,False,1.0,1.0,0.5,0.5,0.5,0.5,1
0.05096839959225281,6.95,-6.95,0,1,False,True,False,False,False,False,False,False,1.0,1.0,0.5,0.5,0.5,0.5,0
0.05096839959225281,6.95,-6.95,0,1,False,False,False,False,False,False,False,True,1.0,1.0,0.5,0.5,0.5,0.5,0
0.05096839959225281,6.95,-6.95,0,1,False,False,False,False,False,False,False,True,1.0,1.0,0.5,0.5,0.5,0.5,0
0.05096839959225281,6.95,-6.95,0,1,False,False,False,False,True,False,False,False,1.0,1.0,0.5,0.5,0.5,0.5,0
0.05096839959225281,6.95,-6.95,0,1,True,False,False,False,False,False,False,False,1.0,1.0,0.5,0.5,0.5,0.5,0
0.05096839959225281,6.95,-6.95,0,1,False,False,False,False,False,False,False,True,1.0,1.0,0.5,0.5,0.5,0.5,0
0.05096839959225281,6.95,-6.95,0,1,False,False,False,False,False,False,False,True,1.0,1.0,0.5,0.5,0.5,0.5,0
0.05096839959225281,6.95,-6.95,0,1,False,True,False,False,False,False,False,False,1.0,1.0,0.5,0.5,0.5,0.5,0
0.05096839959225281,6.95,-6.95,0,1,False,False,False,False,True,False,False,False,1.0,1.0,0.5,0.5,0.5,0.5,0
0.05096839959225281,6.95,-6.95,0,1,False,True,False,False,False,False,False,False,1.0,1.0,0.5,0.5,0.5,0.5,0
0.05096839959225281,6.95,-6.95,0,1,True,False,False,False,False,False,False,False,1.0,1.0,0.5,0.5,0.5,0.5,0
0.05096839959225281,6.95,-6.95,0,1,True,False,False,False,False,False,False,False,1.0,1.0,0.5,0.5,0.5,0.5,0
0.05096839959225281,6.95,-6.95,0,1,True,False,False,False,False,False,False,False,1.0,1.0,0.5,0.5,0.5,0.5,0
0.05096839959225281,6.95,-6.95,0,1,False,False,False,False,False,False,True,False,1.0,1.0,0.5,0.5,0.5,0.5,0
0.05096839959225281,6.95,-6.95,0,1,True,False,False,False,False,False,False,False,1.0,1.0,0.5,0.5,0.5,0.5,0
0.05096839959225281,6.95,-6.95,0,1,False,False,False,False,True,False,False,False,1.0,1.0,0.5,0.5,0.5,0.5,0
0.05096839959225281,6.95,-6.95,0,1,True,False,False,False,False,False,False,False,1.0,1.0,0.5,0.5,0.5,0.5,0
0.05096839959225281,6.95,-6.95,0,1,True,False,False,False,False,False,False,False,1.0,1.0,0.5,0.5,0.5,0.5,0
0.05096839959225281,6.95,-6.95,0,1,False,False,False,False,True,False,False,False,1.0,1.0,0.5,0.5,0.5,0.5,0
0.05096839959225281,6.95,-6.95,0,1,False,False,False,False,False,False,False,True,1.0,1.0,0.5,0.5,0.5,0.5,0
0.05096839959225281,6.95,-6.95,0,1,False,False,False,False,True,False,False,False,1.0,1.0,0.5,0.5,0.5,0.5,0
0.05096839959225281,6.95,-6.95,0,1,False,True,False,False,False,False,False,False,1.0,1.0,0.5,0.5,0.5,0.5,0
0.05096839959225281,6.95,-6.95,0,1,False,False,False,False,False,False,False,True,1.0,1.0,0.5,0.5,0.5,0.5,0
