{
  "generated_at": "2026-06-08T02:01:06.513907+00:00",
  "days": 14,
  "games": 36,
  "player_games": 878,
  "picks": 2882,
  "overall_hit_rate": 0.46989668685429287,
  "by_stat": {
    "PTS": {
      "hit": 286,
      "miss": 244,
      "push": 10,
      "rate": 0.539622641509434
    },
    "REB": {
      "hit": 287,
      "miss": 238,
      "push": 14,
      "rate": 0.5466666666666666
    },
    "AST": {
      "hit": 241,
      "miss": 240,
      "push": 11,
      "rate": 0.501039501039501
    },
    "STL": {
      "hit": 203,
      "miss": 271,
      "push": 16,
      "rate": 0.4282700421940928
    },
    "BLK": {
      "hit": 104,
      "miss": 255,
      "push": 5,
      "rate": 0.28969359331476324
    },
    "TPM": {
      "hit": 198,
      "miss": 240,
      "push": 19,
      "rate": 0.4520547945205479
    }
  },
  "features": {
    "per_stat_cons": true,
    "starter_gate": true,
    "pace_adj": true,
    "b2b_adj": true
  }
}