name,team,sport,stat,matchup,projection,line,edge,direction,reason,clean_name,augmented_projection,projection_delta,actual
3B  Jorbit Vivas,Washington Nationals,mlb,HR,Arizona_Diamondbacks_at_Washington_Nationals,0.03,10.0,-9.97,UNDER,"Strong +EV opportunity: 3B  Jorbit Vivas is projected for 0.0 HR vs a line of 10.0, giving a UNDER edge of 9.97. Based on recent form, opponent matchup, and game context.",Jorbit Vivas,0.03,0.0,
DH  José Tena,Washington Nationals,mlb,SB,Arizona_Diamondbacks_at_Washington_Nationals,0.03,10.0,-9.97,UNDER,Targeting DH  José Tena UNDER 10.0 SB. Model projects 0.0 (9.97 edge). Recent trends and opponent weakness support this play.,José Tena,0.03,0.0,
C   Keibert Ruiz,Washington Nationals,mlb,SB,Arizona_Diamondbacks_at_Washington_Nationals,0.03,10.0,-9.97,UNDER,"Strong +EV opportunity: C   Keibert Ruiz is projected for 0.0 SB vs a line of 10.0, giving a UNDER edge of 9.97. Based on recent form, opponent matchup, and game context.",Keibert Ruiz,0.03,0.0,
2B  Nasim Nuñez,Washington Nationals,mlb,3B,Arizona_Diamondbacks_at_Washington_Nationals,0.03,10.0,-9.97,UNDER,"Strong +EV opportunity: 2B  Nasim Nuñez is projected for 0.0 3B vs a line of 10.0, giving a UNDER edge of 9.97. Based on recent form, opponent matchup, and game context.",Nasim Nuñez,0.03,0.0,
LF  Daylen Lile,Washington Nationals,mlb,3B,Arizona_Diamondbacks_at_Washington_Nationals,0.03,10.0,-9.97,UNDER,"Strong +EV opportunity: LF  Daylen Lile is projected for 0.0 3B vs a line of 10.0, giving a UNDER edge of 9.97. Based on recent form, opponent matchup, and game context.",Daylen Lile,0.03,0.0,
2B  Nasim Nuñez,Washington Nationals,mlb,2B,Arizona_Diamondbacks_at_Washington_Nationals,0.04,10.0,-9.96,UNDER,2B  Nasim Nuñez shows UNDER value at 10.0 2B. TC projection: 0.0 — edge: 9.96. Strong conviction based on usage rate and defensive matchup.,Nasim Nuñez,0.04,0.0,
1B  Luis García Jr.,Washington Nationals,mlb,3B,Arizona_Diamondbacks_at_Washington_Nationals,0.04,10.0,-9.96,UNDER,"Strong +EV opportunity: 1B  Luis García Jr. is projected for 0.0 3B vs a line of 10.0, giving a UNDER edge of 9.96. Based on recent form, opponent matchup, and game context.",Luis García Jr.,0.04,0.0,
1B  Luis García Jr.,Washington Nationals,mlb,SB,Arizona_Diamondbacks_at_Washington_Nationals,0.04,10.0,-9.96,UNDER,Targeting 1B  Luis García Jr. UNDER 10.0 SB. Model projects 0.0 (9.96 edge). Recent trends and opponent weakness support this play.,Luis García Jr.,0.04,0.0,
DH  José Tena,Washington Nationals,mlb,HR,Arizona_Diamondbacks_at_Washington_Nationals,0.06,10.0,-9.94,UNDER,DH  José Tena shows UNDER value at 10.0 HR. TC projection: 0.1 — edge: 9.94. Strong conviction based on usage rate and defensive matchup.,José Tena,0.06,0.0,
3B  Curtis Mead,Washington Nationals,mlb,SB,Arizona_Diamondbacks_at_Washington_Nationals,0.06,10.0,-9.94,UNDER,"Strong +EV opportunity: 3B  Curtis Mead is projected for 0.1 SB vs a line of 10.0, giving a UNDER edge of 9.94. Based on recent form, opponent matchup, and game context.",Curtis Mead,0.06,0.0,
LF  Daylen Lile,Washington Nationals,mlb,SB,Arizona_Diamondbacks_at_Washington_Nationals,0.08,10.0,-9.92,UNDER,"Strong +EV opportunity: LF  Daylen Lile is projected for 0.1 SB vs a line of 10.0, giving a UNDER edge of 9.92. Based on recent form, opponent matchup, and game context.",Daylen Lile,0.08,0.0,
CF  Jacob Young,Washington Nationals,mlb,HR,Arizona_Diamondbacks_at_Washington_Nationals,0.08,10.0,-9.92,UNDER,Targeting CF  Jacob Young UNDER 10.0 HR. Model projects 0.1 (9.92 edge). Recent trends and opponent weakness support this play.,Jacob Young,0.08,0.0,
LF  Daylen Lile,Washington Nationals,mlb,HR,Arizona_Diamondbacks_at_Washington_Nationals,0.09,10.0,-9.91,UNDER,"Strong +EV opportunity: LF  Daylen Lile is projected for 0.1 HR vs a line of 10.0, giving a UNDER edge of 9.91. Based on recent form, opponent matchup, and game context.",Daylen Lile,0.09,0.0,
C   Keibert Ruiz,Washington Nationals,mlb,HR,Arizona_Diamondbacks_at_Washington_Nationals,0.09,10.0,-9.91,UNDER,"Strong +EV opportunity: C   Keibert Ruiz is projected for 0.1 HR vs a line of 10.0, giving a UNDER edge of 9.91. Based on recent form, opponent matchup, and game context.",Keibert Ruiz,0.09,0.0,
3B  Jorbit Vivas,Washington Nationals,mlb,2B,Arizona_Diamondbacks_at_Washington_Nationals,0.09,10.0,-9.91,UNDER,3B  Jorbit Vivas shows UNDER value at 10.0 2B. TC projection: 0.1 — edge: 9.91. Strong conviction based on usage rate and defensive matchup.,Jorbit Vivas,0.09,0.0,
RF  Dylan Crews,Washington Nationals,mlb,2B,Arizona_Diamondbacks_at_Washington_Nationals,0.1,10.0,-9.9,UNDER,"Strong +EV opportunity: RF  Dylan Crews is projected for 0.1 2B vs a line of 10.0, giving a UNDER edge of 9.90. Based on recent form, opponent matchup, and game context.",Dylan Crews,0.1,0.0,
1B  Andrés Chaparro,Washington Nationals,mlb,HR,Arizona_Diamondbacks_at_Washington_Nationals,0.1,10.0,-9.9,UNDER,1B  Andrés Chaparro shows UNDER value at 10.0 HR. TC projection: 0.1 — edge: 9.90. Strong conviction based on usage rate and defensive matchup.,Andrés Chaparro,0.1,0.0,
1B  Andrés Chaparro,Washington Nationals,mlb,2B,Arizona_Diamondbacks_at_Washington_Nationals,0.1,10.0,-9.9,UNDER,1B  Andrés Chaparro shows UNDER value at 10.0 2B. TC projection: 0.1 — edge: 9.90. Strong conviction based on usage rate and defensive matchup.,Andrés Chaparro,0.1,0.0,
RF  Dylan Crews,Washington Nationals,mlb,SB,Arizona_Diamondbacks_at_Washington_Nationals,0.1,10.0,-9.9,UNDER,RF  Dylan Crews shows UNDER value at 10.0 SB. TC projection: 0.1 — edge: 9.90. Strong conviction based on usage rate and defensive matchup.,Dylan Crews,0.1,0.0,
CF  Jacob Young,Washington Nationals,mlb,SB,Arizona_Diamondbacks_at_Washington_Nationals,0.1,10.0,-9.9,UNDER,Targeting CF  Jacob Young UNDER 10.0 SB. Model projects 0.1 (9.90 edge). Recent trends and opponent weakness support this play.,Jacob Young,0.1,0.0,
C   Keibert Ruiz,Washington Nationals,mlb,BB,Arizona_Diamondbacks_at_Washington_Nationals,0.1,10.0,-9.9,UNDER,Targeting C   Keibert Ruiz UNDER 10.0 BB. Model projects 0.1 (9.90 edge). Recent trends and opponent weakness support this play.,Keibert Ruiz,0.1,0.0,
DH  José Tena,Washington Nationals,mlb,2B,Arizona_Diamondbacks_at_Washington_Nationals,0.11,10.0,-9.89,UNDER,"Strong +EV opportunity: DH  José Tena is projected for 0.1 2B vs a line of 10.0, giving a UNDER edge of 9.89. Based on recent form, opponent matchup, and game context.",José Tena,0.11,0.0,
CF  Jacob Young,Washington Nationals,mlb,2B,Arizona_Diamondbacks_at_Washington_Nationals,0.11,10.0,-9.89,UNDER,"Strong +EV opportunity: CF  Jacob Young is projected for 0.1 2B vs a line of 10.0, giving a UNDER edge of 9.89. Based on recent form, opponent matchup, and game context.",Jacob Young,0.11,0.0,
RF  James Wood,Washington Nationals,mlb,SB,Arizona_Diamondbacks_at_Washington_Nationals,0.13,10.0,-9.87,UNDER,Targeting RF  James Wood UNDER 10.0 SB. Model projects 0.1 (9.87 edge). Recent trends and opponent weakness support this play.,James Wood,0.13,0.0,
RF  Dylan Crews,Washington Nationals,mlb,HR,Arizona_Diamondbacks_at_Washington_Nationals,0.13,10.0,-9.87,UNDER,Targeting RF  Dylan Crews UNDER 10.0 HR. Model projects 0.1 (9.87 edge). Recent trends and opponent weakness support this play.,Dylan Crews,0.13,0.0,
SS  CJ Abrams,Washington Nationals,mlb,SB,Arizona_Diamondbacks_at_Washington_Nationals,0.14,10.0,-9.86,UNDER,SS  CJ Abrams shows UNDER value at 10.0 SB. TC projection: 0.1 — edge: 9.86. Strong conviction based on usage rate and defensive matchup.,CJ Abrams,0.14,0.0,
1B  Luis García Jr.,Washington Nationals,mlb,2B,Arizona_Diamondbacks_at_Washington_Nationals,0.14,10.0,-9.86,UNDER,"Strong +EV opportunity: 1B  Luis García Jr. is projected for 0.1 2B vs a line of 10.0, giving a UNDER edge of 9.86. Based on recent form, opponent matchup, and game context.",Luis García Jr.,0.14,0.0,
1B  Luis García Jr.,Washington Nationals,mlb,BB,Arizona_Diamondbacks_at_Washington_Nationals,0.14,10.0,-9.86,UNDER,"Strong +EV opportunity: 1B  Luis García Jr. is projected for 0.1 BB vs a line of 10.0, giving a UNDER edge of 9.86. Based on recent form, opponent matchup, and game context.",Luis García Jr.,0.14,0.0,
CF  Jacob Young,Washington Nationals,mlb,BB,Arizona_Diamondbacks_at_Washington_Nationals,0.16,10.0,-9.84,UNDER,CF  Jacob Young shows UNDER value at 10.0 BB. TC projection: 0.2 — edge: 9.84. Strong conviction based on usage rate and defensive matchup.,Jacob Young,0.16,0.0,
SS  CJ Abrams,Washington Nationals,mlb,2B,Arizona_Diamondbacks_at_Washington_Nationals,0.17,10.0,-9.83,UNDER,SS  CJ Abrams shows UNDER value at 10.0 2B. TC projection: 0.2 — edge: 9.83. Strong conviction based on usage rate and defensive matchup.,CJ Abrams,0.17,0.0,
3B  Curtis Mead,Washington Nationals,mlb,HR,Arizona_Diamondbacks_at_Washington_Nationals,0.17,10.0,-9.83,UNDER,3B  Curtis Mead shows UNDER value at 10.0 HR. TC projection: 0.2 — edge: 9.83. Strong conviction based on usage rate and defensive matchup.,Curtis Mead,0.17,0.0,
DH  José Tena,Washington Nationals,mlb,BB,Arizona_Diamondbacks_at_Washington_Nationals,0.17,10.0,-9.83,UNDER,"Strong +EV opportunity: DH  José Tena is projected for 0.2 BB vs a line of 10.0, giving a UNDER edge of 9.83. Based on recent form, opponent matchup, and game context.",José Tena,0.17,0.0,
3B  Curtis Mead,Washington Nationals,mlb,2B,Arizona_Diamondbacks_at_Washington_Nationals,0.17,10.0,-9.83,UNDER,Targeting 3B  Curtis Mead UNDER 10.0 2B. Model projects 0.2 (9.83 edge). Recent trends and opponent weakness support this play.,Curtis Mead,0.17,0.0,
LF  Daylen Lile,Washington Nationals,mlb,2B,Arizona_Diamondbacks_at_Washington_Nationals,0.19,10.0,-9.81,UNDER,LF  Daylen Lile shows UNDER value at 10.0 2B. TC projection: 0.2 — edge: 9.81. Strong conviction based on usage rate and defensive matchup.,Daylen Lile,0.19,0.0,
1B  Luis García Jr.,Washington Nationals,mlb,HR,Arizona_Diamondbacks_at_Washington_Nationals,0.19,10.0,-9.81,UNDER,Targeting 1B  Luis García Jr. UNDER 10.0 HR. Model projects 0.2 (9.81 edge). Recent trends and opponent weakness support this play.,Luis García Jr.,0.19,0.0,
RF  James Wood,Washington Nationals,mlb,2B,Arizona_Diamondbacks_at_Washington_Nationals,0.21,10.0,-9.79,UNDER,Targeting RF  James Wood UNDER 10.0 2B. Model projects 0.2 (9.79 edge). Recent trends and opponent weakness support this play.,James Wood,0.21,0.0,
3B  Jorbit Vivas,Washington Nationals,mlb,RBI,Arizona_Diamondbacks_at_Washington_Nationals,0.21,10.0,-9.79,UNDER,"Strong +EV opportunity: 3B  Jorbit Vivas is projected for 0.2 RBI vs a line of 10.0, giving a UNDER edge of 9.79. Based on recent form, opponent matchup, and game context.",Jorbit Vivas,0.21,0.0,
SS  CJ Abrams,Washington Nationals,mlb,HR,Arizona_Diamondbacks_at_Washington_Nationals,0.21,10.0,-9.79,UNDER,Targeting SS  CJ Abrams UNDER 10.0 HR. Model projects 0.2 (9.79 edge). Recent trends and opponent weakness support this play.,CJ Abrams,0.21,0.0,
LF  Daylen Lile,Washington Nationals,mlb,BB,Arizona_Diamondbacks_at_Washington_Nationals,0.22,10.0,-9.78,UNDER,Targeting LF  Daylen Lile UNDER 10.0 BB. Model projects 0.2 (9.78 edge). Recent trends and opponent weakness support this play.,Daylen Lile,0.22,0.0,
RF  Dylan Crews,Washington Nationals,mlb,BB,Arizona_Diamondbacks_at_Washington_Nationals,0.23,10.0,-9.77,UNDER,Targeting RF  Dylan Crews UNDER 10.0 BB. Model projects 0.2 (9.77 edge). Recent trends and opponent weakness support this play.,Dylan Crews,0.23,0.0,
DH  José Tena,Washington Nationals,mlb,RBI,Arizona_Diamondbacks_at_Washington_Nationals,0.23,10.0,-9.77,UNDER,DH  José Tena shows UNDER value at 10.0 RBI. TC projection: 0.2 — edge: 9.77. Strong conviction based on usage rate and defensive matchup.,José Tena,0.23,0.0,
RF  James Wood,Washington Nationals,mlb,HR,Arizona_Diamondbacks_at_Washington_Nationals,0.23,10.0,-9.77,UNDER,RF  James Wood shows UNDER value at 10.0 HR. TC projection: 0.2 — edge: 9.77. Strong conviction based on usage rate and defensive matchup.,James Wood,0.23,0.0,
3B  Jorbit Vivas,Washington Nationals,mlb,BB,Arizona_Diamondbacks_at_Washington_Nationals,0.24,10.0,-9.76,UNDER,"Strong +EV opportunity: 3B  Jorbit Vivas is projected for 0.2 BB vs a line of 10.0, giving a UNDER edge of 9.76. Based on recent form, opponent matchup, and game context.",Jorbit Vivas,0.24,0.0,
C   Keibert Ruiz,Washington Nationals,mlb,2B,Arizona_Diamondbacks_at_Washington_Nationals,0.25,10.0,-9.75,UNDER,Targeting C   Keibert Ruiz UNDER 10.0 2B. Model projects 0.2 (9.75 edge). Recent trends and opponent weakness support this play.,Keibert Ruiz,0.25,0.0,
3B  Jorbit Vivas,Washington Nationals,mlb,R,Arizona_Diamondbacks_at_Washington_Nationals,0.26,10.0,-9.74,UNDER,Targeting 3B  Jorbit Vivas UNDER 10.0 R. Model projects 0.3 (9.74 edge). Recent trends and opponent weakness support this play.,Jorbit Vivas,0.26,0.0,
2B  Nasim Nuñez,Washington Nationals,mlb,RBI,Arizona_Diamondbacks_at_Washington_Nationals,0.27,10.0,-9.73,UNDER,Targeting 2B  Nasim Nuñez UNDER 10.0 RBI. Model projects 0.3 (9.73 edge). Recent trends and opponent weakness support this play.,Nasim Nuñez,0.27,0.0,
1B  Andrés Chaparro,Washington Nationals,mlb,BB,Arizona_Diamondbacks_at_Washington_Nationals,0.29,10.0,-9.71,UNDER,Targeting 1B  Andrés Chaparro UNDER 10.0 BB. Model projects 0.3 (9.71 edge). Recent trends and opponent weakness support this play.,Andrés Chaparro,0.29,0.0,
DH  José Tena,Washington Nationals,mlb,R,Arizona_Diamondbacks_at_Washington_Nationals,0.3,10.0,-9.7,UNDER,Targeting DH  José Tena UNDER 10.0 R. Model projects 0.3 (9.70 edge). Recent trends and opponent weakness support this play.,José Tena,0.3,0.0,
CF  Jacob Young,Washington Nationals,mlb,RBI,Arizona_Diamondbacks_at_Washington_Nationals,0.31,10.0,-9.69,UNDER,Targeting CF  Jacob Young UNDER 10.0 RBI. Model projects 0.3 (9.69 edge). Recent trends and opponent weakness support this play.,Jacob Young,0.31,0.0,
2B  Nasim Nuñez,Washington Nationals,mlb,BB,Arizona_Diamondbacks_at_Washington_Nationals,0.31,10.0,-9.69,UNDER,Targeting 2B  Nasim Nuñez UNDER 10.0 BB. Model projects 0.3 (9.69 edge). Recent trends and opponent weakness support this play.,Nasim Nuñez,0.31,0.0,
SS  CJ Abrams,Washington Nationals,mlb,BB,Arizona_Diamondbacks_at_Washington_Nationals,0.31,10.0,-9.69,UNDER,"Strong +EV opportunity: SS  CJ Abrams is projected for 0.3 BB vs a line of 10.0, giving a UNDER edge of 9.69. Based on recent form, opponent matchup, and game context.",CJ Abrams,0.31,0.0,
2B  Nasim Nuñez,Washington Nationals,mlb,SB,Arizona_Diamondbacks_at_Washington_Nationals,0.33,10.0,-9.67,UNDER,Targeting 2B  Nasim Nuñez UNDER 10.0 SB. Model projects 0.3 (9.67 edge). Recent trends and opponent weakness support this play.,Nasim Nuñez,0.33,0.0,
1B  Andrés Chaparro,Washington Nationals,mlb,R,Arizona_Diamondbacks_at_Washington_Nationals,0.34,10.0,-9.66,UNDER,1B  Andrés Chaparro shows UNDER value at 10.0 R. TC projection: 0.3 — edge: 9.66. Strong conviction based on usage rate and defensive matchup.,Andrés Chaparro,0.34,0.0,
CF  Jacob Young,Washington Nationals,mlb,R,Arizona_Diamondbacks_at_Washington_Nationals,0.35,10.0,-9.65,UNDER,Targeting CF  Jacob Young UNDER 10.0 R. Model projects 0.3 (9.65 edge). Recent trends and opponent weakness support this play.,Jacob Young,0.35,0.0,
1B  Andrés Chaparro,Washington Nationals,mlb,H,Arizona_Diamondbacks_at_Washington_Nationals,0.36,10.0,-9.64,UNDER,1B  Andrés Chaparro shows UNDER value at 10.0 H. TC projection: 0.4 — edge: 9.64. Strong conviction based on usage rate and defensive matchup.,Andrés Chaparro,0.36,0.0,
3B  Curtis Mead,Washington Nationals,mlb,BB,Arizona_Diamondbacks_at_Washington_Nationals,0.37,10.0,-9.63,UNDER,Targeting 3B  Curtis Mead UNDER 10.0 BB. Model projects 0.4 (9.63 edge). Recent trends and opponent weakness support this play.,Curtis Mead,0.37,0.0,
RF  Dylan Crews,Washington Nationals,mlb,RBI,Arizona_Diamondbacks_at_Washington_Nationals,0.38,10.0,-9.62,UNDER,RF  Dylan Crews shows UNDER value at 10.0 RBI. TC projection: 0.4 — edge: 9.62. Strong conviction based on usage rate and defensive matchup.,Dylan Crews,0.38,0.0,
2B  Nasim Nuñez,Washington Nationals,mlb,R,Arizona_Diamondbacks_at_Washington_Nationals,0.4,10.0,-9.6,UNDER,"Strong +EV opportunity: 2B  Nasim Nuñez is projected for 0.4 R vs a line of 10.0, giving a UNDER edge of 9.60. Based on recent form, opponent matchup, and game context.",Nasim Nuñez,0.4,0.0,
C   Keibert Ruiz,Washington Nationals,mlb,R,Arizona_Diamondbacks_at_Washington_Nationals,0.41,10.0,-9.59,UNDER,C   Keibert Ruiz shows UNDER value at 10.0 R. TC projection: 0.4 — edge: 9.59. Strong conviction based on usage rate and defensive matchup.,Keibert Ruiz,0.41,0.0,
LF  Daylen Lile,Washington Nationals,mlb,RBI,Arizona_Diamondbacks_at_Washington_Nationals,0.42,10.0,-9.58,UNDER,LF  Daylen Lile shows UNDER value at 10.0 RBI. TC projection: 0.4 — edge: 9.58. Strong conviction based on usage rate and defensive matchup.,Daylen Lile,0.42,0.0,
1B  Luis García Jr.,Washington Nationals,mlb,R,Arizona_Diamondbacks_at_Washington_Nationals,0.42,10.0,-9.58,UNDER,Targeting 1B  Luis García Jr. UNDER 10.0 R. Model projects 0.4 (9.58 edge). Recent trends and opponent weakness support this play.,Luis García Jr.,0.42,0.0,
1B  Andrés Chaparro,Washington Nationals,mlb,RBI,Arizona_Diamondbacks_at_Washington_Nationals,0.43,10.0,-9.57,UNDER,"Strong +EV opportunity: 1B  Andrés Chaparro is projected for 0.4 RBI vs a line of 10.0, giving a UNDER edge of 9.57. Based on recent form, opponent matchup, and game context.",Andrés Chaparro,0.43,0.0,
LF  Daylen Lile,Washington Nationals,mlb,R,Arizona_Diamondbacks_at_Washington_Nationals,0.44,10.0,-9.56,UNDER,"Strong +EV opportunity: LF  Daylen Lile is projected for 0.4 R vs a line of 10.0, giving a UNDER edge of 9.56. Based on recent form, opponent matchup, and game context.",Daylen Lile,0.44,0.0,
C   Keibert Ruiz,Washington Nationals,mlb,RBI,Arizona_Diamondbacks_at_Washington_Nationals,0.45,10.0,-9.55,UNDER,"Strong +EV opportunity: C   Keibert Ruiz is projected for 0.5 RBI vs a line of 10.0, giving a UNDER edge of 9.55. Based on recent form, opponent matchup, and game context.",Keibert Ruiz,0.45,0.0,
3B  Curtis Mead,Washington Nationals,mlb,RBI,Arizona_Diamondbacks_at_Washington_Nationals,0.48,10.0,-9.52,UNDER,3B  Curtis Mead shows UNDER value at 10.0 RBI. TC projection: 0.5 — edge: 9.52. Strong conviction based on usage rate and defensive matchup.,Curtis Mead,0.48,0.0,
3B  Curtis Mead,Washington Nationals,mlb,R,Arizona_Diamondbacks_at_Washington_Nationals,0.48,10.0,-9.52,UNDER,3B  Curtis Mead shows UNDER value at 10.0 R. TC projection: 0.5 — edge: 9.52. Strong conviction based on usage rate and defensive matchup.,Curtis Mead,0.48,0.0,
RF  Dylan Crews,Washington Nationals,mlb,R,Arizona_Diamondbacks_at_Washington_Nationals,0.49,10.0,-9.51,UNDER,RF  Dylan Crews shows UNDER value at 10.0 R. TC projection: 0.5 — edge: 9.51. Strong conviction based on usage rate and defensive matchup.,Dylan Crews,0.49,0.0,
DH  José Tena,Washington Nationals,mlb,H,Arizona_Diamondbacks_at_Washington_Nationals,0.51,10.0,-9.49,UNDER,"Strong +EV opportunity: DH  José Tena is projected for 0.5 H vs a line of 10.0, giving a UNDER edge of 9.49. Based on recent form, opponent matchup, and game context.",José Tena,0.51,0.0,
3B  Jorbit Vivas,Washington Nationals,mlb,H,Arizona_Diamondbacks_at_Washington_Nationals,0.52,10.0,-9.48,UNDER,Targeting 3B  Jorbit Vivas UNDER 10.0 H. Model projects 0.5 (9.48 edge). Recent trends and opponent weakness support this play.,Jorbit Vivas,0.52,0.0,
C   Edgar Quero,Chicago White Sox,mlb,HR,Houston_Astros_at_Chicago_White_Sox,0.03,9.5,-9.47,UNDER,"Strong +EV opportunity: C   Edgar Quero is projected for 0.0 HR vs a line of 9.5, giving a UNDER edge of 9.47. Based on recent form, opponent matchup, and game context.",Edgar Quero,0.03,0.0,
CF  Tristan Peters,Chicago White Sox,mlb,3B,Houston_Astros_at_Chicago_White_Sox,0.03,9.5,-9.47,UNDER,CF  Tristan Peters shows UNDER value at 9.5 3B. TC projection: 0.0 — edge: 9.47. Strong conviction based on usage rate and defensive matchup.,Tristan Peters,0.03,0.0,
CF  Junior Perez,Chicago White Sox,mlb,BB,Houston_Astros_at_Chicago_White_Sox,0.04,9.5,-9.46,UNDER,CF  Junior Perez shows UNDER value at 9.5 BB. TC projection: 0.0 — edge: 9.46. Strong conviction based on usage rate and defensive matchup.,Junior Perez,0.04,0.0,
SS  Luisangel Acuña,Chicago White Sox,mlb,2B,Houston_Astros_at_Chicago_White_Sox,0.04,9.5,-9.46,UNDER,SS  Luisangel Acuña shows UNDER value at 9.5 2B. TC projection: 0.0 — edge: 9.46. Strong conviction based on usage rate and defensive matchup.,Luisangel Acuña,0.04,0.0,
CF  Tristan Peters,Chicago White Sox,mlb,SB,Houston_Astros_at_Chicago_White_Sox,0.04,9.5,-9.46,UNDER,"Strong +EV opportunity: CF  Tristan Peters is projected for 0.0 SB vs a line of 9.5, giving a UNDER edge of 9.46. Based on recent form, opponent matchup, and game context.",Tristan Peters,0.04,0.0,
SS  CJ Abrams,Washington Nationals,mlb,R,Arizona_Diamondbacks_at_Washington_Nationals,0.55,10.0,-9.45,UNDER,"Strong +EV opportunity: SS  CJ Abrams is projected for 0.6 R vs a line of 10.0, giving a UNDER edge of 9.45. Based on recent form, opponent matchup, and game context.",CJ Abrams,0.55,0.0,
CF  Tristan Peters,Chicago White Sox,mlb,HR,Houston_Astros_at_Chicago_White_Sox,0.05,9.5,-9.45,UNDER,"Strong +EV opportunity: CF  Tristan Peters is projected for 0.1 HR vs a line of 9.5, giving a UNDER edge of 9.45. Based on recent form, opponent matchup, and game context.",Tristan Peters,0.05,0.0,
2B  Chase Meidroth,Chicago White Sox,mlb,HR,Houston_Astros_at_Chicago_White_Sox,0.06,9.5,-9.44,UNDER,"Strong +EV opportunity: 2B  Chase Meidroth is projected for 0.1 HR vs a line of 9.5, giving a UNDER edge of 9.44. Based on recent form, opponent matchup, and game context.",Chase Meidroth,0.06,0.0,
RF  Braden Montgomery,Chicago White Sox,mlb,HR,Houston_Astros_at_Chicago_White_Sox,0.07,9.5,-9.43,UNDER,Targeting RF  Braden Montgomery UNDER 9.5 HR. Model projects 0.1 (9.43 edge). Recent trends and opponent weakness support this play.,Braden Montgomery,0.07,0.0,
LF  Sam Antonacci,Chicago White Sox,mlb,HR,Houston_Astros_at_Chicago_White_Sox,0.07,9.5,-9.43,UNDER,"Strong +EV opportunity: LF  Sam Antonacci is projected for 0.1 HR vs a line of 9.5, giving a UNDER edge of 9.43. Based on recent form, opponent matchup, and game context.",Sam Antonacci,0.07,0.0,
RF  James Wood,Washington Nationals,mlb,RBI,Arizona_Diamondbacks_at_Washington_Nationals,0.58,10.0,-9.42,UNDER,Targeting RF  James Wood UNDER 10.0 RBI. Model projects 0.6 (9.42 edge). Recent trends and opponent weakness support this play.,James Wood,0.58,0.0,
CF  Junior Perez,Chicago White Sox,mlb,HR,Houston_Astros_at_Chicago_White_Sox,0.08,9.5,-9.42,UNDER,"Strong +EV opportunity: CF  Junior Perez is projected for 0.1 HR vs a line of 9.5, giving a UNDER edge of 9.42. Based on recent form, opponent matchup, and game context.",Junior Perez,0.08,0.0,
SS  Luisangel Acuña,Chicago White Sox,mlb,BB,Houston_Astros_at_Chicago_White_Sox,0.08,9.5,-9.42,UNDER,SS  Luisangel Acuña shows UNDER value at 9.5 BB. TC projection: 0.1 — edge: 9.42. Strong conviction based on usage rate and defensive matchup.,Luisangel Acuña,0.08,0.0,
DH  Randal Grichuk,Chicago White Sox,mlb,BB,Houston_Astros_at_Chicago_White_Sox,0.08,9.5,-9.42,UNDER,Targeting DH  Randal Grichuk UNDER 9.5 BB. Model projects 0.1 (9.42 edge). Recent trends and opponent weakness support this play.,Randal Grichuk,0.08,0.0,
3B  Miguel Vargas,Chicago White Sox,mlb,SB,Houston_Astros_at_Chicago_White_Sox,0.09,9.5,-9.41,UNDER,Targeting 3B  Miguel Vargas UNDER 9.5 SB. Model projects 0.1 (9.41 edge). Recent trends and opponent weakness support this play.,Miguel Vargas,0.09,0.0,
DH  Andrew Benintendi,Chicago White Sox,mlb,HR,Houston_Astros_at_Chicago_White_Sox,0.1,9.5,-9.4,UNDER,"Strong +EV opportunity: DH  Andrew Benintendi is projected for 0.1 HR vs a line of 9.5, giving a UNDER edge of 9.40. Based on recent form, opponent matchup, and game context.",Andrew Benintendi,0.1,0.0,
1B  Munetaka Murakami,Chicago White Sox,mlb,2B,Houston_Astros_at_Chicago_White_Sox,0.1,9.5,-9.4,UNDER,1B  Munetaka Murakami shows UNDER value at 9.5 2B. TC projection: 0.1 — edge: 9.40. Strong conviction based on usage rate and defensive matchup.,Munetaka Murakami,0.1,0.0,
CF  Jacob Young,Washington Nationals,mlb,H,Arizona_Diamondbacks_at_Washington_Nationals,0.61,10.0,-9.39,UNDER,CF  Jacob Young shows UNDER value at 10.0 H. TC projection: 0.6 — edge: 9.39. Strong conviction based on usage rate and defensive matchup.,Jacob Young,0.61,0.0,
C   Drew Romo,Chicago White Sox,mlb,2B,Houston_Astros_at_Chicago_White_Sox,0.11,9.5,-9.39,UNDER,C   Drew Romo shows UNDER value at 9.5 2B. TC projection: 0.1 — edge: 9.39. Strong conviction based on usage rate and defensive matchup.,Drew Romo,0.11,0.0,
C   Drew Romo,Chicago White Sox,mlb,HR,Houston_Astros_at_Chicago_White_Sox,0.11,9.5,-9.39,UNDER,"Strong +EV opportunity: C   Drew Romo is projected for 0.1 HR vs a line of 9.5, giving a UNDER edge of 9.39. Based on recent form, opponent matchup, and game context.",Drew Romo,0.11,0.0,
CF  Junior Perez,Chicago White Sox,mlb,R,Houston_Astros_at_Chicago_White_Sox,0.12,9.5,-9.38,UNDER,"Strong +EV opportunity: CF  Junior Perez is projected for 0.1 R vs a line of 9.5, giving a UNDER edge of 9.38. Based on recent form, opponent matchup, and game context.",Junior Perez,0.12,0.0,
DH  Randal Grichuk,Chicago White Sox,mlb,HR,Houston_Astros_at_Chicago_White_Sox,0.12,9.5,-9.38,UNDER,"Strong +EV opportunity: DH  Randal Grichuk is projected for 0.1 HR vs a line of 9.5, giving a UNDER edge of 9.38. Based on recent form, opponent matchup, and game context.",Randal Grichuk,0.12,0.0,
1B  Luis García Jr.,Washington Nationals,mlb,RBI,Arizona_Diamondbacks_at_Washington_Nationals,0.63,10.0,-9.37,UNDER,Targeting 1B  Luis García Jr. UNDER 10.0 RBI. Model projects 0.6 (9.37 edge). Recent trends and opponent weakness support this play.,Luis García Jr.,0.63,0.0,
DH  Randal Grichuk,Chicago White Sox,mlb,2B,Houston_Astros_at_Chicago_White_Sox,0.13,9.5,-9.37,UNDER,DH  Randal Grichuk shows UNDER value at 9.5 2B. TC projection: 0.1 — edge: 9.37. Strong conviction based on usage rate and defensive matchup.,Randal Grichuk,0.13,0.0,
SS  Luisangel Acuña,Chicago White Sox,mlb,RBI,Houston_Astros_at_Chicago_White_Sox,0.14,9.5,-9.36,UNDER,SS  Luisangel Acuña shows UNDER value at 9.5 RBI. TC projection: 0.1 — edge: 9.36. Strong conviction based on usage rate and defensive matchup.,Luisangel Acuña,0.14,0.0,
LF  Sam Antonacci,Chicago White Sox,mlb,2B,Houston_Astros_at_Chicago_White_Sox,0.14,9.5,-9.36,UNDER,Targeting LF  Sam Antonacci UNDER 9.5 2B. Model projects 0.1 (9.36 edge). Recent trends and opponent weakness support this play.,Sam Antonacci,0.14,0.0,
LF  Sam Antonacci,Chicago White Sox,mlb,SB,Houston_Astros_at_Chicago_White_Sox,0.15,9.5,-9.35,UNDER,Targeting LF  Sam Antonacci UNDER 9.5 SB. Model projects 0.1 (9.35 edge). Recent trends and opponent weakness support this play.,Sam Antonacci,0.15,0.0,
DH  Andrew Benintendi,Chicago White Sox,mlb,2B,Houston_Astros_at_Chicago_White_Sox,0.15,9.5,-9.35,UNDER,Targeting DH  Andrew Benintendi UNDER 9.5 2B. Model projects 0.1 (9.35 edge). Recent trends and opponent weakness support this play.,Andrew Benintendi,0.15,0.0,
SS  Colson Montgomery,Chicago White Sox,mlb,2B,Houston_Astros_at_Chicago_White_Sox,0.15,9.5,-9.35,UNDER,SS  Colson Montgomery shows UNDER value at 9.5 2B. TC projection: 0.1 — edge: 9.35. Strong conviction based on usage rate and defensive matchup.,Colson Montgomery,0.15,0.0,
SS  CJ Abrams,Washington Nationals,mlb,RBI,Arizona_Diamondbacks_at_Washington_Nationals,0.66,10.0,-9.34,UNDER,Targeting SS  CJ Abrams UNDER 10.0 RBI. Model projects 0.7 (9.34 edge). Recent trends and opponent weakness support this play.,CJ Abrams,0.66,0.0,
2B  Nasim Nuñez,Washington Nationals,mlb,H,Arizona_Diamondbacks_at_Washington_Nationals,0.66,10.0,-9.34,UNDER,Targeting 2B  Nasim Nuñez UNDER 10.0 H. Model projects 0.7 (9.34 edge). Recent trends and opponent weakness support this play.,Nasim Nuñez,0.66,0.0,
2B  Chase Meidroth,Chicago White Sox,mlb,2B,Houston_Astros_at_Chicago_White_Sox,0.16,9.5,-9.34,UNDER,Targeting 2B  Chase Meidroth UNDER 9.5 2B. Model projects 0.2 (9.34 edge). Recent trends and opponent weakness support this play.,Chase Meidroth,0.16,0.0,
CF  Junior Perez,Chicago White Sox,mlb,RBI,Houston_Astros_at_Chicago_White_Sox,0.17,9.5,-9.33,UNDER,"Strong +EV opportunity: CF  Junior Perez is projected for 0.2 RBI vs a line of 9.5, giving a UNDER edge of 9.33. Based on recent form, opponent matchup, and game context.",Junior Perez,0.17,0.0,
RF  James Wood,Washington Nationals,mlb,BB,Arizona_Diamondbacks_at_Washington_Nationals,0.68,10.0,-9.32,UNDER,RF  James Wood shows UNDER value at 10.0 BB. TC projection: 0.7 — edge: 9.32. Strong conviction based on usage rate and defensive matchup.,James Wood,0.68,0.0,
SS  Luisangel Acuña,Chicago White Sox,mlb,SB,Houston_Astros_at_Chicago_White_Sox,0.18,9.5,-9.32,UNDER,Targeting SS  Luisangel Acuña UNDER 9.5 SB. Model projects 0.2 (9.32 edge). Recent trends and opponent weakness support this play.,Luisangel Acuña,0.18,0.0,
3B  Miguel Vargas,Chicago White Sox,mlb,HR,Houston_Astros_at_Chicago_White_Sox,0.18,9.5,-9.32,UNDER,3B  Miguel Vargas shows UNDER value at 9.5 HR. TC projection: 0.2 — edge: 9.32. Strong conviction based on usage rate and defensive matchup.,Miguel Vargas,0.18,0.0,
CF  Tristan Peters,Chicago White Sox,mlb,BB,Houston_Astros_at_Chicago_White_Sox,0.18,9.5,-9.32,UNDER,Targeting CF  Tristan Peters UNDER 9.5 BB. Model projects 0.2 (9.32 edge). Recent trends and opponent weakness support this play.,Tristan Peters,0.18,0.0,
C   Edgar Quero,Chicago White Sox,mlb,R,Houston_Astros_at_Chicago_White_Sox,0.19,9.5,-9.31,UNDER,"Strong +EV opportunity: C   Edgar Quero is projected for 0.2 R vs a line of 9.5, giving a UNDER edge of 9.31. Based on recent form, opponent matchup, and game context.",Edgar Quero,0.19,0.0,
CF  Tristan Peters,Chicago White Sox,mlb,2B,Houston_Astros_at_Chicago_White_Sox,0.19,9.5,-9.31,UNDER,CF  Tristan Peters shows UNDER value at 9.5 2B. TC projection: 0.2 — edge: 9.31. Strong conviction based on usage rate and defensive matchup.,Tristan Peters,0.19,0.0,
RF  Dylan Crews,Washington Nationals,mlb,H,Arizona_Diamondbacks_at_Washington_Nationals,0.7,10.0,-9.3,UNDER,"Strong +EV opportunity: RF  Dylan Crews is projected for 0.7 H vs a line of 10.0, giving a UNDER edge of 9.30. Based on recent form, opponent matchup, and game context.",Dylan Crews,0.7,0.0,
C   Edgar Quero,Chicago White Sox,mlb,BB,Houston_Astros_at_Chicago_White_Sox,0.2,9.5,-9.3,UNDER,"Strong +EV opportunity: C   Edgar Quero is projected for 0.2 BB vs a line of 9.5, giving a UNDER edge of 9.30. Based on recent form, opponent matchup, and game context.",Edgar Quero,0.2,0.0,
C   Drew Romo,Chicago White Sox,mlb,R,Houston_Astros_at_Chicago_White_Sox,0.2,9.5,-9.3,UNDER,C   Drew Romo shows UNDER value at 9.5 R. TC projection: 0.2 — edge: 9.30. Strong conviction based on usage rate and defensive matchup.,Drew Romo,0.2,0.0,
SS  Colson Montgomery,Chicago White Sox,mlb,HR,Houston_Astros_at_Chicago_White_Sox,0.21,9.5,-9.29,UNDER,"Strong +EV opportunity: SS  Colson Montgomery is projected for 0.2 HR vs a line of 9.5, giving a UNDER edge of 9.29. Based on recent form, opponent matchup, and game context.",Colson Montgomery,0.21,0.0,
CF  Junior Perez,Chicago White Sox,mlb,H,Houston_Astros_at_Chicago_White_Sox,0.21,9.5,-9.29,UNDER,CF  Junior Perez shows UNDER value at 9.5 H. TC projection: 0.2 — edge: 9.29. Strong conviction based on usage rate and defensive matchup.,Junior Perez,0.21,0.0,
3B  Miguel Vargas,Chicago White Sox,mlb,2B,Houston_Astros_at_Chicago_White_Sox,0.21,9.5,-9.29,UNDER,3B  Miguel Vargas shows UNDER value at 9.5 2B. TC projection: 0.2 — edge: 9.29. Strong conviction based on usage rate and defensive matchup.,Miguel Vargas,0.21,0.0,
SS  Luisangel Acuña,Chicago White Sox,mlb,R,Houston_Astros_at_Chicago_White_Sox,0.22,9.5,-9.28,UNDER,SS  Luisangel Acuña shows UNDER value at 9.5 R. TC projection: 0.2 — edge: 9.28. Strong conviction based on usage rate and defensive matchup.,Luisangel Acuña,0.22,0.0,
3B  Curtis Mead,Washington Nationals,mlb,H,Arizona_Diamondbacks_at_Washington_Nationals,0.73,10.0,-9.27,UNDER,Targeting 3B  Curtis Mead UNDER 10.0 H. Model projects 0.7 (9.27 edge). Recent trends and opponent weakness support this play.,Curtis Mead,0.73,0.0,
C   Edgar Quero,Chicago White Sox,mlb,RBI,Houston_Astros_at_Chicago_White_Sox,0.23,9.5,-9.27,UNDER,C   Edgar Quero shows UNDER value at 9.5 RBI. TC projection: 0.2 — edge: 9.27. Strong conviction based on usage rate and defensive matchup.,Edgar Quero,0.23,0.0,
C   Drew Romo,Chicago White Sox,mlb,RBI,Houston_Astros_at_Chicago_White_Sox,0.24,9.5,-9.26,UNDER,"Strong +EV opportunity: C   Drew Romo is projected for 0.2 RBI vs a line of 9.5, giving a UNDER edge of 9.26. Based on recent form, opponent matchup, and game context.",Drew Romo,0.24,0.0,
RF  Braden Montgomery,Chicago White Sox,mlb,2B,Houston_Astros_at_Chicago_White_Sox,0.24,9.5,-9.26,UNDER,RF  Braden Montgomery shows UNDER value at 9.5 2B. TC projection: 0.2 — edge: 9.26. Strong conviction based on usage rate and defensive matchup.,Braden Montgomery,0.24,0.0,
C   Keibert Ruiz,Washington Nationals,mlb,H,Arizona_Diamondbacks_at_Washington_Nationals,0.75,10.0,-9.25,UNDER,"Strong +EV opportunity: C   Keibert Ruiz is projected for 0.8 H vs a line of 10.0, giving a UNDER edge of 9.25. Based on recent form, opponent matchup, and game context.",Keibert Ruiz,0.75,0.0,
LF  Sam Antonacci,Chicago White Sox,mlb,BB,Houston_Astros_at_Chicago_White_Sox,0.25,9.5,-9.25,UNDER,"Strong +EV opportunity: LF  Sam Antonacci is projected for 0.2 BB vs a line of 9.5, giving a UNDER edge of 9.25. Based on recent form, opponent matchup, and game context.",Sam Antonacci,0.25,0.0,
DH  Andrew Benintendi,Chicago White Sox,mlb,BB,Houston_Astros_at_Chicago_White_Sox,0.26,9.5,-9.24,UNDER,Targeting DH  Andrew Benintendi UNDER 9.5 BB. Model projects 0.3 (9.24 edge). Recent trends and opponent weakness support this play.,Andrew Benintendi,0.26,0.0,
1B  Munetaka Murakami,Chicago White Sox,mlb,HR,Houston_Astros_at_Chicago_White_Sox,0.26,9.5,-9.24,UNDER,"Strong +EV opportunity: 1B  Munetaka Murakami is projected for 0.3 HR vs a line of 9.5, giving a UNDER edge of 9.24. Based on recent form, opponent matchup, and game context.",Munetaka Murakami,0.26,0.0,
C   Drew Romo,Chicago White Sox,mlb,BB,Houston_Astros_at_Chicago_White_Sox,0.27,9.5,-9.23,UNDER,C   Drew Romo shows UNDER value at 9.5 BB. TC projection: 0.3 — edge: 9.23. Strong conviction based on usage rate and defensive matchup.,Drew Romo,0.27,0.0,
RF  James Wood,Washington Nationals,mlb,R,Arizona_Diamondbacks_at_Washington_Nationals,0.78,10.0,-9.22,UNDER,Targeting RF  James Wood UNDER 10.0 R. Model projects 0.8 (9.22 edge). Recent trends and opponent weakness support this play.,James Wood,0.78,0.0,
RF  Braden Montgomery,Chicago White Sox,mlb,BB,Houston_Astros_at_Chicago_White_Sox,0.29,9.5,-9.21,UNDER,Targeting RF  Braden Montgomery UNDER 9.5 BB. Model projects 0.3 (9.21 edge). Recent trends and opponent weakness support this play.,Braden Montgomery,0.29,0.0,
SS  Colson Montgomery,Chicago White Sox,mlb,BB,Houston_Astros_at_Chicago_White_Sox,0.3,9.5,-9.2,UNDER,Targeting SS  Colson Montgomery UNDER 9.5 BB. Model projects 0.3 (9.20 edge). Recent trends and opponent weakness support this play.,Colson Montgomery,0.3,0.0,
DH  Randal Grichuk,Chicago White Sox,mlb,R,Houston_Astros_at_Chicago_White_Sox,0.3,9.5,-9.2,UNDER,DH  Randal Grichuk shows UNDER value at 9.5 R. TC projection: 0.3 — edge: 9.20. Strong conviction based on usage rate and defensive matchup.,Randal Grichuk,0.3,0.0,
1B  Luis García Jr.,Washington Nationals,mlb,H,Arizona_Diamondbacks_at_Washington_Nationals,0.81,10.0,-9.19,UNDER,Targeting 1B  Luis García Jr. UNDER 10.0 H. Model projects 0.8 (9.19 edge). Recent trends and opponent weakness support this play.,Luis García Jr.,0.81,0.0,
DH  Randal Grichuk,Chicago White Sox,mlb,RBI,Houston_Astros_at_Chicago_White_Sox,0.31,9.5,-9.19,UNDER,"Strong +EV opportunity: DH  Randal Grichuk is projected for 0.3 RBI vs a line of 9.5, giving a UNDER edge of 9.19. Based on recent form, opponent matchup, and game context.",Randal Grichuk,0.31,0.0,
LF  Daylen Lile,Washington Nationals,mlb,H,Arizona_Diamondbacks_at_Washington_Nationals,0.82,10.0,-9.18,UNDER,"Strong +EV opportunity: LF  Daylen Lile is projected for 0.8 H vs a line of 10.0, giving a UNDER edge of 9.18. Based on recent form, opponent matchup, and game context.",Daylen Lile,0.82,0.0,
LF  Sam Antonacci,Chicago White Sox,mlb,RBI,Houston_Astros_at_Chicago_White_Sox,0.32,9.5,-9.18,UNDER,"Strong +EV opportunity: LF  Sam Antonacci is projected for 0.3 RBI vs a line of 9.5, giving a UNDER edge of 9.18. Based on recent form, opponent matchup, and game context.",Sam Antonacci,0.32,0.0,
2B  Chase Meidroth,Chicago White Sox,mlb,RBI,Houston_Astros_at_Chicago_White_Sox,0.32,9.5,-9.18,UNDER,2B  Chase Meidroth shows UNDER value at 9.5 RBI. TC projection: 0.3 — edge: 9.18. Strong conviction based on usage rate and defensive matchup.,Chase Meidroth,0.32,0.0,
2B  Chase Meidroth,Chicago White Sox,mlb,BB,Houston_Astros_at_Chicago_White_Sox,0.33,9.5,-9.17,UNDER,2B  Chase Meidroth shows UNDER value at 9.5 BB. TC projection: 0.3 — edge: 9.17. Strong conviction based on usage rate and defensive matchup.,Chase Meidroth,0.33,0.0,
C   Drew Romo,Chicago White Sox,mlb,H,Houston_Astros_at_Chicago_White_Sox,0.33,9.5,-9.17,UNDER,C   Drew Romo shows UNDER value at 9.5 H. TC projection: 0.3 — edge: 9.17. Strong conviction based on usage rate and defensive matchup.,Drew Romo,0.33,0.0,
CF  Tristan Peters,Chicago White Sox,mlb,RBI,Houston_Astros_at_Chicago_White_Sox,0.33,9.5,-9.17,UNDER,CF  Tristan Peters shows UNDER value at 9.5 RBI. TC projection: 0.3 — edge: 9.17. Strong conviction based on usage rate and defensive matchup.,Tristan Peters,0.33,0.0,
CF  Tristan Peters,Chicago White Sox,mlb,R,Houston_Astros_at_Chicago_White_Sox,0.34,9.5,-9.16,UNDER,CF  Tristan Peters shows UNDER value at 9.5 R. TC projection: 0.3 — edge: 9.16. Strong conviction based on usage rate and defensive matchup.,Tristan Peters,0.34,0.0,
DH  Andrew Benintendi,Chicago White Sox,mlb,R,Houston_Astros_at_Chicago_White_Sox,0.39,9.5,-9.11,UNDER,"Strong +EV opportunity: DH  Andrew Benintendi is projected for 0.4 R vs a line of 9.5, giving a UNDER edge of 9.11. Based on recent form, opponent matchup, and game context.",Andrew Benintendi,0.39,0.0,
RF  James Wood,Washington Nationals,mlb,H,Arizona_Diamondbacks_at_Washington_Nationals,0.9,10.0,-9.1,UNDER,Targeting RF  James Wood UNDER 10.0 H. Model projects 0.9 (9.10 edge). Recent trends and opponent weakness support this play.,James Wood,0.9,0.0,
SS  Colson Montgomery,Chicago White Sox,mlb,R,Houston_Astros_at_Chicago_White_Sox,0.43,9.5,-9.07,UNDER,Targeting SS  Colson Montgomery UNDER 9.5 R. Model projects 0.4 (9.07 edge). Recent trends and opponent weakness support this play.,Colson Montgomery,0.43,0.0,
C   Edgar Quero,Chicago White Sox,mlb,H,Houston_Astros_at_Chicago_White_Sox,0.43,9.5,-9.07,UNDER,Targeting C   Edgar Quero UNDER 9.5 H. Model projects 0.4 (9.07 edge). Recent trends and opponent weakness support this play.,Edgar Quero,0.43,0.0,
SS  CJ Abrams,Washington Nationals,mlb,H,Arizona_Diamondbacks_at_Washington_Nationals,0.94,10.0,-9.06,UNDER,SS  CJ Abrams shows UNDER value at 10.0 H. TC projection: 0.9 — edge: 9.06. Strong conviction based on usage rate and defensive matchup.,CJ Abrams,0.94,0.0,
RF  Braden Montgomery,Chicago White Sox,mlb,RBI,Houston_Astros_at_Chicago_White_Sox,0.46,9.5,-9.04,UNDER,Targeting RF  Braden Montgomery UNDER 9.5 RBI. Model projects 0.5 (9.04 edge). Recent trends and opponent weakness support this play.,Braden Montgomery,0.46,0.0,
SS  Luisangel Acuña,Chicago White Sox,mlb,H,Houston_Astros_at_Chicago_White_Sox,0.46,9.5,-9.04,UNDER,Targeting SS  Luisangel Acuña UNDER 9.5 H. Model projects 0.5 (9.04 edge). Recent trends and opponent weakness support this play.,Luisangel Acuña,0.46,0.0,
DH  Randal Grichuk,Chicago White Sox,mlb,H,Houston_Astros_at_Chicago_White_Sox,0.47,9.5,-9.03,UNDER,"Strong +EV opportunity: DH  Randal Grichuk is projected for 0.5 H vs a line of 9.5, giving a UNDER edge of 9.03. Based on recent form, opponent matchup, and game context.",Randal Grichuk,0.47,0.0,
DH  Andrew Benintendi,Chicago White Sox,mlb,RBI,Houston_Astros_at_Chicago_White_Sox,0.5,9.5,-9.0,UNDER,"Strong +EV opportunity: DH  Andrew Benintendi is projected for 0.5 RBI vs a line of 9.5, giving a UNDER edge of 9.00. Based on recent form, opponent matchup, and game context.",Andrew Benintendi,0.5,0.0,
2B  Chase Meidroth,Chicago White Sox,mlb,R,Houston_Astros_at_Chicago_White_Sox,0.5,9.5,-9.0,UNDER,"Strong +EV opportunity: 2B  Chase Meidroth is projected for 0.5 R vs a line of 9.5, giving a UNDER edge of 9.00. Based on recent form, opponent matchup, and game context.",Chase Meidroth,0.5,0.0,
3B  Miguel Vargas,Chicago White Sox,mlb,BB,Houston_Astros_at_Chicago_White_Sox,0.5,9.5,-9.0,UNDER,3B  Miguel Vargas shows UNDER value at 9.5 BB. TC projection: 0.5 — edge: 9.00. Strong conviction based on usage rate and defensive matchup.,Miguel Vargas,0.5,0.0,
LF  Alex Call,Los Angeles Dodgers,mlb,3B,Los_Angeles_Dodgers_at_New_York_Mets,0.0,9.0,-9.0,UNDER,LF  Alex Call shows UNDER value at 9.0 3B. TC projection: 0.0 — edge: 9.00. Strong conviction based on usage rate and defensive matchup.,Alex Call,0.0,0.0,
2B  Alex Freeland,Los Angeles Dodgers,mlb,3B,Los_Angeles_Dodgers_at_New_York_Mets,0.0,9.0,-9.0,UNDER,2B  Alex Freeland shows UNDER value at 9.0 3B. TC projection: 0.0 — edge: 9.00. Strong conviction based on usage rate and defensive matchup.,Alex Freeland,0.0,0.0,
P   Alex Vesia,Los Angeles Dodgers,mlb,H,Los_Angeles_Dodgers_at_New_York_Mets,0.0,9.0,-9.0,UNDER,Targeting P   Alex Vesia UNDER 9.0 H. Model projects 0.0 (9.00 edge). Recent trends and opponent weakness support this play.,Alex Vesia,0.0,0.0,
P   Alex Vesia,Los Angeles Dodgers,mlb,R,Los_Angeles_Dodgers_at_New_York_Mets,0.0,9.0,-9.0,UNDER,P   Alex Vesia shows UNDER value at 9.0 R. TC projection: 0.0 — edge: 9.00. Strong conviction based on usage rate and defensive matchup.,Alex Vesia,0.0,0.0,
P   Alex Vesia,Los Angeles Dodgers,mlb,RBI,Los_Angeles_Dodgers_at_New_York_Mets,0.0,9.0,-9.0,UNDER,P   Alex Vesia shows UNDER value at 9.0 RBI. TC projection: 0.0 — edge: 9.00. Strong conviction based on usage rate and defensive matchup.,Alex Vesia,0.0,0.0,
P   Alex Vesia,Los Angeles Dodgers,mlb,HR,Los_Angeles_Dodgers_at_New_York_Mets,0.0,9.0,-9.0,UNDER,Targeting P   Alex Vesia UNDER 9.0 HR. Model projects 0.0 (9.00 edge). Recent trends and opponent weakness support this play.,Alex Vesia,0.0,0.0,
P   Alex Vesia,Los Angeles Dodgers,mlb,2B,Los_Angeles_Dodgers_at_New_York_Mets,0.0,9.0,-9.0,UNDER,"Strong +EV opportunity: P   Alex Vesia is projected for 0.0 2B vs a line of 9.0, giving a UNDER edge of 9.00. Based on recent form, opponent matchup, and game context.",Alex Vesia,0.0,0.0,
P   Alex Vesia,Los Angeles Dodgers,mlb,3B,Los_Angeles_Dodgers_at_New_York_Mets,0.0,9.0,-9.0,UNDER,P   Alex Vesia shows UNDER value at 9.0 3B. TC projection: 0.0 — edge: 9.00. Strong conviction based on usage rate and defensive matchup.,Alex Vesia,0.0,0.0,
P   Alex Vesia,Los Angeles Dodgers,mlb,BB,Los_Angeles_Dodgers_at_New_York_Mets,0.0,9.0,-9.0,UNDER,P   Alex Vesia shows UNDER value at 9.0 BB. TC projection: 0.0 — edge: 9.00. Strong conviction based on usage rate and defensive matchup.,Alex Vesia,0.0,0.0,
P   Alex Vesia,Los Angeles Dodgers,mlb,SB,Los_Angeles_Dodgers_at_New_York_Mets,0.0,9.0,-9.0,UNDER,Targeting P   Alex Vesia UNDER 9.0 SB. Model projects 0.0 (9.00 edge). Recent trends and opponent weakness support this play.,Alex Vesia,0.0,0.0,
C   Dalton Rushing,Los Angeles Dodgers,mlb,3B,Los_Angeles_Dodgers_at_New_York_Mets,0.0,9.0,-9.0,UNDER,C   Dalton Rushing shows UNDER value at 9.0 3B. TC projection: 0.0 — edge: 9.00. Strong conviction based on usage rate and defensive matchup.,Dalton Rushing,0.0,0.0,
C   Dalton Rushing,Los Angeles Dodgers,mlb,SB,Los_Angeles_Dodgers_at_New_York_Mets,0.0,9.0,-9.0,UNDER,C   Dalton Rushing shows UNDER value at 9.0 SB. TC projection: 0.0 — edge: 9.00. Strong conviction based on usage rate and defensive matchup.,Dalton Rushing,0.0,0.0,
P   Edgardo Henriquez,Los Angeles Dodgers,mlb,H,Los_Angeles_Dodgers_at_New_York_Mets,0.0,9.0,-9.0,UNDER,P   Edgardo Henriquez shows UNDER value at 9.0 H. TC projection: 0.0 — edge: 9.00. Strong conviction based on usage rate and defensive matchup.,Edgardo Henriquez,0.0,0.0,
P   Edgardo Henriquez,Los Angeles Dodgers,mlb,R,Los_Angeles_Dodgers_at_New_York_Mets,0.0,9.0,-9.0,UNDER,P   Edgardo Henriquez shows UNDER value at 9.0 R. TC projection: 0.0 — edge: 9.00. Strong conviction based on usage rate and defensive matchup.,Edgardo Henriquez,0.0,0.0,
P   Edgardo Henriquez,Los Angeles Dodgers,mlb,RBI,Los_Angeles_Dodgers_at_New_York_Mets,0.0,9.0,-9.0,UNDER,Targeting P   Edgardo Henriquez UNDER 9.0 RBI. Model projects 0.0 (9.00 edge). Recent trends and opponent weakness support this play.,Edgardo Henriquez,0.0,0.0,
P   Edgardo Henriquez,Los Angeles Dodgers,mlb,HR,Los_Angeles_Dodgers_at_New_York_Mets,0.0,9.0,-9.0,UNDER,P   Edgardo Henriquez shows UNDER value at 9.0 HR. TC projection: 0.0 — edge: 9.00. Strong conviction based on usage rate and defensive matchup.,Edgardo Henriquez,0.0,0.0,
P   Edgardo Henriquez,Los Angeles Dodgers,mlb,2B,Los_Angeles_Dodgers_at_New_York_Mets,0.0,9.0,-9.0,UNDER,"Strong +EV opportunity: P   Edgardo Henriquez is projected for 0.0 2B vs a line of 9.0, giving a UNDER edge of 9.00. Based on recent form, opponent matchup, and game context.",Edgardo Henriquez,0.0,0.0,
P   Edgardo Henriquez,Los Angeles Dodgers,mlb,3B,Los_Angeles_Dodgers_at_New_York_Mets,0.0,9.0,-9.0,UNDER,"Strong +EV opportunity: P   Edgardo Henriquez is projected for 0.0 3B vs a line of 9.0, giving a UNDER edge of 9.00. Based on recent form, opponent matchup, and game context.",Edgardo Henriquez,0.0,0.0,
P   Edgardo Henriquez,Los Angeles Dodgers,mlb,BB,Los_Angeles_Dodgers_at_New_York_Mets,0.0,9.0,-9.0,UNDER,"Strong +EV opportunity: P   Edgardo Henriquez is projected for 0.0 BB vs a line of 9.0, giving a UNDER edge of 9.00. Based on recent form, opponent matchup, and game context.",Edgardo Henriquez,0.0,0.0,
P   Edgardo Henriquez,Los Angeles Dodgers,mlb,SB,Los_Angeles_Dodgers_at_New_York_Mets,0.0,9.0,-9.0,UNDER,Targeting P   Edgardo Henriquez UNDER 9.0 SB. Model projects 0.0 (9.00 edge). Recent trends and opponent weakness support this play.,Edgardo Henriquez,0.0,0.0,
C   Eliezer Alfonzo,Los Angeles Dodgers,mlb,HR,Los_Angeles_Dodgers_at_New_York_Mets,0.0,9.0,-9.0,UNDER,C   Eliezer Alfonzo shows UNDER value at 9.0 HR. TC projection: 0.0 — edge: 9.00. Strong conviction based on usage rate and defensive matchup.,Eliezer Alfonzo,0.0,0.0,
C   Eliezer Alfonzo,Los Angeles Dodgers,mlb,3B,Los_Angeles_Dodgers_at_New_York_Mets,0.0,9.0,-9.0,UNDER,C   Eliezer Alfonzo shows UNDER value at 9.0 3B. TC projection: 0.0 — edge: 9.00. Strong conviction based on usage rate and defensive matchup.,Eliezer Alfonzo,0.0,0.0,
C   Eliezer Alfonzo,Los Angeles Dodgers,mlb,BB,Los_Angeles_Dodgers_at_New_York_Mets,0.0,9.0,-9.0,UNDER,"Strong +EV opportunity: C   Eliezer Alfonzo is projected for 0.0 BB vs a line of 9.0, giving a UNDER edge of 9.00. Based on recent form, opponent matchup, and game context.",Eliezer Alfonzo,0.0,0.0,
C   Eliezer Alfonzo,Los Angeles Dodgers,mlb,SB,Los_Angeles_Dodgers_at_New_York_Mets,0.0,9.0,-9.0,UNDER,C   Eliezer Alfonzo shows UNDER value at 9.0 SB. TC projection: 0.0 — edge: 9.00. Strong conviction based on usage rate and defensive matchup.,Eliezer Alfonzo,0.0,0.0,
P   Jack Dreyer,Los Angeles Dodgers,mlb,H,Los_Angeles_Dodgers_at_New_York_Mets,0.0,9.0,-9.0,UNDER,Targeting P   Jack Dreyer UNDER 9.0 H. Model projects 0.0 (9.00 edge). Recent trends and opponent weakness support this play.,Jack Dreyer,0.0,0.0,
P   Jack Dreyer,Los Angeles Dodgers,mlb,R,Los_Angeles_Dodgers_at_New_York_Mets,0.0,9.0,-9.0,UNDER,Targeting P   Jack Dreyer UNDER 9.0 R. Model projects 0.0 (9.00 edge). Recent trends and opponent weakness support this play.,Jack Dreyer,0.0,0.0,
P   Jack Dreyer,Los Angeles Dodgers,mlb,RBI,Los_Angeles_Dodgers_at_New_York_Mets,0.0,9.0,-9.0,UNDER,P   Jack Dreyer shows UNDER value at 9.0 RBI. TC projection: 0.0 — edge: 9.00. Strong conviction based on usage rate and defensive matchup.,Jack Dreyer,0.0,0.0,
P   Jack Dreyer,Los Angeles Dodgers,mlb,HR,Los_Angeles_Dodgers_at_New_York_Mets,0.0,9.0,-9.0,UNDER,"Strong +EV opportunity: P   Jack Dreyer is projected for 0.0 HR vs a line of 9.0, giving a UNDER edge of 9.00. Based on recent form, opponent matchup, and game context.",Jack Dreyer,0.0,0.0,
P   Jack Dreyer,Los Angeles Dodgers,mlb,2B,Los_Angeles_Dodgers_at_New_York_Mets,0.0,9.0,-9.0,UNDER,P   Jack Dreyer shows UNDER value at 9.0 2B. TC projection: 0.0 — edge: 9.00. Strong conviction based on usage rate and defensive matchup.,Jack Dreyer,0.0,0.0,
P   Jack Dreyer,Los Angeles Dodgers,mlb,3B,Los_Angeles_Dodgers_at_New_York_Mets,0.0,9.0,-9.0,UNDER,Targeting P   Jack Dreyer UNDER 9.0 3B. Model projects 0.0 (9.00 edge). Recent trends and opponent weakness support this play.,Jack Dreyer,0.0,0.0,
P   Jack Dreyer,Los Angeles Dodgers,mlb,BB,Los_Angeles_Dodgers_at_New_York_Mets,0.0,9.0,-9.0,UNDER,P   Jack Dreyer shows UNDER value at 9.0 BB. TC projection: 0.0 — edge: 9.00. Strong conviction based on usage rate and defensive matchup.,Jack Dreyer,0.0,0.0,
P   Jack Dreyer,Los Angeles Dodgers,mlb,SB,Los_Angeles_Dodgers_at_New_York_Mets,0.0,9.0,-9.0,UNDER,"Strong +EV opportunity: P   Jack Dreyer is projected for 0.0 SB vs a line of 9.0, giving a UNDER edge of 9.00. Based on recent form, opponent matchup, and game context.",Jack Dreyer,0.0,0.0,
2B  Miguel Rojas,Los Angeles Dodgers,mlb,3B,Los_Angeles_Dodgers_at_New_York_Mets,0.0,9.0,-9.0,UNDER,"Strong +EV opportunity: 2B  Miguel Rojas is projected for 0.0 3B vs a line of 9.0, giving a UNDER edge of 9.00. Based on recent form, opponent matchup, and game context.",Miguel Rojas,0.0,0.0,
2B  Miguel Rojas,Los Angeles Dodgers,mlb,SB,Los_Angeles_Dodgers_at_New_York_Mets,0.0,9.0,-9.0,UNDER,2B  Miguel Rojas shows UNDER value at 9.0 SB. TC projection: 0.0 — edge: 9.00. Strong conviction based on usage rate and defensive matchup.,Miguel Rojas,0.0,0.0,
SS  Mookie Betts,Los Angeles Dodgers,mlb,3B,Los_Angeles_Dodgers_at_New_York_Mets,0.0,9.0,-9.0,UNDER,Targeting SS  Mookie Betts UNDER 9.0 3B. Model projects 0.0 (9.00 edge). Recent trends and opponent weakness support this play.,Mookie Betts,0.0,0.0,
LF  Teoscar Hernández,Los Angeles Dodgers,mlb,3B,Los_Angeles_Dodgers_at_New_York_Mets,0.0,9.0,-9.0,UNDER,LF  Teoscar Hernández shows UNDER value at 9.0 3B. TC projection: 0.0 — edge: 9.00. Strong conviction based on usage rate and defensive matchup.,Teoscar Hernández,0.0,0.0,
P   Devin Williams,New York Mets,mlb,H,Los_Angeles_Dodgers_at_New_York_Mets,0.0,9.0,-9.0,UNDER,Targeting P   Devin Williams UNDER 9.0 H. Model projects 0.0 (9.00 edge). Recent trends and opponent weakness support this play.,Devin Williams,0.0,0.0,
P   Devin Williams,New York Mets,mlb,R,Los_Angeles_Dodgers_at_New_York_Mets,0.0,9.0,-9.0,UNDER,P   Devin Williams shows UNDER value at 9.0 R. TC projection: 0.0 — edge: 9.00. Strong conviction based on usage rate and defensive matchup.,Devin Williams,0.0,0.0,
P   Devin Williams,New York Mets,mlb,RBI,Los_Angeles_Dodgers_at_New_York_Mets,0.0,9.0,-9.0,UNDER,Targeting P   Devin Williams UNDER 9.0 RBI. Model projects 0.0 (9.00 edge). Recent trends and opponent weakness support this play.,Devin Williams,0.0,0.0,
P   Devin Williams,New York Mets,mlb,HR,Los_Angeles_Dodgers_at_New_York_Mets,0.0,9.0,-9.0,UNDER,P   Devin Williams shows UNDER value at 9.0 HR. TC projection: 0.0 — edge: 9.00. Strong conviction based on usage rate and defensive matchup.,Devin Williams,0.0,0.0,
P   Devin Williams,New York Mets,mlb,2B,Los_Angeles_Dodgers_at_New_York_Mets,0.0,9.0,-9.0,UNDER,"Strong +EV opportunity: P   Devin Williams is projected for 0.0 2B vs a line of 9.0, giving a UNDER edge of 9.00. Based on recent form, opponent matchup, and game context.",Devin Williams,0.0,0.0,
P   Devin Williams,New York Mets,mlb,3B,Los_Angeles_Dodgers_at_New_York_Mets,0.0,9.0,-9.0,UNDER,P   Devin Williams shows UNDER value at 9.0 3B. TC projection: 0.0 — edge: 9.00. Strong conviction based on usage rate and defensive matchup.,Devin Williams,0.0,0.0,
P   Devin Williams,New York Mets,mlb,BB,Los_Angeles_Dodgers_at_New_York_Mets,0.0,9.0,-9.0,UNDER,P   Devin Williams shows UNDER value at 9.0 BB. TC projection: 0.0 — edge: 9.00. Strong conviction based on usage rate and defensive matchup.,Devin Williams,0.0,0.0,
P   Devin Williams,New York Mets,mlb,SB,Los_Angeles_Dodgers_at_New_York_Mets,0.0,9.0,-9.0,UNDER,P   Devin Williams shows UNDER value at 9.0 SB. TC projection: 0.0 — edge: 9.00. Strong conviction based on usage rate and defensive matchup.,Devin Williams,0.0,0.0,
C   Francisco Alvarez,New York Mets,mlb,3B,Los_Angeles_Dodgers_at_New_York_Mets,0.0,9.0,-9.0,UNDER,C   Francisco Alvarez shows UNDER value at 9.0 3B. TC projection: 0.0 — edge: 9.00. Strong conviction based on usage rate and defensive matchup.,Francisco Alvarez,0.0,0.0,
C   Francisco Alvarez,New York Mets,mlb,SB,Los_Angeles_Dodgers_at_New_York_Mets,0.0,9.0,-9.0,UNDER,"Strong +EV opportunity: C   Francisco Alvarez is projected for 0.0 SB vs a line of 9.0, giving a UNDER edge of 9.00. Based on recent form, opponent matchup, and game context.",Francisco Alvarez,0.0,0.0,
1B  Jared Young,New York Mets,mlb,3B,Los_Angeles_Dodgers_at_New_York_Mets,0.0,9.0,-9.0,UNDER,1B  Jared Young shows UNDER value at 9.0 3B. TC projection: 0.0 — edge: 9.00. Strong conviction based on usage rate and defensive matchup.,Jared Young,0.0,0.0,
DH  Jorge Polanco,New York Mets,mlb,3B,Los_Angeles_Dodgers_at_New_York_Mets,0.0,9.0,-9.0,UNDER,"Strong +EV opportunity: DH  Jorge Polanco is projected for 0.0 3B vs a line of 9.0, giving a UNDER edge of 9.00. Based on recent form, opponent matchup, and game context.",Jorge Polanco,0.0,0.0,
DH  Jorge Polanco,New York Mets,mlb,SB,Los_Angeles_Dodgers_at_New_York_Mets,0.0,9.0,-9.0,UNDER,Targeting DH  Jorge Polanco UNDER 9.0 SB. Model projects 0.0 (9.00 edge). Recent trends and opponent weakness support this play.,Jorge Polanco,0.0,0.0,
CF  Luis Robert Jr.,New York Mets,mlb,3B,Los_Angeles_Dodgers_at_New_York_Mets,0.0,9.0,-9.0,UNDER,CF  Luis Robert Jr. shows UNDER value at 9.0 3B. TC projection: 0.0 — edge: 9.00. Strong conviction based on usage rate and defensive matchup.,Luis Robert Jr.,0.0,0.0,
C   Luis Torrens,New York Mets,mlb,3B,Los_Angeles_Dodgers_at_New_York_Mets,0.0,9.0,-9.0,UNDER,Targeting C   Luis Torrens UNDER 9.0 3B. Model projects 0.0 (9.00 edge). Recent trends and opponent weakness support this play.,Luis Torrens,0.0,0.0,
C   Luis Torrens,New York Mets,mlb,SB,Los_Angeles_Dodgers_at_New_York_Mets,0.0,9.0,-9.0,UNDER,"Strong +EV opportunity: C   Luis Torrens is projected for 0.0 SB vs a line of 9.0, giving a UNDER edge of 9.00. Based on recent form, opponent matchup, and game context.",Luis Torrens,0.0,0.0,
P   Luke Weaver,New York Mets,mlb,H,Los_Angeles_Dodgers_at_New_York_Mets,0.0,9.0,-9.0,UNDER,Targeting P   Luke Weaver UNDER 9.0 H. Model projects 0.0 (9.00 edge). Recent trends and opponent weakness support this play.,Luke Weaver,0.0,0.0,
P   Luke Weaver,New York Mets,mlb,R,Los_Angeles_Dodgers_at_New_York_Mets,0.0,9.0,-9.0,UNDER,"Strong +EV opportunity: P   Luke Weaver is projected for 0.0 R vs a line of 9.0, giving a UNDER edge of 9.00. Based on recent form, opponent matchup, and game context.",Luke Weaver,0.0,0.0,
P   Luke Weaver,New York Mets,mlb,RBI,Los_Angeles_Dodgers_at_New_York_Mets,0.0,9.0,-9.0,UNDER,Targeting P   Luke Weaver UNDER 9.0 RBI. Model projects 0.0 (9.00 edge). Recent trends and opponent weakness support this play.,Luke Weaver,0.0,0.0,
P   Luke Weaver,New York Mets,mlb,HR,Los_Angeles_Dodgers_at_New_York_Mets,0.0,9.0,-9.0,UNDER,Targeting P   Luke Weaver UNDER 9.0 HR. Model projects 0.0 (9.00 edge). Recent trends and opponent weakness support this play.,Luke Weaver,0.0,0.0,
P   Luke Weaver,New York Mets,mlb,2B,Los_Angeles_Dodgers_at_New_York_Mets,0.0,9.0,-9.0,UNDER,"Strong +EV opportunity: P   Luke Weaver is projected for 0.0 2B vs a line of 9.0, giving a UNDER edge of 9.00. Based on recent form, opponent matchup, and game context.",Luke Weaver,0.0,0.0,
P   Luke Weaver,New York Mets,mlb,3B,Los_Angeles_Dodgers_at_New_York_Mets,0.0,9.0,-9.0,UNDER,Targeting P   Luke Weaver UNDER 9.0 3B. Model projects 0.0 (9.00 edge). Recent trends and opponent weakness support this play.,Luke Weaver,0.0,0.0,
P   Luke Weaver,New York Mets,mlb,BB,Los_Angeles_Dodgers_at_New_York_Mets,0.0,9.0,-9.0,UNDER,P   Luke Weaver shows UNDER value at 9.0 BB. TC projection: 0.0 — edge: 9.00. Strong conviction based on usage rate and defensive matchup.,Luke Weaver,0.0,0.0,
P   Luke Weaver,New York Mets,mlb,SB,Los_Angeles_Dodgers_at_New_York_Mets,0.0,9.0,-9.0,UNDER,P   Luke Weaver shows UNDER value at 9.0 SB. TC projection: 0.0 — edge: 9.00. Strong conviction based on usage rate and defensive matchup.,Luke Weaver,0.0,0.0,
CF  Tyrone Taylor,New York Mets,mlb,3B,Los_Angeles_Dodgers_at_New_York_Mets,0.0,9.0,-9.0,UNDER,CF  Tyrone Taylor shows UNDER value at 9.0 3B. TC projection: 0.0 — edge: 9.00. Strong conviction based on usage rate and defensive matchup.,Tyrone Taylor,0.0,0.0,
CF  Tyrone Taylor,New York Mets,mlb,SB,Los_Angeles_Dodgers_at_New_York_Mets,0.0,9.0,-9.0,UNDER,"Strong +EV opportunity: CF  Tyrone Taylor is projected for 0.0 SB vs a line of 9.0, giving a UNDER edge of 9.00. Based on recent form, opponent matchup, and game context.",Tyrone Taylor,0.0,0.0,
RF  Braden Montgomery,Chicago White Sox,mlb,R,Houston_Astros_at_Chicago_White_Sox,0.51,9.5,-8.99,UNDER,RF  Braden Montgomery shows UNDER value at 9.5 R. TC projection: 0.5 — edge: 8.99. Strong conviction based on usage rate and defensive matchup.,Braden Montgomery,0.51,0.0,
LF  Alex Call,Los Angeles Dodgers,mlb,HR,Los_Angeles_Dodgers_at_New_York_Mets,0.01,9.0,-8.99,UNDER,Targeting LF  Alex Call UNDER 9.0 HR. Model projects 0.0 (8.99 edge). Recent trends and opponent weakness support this play.,Alex Call,0.01,0.0,
LF  Alex Call,Los Angeles Dodgers,mlb,SB,Los_Angeles_Dodgers_at_New_York_Mets,0.01,9.0,-8.99,UNDER,Targeting LF  Alex Call UNDER 9.0 SB. Model projects 0.0 (8.99 edge). Recent trends and opponent weakness support this play.,Alex Call,0.01,0.0,
1B  Freddie Freeman,Los Angeles Dodgers,mlb,3B,Los_Angeles_Dodgers_at_New_York_Mets,0.01,9.0,-8.99,UNDER,Targeting 1B  Freddie Freeman UNDER 9.0 3B. Model projects 0.0 (8.99 edge). Recent trends and opponent weakness support this play.,Freddie Freeman,0.01,0.0,
3B  Max Muncy,Los Angeles Dodgers,mlb,3B,Los_Angeles_Dodgers_at_New_York_Mets,0.01,9.0,-8.99,UNDER,Targeting 3B  Max Muncy UNDER 9.0 3B. Model projects 0.0 (8.99 edge). Recent trends and opponent weakness support this play.,Max Muncy,0.01,0.0,
3B  Max Muncy,Los Angeles Dodgers,mlb,SB,Los_Angeles_Dodgers_at_New_York_Mets,0.01,9.0,-8.99,UNDER,"Strong +EV opportunity: 3B  Max Muncy is projected for 0.0 SB vs a line of 9.0, giving a UNDER edge of 8.99. Based on recent form, opponent matchup, and game context.",Max Muncy,0.01,0.0,
SS  Mookie Betts,Los Angeles Dodgers,mlb,SB,Los_Angeles_Dodgers_at_New_York_Mets,0.01,9.0,-8.99,UNDER,Targeting SS  Mookie Betts UNDER 9.0 SB. Model projects 0.0 (8.99 edge). Recent trends and opponent weakness support this play.,Mookie Betts,0.01,0.0,
CF  A.J. Ewing,New York Mets,mlb,3B,Los_Angeles_Dodgers_at_New_York_Mets,0.01,9.0,-8.99,UNDER,Targeting CF  A.J. Ewing UNDER 9.0 3B. Model projects 0.0 (8.99 edge). Recent trends and opponent weakness support this play.,A.J. Ewing,0.01,0.0,
3B  Bo Bichette,New York Mets,mlb,3B,Los_Angeles_Dodgers_at_New_York_Mets,0.01,9.0,-8.99,UNDER,"Strong +EV opportunity: 3B  Bo Bichette is projected for 0.0 3B vs a line of 9.0, giving a UNDER edge of 8.99. Based on recent form, opponent matchup, and game context.",Bo Bichette,0.01,0.0,
3B  Bo Bichette,New York Mets,mlb,SB,Los_Angeles_Dodgers_at_New_York_Mets,0.01,9.0,-8.99,UNDER,"Strong +EV opportunity: 3B  Bo Bichette is projected for 0.0 SB vs a line of 9.0, giving a UNDER edge of 8.99. Based on recent form, opponent matchup, and game context.",Bo Bichette,0.01,0.0,
3B  Brett Baty,New York Mets,mlb,3B,Los_Angeles_Dodgers_at_New_York_Mets,0.01,9.0,-8.99,UNDER,"Strong +EV opportunity: 3B  Brett Baty is projected for 0.0 3B vs a line of 9.0, giving a UNDER edge of 8.99. Based on recent form, opponent matchup, and game context.",Brett Baty,0.01,0.0,
2B  Marcus Semien,New York Mets,mlb,3B,Los_Angeles_Dodgers_at_New_York_Mets,0.01,9.0,-8.99,UNDER,Targeting 2B  Marcus Semien UNDER 9.0 3B. Model projects 0.0 (8.99 edge). Recent trends and opponent weakness support this play.,Marcus Semien,0.01,0.0,
SS  Colson Montgomery,Chicago White Sox,mlb,RBI,Houston_Astros_at_Chicago_White_Sox,0.52,9.5,-8.98,UNDER,Targeting SS  Colson Montgomery UNDER 9.5 RBI. Model projects 0.5 (8.98 edge). Recent trends and opponent weakness support this play.,Colson Montgomery,0.52,0.0,
3B  Miguel Vargas,Chicago White Sox,mlb,RBI,Houston_Astros_at_Chicago_White_Sox,0.52,9.5,-8.98,UNDER,Targeting 3B  Miguel Vargas UNDER 9.5 RBI. Model projects 0.5 (8.98 edge). Recent trends and opponent weakness support this play.,Miguel Vargas,0.52,0.0,
2B  Alex Freeland,Los Angeles Dodgers,mlb,SB,Los_Angeles_Dodgers_at_New_York_Mets,0.02,9.0,-8.98,UNDER,Targeting 2B  Alex Freeland UNDER 9.0 SB. Model projects 0.0 (8.98 edge). Recent trends and opponent weakness support this play.,Alex Freeland,0.02,0.0,
CF  Andy Pages,Los Angeles Dodgers,mlb,3B,Los_Angeles_Dodgers_at_New_York_Mets,0.02,9.0,-8.98,UNDER,CF  Andy Pages shows UNDER value at 9.0 3B. TC projection: 0.0 — edge: 8.98. Strong conviction based on usage rate and defensive matchup.,Andy Pages,0.02,0.0,
RF  Kyle Tucker,Los Angeles Dodgers,mlb,3B,Los_Angeles_Dodgers_at_New_York_Mets,0.02,9.0,-8.98,UNDER,RF  Kyle Tucker shows UNDER value at 9.0 3B. TC projection: 0.0 — edge: 8.98. Strong conviction based on usage rate and defensive matchup.,Kyle Tucker,0.02,0.0,
TWP Shohei Ohtani,Los Angeles Dodgers,mlb,3B,Los_Angeles_Dodgers_at_New_York_Mets,0.02,9.0,-8.98,UNDER,"Strong +EV opportunity: TWP Shohei Ohtani is projected for 0.0 3B vs a line of 9.0, giving a UNDER edge of 8.98. Based on recent form, opponent matchup, and game context.",TWP Shohei Ohtani,0.02,0.0,
LF  Teoscar Hernández,Los Angeles Dodgers,mlb,SB,Los_Angeles_Dodgers_at_New_York_Mets,0.02,9.0,-8.98,UNDER,Targeting LF  Teoscar Hernández UNDER 9.0 SB. Model projects 0.0 (8.98 edge). Recent trends and opponent weakness support this play.,Teoscar Hernández,0.02,0.0,
RF  Carson Benge,New York Mets,mlb,3B,Los_Angeles_Dodgers_at_New_York_Mets,0.02,9.0,-8.98,UNDER,"Strong +EV opportunity: RF  Carson Benge is projected for 0.0 3B vs a line of 9.0, giving a UNDER edge of 8.98. Based on recent form, opponent matchup, and game context.",Carson Benge,0.02,0.0,
1B  Jared Young,New York Mets,mlb,SB,Los_Angeles_Dodgers_at_New_York_Mets,0.02,9.0,-8.98,UNDER,"Strong +EV opportunity: 1B  Jared Young is projected for 0.0 SB vs a line of 9.0, giving a UNDER edge of 8.98. Based on recent form, opponent matchup, and game context.",Jared Young,0.02,0.0,
LF  Juan Soto,New York Mets,mlb,3B,Los_Angeles_Dodgers_at_New_York_Mets,0.02,9.0,-8.98,UNDER,Targeting LF  Juan Soto UNDER 9.0 3B. Model projects 0.0 (8.98 edge). Recent trends and opponent weakness support this play.,Juan Soto,0.02,0.0,
RF  Jac Caglianone,Kansas City Royals,mlb,SB,Kansas_City_Royals_at_Detroit_Tigers,0.03,9.0,-8.97,UNDER,RF  Jac Caglianone shows UNDER value at 9.0 SB. TC projection: 0.0 — edge: 8.97. Strong conviction based on usage rate and defensive matchup.,Jac Caglianone,0.03,0.0,
C   Luis Torrens,New York Mets,mlb,HR,Los_Angeles_Dodgers_at_New_York_Mets,0.03,9.0,-8.97,UNDER,Targeting C   Luis Torrens UNDER 9.0 HR. Model projects 0.0 (8.97 edge). Recent trends and opponent weakness support this play.,Luis Torrens,0.03,0.0,
1B  Munetaka Murakami,Chicago White Sox,mlb,RBI,Houston_Astros_at_Chicago_White_Sox,0.54,9.5,-8.96,UNDER,Targeting 1B  Munetaka Murakami UNDER 9.5 RBI. Model projects 0.5 (8.96 edge). Recent trends and opponent weakness support this play.,Munetaka Murakami,0.54,0.0,
3B  Josh Rojas,Kansas City Royals,mlb,HR,Kansas_City_Royals_at_Detroit_Tigers,0.04,9.0,-8.96,UNDER,"Strong +EV opportunity: 3B  Josh Rojas is projected for 0.0 HR vs a line of 9.0, giving a UNDER edge of 8.96. Based on recent form, opponent matchup, and game context.",Josh Rojas,0.04,0.0,
1B  Vinnie Pasquantino,Kansas City Royals,mlb,SB,Kansas_City_Royals_at_Detroit_Tigers,0.04,9.0,-8.96,UNDER,Targeting 1B  Vinnie Pasquantino UNDER 9.0 SB. Model projects 0.0 (8.96 edge). Recent trends and opponent weakness support this play.,Vinnie Pasquantino,0.04,0.0,
2B  Alex Freeland,Los Angeles Dodgers,mlb,HR,Los_Angeles_Dodgers_at_New_York_Mets,0.04,9.0,-8.96,UNDER,"Strong +EV opportunity: 2B  Alex Freeland is projected for 0.0 HR vs a line of 9.0, giving a UNDER edge of 8.96. Based on recent form, opponent matchup, and game context.",Alex Freeland,0.04,0.0,
1B  Freddie Freeman,Los Angeles Dodgers,mlb,SB,Los_Angeles_Dodgers_at_New_York_Mets,0.04,9.0,-8.96,UNDER,Targeting 1B  Freddie Freeman UNDER 9.0 SB. Model projects 0.0 (8.96 edge). Recent trends and opponent weakness support this play.,Freddie Freeman,0.04,0.0,
3B  Brett Baty,New York Mets,mlb,SB,Los_Angeles_Dodgers_at_New_York_Mets,0.04,9.0,-8.96,UNDER,3B  Brett Baty shows UNDER value at 9.0 SB. TC projection: 0.0 — edge: 8.96. Strong conviction based on usage rate and defensive matchup.,Brett Baty,0.04,0.0,
SS  Francisco Lindor,New York Mets,mlb,SB,Los_Angeles_Dodgers_at_New_York_Mets,0.04,9.0,-8.96,UNDER,SS  Francisco Lindor shows UNDER value at 9.0 SB. TC projection: 0.0 — edge: 8.96. Strong conviction based on usage rate and defensive matchup.,Francisco Lindor,0.04,0.0,
DH  Jorge Polanco,New York Mets,mlb,HR,Los_Angeles_Dodgers_at_New_York_Mets,0.04,9.0,-8.96,UNDER,Targeting DH  Jorge Polanco UNDER 9.0 HR. Model projects 0.0 (8.96 edge). Recent trends and opponent weakness support this play.,Jorge Polanco,0.04,0.0,
3B  Josh Rojas,Kansas City Royals,mlb,BB,Kansas_City_Royals_at_Detroit_Tigers,0.04,9.0,-8.96,UNDER,Targeting 3B  Josh Rojas UNDER 9.0 BB. Model projects 0.0 (8.96 edge). Recent trends and opponent weakness support this play.,Josh Rojas,0.04,0.0,
RF  Starling Marte,Kansas City Royals,mlb,SB,Kansas_City_Royals_at_Detroit_Tigers,0.04,9.0,-8.96,UNDER,"Strong +EV opportunity: RF  Starling Marte is projected for 0.0 SB vs a line of 9.0, giving a UNDER edge of 8.96. Based on recent form, opponent matchup, and game context.",Starling Marte,0.04,0.0,
SS  Tyler Tolbert,Kansas City Royals,mlb,HR,Kansas_City_Royals_at_Detroit_Tigers,0.04,9.0,-8.96,UNDER,Targeting SS  Tyler Tolbert UNDER 9.0 HR. Model projects 0.0 (8.96 edge). Recent trends and opponent weakness support this play.,Tyler Tolbert,0.04,0.0,
2B  Miguel Rojas,Los Angeles Dodgers,mlb,HR,Los_Angeles_Dodgers_at_New_York_Mets,0.04,9.0,-8.96,UNDER,Targeting 2B  Miguel Rojas UNDER 9.0 HR. Model projects 0.0 (8.96 edge). Recent trends and opponent weakness support this play.,Miguel Rojas,0.04,0.0,
LF  Isaac Collins,Kansas City Royals,mlb,HR,Kansas_City_Royals_at_Detroit_Tigers,0.05,9.0,-8.95,UNDER,Targeting LF  Isaac Collins UNDER 9.0 HR. Model projects 0.1 (8.95 edge). Recent trends and opponent weakness support this play.,Isaac Collins,0.05,0.0,
LF  Isaac Collins,Kansas City Royals,mlb,SB,Kansas_City_Royals_at_Detroit_Tigers,0.05,9.0,-8.95,UNDER,LF  Isaac Collins shows UNDER value at 9.0 SB. TC projection: 0.1 — edge: 8.95. Strong conviction based on usage rate and defensive matchup.,Isaac Collins,0.05,0.0,
TWP Shohei Ohtani,Los Angeles Dodgers,mlb,SB,Los_Angeles_Dodgers_at_New_York_Mets,0.05,9.0,-8.95,UNDER,TWP Shohei Ohtani shows UNDER value at 9.0 SB. TC projection: 0.1 — edge: 8.95. Strong conviction based on usage rate and defensive matchup.,TWP Shohei Ohtani,0.05,0.0,
3B  Nick Loftin,Kansas City Royals,mlb,HR,Kansas_City_Royals_at_Detroit_Tigers,0.05,9.0,-8.95,UNDER,Targeting 3B  Nick Loftin UNDER 9.0 HR. Model projects 0.1 (8.95 edge). Recent trends and opponent weakness support this play.,Nick Loftin,0.05,0.0,
RF  Kyle Tucker,Los Angeles Dodgers,mlb,SB,Los_Angeles_Dodgers_at_New_York_Mets,0.05,9.0,-8.95,UNDER,RF  Kyle Tucker shows UNDER value at 9.0 SB. TC projection: 0.1 — edge: 8.95. Strong conviction based on usage rate and defensive matchup.,Kyle Tucker,0.05,0.0,
3B  Brett Baty,New York Mets,mlb,HR,Los_Angeles_Dodgers_at_New_York_Mets,0.05,9.0,-8.95,UNDER,3B  Brett Baty shows UNDER value at 9.0 HR. TC projection: 0.1 — edge: 8.95. Strong conviction based on usage rate and defensive matchup.,Brett Baty,0.05,0.0,
LF  Sam Antonacci,Chicago White Sox,mlb,R,Houston_Astros_at_Chicago_White_Sox,0.56,9.5,-8.94,UNDER,Targeting LF  Sam Antonacci UNDER 9.5 R. Model projects 0.6 (8.94 edge). Recent trends and opponent weakness support this play.,Sam Antonacci,0.56,0.0,
CF  Lane Thomas,Kansas City Royals,mlb,SB,Kansas_City_Royals_at_Detroit_Tigers,0.06,9.0,-8.94,UNDER,Targeting CF  Lane Thomas UNDER 9.0 SB. Model projects 0.1 (8.94 edge). Recent trends and opponent weakness support this play.,Lane Thomas,0.06,0.0,
1B  Vinnie Pasquantino,Kansas City Royals,mlb,HR,Kansas_City_Royals_at_Detroit_Tigers,0.06,9.0,-8.94,UNDER,"Strong +EV opportunity: 1B  Vinnie Pasquantino is projected for 0.1 HR vs a line of 9.0, giving a UNDER edge of 8.94. Based on recent form, opponent matchup, and game context.",Vinnie Pasquantino,0.06,0.0,
LF  Tommy Edman,Los Angeles Dodgers,mlb,3B,Los_Angeles_Dodgers_at_New_York_Mets,0.06,9.0,-8.94,UNDER,"Strong +EV opportunity: LF  Tommy Edman is projected for 0.1 3B vs a line of 9.0, giving a UNDER edge of 8.94. Based on recent form, opponent matchup, and game context.",Tommy Edman,0.06,0.0,
SS  Francisco Lindor,New York Mets,mlb,3B,Los_Angeles_Dodgers_at_New_York_Mets,0.06,9.0,-8.94,UNDER,Targeting SS  Francisco Lindor UNDER 9.0 3B. Model projects 0.1 (8.94 edge). Recent trends and opponent weakness support this play.,Francisco Lindor,0.06,0.0,
CF  Luis Robert Jr.,New York Mets,mlb,SB,Los_Angeles_Dodgers_at_New_York_Mets,0.06,9.0,-8.94,UNDER,CF  Luis Robert Jr. shows UNDER value at 9.0 SB. TC projection: 0.1 — edge: 8.94. Strong conviction based on usage rate and defensive matchup.,Luis Robert Jr.,0.06,0.0,
LF  Tommy Edman,Los Angeles Dodgers,mlb,HR,Los_Angeles_Dodgers_at_New_York_Mets,0.06,9.0,-8.94,UNDER,LF  Tommy Edman shows UNDER value at 9.0 HR. TC projection: 0.1 — edge: 8.94. Strong conviction based on usage rate and defensive matchup.,Tommy Edman,0.06,0.0,
LF  Tommy Edman,Los Angeles Dodgers,mlb,SB,Los_Angeles_Dodgers_at_New_York_Mets,0.06,9.0,-8.94,UNDER,LF  Tommy Edman shows UNDER value at 9.0 SB. TC projection: 0.1 — edge: 8.94. Strong conviction based on usage rate and defensive matchup.,Tommy Edman,0.06,0.0,
2B  Marcus Semien,New York Mets,mlb,SB,Los_Angeles_Dodgers_at_New_York_Mets,0.06,9.0,-8.94,UNDER,Targeting 2B  Marcus Semien UNDER 9.0 SB. Model projects 0.1 (8.94 edge). Recent trends and opponent weakness support this play.,Marcus Semien,0.06,0.0,
2B  Michael Massey,Kansas City Royals,mlb,HR,Kansas_City_Royals_at_Detroit_Tigers,0.07,9.0,-8.93,UNDER,2B  Michael Massey shows UNDER value at 9.0 HR. TC projection: 0.1 — edge: 8.93. Strong conviction based on usage rate and defensive matchup.,Michael Massey,0.07,0.0,
RF  Starling Marte,Kansas City Royals,mlb,2B,Kansas_City_Royals_at_Detroit_Tigers,0.07,9.0,-8.93,UNDER,Targeting RF  Starling Marte UNDER 9.0 2B. Model projects 0.1 (8.93 edge). Recent trends and opponent weakness support this play.,Starling Marte,0.07,0.0,
RF  Kyle Tucker,Los Angeles Dodgers,mlb,HR,Los_Angeles_Dodgers_at_New_York_Mets,0.07,9.0,-8.93,UNDER,"Strong +EV opportunity: RF  Kyle Tucker is projected for 0.1 HR vs a line of 9.0, giving a UNDER edge of 8.93. Based on recent form, opponent matchup, and game context.",Kyle Tucker,0.07,0.0,
LF  Juan Soto,New York Mets,mlb,SB,Los_Angeles_Dodgers_at_New_York_Mets,0.07,9.0,-8.93,UNDER,LF  Juan Soto shows UNDER value at 9.0 SB. TC projection: 0.1 — edge: 8.93. Strong conviction based on usage rate and defensive matchup.,Juan Soto,0.07,0.0,
LF  Alex Call,Los Angeles Dodgers,mlb,2B,Los_Angeles_Dodgers_at_New_York_Mets,0.07,9.0,-8.93,UNDER,Targeting LF  Alex Call UNDER 9.0 2B. Model projects 0.1 (8.93 edge). Recent trends and opponent weakness support this play.,Alex Call,0.07,0.0,
2B  Marcus Semien,New York Mets,mlb,2B,Los_Angeles_Dodgers_at_New_York_Mets,0.08,9.0,-8.92,UNDER,Targeting 2B  Marcus Semien UNDER 9.0 2B. Model projects 0.1 (8.92 edge). Recent trends and opponent weakness support this play.,Marcus Semien,0.08,0.0,
CF  Lane Thomas,Kansas City Royals,mlb,HR,Kansas_City_Royals_at_Detroit_Tigers,0.08,9.0,-8.92,UNDER,CF  Lane Thomas shows UNDER value at 9.0 HR. TC projection: 0.1 — edge: 8.92. Strong conviction based on usage rate and defensive matchup.,Lane Thomas,0.08,0.0,
SS  Tyler Tolbert,Kansas City Royals,mlb,BB,Kansas_City_Royals_at_Detroit_Tigers,0.08,9.0,-8.92,UNDER,Targeting SS  Tyler Tolbert UNDER 9.0 BB. Model projects 0.1 (8.92 edge). Recent trends and opponent weakness support this play.,Tyler Tolbert,0.08,0.0,
2B  Alex Freeland,Los Angeles Dodgers,mlb,2B,Los_Angeles_Dodgers_at_New_York_Mets,0.08,9.0,-8.92,UNDER,2B  Alex Freeland shows UNDER value at 9.0 2B. TC projection: 0.1 — edge: 8.92. Strong conviction based on usage rate and defensive matchup.,Alex Freeland,0.08,0.0,
CF  Andy Pages,Los Angeles Dodgers,mlb,SB,Los_Angeles_Dodgers_at_New_York_Mets,0.08,9.0,-8.92,UNDER,Targeting CF  Andy Pages UNDER 9.0 SB. Model projects 0.1 (8.92 edge). Recent trends and opponent weakness support this play.,Andy Pages,0.08,0.0,
3B  Bo Bichette,New York Mets,mlb,HR,Los_Angeles_Dodgers_at_New_York_Mets,0.08,9.0,-8.92,UNDER,3B  Bo Bichette shows UNDER value at 9.0 HR. TC projection: 0.1 — edge: 8.92. Strong conviction based on usage rate and defensive matchup.,Bo Bichette,0.08,0.0,
LF  Juan Soto,New York Mets,mlb,2B,Los_Angeles_Dodgers_at_New_York_Mets,0.08,9.0,-8.92,UNDER,LF  Juan Soto shows UNDER value at 9.0 2B. TC projection: 0.1 — edge: 8.92. Strong conviction based on usage rate and defensive matchup.,Juan Soto,0.08,0.0,
3B  Miguel Vargas,Chicago White Sox,mlb,R,Houston_Astros_at_Chicago_White_Sox,0.59,9.5,-8.91,UNDER,3B  Miguel Vargas shows UNDER value at 9.5 R. TC projection: 0.6 — edge: 8.91. Strong conviction based on usage rate and defensive matchup.,Miguel Vargas,0.59,0.0,
CF  A.J. Ewing,New York Mets,mlb,HR,Los_Angeles_Dodgers_at_New_York_Mets,0.09,9.0,-8.91,UNDER,CF  A.J. Ewing shows UNDER value at 9.0 HR. TC projection: 0.1 — edge: 8.91. Strong conviction based on usage rate and defensive matchup.,A.J. Ewing,0.09,0.0,
SS  Francisco Lindor,New York Mets,mlb,2B,Los_Angeles_Dodgers_at_New_York_Mets,0.09,9.0,-8.91,UNDER,SS  Francisco Lindor shows UNDER value at 9.0 2B. TC projection: 0.1 — edge: 8.91. Strong conviction based on usage rate and defensive matchup.,Francisco Lindor,0.09,0.0,
CF  Luis Robert Jr.,New York Mets,mlb,2B,Los_Angeles_Dodgers_at_New_York_Mets,0.09,9.0,-8.91,UNDER,CF  Luis Robert Jr. shows UNDER value at 9.0 2B. TC projection: 0.1 — edge: 8.91. Strong conviction based on usage rate and defensive matchup.,Luis Robert Jr.,0.09,0.0,
C   Francisco Alvarez,New York Mets,mlb,2B,Los_Angeles_Dodgers_at_New_York_Mets,0.09,9.0,-8.91,UNDER,Targeting C   Francisco Alvarez UNDER 9.0 2B. Model projects 0.1 (8.91 edge). Recent trends and opponent weakness support this play.,Francisco Alvarez,0.09,0.0,
C   Eliezer Alfonzo,Los Angeles Dodgers,mlb,R,Los_Angeles_Dodgers_at_New_York_Mets,0.1,9.0,-8.9,UNDER,"Strong +EV opportunity: C   Eliezer Alfonzo is projected for 0.1 R vs a line of 9.0, giving a UNDER edge of 8.90. Based on recent form, opponent matchup, and game context.",Eliezer Alfonzo,0.1,0.0,
C   Eliezer Alfonzo,Los Angeles Dodgers,mlb,RBI,Los_Angeles_Dodgers_at_New_York_Mets,0.1,9.0,-8.9,UNDER,C   Eliezer Alfonzo shows UNDER value at 9.0 RBI. TC projection: 0.1 — edge: 8.90. Strong conviction based on usage rate and defensive matchup.,Eliezer Alfonzo,0.1,0.0,
C   Eliezer Alfonzo,Los Angeles Dodgers,mlb,2B,Los_Angeles_Dodgers_at_New_York_Mets,0.1,9.0,-8.9,UNDER,Targeting C   Eliezer Alfonzo UNDER 9.0 2B. Model projects 0.1 (8.90 edge). Recent trends and opponent weakness support this play.,Eliezer Alfonzo,0.1,0.0,
RF  Carson Benge,New York Mets,mlb,HR,Los_Angeles_Dodgers_at_New_York_Mets,0.1,9.0,-8.9,UNDER,Targeting RF  Carson Benge UNDER 9.0 HR. Model projects 0.1 (8.90 edge). Recent trends and opponent weakness support this play.,Carson Benge,0.1,0.0,
CF  Tyrone Taylor,New York Mets,mlb,BB,Los_Angeles_Dodgers_at_New_York_Mets,0.1,9.0,-8.9,UNDER,"Strong +EV opportunity: CF  Tyrone Taylor is projected for 0.1 BB vs a line of 9.0, giving a UNDER edge of 8.90. Based on recent form, opponent matchup, and game context.",Tyrone Taylor,0.1,0.0,
SS  Tyler Tolbert,Kansas City Royals,mlb,RBI,Kansas_City_Royals_at_Detroit_Tigers,0.1,9.0,-8.9,UNDER,Targeting SS  Tyler Tolbert UNDER 9.0 RBI. Model projects 0.1 (8.90 edge). Recent trends and opponent weakness support this play.,Tyler Tolbert,0.1,0.0,
LF  Teoscar Hernández,Los Angeles Dodgers,mlb,HR,Los_Angeles_Dodgers_at_New_York_Mets,0.1,9.0,-8.9,UNDER,Targeting LF  Teoscar Hernández UNDER 9.0 HR. Model projects 0.1 (8.90 edge). Recent trends and opponent weakness support this play.,Teoscar Hernández,0.1,0.0,
2B  Marcus Semien,New York Mets,mlb,HR,Los_Angeles_Dodgers_at_New_York_Mets,0.1,9.0,-8.9,UNDER,Targeting 2B  Marcus Semien UNDER 9.0 HR. Model projects 0.1 (8.90 edge). Recent trends and opponent weakness support this play.,Marcus Semien,0.1,0.0,
CF  Tyrone Taylor,New York Mets,mlb,HR,Los_Angeles_Dodgers_at_New_York_Mets,0.1,9.0,-8.9,UNDER,"Strong +EV opportunity: CF  Tyrone Taylor is projected for 0.1 HR vs a line of 9.0, giving a UNDER edge of 8.90. Based on recent form, opponent matchup, and game context.",Tyrone Taylor,0.1,0.0,
CF  Tyrone Taylor,New York Mets,mlb,2B,Los_Angeles_Dodgers_at_New_York_Mets,0.1,9.0,-8.9,UNDER,"Strong +EV opportunity: CF  Tyrone Taylor is projected for 0.1 2B vs a line of 9.0, giving a UNDER edge of 8.90. Based on recent form, opponent matchup, and game context.",Tyrone Taylor,0.1,0.0,
2B  Miguel Rojas,Los Angeles Dodgers,mlb,2B,Los_Angeles_Dodgers_at_New_York_Mets,0.11,9.0,-8.89,UNDER,2B  Miguel Rojas shows UNDER value at 9.0 2B. TC projection: 0.1 — edge: 8.89. Strong conviction based on usage rate and defensive matchup.,Miguel Rojas,0.11,0.0,
RF  Carson Benge,New York Mets,mlb,2B,Los_Angeles_Dodgers_at_New_York_Mets,0.11,9.0,-8.89,UNDER,RF  Carson Benge shows UNDER value at 9.0 2B. TC projection: 0.1 — edge: 8.89. Strong conviction based on usage rate and defensive matchup.,Carson Benge,0.11,0.0,
SS  Francisco Lindor,New York Mets,mlb,HR,Los_Angeles_Dodgers_at_New_York_Mets,0.11,9.0,-8.89,UNDER,Targeting SS  Francisco Lindor UNDER 9.0 HR. Model projects 0.1 (8.89 edge). Recent trends and opponent weakness support this play.,Francisco Lindor,0.11,0.0,
1B  Jared Young,New York Mets,mlb,HR,Los_Angeles_Dodgers_at_New_York_Mets,0.11,9.0,-8.89,UNDER,1B  Jared Young shows UNDER value at 9.0 HR. TC projection: 0.1 — edge: 8.89. Strong conviction based on usage rate and defensive matchup.,Jared Young,0.11,0.0,
C   Carter Jensen,Kansas City Royals,mlb,HR,Kansas_City_Royals_at_Detroit_Tigers,0.12,9.0,-8.88,UNDER,Targeting C   Carter Jensen UNDER 9.0 HR. Model projects 0.1 (8.88 edge). Recent trends and opponent weakness support this play.,Carter Jensen,0.12,0.0,
3B  Josh Rojas,Kansas City Royals,mlb,2B,Kansas_City_Royals_at_Detroit_Tigers,0.12,9.0,-8.88,UNDER,Targeting 3B  Josh Rojas UNDER 9.0 2B. Model projects 0.1 (8.88 edge). Recent trends and opponent weakness support this play.,Josh Rojas,0.12,0.0,
DH  Salvador Perez,Kansas City Royals,mlb,HR,Kansas_City_Royals_at_Detroit_Tigers,0.12,9.0,-8.88,UNDER,Targeting DH  Salvador Perez UNDER 9.0 HR. Model projects 0.1 (8.88 edge). Recent trends and opponent weakness support this play.,Salvador Perez,0.12,0.0,
1B  Vinnie Pasquantino,Kansas City Royals,mlb,2B,Kansas_City_Royals_at_Detroit_Tigers,0.12,9.0,-8.88,UNDER,"Strong +EV opportunity: 1B  Vinnie Pasquantino is projected for 0.1 2B vs a line of 9.0, giving a UNDER edge of 8.88. Based on recent form, opponent matchup, and game context.",Vinnie Pasquantino,0.12,0.0,
1B  Freddie Freeman,Los Angeles Dodgers,mlb,HR,Los_Angeles_Dodgers_at_New_York_Mets,0.12,9.0,-8.88,UNDER,Targeting 1B  Freddie Freeman UNDER 9.0 HR. Model projects 0.1 (8.88 edge). Recent trends and opponent weakness support this play.,Freddie Freeman,0.12,0.0,
SS  Mookie Betts,Los Angeles Dodgers,mlb,2B,Los_Angeles_Dodgers_at_New_York_Mets,0.12,9.0,-8.88,UNDER,Targeting SS  Mookie Betts UNDER 9.0 2B. Model projects 0.1 (8.88 edge). Recent trends and opponent weakness support this play.,Mookie Betts,0.12,0.0,
LF  Teoscar Hernández,Los Angeles Dodgers,mlb,2B,Los_Angeles_Dodgers_at_New_York_Mets,0.12,9.0,-8.88,UNDER,LF  Teoscar Hernández shows UNDER value at 9.0 2B. TC projection: 0.1 — edge: 8.88. Strong conviction based on usage rate and defensive matchup.,Teoscar Hernández,0.12,0.0,
1B  Jared Young,New York Mets,mlb,2B,Los_Angeles_Dodgers_at_New_York_Mets,0.12,9.0,-8.88,UNDER,Targeting 1B  Jared Young UNDER 9.0 2B. Model projects 0.1 (8.88 edge). Recent trends and opponent weakness support this play.,Jared Young,0.12,0.0,
2B  Miguel Rojas,Los Angeles Dodgers,mlb,BB,Los_Angeles_Dodgers_at_New_York_Mets,0.12,9.0,-8.88,UNDER,"Strong +EV opportunity: 2B  Miguel Rojas is projected for 0.1 BB vs a line of 9.0, giving a UNDER edge of 8.88. Based on recent form, opponent matchup, and game context.",Miguel Rojas,0.12,0.0,
3B  Brett Baty,New York Mets,mlb,2B,Los_Angeles_Dodgers_at_New_York_Mets,0.12,9.0,-8.88,UNDER,"Strong +EV opportunity: 3B  Brett Baty is projected for 0.1 2B vs a line of 9.0, giving a UNDER edge of 8.88. Based on recent form, opponent matchup, and game context.",Brett Baty,0.12,0.0,
CF  Luis Robert Jr.,New York Mets,mlb,HR,Los_Angeles_Dodgers_at_New_York_Mets,0.12,9.0,-8.88,UNDER,CF  Luis Robert Jr. shows UNDER value at 9.0 HR. TC projection: 0.1 — edge: 8.88. Strong conviction based on usage rate and defensive matchup.,Luis Robert Jr.,0.12,0.0,
DH  Salvador Perez,Kansas City Royals,mlb,2B,Kansas_City_Royals_at_Detroit_Tigers,0.13,9.0,-8.87,UNDER,Targeting DH  Salvador Perez UNDER 9.0 2B. Model projects 0.1 (8.87 edge). Recent trends and opponent weakness support this play.,Salvador Perez,0.13,0.0,
3B  Bo Bichette,New York Mets,mlb,2B,Los_Angeles_Dodgers_at_New_York_Mets,0.13,9.0,-8.87,UNDER,Targeting 3B  Bo Bichette UNDER 9.0 2B. Model projects 0.1 (8.87 edge). Recent trends and opponent weakness support this play.,Bo Bichette,0.13,0.0,
C   Dalton Rushing,Los Angeles Dodgers,mlb,HR,Los_Angeles_Dodgers_at_New_York_Mets,0.13,9.0,-8.87,UNDER,C   Dalton Rushing shows UNDER value at 9.0 HR. TC projection: 0.1 — edge: 8.87. Strong conviction based on usage rate and defensive matchup.,Dalton Rushing,0.13,0.0,
C   Dalton Rushing,Los Angeles Dodgers,mlb,2B,Los_Angeles_Dodgers_at_New_York_Mets,0.13,9.0,-8.87,UNDER,Targeting C   Dalton Rushing UNDER 9.0 2B. Model projects 0.1 (8.87 edge). Recent trends and opponent weakness support this play.,Dalton Rushing,0.13,0.0,
DH  Salvador Perez,Kansas City Royals,mlb,BB,Kansas_City_Royals_at_Detroit_Tigers,0.14,9.0,-8.86,UNDER,"Strong +EV opportunity: DH  Salvador Perez is projected for 0.1 BB vs a line of 9.0, giving a UNDER edge of 8.86. Based on recent form, opponent matchup, and game context.",Salvador Perez,0.14,0.0,
RF  Starling Marte,Kansas City Royals,mlb,BB,Kansas_City_Royals_at_Detroit_Tigers,0.14,9.0,-8.86,UNDER,"Strong +EV opportunity: RF  Starling Marte is projected for 0.1 BB vs a line of 9.0, giving a UNDER edge of 8.86. Based on recent form, opponent matchup, and game context.",Starling Marte,0.14,0.0,
3B  Max Muncy,Los Angeles Dodgers,mlb,2B,Los_Angeles_Dodgers_at_New_York_Mets,0.14,9.0,-8.86,UNDER,Targeting 3B  Max Muncy UNDER 9.0 2B. Model projects 0.1 (8.86 edge). Recent trends and opponent weakness support this play.,Max Muncy,0.14,0.0,
LF  Tommy Edman,Los Angeles Dodgers,mlb,2B,Los_Angeles_Dodgers_at_New_York_Mets,0.14,9.0,-8.86,UNDER,"Strong +EV opportunity: LF  Tommy Edman is projected for 0.1 2B vs a line of 9.0, giving a UNDER edge of 8.86. Based on recent form, opponent matchup, and game context.",Tommy Edman,0.14,0.0,
RF  Jac Caglianone,Kansas City Royals,mlb,HR,Kansas_City_Royals_at_Detroit_Tigers,0.14,9.0,-8.86,UNDER,RF  Jac Caglianone shows UNDER value at 9.0 HR. TC projection: 0.1 — edge: 8.86. Strong conviction based on usage rate and defensive matchup.,Jac Caglianone,0.14,0.0,
CF  Andy Pages,Los Angeles Dodgers,mlb,HR,Los_Angeles_Dodgers_at_New_York_Mets,0.14,9.0,-8.86,UNDER,"Strong +EV opportunity: CF  Andy Pages is projected for 0.1 HR vs a line of 9.0, giving a UNDER edge of 8.86. Based on recent form, opponent matchup, and game context.",Andy Pages,0.14,0.0,
RF  Carson Benge,New York Mets,mlb,SB,Los_Angeles_Dodgers_at_New_York_Mets,0.14,9.0,-8.86,UNDER,Targeting RF  Carson Benge UNDER 9.0 SB. Model projects 0.1 (8.86 edge). Recent trends and opponent weakness support this play.,Carson Benge,0.14,0.0,
1B  Munetaka Murakami,Chicago White Sox,mlb,R,Houston_Astros_at_Chicago_White_Sox,0.65,9.5,-8.85,UNDER,"Strong +EV opportunity: 1B  Munetaka Murakami is projected for 0.7 R vs a line of 9.5, giving a UNDER edge of 8.85. Based on recent form, opponent matchup, and game context.",Munetaka Murakami,0.65,0.0,
CF  Lane Thomas,Kansas City Royals,mlb,2B,Kansas_City_Royals_at_Detroit_Tigers,0.15,9.0,-8.85,UNDER,Targeting CF  Lane Thomas UNDER 9.0 2B. Model projects 0.1 (8.85 edge). Recent trends and opponent weakness support this play.,Lane Thomas,0.15,0.0,
RF  Kyle Tucker,Los Angeles Dodgers,mlb,2B,Los_Angeles_Dodgers_at_New_York_Mets,0.15,9.0,-8.85,UNDER,RF  Kyle Tucker shows UNDER value at 9.0 2B. TC projection: 0.1 — edge: 8.85. Strong conviction based on usage rate and defensive matchup.,Kyle Tucker,0.15,0.0,
TWP Shohei Ohtani,Los Angeles Dodgers,mlb,2B,Los_Angeles_Dodgers_at_New_York_Mets,0.15,9.0,-8.85,UNDER,Targeting TWP Shohei Ohtani UNDER 9.0 2B. Model projects 0.1 (8.85 edge). Recent trends and opponent weakness support this play.,TWP Shohei Ohtani,0.15,0.0,
CF  A.J. Ewing,New York Mets,mlb,SB,Los_Angeles_Dodgers_at_New_York_Mets,0.15,9.0,-8.85,UNDER,"Strong +EV opportunity: CF  A.J. Ewing is projected for 0.1 SB vs a line of 9.0, giving a UNDER edge of 8.85. Based on recent form, opponent matchup, and game context.",A.J. Ewing,0.15,0.0,
C   Francisco Alvarez,New York Mets,mlb,HR,Los_Angeles_Dodgers_at_New_York_Mets,0.15,9.0,-8.85,UNDER,Targeting C   Francisco Alvarez UNDER 9.0 HR. Model projects 0.1 (8.85 edge). Recent trends and opponent weakness support this play.,Francisco Alvarez,0.15,0.0,
DH  Jorge Polanco,New York Mets,mlb,RBI,Los_Angeles_Dodgers_at_New_York_Mets,0.15,9.0,-8.85,UNDER,DH  Jorge Polanco shows UNDER value at 9.0 RBI. TC projection: 0.1 — edge: 8.85. Strong conviction based on usage rate and defensive matchup.,Jorge Polanco,0.15,0.0,
C   Luis Torrens,New York Mets,mlb,2B,Los_Angeles_Dodgers_at_New_York_Mets,0.15,9.0,-8.85,UNDER,Targeting C   Luis Torrens UNDER 9.0 2B. Model projects 0.1 (8.85 edge). Recent trends and opponent weakness support this play.,Luis Torrens,0.15,0.0,
RF  Jac Caglianone,Kansas City Royals,mlb,2B,Kansas_City_Royals_at_Detroit_Tigers,0.15,9.0,-8.85,UNDER,RF  Jac Caglianone shows UNDER value at 9.0 2B. TC projection: 0.1 — edge: 8.85. Strong conviction based on usage rate and defensive matchup.,Jac Caglianone,0.15,0.0,
CF  A.J. Ewing,New York Mets,mlb,2B,Los_Angeles_Dodgers_at_New_York_Mets,0.15,9.0,-8.85,UNDER,Targeting CF  A.J. Ewing UNDER 9.0 2B. Model projects 0.1 (8.85 edge). Recent trends and opponent weakness support this play.,A.J. Ewing,0.15,0.0,
DH  Jorge Polanco,New York Mets,mlb,R,Los_Angeles_Dodgers_at_New_York_Mets,0.15,9.0,-8.85,UNDER,Targeting DH  Jorge Polanco UNDER 9.0 R. Model projects 0.1 (8.85 edge). Recent trends and opponent weakness support this play.,Jorge Polanco,0.15,0.0,
DH  Jorge Polanco,New York Mets,mlb,2B,Los_Angeles_Dodgers_at_New_York_Mets,0.15,9.0,-8.85,UNDER,Targeting DH  Jorge Polanco UNDER 9.0 2B. Model projects 0.1 (8.85 edge). Recent trends and opponent weakness support this play.,Jorge Polanco,0.15,0.0,
C   Luis Torrens,New York Mets,mlb,BB,Los_Angeles_Dodgers_at_New_York_Mets,0.15,9.0,-8.85,UNDER,"Strong +EV opportunity: C   Luis Torrens is projected for 0.1 BB vs a line of 9.0, giving a UNDER edge of 8.85. Based on recent form, opponent matchup, and game context.",Luis Torrens,0.15,0.0,
DH  Andrew Benintendi,Chicago White Sox,mlb,H,Houston_Astros_at_Chicago_White_Sox,0.66,9.5,-8.84,UNDER,Targeting DH  Andrew Benintendi UNDER 9.5 H. Model projects 0.7 (8.84 edge). Recent trends and opponent weakness support this play.,Andrew Benintendi,0.66,0.0,
RF  Starling Marte,Kansas City Royals,mlb,RBI,Kansas_City_Royals_at_Detroit_Tigers,0.16,9.0,-8.84,UNDER,Targeting RF  Starling Marte UNDER 9.0 RBI. Model projects 0.2 (8.84 edge). Recent trends and opponent weakness support this play.,Starling Marte,0.16,0.0,
SS  Mookie Betts,Los Angeles Dodgers,mlb,HR,Los_Angeles_Dodgers_at_New_York_Mets,0.16,9.0,-8.84,UNDER,Targeting SS  Mookie Betts UNDER 9.0 HR. Model projects 0.2 (8.84 edge). Recent trends and opponent weakness support this play.,Mookie Betts,0.16,0.0,
LF  Isaac Collins,Kansas City Royals,mlb,2B,Kansas_City_Royals_at_Detroit_Tigers,0.16,9.0,-8.84,UNDER,"Strong +EV opportunity: LF  Isaac Collins is projected for 0.2 2B vs a line of 9.0, giving a UNDER edge of 8.84. Based on recent form, opponent matchup, and game context.",Isaac Collins,0.16,0.0,
2B  Michael Massey,Kansas City Royals,mlb,BB,Kansas_City_Royals_at_Detroit_Tigers,0.16,9.0,-8.84,UNDER,"Strong +EV opportunity: 2B  Michael Massey is projected for 0.2 BB vs a line of 9.0, giving a UNDER edge of 8.84. Based on recent form, opponent matchup, and game context.",Michael Massey,0.16,0.0,
CF  Andy Pages,Los Angeles Dodgers,mlb,2B,Los_Angeles_Dodgers_at_New_York_Mets,0.18,9.0,-8.82,UNDER,CF  Andy Pages shows UNDER value at 9.0 2B. TC projection: 0.2 — edge: 8.82. Strong conviction based on usage rate and defensive matchup.,Andy Pages,0.18,0.0,
3B  Max Muncy,Los Angeles Dodgers,mlb,HR,Los_Angeles_Dodgers_at_New_York_Mets,0.18,9.0,-8.82,UNDER,3B  Max Muncy shows UNDER value at 9.0 HR. TC projection: 0.2 — edge: 8.82. Strong conviction based on usage rate and defensive matchup.,Max Muncy,0.18,0.0,
CF  Tristan Peters,Chicago White Sox,mlb,H,Houston_Astros_at_Chicago_White_Sox,0.69,9.5,-8.81,UNDER,Targeting CF  Tristan Peters UNDER 9.5 H. Model projects 0.7 (8.81 edge). Recent trends and opponent weakness support this play.,Tristan Peters,0.69,0.0,
2B  Michael Massey,Kansas City Royals,mlb,2B,Kansas_City_Royals_at_Detroit_Tigers,0.19,9.0,-8.81,UNDER,"Strong +EV opportunity: 2B  Michael Massey is projected for 0.2 2B vs a line of 9.0, giving a UNDER edge of 8.81. Based on recent form, opponent matchup, and game context.",Michael Massey,0.19,0.0,
TWP Shohei Ohtani,Los Angeles Dodgers,mlb,HR,Los_Angeles_Dodgers_at_New_York_Mets,0.19,9.0,-8.81,UNDER,TWP Shohei Ohtani shows UNDER value at 9.0 HR. TC projection: 0.2 — edge: 8.81. Strong conviction based on usage rate and defensive matchup.,TWP Shohei Ohtani,0.19,0.0,
2B  Miguel Rojas,Los Angeles Dodgers,mlb,R,Los_Angeles_Dodgers_at_New_York_Mets,0.19,9.0,-8.81,UNDER,"Strong +EV opportunity: 2B  Miguel Rojas is projected for 0.2 R vs a line of 9.0, giving a UNDER edge of 8.81. Based on recent form, opponent matchup, and game context.",Miguel Rojas,0.19,0.0,
1B  Munetaka Murakami,Chicago White Sox,mlb,H,Houston_Astros_at_Chicago_White_Sox,0.7,9.5,-8.8,UNDER,"Strong +EV opportunity: 1B  Munetaka Murakami is projected for 0.7 H vs a line of 9.5, giving a UNDER edge of 8.80. Based on recent form, opponent matchup, and game context.",Munetaka Murakami,0.7,0.0,
1B  Munetaka Murakami,Chicago White Sox,mlb,BB,Houston_Astros_at_Chicago_White_Sox,0.7,9.5,-8.8,UNDER,"Strong +EV opportunity: 1B  Munetaka Murakami is projected for 0.7 BB vs a line of 9.5, giving a UNDER edge of 8.80. Based on recent form, opponent matchup, and game context.",Munetaka Murakami,0.7,0.0,
C   Carter Jensen,Kansas City Royals,mlb,2B,Kansas_City_Royals_at_Detroit_Tigers,0.2,9.0,-8.8,UNDER,"Strong +EV opportunity: C   Carter Jensen is projected for 0.2 2B vs a line of 9.0, giving a UNDER edge of 8.80. Based on recent form, opponent matchup, and game context.",Carter Jensen,0.2,0.0,
3B  Nick Loftin,Kansas City Royals,mlb,2B,Kansas_City_Royals_at_Detroit_Tigers,0.2,9.0,-8.8,UNDER,"Strong +EV opportunity: 3B  Nick Loftin is projected for 0.2 2B vs a line of 9.0, giving a UNDER edge of 8.80. Based on recent form, opponent matchup, and game context.",Nick Loftin,0.2,0.0,
1B  Jared Young,New York Mets,mlb,BB,Los_Angeles_Dodgers_at_New_York_Mets,0.2,9.0,-8.8,UNDER,"Strong +EV opportunity: 1B  Jared Young is projected for 0.2 BB vs a line of 9.0, giving a UNDER edge of 8.80. Based on recent form, opponent matchup, and game context.",Jared Young,0.2,0.0,
SS  Colson Montgomery,Chicago White Sox,mlb,H,Houston_Astros_at_Chicago_White_Sox,0.71,9.5,-8.79,UNDER,Targeting SS  Colson Montgomery UNDER 9.5 H. Model projects 0.7 (8.79 edge). Recent trends and opponent weakness support this play.,Colson Montgomery,0.71,0.0,
3B  Josh Rojas,Kansas City Royals,mlb,R,Kansas_City_Royals_at_Detroit_Tigers,0.21,9.0,-8.79,UNDER,3B  Josh Rojas shows UNDER value at 9.0 R. TC projection: 0.2 — edge: 8.79. Strong conviction based on usage rate and defensive matchup.,Josh Rojas,0.21,0.0,
C   Eliezer Alfonzo,Los Angeles Dodgers,mlb,H,Los_Angeles_Dodgers_at_New_York_Mets,0.21,9.0,-8.79,UNDER,Targeting C   Eliezer Alfonzo UNDER 9.0 H. Model projects 0.2 (8.79 edge). Recent trends and opponent weakness support this play.,Eliezer Alfonzo,0.21,0.0,
1B  Freddie Freeman,Los Angeles Dodgers,mlb,2B,Los_Angeles_Dodgers_at_New_York_Mets,0.21,9.0,-8.79,UNDER,Targeting 1B  Freddie Freeman UNDER 9.0 2B. Model projects 0.2 (8.79 edge). Recent trends and opponent weakness support this play.,Freddie Freeman,0.21,0.0,
RF  Jac Caglianone,Kansas City Royals,mlb,BB,Kansas_City_Royals_at_Detroit_Tigers,0.22,9.0,-8.78,UNDER,"Strong +EV opportunity: RF  Jac Caglianone is projected for 0.2 BB vs a line of 9.0, giving a UNDER edge of 8.78. Based on recent form, opponent matchup, and game context.",Jac Caglianone,0.22,0.0,
2B  Miguel Rojas,Los Angeles Dodgers,mlb,RBI,Los_Angeles_Dodgers_at_New_York_Mets,0.22,9.0,-8.78,UNDER,2B  Miguel Rojas shows UNDER value at 9.0 RBI. TC projection: 0.2 — edge: 8.78. Strong conviction based on usage rate and defensive matchup.,Miguel Rojas,0.22,0.0,
2B  Alex Freeland,Los Angeles Dodgers,mlb,RBI,Los_Angeles_Dodgers_at_New_York_Mets,0.22,9.0,-8.78,UNDER,Targeting 2B  Alex Freeland UNDER 9.0 RBI. Model projects 0.2 (8.78 edge). Recent trends and opponent weakness support this play.,Alex Freeland,0.22,0.0,
LF  Juan Soto,New York Mets,mlb,HR,Los_Angeles_Dodgers_at_New_York_Mets,0.22,9.0,-8.78,UNDER,Targeting LF  Juan Soto UNDER 9.0 HR. Model projects 0.2 (8.78 edge). Recent trends and opponent weakness support this play.,Juan Soto,0.22,0.0,
DH  Jorge Polanco,New York Mets,mlb,BB,Los_Angeles_Dodgers_at_New_York_Mets,0.23,9.0,-8.77,UNDER,DH  Jorge Polanco shows UNDER value at 9.0 BB. TC projection: 0.2 — edge: 8.77. Strong conviction based on usage rate and defensive matchup.,Jorge Polanco,0.23,0.0,
RF  Starling Marte,Kansas City Royals,mlb,R,Kansas_City_Royals_at_Detroit_Tigers,0.23,9.0,-8.77,UNDER,RF  Starling Marte shows UNDER value at 9.0 R. TC projection: 0.2 — edge: 8.77. Strong conviction based on usage rate and defensive matchup.,Starling Marte,0.23,0.0,
LF  Alex Call,Los Angeles Dodgers,mlb,RBI,Los_Angeles_Dodgers_at_New_York_Mets,0.23,9.0,-8.77,UNDER,LF  Alex Call shows UNDER value at 9.0 RBI. TC projection: 0.2 — edge: 8.77. Strong conviction based on usage rate and defensive matchup.,Alex Call,0.23,0.0,
LF  Tommy Edman,Los Angeles Dodgers,mlb,BB,Los_Angeles_Dodgers_at_New_York_Mets,0.23,9.0,-8.77,UNDER,Targeting LF  Tommy Edman UNDER 9.0 BB. Model projects 0.2 (8.77 edge). Recent trends and opponent weakness support this play.,Tommy Edman,0.23,0.0,
SS  Tyler Tolbert,Kansas City Royals,mlb,SB,Kansas_City_Royals_at_Detroit_Tigers,0.24,9.0,-8.76,UNDER,Targeting SS  Tyler Tolbert UNDER 9.0 SB. Model projects 0.2 (8.76 edge). Recent trends and opponent weakness support this play.,Tyler Tolbert,0.24,0.0,
3B  Bo Bichette,New York Mets,mlb,BB,Los_Angeles_Dodgers_at_New_York_Mets,0.24,9.0,-8.76,UNDER,"Strong +EV opportunity: 3B  Bo Bichette is projected for 0.2 BB vs a line of 9.0, giving a UNDER edge of 8.76. Based on recent form, opponent matchup, and game context.",Bo Bichette,0.24,0.0,
CF  Tyrone Taylor,New York Mets,mlb,R,Los_Angeles_Dodgers_at_New_York_Mets,0.24,9.0,-8.76,UNDER,Targeting CF  Tyrone Taylor UNDER 9.0 R. Model projects 0.2 (8.76 edge). Recent trends and opponent weakness support this play.,Tyrone Taylor,0.24,0.0,
2B  Marcus Semien,New York Mets,mlb,BB,Los_Angeles_Dodgers_at_New_York_Mets,0.24,9.0,-8.76,UNDER,"Strong +EV opportunity: 2B  Marcus Semien is projected for 0.2 BB vs a line of 9.0, giving a UNDER edge of 8.76. Based on recent form, opponent matchup, and game context.",Marcus Semien,0.24,0.0,
C   Francisco Alvarez,New York Mets,mlb,BB,Los_Angeles_Dodgers_at_New_York_Mets,0.25,9.0,-8.75,UNDER,Targeting C   Francisco Alvarez UNDER 9.0 BB. Model projects 0.2 (8.75 edge). Recent trends and opponent weakness support this play.,Francisco Alvarez,0.25,0.0,
3B  Josh Rojas,Kansas City Royals,mlb,RBI,Kansas_City_Royals_at_Detroit_Tigers,0.25,9.0,-8.75,UNDER,"Strong +EV opportunity: 3B  Josh Rojas is projected for 0.2 RBI vs a line of 9.0, giving a UNDER edge of 8.75. Based on recent form, opponent matchup, and game context.",Josh Rojas,0.25,0.0,
LF  Alex Call,Los Angeles Dodgers,mlb,BB,Los_Angeles_Dodgers_at_New_York_Mets,0.25,9.0,-8.75,UNDER,Targeting LF  Alex Call UNDER 9.0 BB. Model projects 0.2 (8.75 edge). Recent trends and opponent weakness support this play.,Alex Call,0.25,0.0,
RF  Carson Benge,New York Mets,mlb,BB,Los_Angeles_Dodgers_at_New_York_Mets,0.26,9.0,-8.74,UNDER,RF  Carson Benge shows UNDER value at 9.0 BB. TC projection: 0.3 — edge: 8.74. Strong conviction based on usage rate and defensive matchup.,Carson Benge,0.26,0.0,
2B  Alex Freeland,Los Angeles Dodgers,mlb,BB,Los_Angeles_Dodgers_at_New_York_Mets,0.26,9.0,-8.74,UNDER,Targeting 2B  Alex Freeland UNDER 9.0 BB. Model projects 0.3 (8.74 edge). Recent trends and opponent weakness support this play.,Alex Freeland,0.26,0.0,
C   Luis Torrens,New York Mets,mlb,RBI,Los_Angeles_Dodgers_at_New_York_Mets,0.26,9.0,-8.74,UNDER,"Strong +EV opportunity: C   Luis Torrens is projected for 0.3 RBI vs a line of 9.0, giving a UNDER edge of 8.74. Based on recent form, opponent matchup, and game context.",Luis Torrens,0.26,0.0,
CF  Tyrone Taylor,New York Mets,mlb,RBI,Los_Angeles_Dodgers_at_New_York_Mets,0.26,9.0,-8.74,UNDER,CF  Tyrone Taylor shows UNDER value at 9.0 RBI. TC projection: 0.3 — edge: 8.74. Strong conviction based on usage rate and defensive matchup.,Tyrone Taylor,0.26,0.0,
3B  Miguel Vargas,Chicago White Sox,mlb,H,Houston_Astros_at_Chicago_White_Sox,0.77,9.5,-8.73,UNDER,3B  Miguel Vargas shows UNDER value at 9.5 H. TC projection: 0.8 — edge: 8.73. Strong conviction based on usage rate and defensive matchup.,Miguel Vargas,0.77,0.0,
CF  Lane Thomas,Kansas City Royals,mlb,R,Kansas_City_Royals_at_Detroit_Tigers,0.27,9.0,-8.73,UNDER,CF  Lane Thomas shows UNDER value at 9.0 R. TC projection: 0.3 — edge: 8.73. Strong conviction based on usage rate and defensive matchup.,Lane Thomas,0.27,0.0,
LF  Alex Call,Los Angeles Dodgers,mlb,R,Los_Angeles_Dodgers_at_New_York_Mets,0.27,9.0,-8.73,UNDER,"Strong +EV opportunity: LF  Alex Call is projected for 0.3 R vs a line of 9.0, giving a UNDER edge of 8.73. Based on recent form, opponent matchup, and game context.",Alex Call,0.27,0.0,
3B  Brett Baty,New York Mets,mlb,BB,Los_Angeles_Dodgers_at_New_York_Mets,0.27,9.0,-8.73,UNDER,"Strong +EV opportunity: 3B  Brett Baty is projected for 0.3 BB vs a line of 9.0, giving a UNDER edge of 8.73. Based on recent form, opponent matchup, and game context.",Brett Baty,0.27,0.0,
3B  Nick Loftin,Kansas City Royals,mlb,BB,Kansas_City_Royals_at_Detroit_Tigers,0.27,9.0,-8.73,UNDER,3B  Nick Loftin shows UNDER value at 9.0 BB. TC projection: 0.3 — edge: 8.73. Strong conviction based on usage rate and defensive matchup.,Nick Loftin,0.27,0.0,
1B  Jared Young,New York Mets,mlb,R,Los_Angeles_Dodgers_at_New_York_Mets,0.27,9.0,-8.73,UNDER,1B  Jared Young shows UNDER value at 9.0 R. TC projection: 0.3 — edge: 8.73. Strong conviction based on usage rate and defensive matchup.,Jared Young,0.27,0.0,
2B  Alex Freeland,Los Angeles Dodgers,mlb,R,Los_Angeles_Dodgers_at_New_York_Mets,0.28,9.0,-8.72,UNDER,2B  Alex Freeland shows UNDER value at 9.0 R. TC projection: 0.3 — edge: 8.72. Strong conviction based on usage rate and defensive matchup.,Alex Freeland,0.28,0.0,
C   Dalton Rushing,Los Angeles Dodgers,mlb,BB,Los_Angeles_Dodgers_at_New_York_Mets,0.28,9.0,-8.72,UNDER,C   Dalton Rushing shows UNDER value at 9.0 BB. TC projection: 0.3 — edge: 8.72. Strong conviction based on usage rate and defensive matchup.,Dalton Rushing,0.28,0.0,
RF  Braden Montgomery,Chicago White Sox,mlb,H,Houston_Astros_at_Chicago_White_Sox,0.79,9.5,-8.71,UNDER,Targeting RF  Braden Montgomery UNDER 9.5 H. Model projects 0.8 (8.71 edge). Recent trends and opponent weakness support this play.,Braden Montgomery,0.79,0.0,
SS  Mookie Betts,Los Angeles Dodgers,mlb,BB,Los_Angeles_Dodgers_at_New_York_Mets,0.29,9.0,-8.71,UNDER,Targeting SS  Mookie Betts UNDER 9.0 BB. Model projects 0.3 (8.71 edge). Recent trends and opponent weakness support this play.,Mookie Betts,0.29,0.0,
3B  Brett Baty,New York Mets,mlb,RBI,Los_Angeles_Dodgers_at_New_York_Mets,0.29,9.0,-8.71,UNDER,Targeting 3B  Brett Baty UNDER 9.0 RBI. Model projects 0.3 (8.71 edge). Recent trends and opponent weakness support this play.,Brett Baty,0.29,0.0,
1B  Jared Young,New York Mets,mlb,RBI,Los_Angeles_Dodgers_at_New_York_Mets,0.29,9.0,-8.71,UNDER,Targeting 1B  Jared Young UNDER 9.0 RBI. Model projects 0.3 (8.71 edge). Recent trends and opponent weakness support this play.,Jared Young,0.29,0.0,
C   Francisco Alvarez,New York Mets,mlb,R,Los_Angeles_Dodgers_at_New_York_Mets,0.29,9.0,-8.71,UNDER,Targeting C   Francisco Alvarez UNDER 9.0 R. Model projects 0.3 (8.71 edge). Recent trends and opponent weakness support this play.,Francisco Alvarez,0.29,0.0,
C   Carter Jensen,Kansas City Royals,mlb,BB,Kansas_City_Royals_at_Detroit_Tigers,0.3,9.0,-8.7,UNDER,Targeting C   Carter Jensen UNDER 9.0 BB. Model projects 0.3 (8.70 edge). Recent trends and opponent weakness support this play.,Carter Jensen,0.3,0.0,
LF  Teoscar Hernández,Los Angeles Dodgers,mlb,BB,Los_Angeles_Dodgers_at_New_York_Mets,0.3,9.0,-8.7,UNDER,LF  Teoscar Hernández shows UNDER value at 9.0 BB. TC projection: 0.3 — edge: 8.70. Strong conviction based on usage rate and defensive matchup.,Teoscar Hernández,0.3,0.0,
LF  Isaac Collins,Kansas City Royals,mlb,RBI,Kansas_City_Royals_at_Detroit_Tigers,0.3,9.0,-8.7,UNDER,"Strong +EV opportunity: LF  Isaac Collins is projected for 0.3 RBI vs a line of 9.0, giving a UNDER edge of 8.70. Based on recent form, opponent matchup, and game context.",Isaac Collins,0.3,0.0,
CF  Andy Pages,Los Angeles Dodgers,mlb,BB,Los_Angeles_Dodgers_at_New_York_Mets,0.3,9.0,-8.7,UNDER,Targeting CF  Andy Pages UNDER 9.0 BB. Model projects 0.3 (8.70 edge). Recent trends and opponent weakness support this play.,Andy Pages,0.3,0.0,
SS  Francisco Lindor,New York Mets,mlb,RBI,Los_Angeles_Dodgers_at_New_York_Mets,0.3,9.0,-8.7,UNDER,"Strong +EV opportunity: SS  Francisco Lindor is projected for 0.3 RBI vs a line of 9.0, giving a UNDER edge of 8.70. Based on recent form, opponent matchup, and game context.",Francisco Lindor,0.3,0.0,
C   Luis Torrens,New York Mets,mlb,R,Los_Angeles_Dodgers_at_New_York_Mets,0.3,9.0,-8.7,UNDER,C   Luis Torrens shows UNDER value at 9.0 R. TC projection: 0.3 — edge: 8.70. Strong conviction based on usage rate and defensive matchup.,Luis Torrens,0.3,0.0,
CF  Luis Robert Jr.,New York Mets,mlb,RBI,Los_Angeles_Dodgers_at_New_York_Mets,0.31,9.0,-8.69,UNDER,Targeting CF  Luis Robert Jr. UNDER 9.0 RBI. Model projects 0.3 (8.69 edge). Recent trends and opponent weakness support this play.,Luis Robert Jr.,0.31,0.0,
2B  Marcus Semien,New York Mets,mlb,RBI,Los_Angeles_Dodgers_at_New_York_Mets,0.31,9.0,-8.69,UNDER,"Strong +EV opportunity: 2B  Marcus Semien is projected for 0.3 RBI vs a line of 9.0, giving a UNDER edge of 8.69. Based on recent form, opponent matchup, and game context.",Marcus Semien,0.31,0.0,
2B  Michael Massey,Kansas City Royals,mlb,RBI,Kansas_City_Royals_at_Detroit_Tigers,0.32,9.0,-8.68,UNDER,Targeting 2B  Michael Massey UNDER 9.0 RBI. Model projects 0.3 (8.68 edge). Recent trends and opponent weakness support this play.,Michael Massey,0.32,0.0,
DH  Salvador Perez,Kansas City Royals,mlb,R,Kansas_City_Royals_at_Detroit_Tigers,0.32,9.0,-8.68,UNDER,Targeting DH  Salvador Perez UNDER 9.0 R. Model projects 0.3 (8.68 edge). Recent trends and opponent weakness support this play.,Salvador Perez,0.32,0.0,
RF  Jac Caglianone,Kansas City Royals,mlb,RBI,Kansas_City_Royals_at_Detroit_Tigers,0.32,9.0,-8.68,UNDER,Targeting RF  Jac Caglianone UNDER 9.0 RBI. Model projects 0.3 (8.68 edge). Recent trends and opponent weakness support this play.,Jac Caglianone,0.32,0.0,
2B  Marcus Semien,New York Mets,mlb,R,Los_Angeles_Dodgers_at_New_York_Mets,0.32,9.0,-8.68,UNDER,"Strong +EV opportunity: 2B  Marcus Semien is projected for 0.3 R vs a line of 9.0, giving a UNDER edge of 8.68. Based on recent form, opponent matchup, and game context.",Marcus Semien,0.32,0.0,
LF  Isaac Collins,Kansas City Royals,mlb,R,Kansas_City_Royals_at_Detroit_Tigers,0.33,9.0,-8.67,UNDER,Targeting LF  Isaac Collins UNDER 9.0 R. Model projects 0.3 (8.67 edge). Recent trends and opponent weakness support this play.,Isaac Collins,0.33,0.0,
CF  Lane Thomas,Kansas City Royals,mlb,RBI,Kansas_City_Royals_at_Detroit_Tigers,0.33,9.0,-8.67,UNDER,CF  Lane Thomas shows UNDER value at 9.0 RBI. TC projection: 0.3 — edge: 8.67. Strong conviction based on usage rate and defensive matchup.,Lane Thomas,0.33,0.0,
CF  A.J. Ewing,New York Mets,mlb,BB,Los_Angeles_Dodgers_at_New_York_Mets,0.33,9.0,-8.67,UNDER,"Strong +EV opportunity: CF  A.J. Ewing is projected for 0.3 BB vs a line of 9.0, giving a UNDER edge of 8.67. Based on recent form, opponent matchup, and game context.",A.J. Ewing,0.33,0.0,
C   Francisco Alvarez,New York Mets,mlb,RBI,Los_Angeles_Dodgers_at_New_York_Mets,0.33,9.0,-8.67,UNDER,C   Francisco Alvarez shows UNDER value at 9.0 RBI. TC projection: 0.3 — edge: 8.67. Strong conviction based on usage rate and defensive matchup.,Francisco Alvarez,0.33,0.0,
CF  Lane Thomas,Kansas City Royals,mlb,BB,Kansas_City_Royals_at_Detroit_Tigers,0.34,9.0,-8.66,UNDER,"Strong +EV opportunity: CF  Lane Thomas is projected for 0.3 BB vs a line of 9.0, giving a UNDER edge of 8.66. Based on recent form, opponent matchup, and game context.",Lane Thomas,0.34,0.0,
CF  A.J. Ewing,New York Mets,mlb,RBI,Los_Angeles_Dodgers_at_New_York_Mets,0.34,9.0,-8.66,UNDER,CF  A.J. Ewing shows UNDER value at 9.0 RBI. TC projection: 0.3 — edge: 8.66. Strong conviction based on usage rate and defensive matchup.,A.J. Ewing,0.34,0.0,
2B  Michael Massey,Kansas City Royals,mlb,R,Kansas_City_Royals_at_Detroit_Tigers,0.34,9.0,-8.66,UNDER,2B  Michael Massey shows UNDER value at 9.0 R. TC projection: 0.3 — edge: 8.66. Strong conviction based on usage rate and defensive matchup.,Michael Massey,0.34,0.0,
3B  Brett Baty,New York Mets,mlb,R,Los_Angeles_Dodgers_at_New_York_Mets,0.34,9.0,-8.66,UNDER,3B  Brett Baty shows UNDER value at 9.0 R. TC projection: 0.3 — edge: 8.66. Strong conviction based on usage rate and defensive matchup.,Brett Baty,0.34,0.0,
LF  Isaac Collins,Kansas City Royals,mlb,BB,Kansas_City_Royals_at_Detroit_Tigers,0.35,9.0,-8.65,UNDER,"Strong +EV opportunity: LF  Isaac Collins is projected for 0.3 BB vs a line of 9.0, giving a UNDER edge of 8.65. Based on recent form, opponent matchup, and game context.",Isaac Collins,0.35,0.0,
3B  Nick Loftin,Kansas City Royals,mlb,R,Kansas_City_Royals_at_Detroit_Tigers,0.35,9.0,-8.65,UNDER,3B  Nick Loftin shows UNDER value at 9.0 R. TC projection: 0.3 — edge: 8.65. Strong conviction based on usage rate and defensive matchup.,Nick Loftin,0.35,0.0,
SS  Francisco Lindor,New York Mets,mlb,BB,Los_Angeles_Dodgers_at_New_York_Mets,0.35,9.0,-8.65,UNDER,Targeting SS  Francisco Lindor UNDER 9.0 BB. Model projects 0.3 (8.65 edge). Recent trends and opponent weakness support this play.,Francisco Lindor,0.35,0.0,
RF  Carson Benge,New York Mets,mlb,RBI,Los_Angeles_Dodgers_at_New_York_Mets,0.35,9.0,-8.65,UNDER,"Strong +EV opportunity: RF  Carson Benge is projected for 0.3 RBI vs a line of 9.0, giving a UNDER edge of 8.65. Based on recent form, opponent matchup, and game context.",Carson Benge,0.35,0.0,
LF  Sam Antonacci,Chicago White Sox,mlb,H,Houston_Astros_at_Chicago_White_Sox,0.86,9.5,-8.64,UNDER,"Strong +EV opportunity: LF  Sam Antonacci is projected for 0.9 H vs a line of 9.5, giving a UNDER edge of 8.64. Based on recent form, opponent matchup, and game context.",Sam Antonacci,0.86,0.0,
1B  Vinnie Pasquantino,Kansas City Royals,mlb,R,Kansas_City_Royals_at_Detroit_Tigers,0.36,9.0,-8.64,UNDER,1B  Vinnie Pasquantino shows UNDER value at 9.0 R. TC projection: 0.4 — edge: 8.64. Strong conviction based on usage rate and defensive matchup.,Vinnie Pasquantino,0.36,0.0,
1B  Vinnie Pasquantino,Kansas City Royals,mlb,RBI,Kansas_City_Royals_at_Detroit_Tigers,0.36,9.0,-8.64,UNDER,Targeting 1B  Vinnie Pasquantino UNDER 9.0 RBI. Model projects 0.4 (8.64 edge). Recent trends and opponent weakness support this play.,Vinnie Pasquantino,0.36,0.0,
CF  A.J. Ewing,New York Mets,mlb,R,Los_Angeles_Dodgers_at_New_York_Mets,0.37,9.0,-8.63,UNDER,"Strong +EV opportunity: CF  A.J. Ewing is projected for 0.4 R vs a line of 9.0, giving a UNDER edge of 8.63. Based on recent form, opponent matchup, and game context.",A.J. Ewing,0.37,0.0,
DH  Salvador Perez,Kansas City Royals,mlb,RBI,Kansas_City_Royals_at_Detroit_Tigers,0.37,9.0,-8.63,UNDER,Targeting DH  Salvador Perez UNDER 9.0 RBI. Model projects 0.4 (8.63 edge). Recent trends and opponent weakness support this play.,Salvador Perez,0.37,0.0,
SS  Tyler Tolbert,Kansas City Royals,mlb,R,Kansas_City_Royals_at_Detroit_Tigers,0.37,9.0,-8.63,UNDER,"Strong +EV opportunity: SS  Tyler Tolbert is projected for 0.4 R vs a line of 9.0, giving a UNDER edge of 8.63. Based on recent form, opponent matchup, and game context.",Tyler Tolbert,0.37,0.0,
CF  Luis Robert Jr.,New York Mets,mlb,R,Los_Angeles_Dodgers_at_New_York_Mets,0.37,9.0,-8.63,UNDER,CF  Luis Robert Jr. shows UNDER value at 9.0 R. TC projection: 0.4 — edge: 8.63. Strong conviction based on usage rate and defensive matchup.,Luis Robert Jr.,0.37,0.0,
C   Carter Jensen,Kansas City Royals,mlb,R,Kansas_City_Royals_at_Detroit_Tigers,0.38,9.0,-8.62,UNDER,Targeting C   Carter Jensen UNDER 9.0 R. Model projects 0.4 (8.62 edge). Recent trends and opponent weakness support this play.,Carter Jensen,0.38,0.0,
3B  Max Muncy,Los Angeles Dodgers,mlb,BB,Los_Angeles_Dodgers_at_New_York_Mets,0.38,9.0,-8.62,UNDER,"Strong +EV opportunity: 3B  Max Muncy is projected for 0.4 BB vs a line of 9.0, giving a UNDER edge of 8.62. Based on recent form, opponent matchup, and game context.",Max Muncy,0.38,0.0,
2B  Chase Meidroth,Chicago White Sox,mlb,H,Houston_Astros_at_Chicago_White_Sox,0.89,9.5,-8.61,UNDER,2B  Chase Meidroth shows UNDER value at 9.5 H. TC projection: 0.9 — edge: 8.61. Strong conviction based on usage rate and defensive matchup.,Chase Meidroth,0.89,0.0,
C   Dalton Rushing,Los Angeles Dodgers,mlb,R,Los_Angeles_Dodgers_at_New_York_Mets,0.39,9.0,-8.61,UNDER,Targeting C   Dalton Rushing UNDER 9.0 R. Model projects 0.4 (8.61 edge). Recent trends and opponent weakness support this play.,Dalton Rushing,0.39,0.0,
RF  Jac Caglianone,Kansas City Royals,mlb,R,Kansas_City_Royals_at_Detroit_Tigers,0.4,9.0,-8.6,UNDER,Targeting RF  Jac Caglianone UNDER 9.0 R. Model projects 0.4 (8.60 edge). Recent trends and opponent weakness support this play.,Jac Caglianone,0.4,0.0,
1B  Vinnie Pasquantino,Kansas City Royals,mlb,BB,Kansas_City_Royals_at_Detroit_Tigers,0.4,9.0,-8.6,UNDER,Targeting 1B  Vinnie Pasquantino UNDER 9.0 BB. Model projects 0.4 (8.60 edge). Recent trends and opponent weakness support this play.,Vinnie Pasquantino,0.4,0.0,
C   Dalton Rushing,Los Angeles Dodgers,mlb,RBI,Los_Angeles_Dodgers_at_New_York_Mets,0.4,9.0,-8.6,UNDER,Targeting C   Dalton Rushing UNDER 9.0 RBI. Model projects 0.4 (8.60 edge). Recent trends and opponent weakness support this play.,Dalton Rushing,0.4,0.0,
CF  Luis Robert Jr.,New York Mets,mlb,BB,Los_Angeles_Dodgers_at_New_York_Mets,0.4,9.0,-8.6,UNDER,CF  Luis Robert Jr. shows UNDER value at 9.0 BB. TC projection: 0.4 — edge: 8.60. Strong conviction based on usage rate and defensive matchup.,Luis Robert Jr.,0.4,0.0,
SS  Tyler Tolbert,Kansas City Royals,mlb,H,Kansas_City_Royals_at_Detroit_Tigers,0.41,9.0,-8.59,UNDER,"Strong +EV opportunity: SS  Tyler Tolbert is projected for 0.4 H vs a line of 9.0, giving a UNDER edge of 8.59. Based on recent form, opponent matchup, and game context.",Tyler Tolbert,0.41,0.0,
LF  Alex Call,Los Angeles Dodgers,mlb,H,Los_Angeles_Dodgers_at_New_York_Mets,0.41,9.0,-8.59,UNDER,Targeting LF  Alex Call UNDER 9.0 H. Model projects 0.4 (8.59 edge). Recent trends and opponent weakness support this play.,Alex Call,0.41,0.0,
3B  Nick Loftin,Kansas City Royals,mlb,RBI,Kansas_City_Royals_at_Detroit_Tigers,0.41,9.0,-8.59,UNDER,"Strong +EV opportunity: 3B  Nick Loftin is projected for 0.4 RBI vs a line of 9.0, giving a UNDER edge of 8.59. Based on recent form, opponent matchup, and game context.",Nick Loftin,0.41,0.0,
1B  Freddie Freeman,Los Angeles Dodgers,mlb,BB,Los_Angeles_Dodgers_at_New_York_Mets,0.41,9.0,-8.59,UNDER,1B  Freddie Freeman shows UNDER value at 9.0 BB. TC projection: 0.4 — edge: 8.59. Strong conviction based on usage rate and defensive matchup.,Freddie Freeman,0.41,0.0,
3B  Max Muncy,Los Angeles Dodgers,mlb,RBI,Los_Angeles_Dodgers_at_New_York_Mets,0.41,9.0,-8.59,UNDER,3B  Max Muncy shows UNDER value at 9.0 RBI. TC projection: 0.4 — edge: 8.59. Strong conviction based on usage rate and defensive matchup.,Max Muncy,0.41,0.0,
1B  Freddie Freeman,Los Angeles Dodgers,mlb,RBI,Los_Angeles_Dodgers_at_New_York_Mets,0.42,9.0,-8.58,UNDER,Targeting 1B  Freddie Freeman UNDER 9.0 RBI. Model projects 0.4 (8.58 edge). Recent trends and opponent weakness support this play.,Freddie Freeman,0.42,0.0,
SS  Mookie Betts,Los Angeles Dodgers,mlb,RBI,Los_Angeles_Dodgers_at_New_York_Mets,0.42,9.0,-8.58,UNDER,SS  Mookie Betts shows UNDER value at 9.0 RBI. TC projection: 0.4 — edge: 8.58. Strong conviction based on usage rate and defensive matchup.,Mookie Betts,0.42,0.0,
RF  Kyle Tucker,Los Angeles Dodgers,mlb,BB,Los_Angeles_Dodgers_at_New_York_Mets,0.42,9.0,-8.58,UNDER,RF  Kyle Tucker shows UNDER value at 9.0 BB. TC projection: 0.4 — edge: 8.58. Strong conviction based on usage rate and defensive matchup.,Kyle Tucker,0.42,0.0,
3B  Bo Bichette,New York Mets,mlb,R,Los_Angeles_Dodgers_at_New_York_Mets,0.43,9.0,-8.57,UNDER,Targeting 3B  Bo Bichette UNDER 9.0 R. Model projects 0.4 (8.57 edge). Recent trends and opponent weakness support this play.,Bo Bichette,0.43,0.0,
CF  Tyrone Taylor,New York Mets,mlb,H,Los_Angeles_Dodgers_at_New_York_Mets,0.43,9.0,-8.57,UNDER,"Strong +EV opportunity: CF  Tyrone Taylor is projected for 0.4 H vs a line of 9.0, giving a UNDER edge of 8.57. Based on recent form, opponent matchup, and game context.",Tyrone Taylor,0.43,0.0,
RF  Kyle Tucker,Los Angeles Dodgers,mlb,RBI,Los_Angeles_Dodgers_at_New_York_Mets,0.43,9.0,-8.57,UNDER,"Strong +EV opportunity: RF  Kyle Tucker is projected for 0.4 RBI vs a line of 9.0, giving a UNDER edge of 8.57. Based on recent form, opponent matchup, and game context.",Kyle Tucker,0.43,0.0,
3B  Bo Bichette,New York Mets,mlb,RBI,Los_Angeles_Dodgers_at_New_York_Mets,0.43,9.0,-8.57,UNDER,3B  Bo Bichette shows UNDER value at 9.0 RBI. TC projection: 0.4 — edge: 8.57. Strong conviction based on usage rate and defensive matchup.,Bo Bichette,0.43,0.0,
SS  Francisco Lindor,New York Mets,mlb,R,Los_Angeles_Dodgers_at_New_York_Mets,0.44,9.0,-8.56,UNDER,SS  Francisco Lindor shows UNDER value at 9.0 R. TC projection: 0.4 — edge: 8.56. Strong conviction based on usage rate and defensive matchup.,Francisco Lindor,0.44,0.0,
C   Carter Jensen,Kansas City Royals,mlb,RBI,Kansas_City_Royals_at_Detroit_Tigers,0.45,9.0,-8.55,UNDER,C   Carter Jensen shows UNDER value at 9.0 RBI. TC projection: 0.5 — edge: 8.55. Strong conviction based on usage rate and defensive matchup.,Carter Jensen,0.45,0.0,
LF  Teoscar Hernández,Los Angeles Dodgers,mlb,RBI,Los_Angeles_Dodgers_at_New_York_Mets,0.45,9.0,-8.55,UNDER,"Strong +EV opportunity: LF  Teoscar Hernández is projected for 0.5 RBI vs a line of 9.0, giving a UNDER edge of 8.55. Based on recent form, opponent matchup, and game context.",Teoscar Hernández,0.45,0.0,
RF  Carson Benge,New York Mets,mlb,R,Los_Angeles_Dodgers_at_New_York_Mets,0.45,9.0,-8.55,UNDER,Targeting RF  Carson Benge UNDER 9.0 R. Model projects 0.5 (8.55 edge). Recent trends and opponent weakness support this play.,Carson Benge,0.45,0.0,
1B  Freddie Freeman,Los Angeles Dodgers,mlb,R,Los_Angeles_Dodgers_at_New_York_Mets,0.46,9.0,-8.54,UNDER,Targeting 1B  Freddie Freeman UNDER 9.0 R. Model projects 0.5 (8.54 edge). Recent trends and opponent weakness support this play.,Freddie Freeman,0.46,0.0,
LF  Tommy Edman,Los Angeles Dodgers,mlb,R,Los_Angeles_Dodgers_at_New_York_Mets,0.46,9.0,-8.54,UNDER,Targeting LF  Tommy Edman UNDER 9.0 R. Model projects 0.5 (8.54 edge). Recent trends and opponent weakness support this play.,Tommy Edman,0.46,0.0,
LF  Juan Soto,New York Mets,mlb,R,Los_Angeles_Dodgers_at_New_York_Mets,0.47,9.0,-8.53,UNDER,Targeting LF  Juan Soto UNDER 9.0 R. Model projects 0.5 (8.53 edge). Recent trends and opponent weakness support this play.,Juan Soto,0.47,0.0,
RF  Kyle Tucker,Los Angeles Dodgers,mlb,R,Los_Angeles_Dodgers_at_New_York_Mets,0.47,9.0,-8.53,UNDER,RF  Kyle Tucker shows UNDER value at 9.0 R. TC projection: 0.5 — edge: 8.53. Strong conviction based on usage rate and defensive matchup.,Kyle Tucker,0.47,0.0,
LF  Teoscar Hernández,Los Angeles Dodgers,mlb,R,Los_Angeles_Dodgers_at_New_York_Mets,0.49,9.0,-8.51,UNDER,"Strong +EV opportunity: LF  Teoscar Hernández is projected for 0.5 R vs a line of 9.0, giving a UNDER edge of 8.51. Based on recent form, opponent matchup, and game context.",Teoscar Hernández,0.49,0.0,
CF  Andy Pages,Los Angeles Dodgers,mlb,R,Los_Angeles_Dodgers_at_New_York_Mets,0.49,9.0,-8.51,UNDER,"Strong +EV opportunity: CF  Andy Pages is projected for 0.5 R vs a line of 9.0, giving a UNDER edge of 8.51. Based on recent form, opponent matchup, and game context.",Andy Pages,0.49,0.0,
LF  Tommy Edman,Los Angeles Dodgers,mlb,RBI,Los_Angeles_Dodgers_at_New_York_Mets,0.49,9.0,-8.51,UNDER,Targeting LF  Tommy Edman UNDER 9.0 RBI. Model projects 0.5 (8.51 edge). Recent trends and opponent weakness support this play.,Tommy Edman,0.49,0.0,
SS  Mookie Betts,Los Angeles Dodgers,mlb,R,Los_Angeles_Dodgers_at_New_York_Mets,0.5,9.0,-8.5,UNDER,Targeting SS  Mookie Betts UNDER 9.0 R. Model projects 0.5 (8.50 edge). Recent trends and opponent weakness support this play.,Mookie Betts,0.5,0.0,
C   Freddy Fermin,San Diego Padres,mlb,3B,San_Diego_Padres_at_Miami_Marlins,0.0,8.5,-8.5,UNDER,Targeting C   Freddy Fermin UNDER 8.5 3B. Model projects 0.0 (8.50 edge). Recent trends and opponent weakness support this play.,Freddy Fermin,0.0,0.0,
C   Freddy Fermin,San Diego Padres,mlb,SB,San_Diego_Padres_at_Miami_Marlins,0.0,8.5,-8.5,UNDER,"Strong +EV opportunity: C   Freddy Fermin is projected for 0.0 SB vs a line of 8.5, giving a UNDER edge of 8.50. Based on recent form, opponent matchup, and game context.",Freddy Fermin,0.0,0.0,
1B  Gavin Sheets,San Diego Padres,mlb,3B,San_Diego_Padres_at_Miami_Marlins,0.0,8.5,-8.5,UNDER,Targeting 1B  Gavin Sheets UNDER 8.5 3B. Model projects 0.0 (8.50 edge). Recent trends and opponent weakness support this play.,Gavin Sheets,0.0,0.0,
2B  Jake Cronenworth,San Diego Padres,mlb,3B,San_Diego_Padres_at_Miami_Marlins,0.0,8.5,-8.5,UNDER,Targeting 2B  Jake Cronenworth UNDER 8.5 3B. Model projects 0.0 (8.50 edge). Recent trends and opponent weakness support this play.,Jake Cronenworth,0.0,0.0,
RF  Jase Bowen,San Diego Padres,mlb,HR,San_Diego_Padres_at_Miami_Marlins,0.0,8.5,-8.5,UNDER,"Strong +EV opportunity: RF  Jase Bowen is projected for 0.0 HR vs a line of 8.5, giving a UNDER edge of 8.50. Based on recent form, opponent matchup, and game context.",Jase Bowen,0.0,0.0,
RF  Jase Bowen,San Diego Padres,mlb,3B,San_Diego_Padres_at_Miami_Marlins,0.0,8.5,-8.5,UNDER,Targeting RF  Jase Bowen UNDER 8.5 3B. Model projects 0.0 (8.50 edge). Recent trends and opponent weakness support this play.,Jase Bowen,0.0,0.0,
C   Luis Campusano,San Diego Padres,mlb,3B,San_Diego_Padres_at_Miami_Marlins,0.0,8.5,-8.5,UNDER,Targeting C   Luis Campusano UNDER 8.5 3B. Model projects 0.0 (8.50 edge). Recent trends and opponent weakness support this play.,Luis Campusano,0.0,0.0,
C   Luis Campusano,San Diego Padres,mlb,SB,San_Diego_Padres_at_Miami_Marlins,0.0,8.5,-8.5,UNDER,Targeting C   Luis Campusano UNDER 8.5 SB. Model projects 0.0 (8.50 edge). Recent trends and opponent weakness support this play.,Luis Campusano,0.0,0.0,
3B  Luis Rengifo,San Diego Padres,mlb,3B,San_Diego_Padres_at_Miami_Marlins,0.0,8.5,-8.5,UNDER,3B  Luis Rengifo shows UNDER value at 8.5 3B. TC projection: 0.0 — edge: 8.50. Strong conviction based on usage rate and defensive matchup.,Luis Rengifo,0.0,0.0,
3B  Manny Machado,San Diego Padres,mlb,3B,San_Diego_Padres_at_Miami_Marlins,0.0,8.5,-8.5,UNDER,Targeting 3B  Manny Machado UNDER 8.5 3B. Model projects 0.0 (8.50 edge). Recent trends and opponent weakness support this play.,Manny Machado,0.0,0.0,
P   Randy Vásquez,San Diego Padres,mlb,H,San_Diego_Padres_at_Miami_Marlins,0.0,8.5,-8.5,UNDER,P   Randy Vásquez shows UNDER value at 8.5 H. TC projection: 0.0 — edge: 8.50. Strong conviction based on usage rate and defensive matchup.,Randy Vásquez,0.0,0.0,
P   Randy Vásquez,San Diego Padres,mlb,R,San_Diego_Padres_at_Miami_Marlins,0.0,8.5,-8.5,UNDER,P   Randy Vásquez shows UNDER value at 8.5 R. TC projection: 0.0 — edge: 8.50. Strong conviction based on usage rate and defensive matchup.,Randy Vásquez,0.0,0.0,
P   Randy Vásquez,San Diego Padres,mlb,RBI,San_Diego_Padres_at_Miami_Marlins,0.0,8.5,-8.5,UNDER,Targeting P   Randy Vásquez UNDER 8.5 RBI. Model projects 0.0 (8.50 edge). Recent trends and opponent weakness support this play.,Randy Vásquez,0.0,0.0,
P   Randy Vásquez,San Diego Padres,mlb,HR,San_Diego_Padres_at_Miami_Marlins,0.0,8.5,-8.5,UNDER,Targeting P   Randy Vásquez UNDER 8.5 HR. Model projects 0.0 (8.50 edge). Recent trends and opponent weakness support this play.,Randy Vásquez,0.0,0.0,
P   Randy Vásquez,San Diego Padres,mlb,2B,San_Diego_Padres_at_Miami_Marlins,0.0,8.5,-8.5,UNDER,"Strong +EV opportunity: P   Randy Vásquez is projected for 0.0 2B vs a line of 8.5, giving a UNDER edge of 8.50. Based on recent form, opponent matchup, and game context.",Randy Vásquez,0.0,0.0,
P   Randy Vásquez,San Diego Padres,mlb,3B,San_Diego_Padres_at_Miami_Marlins,0.0,8.5,-8.5,UNDER,Targeting P   Randy Vásquez UNDER 8.5 3B. Model projects 0.0 (8.50 edge). Recent trends and opponent weakness support this play.,Randy Vásquez,0.0,0.0,
P   Randy Vásquez,San Diego Padres,mlb,BB,San_Diego_Padres_at_Miami_Marlins,0.0,8.5,-8.5,UNDER,"Strong +EV opportunity: P   Randy Vásquez is projected for 0.0 BB vs a line of 8.5, giving a UNDER edge of 8.50. Based on recent form, opponent matchup, and game context.",Randy Vásquez,0.0,0.0,
P   Randy Vásquez,San Diego Padres,mlb,SB,San_Diego_Padres_at_Miami_Marlins,0.0,8.5,-8.5,UNDER,"Strong +EV opportunity: P   Randy Vásquez is projected for 0.0 SB vs a line of 8.5, giving a UNDER edge of 8.50. Based on recent form, opponent matchup, and game context.",Randy Vásquez,0.0,0.0,
C   Rodolfo Durán,San Diego Padres,mlb,3B,San_Diego_Padres_at_Miami_Marlins,0.0,8.5,-8.5,UNDER,"Strong +EV opportunity: C   Rodolfo Durán is projected for 0.0 3B vs a line of 8.5, giving a UNDER edge of 8.50. Based on recent form, opponent matchup, and game context.",Rodolfo Durán,0.0,0.0,
C   Rodolfo Durán,San Diego Padres,mlb,SB,San_Diego_Padres_at_Miami_Marlins,0.0,8.5,-8.5,UNDER,C   Rodolfo Durán shows UNDER value at 8.5 SB. TC projection: 0.0 — edge: 8.50. Strong conviction based on usage rate and defensive matchup.,Rodolfo Durán,0.0,0.0,
2B  Sung-Mun Song,San Diego Padres,mlb,3B,San_Diego_Padres_at_Miami_Marlins,0.0,8.5,-8.5,UNDER,"Strong +EV opportunity: 2B  Sung-Mun Song is projected for 0.0 3B vs a line of 8.5, giving a UNDER edge of 8.50. Based on recent form, opponent matchup, and game context.",Sung-Mun Song,0.0,0.0,
P   Wandy Peralta,San Diego Padres,mlb,H,San_Diego_Padres_at_Miami_Marlins,0.0,8.5,-8.5,UNDER,"Strong +EV opportunity: P   Wandy Peralta is projected for 0.0 H vs a line of 8.5, giving a UNDER edge of 8.50. Based on recent form, opponent matchup, and game context.",Wandy Peralta,0.0,0.0,
P   Wandy Peralta,San Diego Padres,mlb,R,San_Diego_Padres_at_Miami_Marlins,0.0,8.5,-8.5,UNDER,Targeting P   Wandy Peralta UNDER 8.5 R. Model projects 0.0 (8.50 edge). Recent trends and opponent weakness support this play.,Wandy Peralta,0.0,0.0,
P   Wandy Peralta,San Diego Padres,mlb,RBI,San_Diego_Padres_at_Miami_Marlins,0.0,8.5,-8.5,UNDER,P   Wandy Peralta shows UNDER value at 8.5 RBI. TC projection: 0.0 — edge: 8.50. Strong conviction based on usage rate and defensive matchup.,Wandy Peralta,0.0,0.0,
P   Wandy Peralta,San Diego Padres,mlb,HR,San_Diego_Padres_at_Miami_Marlins,0.0,8.5,-8.5,UNDER,Targeting P   Wandy Peralta UNDER 8.5 HR. Model projects 0.0 (8.50 edge). Recent trends and opponent weakness support this play.,Wandy Peralta,0.0,0.0,
P   Wandy Peralta,San Diego Padres,mlb,2B,San_Diego_Padres_at_Miami_Marlins,0.0,8.5,-8.5,UNDER,Targeting P   Wandy Peralta UNDER 8.5 2B. Model projects 0.0 (8.50 edge). Recent trends and opponent weakness support this play.,Wandy Peralta,0.0,0.0,
P   Wandy Peralta,San Diego Padres,mlb,3B,San_Diego_Padres_at_Miami_Marlins,0.0,8.5,-8.5,UNDER,P   Wandy Peralta shows UNDER value at 8.5 3B. TC projection: 0.0 — edge: 8.50. Strong conviction based on usage rate and defensive matchup.,Wandy Peralta,0.0,0.0,
P   Wandy Peralta,San Diego Padres,mlb,BB,San_Diego_Padres_at_Miami_Marlins,0.0,8.5,-8.5,UNDER,P   Wandy Peralta shows UNDER value at 8.5 BB. TC projection: 0.0 — edge: 8.50. Strong conviction based on usage rate and defensive matchup.,Wandy Peralta,0.0,0.0,
P   Wandy Peralta,San Diego Padres,mlb,SB,San_Diego_Padres_at_Miami_Marlins,0.0,8.5,-8.5,UNDER,Targeting P   Wandy Peralta UNDER 8.5 SB. Model projects 0.0 (8.50 edge). Recent trends and opponent weakness support this play.,Wandy Peralta,0.0,0.0,
SS  Xander Bogaerts,San Diego Padres,mlb,3B,San_Diego_Padres_at_Miami_Marlins,0.0,8.5,-8.5,UNDER,"Strong +EV opportunity: SS  Xander Bogaerts is projected for 0.0 3B vs a line of 8.5, giving a UNDER edge of 8.50. Based on recent form, opponent matchup, and game context.",Xander Bogaerts,0.0,0.0,
TWP Shohei Ohtani,Los Angeles Dodgers,mlb,RBI,Los_Angeles_Dodgers_at_New_York_Mets,0.51,9.0,-8.49,UNDER,"Strong +EV opportunity: TWP Shohei Ohtani is projected for 0.5 RBI vs a line of 9.0, giving a UNDER edge of 8.49. Based on recent form, opponent matchup, and game context.",TWP Shohei Ohtani,0.51,0.0,
3B  Max Muncy,Los Angeles Dodgers,mlb,R,Los_Angeles_Dodgers_at_New_York_Mets,0.51,9.0,-8.49,UNDER,"Strong +EV opportunity: 3B  Max Muncy is projected for 0.5 R vs a line of 9.0, giving a UNDER edge of 8.49. Based on recent form, opponent matchup, and game context.",Max Muncy,0.51,0.0,
2B  Miguel Rojas,Los Angeles Dodgers,mlb,H,Los_Angeles_Dodgers_at_New_York_Mets,0.51,9.0,-8.49,UNDER,"Strong +EV opportunity: 2B  Miguel Rojas is projected for 0.5 H vs a line of 9.0, giving a UNDER edge of 8.49. Based on recent form, opponent matchup, and game context.",Miguel Rojas,0.51,0.0,
CF  Jackson Merrill,San Diego Padres,mlb,3B,San_Diego_Padres_at_Miami_Marlins,0.01,8.5,-8.49,UNDER,Targeting CF  Jackson Merrill UNDER 8.5 3B. Model projects 0.0 (8.49 edge). Recent trends and opponent weakness support this play.,Jackson Merrill,0.01,0.0,
1B  Ty France,San Diego Padres,mlb,SB,San_Diego_Padres_at_Miami_Marlins,0.01,8.5,-8.49,UNDER,"Strong +EV opportunity: 1B  Ty France is projected for 0.0 SB vs a line of 8.5, giving a UNDER edge of 8.49. Based on recent form, opponent matchup, and game context.",Ty France,0.01,0.0,
TWP Shohei Ohtani,Los Angeles Dodgers,mlb,BB,Los_Angeles_Dodgers_at_New_York_Mets,0.52,9.0,-8.48,UNDER,"Strong +EV opportunity: TWP Shohei Ohtani is projected for 0.5 BB vs a line of 9.0, giving a UNDER edge of 8.48. Based on recent form, opponent matchup, and game context.",TWP Shohei Ohtani,0.52,0.0,
RF  Fernando Tatis Jr.,San Diego Padres,mlb,3B,San_Diego_Padres_at_Miami_Marlins,0.02,8.5,-8.48,UNDER,"Strong +EV opportunity: RF  Fernando Tatis Jr. is projected for 0.0 3B vs a line of 8.5, giving a UNDER edge of 8.48. Based on recent form, opponent matchup, and game context.",Fernando Tatis Jr.,0.02,0.0,
3B  Manny Machado,San Diego Padres,mlb,SB,San_Diego_Padres_at_Miami_Marlins,0.02,8.5,-8.48,UNDER,3B  Manny Machado shows UNDER value at 8.5 SB. TC projection: 0.0 — edge: 8.48. Strong conviction based on usage rate and defensive matchup.,Manny Machado,0.02,0.0,
2B  Sung-Mun Song,San Diego Padres,mlb,HR,San_Diego_Padres_at_Miami_Marlins,0.02,8.5,-8.48,UNDER,Targeting 2B  Sung-Mun Song UNDER 8.5 HR. Model projects 0.0 (8.48 edge). Recent trends and opponent weakness support this play.,Sung-Mun Song,0.02,0.0,
1B  Ty France,San Diego Padres,mlb,3B,San_Diego_Padres_at_Miami_Marlins,0.02,8.5,-8.48,UNDER,"Strong +EV opportunity: 1B  Ty France is projected for 0.0 3B vs a line of 8.5, giving a UNDER edge of 8.48. Based on recent form, opponent matchup, and game context.",Ty France,0.02,0.0,
2B  Alex Freeland,Los Angeles Dodgers,mlb,H,Los_Angeles_Dodgers_at_New_York_Mets,0.53,9.0,-8.47,UNDER,Targeting 2B  Alex Freeland UNDER 9.0 H. Model projects 0.5 (8.47 edge). Recent trends and opponent weakness support this play.,Alex Freeland,0.53,0.0,
DH  Jorge Polanco,New York Mets,mlb,H,Los_Angeles_Dodgers_at_New_York_Mets,0.53,9.0,-8.47,UNDER,DH  Jorge Polanco shows UNDER value at 9.0 H. TC projection: 0.5 — edge: 8.47. Strong conviction based on usage rate and defensive matchup.,Jorge Polanco,0.53,0.0,
SS  Dansby Swanson,Chicago Cubs,mlb,3B,Chicago_Cubs_at_Pittsburgh_Pirates,0.03,8.5,-8.47,UNDER,"Strong +EV opportunity: SS  Dansby Swanson is projected for 0.0 3B vs a line of 8.5, giving a UNDER edge of 8.47. Based on recent form, opponent matchup, and game context.",Dansby Swanson,0.03,0.0,
2B  Pedro Ramírez,Chicago Cubs,mlb,3B,Chicago_Cubs_at_Pittsburgh_Pirates,0.03,8.5,-8.47,UNDER,Targeting 2B  Pedro Ramírez UNDER 8.5 3B. Model projects 0.0 (8.47 edge). Recent trends and opponent weakness support this play.,Pedro Ramírez,0.03,0.0,
1B  Alec Burleson,St. Louis Cardinals,mlb,SB,Cincinnati_Reds_at_St_Louis_Cardinals,0.03,8.5,-8.47,UNDER,Targeting 1B  Alec Burleson UNDER 8.5 SB. Model projects 0.0 (8.47 edge). Recent trends and opponent weakness support this play.,Alec Burleson,0.03,0.0,
3B  Luis Rengifo,San Diego Padres,mlb,HR,San_Diego_Padres_at_Miami_Marlins,0.03,8.5,-8.47,UNDER,"Strong +EV opportunity: 3B  Luis Rengifo is projected for 0.0 HR vs a line of 8.5, giving a UNDER edge of 8.47. Based on recent form, opponent matchup, and game context.",Luis Rengifo,0.03,0.0,
LF  Ian Happ,Chicago Cubs,mlb,SB,Chicago_Cubs_at_Pittsburgh_Pirates,0.03,8.5,-8.47,UNDER,Targeting LF  Ian Happ UNDER 8.5 SB. Model projects 0.0 (8.47 edge). Recent trends and opponent weakness support this play.,Ian Happ,0.03,0.0,
2B  Nico Hoerner,Chicago Cubs,mlb,HR,Chicago_Cubs_at_Pittsburgh_Pirates,0.03,8.5,-8.47,UNDER,Targeting 2B  Nico Hoerner UNDER 8.5 HR. Model projects 0.0 (8.47 edge). Recent trends and opponent weakness support this play.,Nico Hoerner,0.03,0.0,
2B  Pedro Ramírez,Chicago Cubs,mlb,HR,Chicago_Cubs_at_Pittsburgh_Pirates,0.03,8.5,-8.47,UNDER,"Strong +EV opportunity: 2B  Pedro Ramírez is projected for 0.0 HR vs a line of 8.5, giving a UNDER edge of 8.47. Based on recent form, opponent matchup, and game context.",Pedro Ramírez,0.03,0.0,
3B  Blaze Jordan,St. Louis Cardinals,mlb,HR,Cincinnati_Reds_at_St_Louis_Cardinals,0.03,8.5,-8.47,UNDER,Targeting 3B  Blaze Jordan UNDER 8.5 HR. Model projects 0.0 (8.47 edge). Recent trends and opponent weakness support this play.,Blaze Jordan,0.03,0.0,
C   Pedro Pagés,St. Louis Cardinals,mlb,SB,Cincinnati_Reds_at_St_Louis_Cardinals,0.03,8.5,-8.47,UNDER,"Strong +EV opportunity: C   Pedro Pagés is projected for 0.0 SB vs a line of 8.5, giving a UNDER edge of 8.47. Based on recent form, opponent matchup, and game context.",Pedro Pagés,0.03,0.0,
1B  Gavin Sheets,San Diego Padres,mlb,SB,San_Diego_Padres_at_Miami_Marlins,0.03,8.5,-8.47,UNDER,"Strong +EV opportunity: 1B  Gavin Sheets is projected for 0.0 SB vs a line of 8.5, giving a UNDER edge of 8.47. Based on recent form, opponent matchup, and game context.",Gavin Sheets,0.03,0.0,
3B  Josh Rojas,Kansas City Royals,mlb,H,Kansas_City_Royals_at_Detroit_Tigers,0.54,9.0,-8.46,UNDER,3B  Josh Rojas shows UNDER value at 9.0 H. TC projection: 0.5 — edge: 8.46. Strong conviction based on usage rate and defensive matchup.,Josh Rojas,0.54,0.0,
CF  Andy Pages,Los Angeles Dodgers,mlb,RBI,Los_Angeles_Dodgers_at_New_York_Mets,0.54,9.0,-8.46,UNDER,CF  Andy Pages shows UNDER value at 9.0 RBI. TC projection: 0.5 — edge: 8.46. Strong conviction based on usage rate and defensive matchup.,Andy Pages,0.54,0.0,
LF  Juan Soto,New York Mets,mlb,RBI,Los_Angeles_Dodgers_at_New_York_Mets,0.54,9.0,-8.46,UNDER,"Strong +EV opportunity: LF  Juan Soto is projected for 0.5 RBI vs a line of 9.0, giving a UNDER edge of 8.46. Based on recent form, opponent matchup, and game context.",Juan Soto,0.54,0.0,
C   Luis Torrens,New York Mets,mlb,H,Los_Angeles_Dodgers_at_New_York_Mets,0.54,9.0,-8.46,UNDER,Targeting C   Luis Torrens UNDER 9.0 H. Model projects 0.5 (8.46 edge). Recent trends and opponent weakness support this play.,Luis Torrens,0.54,0.0,
CF  Pete Crow-Armstrong,Chicago Cubs,mlb,3B,Chicago_Cubs_at_Pittsburgh_Pirates,0.04,8.5,-8.46,UNDER,Targeting CF  Pete Crow-Armstrong UNDER 8.5 3B. Model projects 0.0 (8.46 edge). Recent trends and opponent weakness support this play.,Pete Crow-Armstrong,0.04,0.0,
3B  Luis Rengifo,San Diego Padres,mlb,SB,San_Diego_Padres_at_Miami_Marlins,0.04,8.5,-8.46,UNDER,"Strong +EV opportunity: 3B  Luis Rengifo is projected for 0.0 SB vs a line of 8.5, giving a UNDER edge of 8.46. Based on recent form, opponent matchup, and game context.",Luis Rengifo,0.04,0.0,
LF  José Fermín,St. Louis Cardinals,mlb,SB,Cincinnati_Reds_at_St_Louis_Cardinals,0.04,8.5,-8.46,UNDER,Targeting LF  José Fermín UNDER 8.5 SB. Model projects 0.0 (8.46 edge). Recent trends and opponent weakness support this play.,José Fermín,0.04,0.0,
SS  Masyn Winn,St. Louis Cardinals,mlb,HR,Cincinnati_Reds_at_St_Louis_Cardinals,0.04,8.5,-8.46,UNDER,"Strong +EV opportunity: SS  Masyn Winn is projected for 0.0 HR vs a line of 8.5, giving a UNDER edge of 8.46. Based on recent form, opponent matchup, and game context.",Masyn Winn,0.04,0.0,
C   Freddy Fermin,San Diego Padres,mlb,HR,San_Diego_Padres_at_Miami_Marlins,0.04,8.5,-8.46,UNDER,"Strong +EV opportunity: C   Freddy Fermin is projected for 0.0 HR vs a line of 8.5, giving a UNDER edge of 8.46. Based on recent form, opponent matchup, and game context.",Freddy Fermin,0.04,0.0,
2B  Pedro Ramírez,Chicago Cubs,mlb,SB,Chicago_Cubs_at_Pittsburgh_Pirates,0.05,8.5,-8.45,UNDER,Targeting 2B  Pedro Ramírez UNDER 8.5 SB. Model projects 0.1 (8.45 edge). Recent trends and opponent weakness support this play.,Pedro Ramírez,0.05,0.0,
LF  Bryan Torres,St. Louis Cardinals,mlb,3B,Cincinnati_Reds_at_St_Louis_Cardinals,0.05,8.5,-8.45,UNDER,"Strong +EV opportunity: LF  Bryan Torres is projected for 0.1 3B vs a line of 8.5, giving a UNDER edge of 8.45. Based on recent form, opponent matchup, and game context.",Bryan Torres,0.05,0.0,
CF  Nathan Church,St. Louis Cardinals,mlb,SB,Cincinnati_Reds_at_St_Louis_Cardinals,0.05,8.5,-8.45,UNDER,"Strong +EV opportunity: CF  Nathan Church is projected for 0.1 SB vs a line of 8.5, giving a UNDER edge of 8.45. Based on recent form, opponent matchup, and game context.",Nathan Church,0.05,0.0,
RF  Jase Bowen,San Diego Padres,mlb,2B,San_Diego_Padres_at_Miami_Marlins,0.05,8.5,-8.45,UNDER,"Strong +EV opportunity: RF  Jase Bowen is projected for 0.1 2B vs a line of 8.5, giving a UNDER edge of 8.45. Based on recent form, opponent matchup, and game context.",Jase Bowen,0.05,0.0,
C   Miguel Amaya,Chicago Cubs,mlb,HR,Chicago_Cubs_at_Pittsburgh_Pirates,0.05,8.5,-8.45,UNDER,C   Miguel Amaya shows UNDER value at 8.5 HR. TC projection: 0.1 — edge: 8.45. Strong conviction based on usage rate and defensive matchup.,Miguel Amaya,0.05,0.0,
DH  Iván Herrera,St. Louis Cardinals,mlb,SB,Cincinnati_Reds_at_St_Louis_Cardinals,0.05,8.5,-8.45,UNDER,"Strong +EV opportunity: DH  Iván Herrera is projected for 0.1 SB vs a line of 8.5, giving a UNDER edge of 8.45. Based on recent form, opponent matchup, and game context.",Iván Herrera,0.05,0.0,
LF  José Fermín,St. Louis Cardinals,mlb,HR,Cincinnati_Reds_at_St_Louis_Cardinals,0.05,8.5,-8.45,UNDER,LF  José Fermín shows UNDER value at 8.5 HR. TC projection: 0.1 — edge: 8.45. Strong conviction based on usage rate and defensive matchup.,José Fermín,0.05,0.0,
2B  Jake Cronenworth,San Diego Padres,mlb,HR,San_Diego_Padres_at_Miami_Marlins,0.05,8.5,-8.45,UNDER,"Strong +EV opportunity: 2B  Jake Cronenworth is projected for 0.1 HR vs a line of 8.5, giving a UNDER edge of 8.45. Based on recent form, opponent matchup, and game context.",Jake Cronenworth,0.05,0.0,
RF  Jase Bowen,San Diego Padres,mlb,BB,San_Diego_Padres_at_Miami_Marlins,0.05,8.5,-8.45,UNDER,"Strong +EV opportunity: RF  Jase Bowen is projected for 0.1 BB vs a line of 8.5, giving a UNDER edge of 8.45. Based on recent form, opponent matchup, and game context.",Jase Bowen,0.05,0.0,
TWP Shohei Ohtani,Los Angeles Dodgers,mlb,R,Los_Angeles_Dodgers_at_New_York_Mets,0.56,9.0,-8.44,UNDER,TWP Shohei Ohtani shows UNDER value at 9.0 R. TC projection: 0.6 — edge: 8.44. Strong conviction based on usage rate and defensive matchup.,TWP Shohei Ohtani,0.56,0.0,
CF  Lane Thomas,Kansas City Royals,mlb,H,Kansas_City_Royals_at_Detroit_Tigers,0.56,9.0,-8.44,UNDER,Targeting CF  Lane Thomas UNDER 9.0 H. Model projects 0.6 (8.44 edge). Recent trends and opponent weakness support this play.,Lane Thomas,0.56,0.0,
2B  Jake Cronenworth,San Diego Padres,mlb,SB,San_Diego_Padres_at_Miami_Marlins,0.06,8.5,-8.44,UNDER,Targeting 2B  Jake Cronenworth UNDER 8.5 SB. Model projects 0.1 (8.44 edge). Recent trends and opponent weakness support this play.,Jake Cronenworth,0.06,0.0,
3B  Blaze Jordan,St. Louis Cardinals,mlb,3B,Cincinnati_Reds_at_St_Louis_Cardinals,0.06,8.5,-8.44,UNDER,Targeting 3B  Blaze Jordan UNDER 8.5 3B. Model projects 0.1 (8.44 edge). Recent trends and opponent weakness support this play.,Blaze Jordan,0.06,0.0,
C   Pedro Pagés,St. Louis Cardinals,mlb,HR,Cincinnati_Reds_at_St_Louis_Cardinals,0.06,8.5,-8.44,UNDER,Targeting C   Pedro Pagés UNDER 8.5 HR. Model projects 0.1 (8.44 edge). Recent trends and opponent weakness support this play.,Pedro Pagés,0.06,0.0,
RF  Fernando Tatis Jr.,San Diego Padres,mlb,HR,San_Diego_Padres_at_Miami_Marlins,0.06,8.5,-8.44,UNDER,Targeting RF  Fernando Tatis Jr. UNDER 8.5 HR. Model projects 0.1 (8.44 edge). Recent trends and opponent weakness support this play.,Fernando Tatis Jr.,0.06,0.0,
RF  Starling Marte,Kansas City Royals,mlb,H,Kansas_City_Royals_at_Detroit_Tigers,0.57,9.0,-8.43,UNDER,RF  Starling Marte shows UNDER value at 9.0 H. TC projection: 0.6 — edge: 8.43. Strong conviction based on usage rate and defensive matchup.,Starling Marte,0.57,0.0,
LF  Lars Nootbaar,St. Louis Cardinals,mlb,HR,Cincinnati_Reds_at_St_Louis_Cardinals,0.07,8.5,-8.43,UNDER,"Strong +EV opportunity: LF  Lars Nootbaar is projected for 0.1 HR vs a line of 8.5, giving a UNDER edge of 8.43. Based on recent form, opponent matchup, and game context.",Lars Nootbaar,0.07,0.0,
SS  Masyn Winn,St. Louis Cardinals,mlb,SB,Cincinnati_Reds_at_St_Louis_Cardinals,0.07,8.5,-8.43,UNDER,"Strong +EV opportunity: SS  Masyn Winn is projected for 0.1 SB vs a line of 8.5, giving a UNDER edge of 8.43. Based on recent form, opponent matchup, and game context.",Masyn Winn,0.07,0.0,
RF  Jase Bowen,San Diego Padres,mlb,RBI,San_Diego_Padres_at_Miami_Marlins,0.07,8.5,-8.43,UNDER,"Strong +EV opportunity: RF  Jase Bowen is projected for 0.1 RBI vs a line of 8.5, giving a UNDER edge of 8.43. Based on recent form, opponent matchup, and game context.",Jase Bowen,0.07,0.0,
C   Rodolfo Durán,San Diego Padres,mlb,HR,San_Diego_Padres_at_Miami_Marlins,0.07,8.5,-8.43,UNDER,C   Rodolfo Durán shows UNDER value at 8.5 HR. TC projection: 0.1 — edge: 8.43. Strong conviction based on usage rate and defensive matchup.,Rodolfo Durán,0.07,0.0,
2B  Sung-Mun Song,San Diego Padres,mlb,2B,San_Diego_Padres_at_Miami_Marlins,0.07,8.5,-8.43,UNDER,2B  Sung-Mun Song shows UNDER value at 8.5 2B. TC projection: 0.1 — edge: 8.43. Strong conviction based on usage rate and defensive matchup.,Sung-Mun Song,0.07,0.0,
C   Carson Kelly,Chicago Cubs,mlb,HR,Chicago_Cubs_at_Pittsburgh_Pirates,0.07,8.5,-8.43,UNDER,Targeting C   Carson Kelly UNDER 8.5 HR. Model projects 0.1 (8.43 edge). Recent trends and opponent weakness support this play.,Carson Kelly,0.07,0.0,
CF  Justin Dean,Chicago Cubs,mlb,3B,Chicago_Cubs_at_Pittsburgh_Pirates,0.07,8.5,-8.43,UNDER,Targeting CF  Justin Dean UNDER 8.5 3B. Model projects 0.1 (8.43 edge). Recent trends and opponent weakness support this play.,Justin Dean,0.07,0.0,
3B  Alex Bregman,Chicago Cubs,mlb,HR,Chicago_Cubs_at_Pittsburgh_Pirates,0.08,8.5,-8.42,UNDER,"Strong +EV opportunity: 3B  Alex Bregman is projected for 0.1 HR vs a line of 8.5, giving a UNDER edge of 8.42. Based on recent form, opponent matchup, and game context.",Alex Bregman,0.08,0.0,
2B  Jake Cronenworth,San Diego Padres,mlb,2B,San_Diego_Padres_at_Miami_Marlins,0.08,8.5,-8.42,UNDER,Targeting 2B  Jake Cronenworth UNDER 8.5 2B. Model projects 0.1 (8.42 edge). Recent trends and opponent weakness support this play.,Jake Cronenworth,0.08,0.0,
SS  Xander Bogaerts,San Diego Padres,mlb,HR,San_Diego_Padres_at_Miami_Marlins,0.08,8.5,-8.42,UNDER,SS  Xander Bogaerts shows UNDER value at 8.5 HR. TC projection: 0.1 — edge: 8.42. Strong conviction based on usage rate and defensive matchup.,Xander Bogaerts,0.08,0.0,
SS  Xander Bogaerts,San Diego Padres,mlb,2B,San_Diego_Padres_at_Miami_Marlins,0.08,8.5,-8.42,UNDER,Targeting SS  Xander Bogaerts UNDER 8.5 2B. Model projects 0.1 (8.42 edge). Recent trends and opponent weakness support this play.,Xander Bogaerts,0.08,0.0,
C   Jimmy Crooks,St. Louis Cardinals,mlb,HR,Cincinnati_Reds_at_St_Louis_Cardinals,0.08,8.5,-8.42,UNDER,Targeting C   Jimmy Crooks UNDER 8.5 HR. Model projects 0.1 (8.42 edge). Recent trends and opponent weakness support this play.,Jimmy Crooks,0.08,0.0,
C   Jimmy Crooks,St. Louis Cardinals,mlb,2B,Cincinnati_Reds_at_St_Louis_Cardinals,0.08,8.5,-8.42,UNDER,C   Jimmy Crooks shows UNDER value at 8.5 2B. TC projection: 0.1 — edge: 8.42. Strong conviction based on usage rate and defensive matchup.,Jimmy Crooks,0.08,0.0,
CF  Nathan Church,St. Louis Cardinals,mlb,HR,Cincinnati_Reds_at_St_Louis_Cardinals,0.08,8.5,-8.42,UNDER,"Strong +EV opportunity: CF  Nathan Church is projected for 0.1 HR vs a line of 8.5, giving a UNDER edge of 8.42. Based on recent form, opponent matchup, and game context.",Nathan Church,0.08,0.0,
C   Dalton Rushing,Los Angeles Dodgers,mlb,H,Los_Angeles_Dodgers_at_New_York_Mets,0.59,9.0,-8.41,UNDER,"Strong +EV opportunity: C   Dalton Rushing is projected for 0.6 H vs a line of 9.0, giving a UNDER edge of 8.41. Based on recent form, opponent matchup, and game context.",Dalton Rushing,0.59,0.0,
3B  Blaze Jordan,St. Louis Cardinals,mlb,BB,Cincinnati_Reds_at_St_Louis_Cardinals,0.09,8.5,-8.41,UNDER,"Strong +EV opportunity: 3B  Blaze Jordan is projected for 0.1 BB vs a line of 8.5, giving a UNDER edge of 8.41. Based on recent form, opponent matchup, and game context.",Blaze Jordan,0.09,0.0,
CF  Nathan Church,St. Louis Cardinals,mlb,2B,Cincinnati_Reds_at_St_Louis_Cardinals,0.09,8.5,-8.41,UNDER,CF  Nathan Church shows UNDER value at 8.5 2B. TC projection: 0.1 — edge: 8.41. Strong conviction based on usage rate and defensive matchup.,Nathan Church,0.09,0.0,
LF  Nelson Velázquez,St. Louis Cardinals,mlb,2B,Cincinnati_Reds_at_St_Louis_Cardinals,0.09,8.5,-8.41,UNDER,Targeting LF  Nelson Velázquez UNDER 8.5 2B. Model projects 0.1 (8.41 edge). Recent trends and opponent weakness support this play.,Nelson Velázquez,0.09,0.0,
C   Pedro Pagés,St. Louis Cardinals,mlb,2B,Cincinnati_Reds_at_St_Louis_Cardinals,0.09,8.5,-8.41,UNDER,Targeting C   Pedro Pagés UNDER 8.5 2B. Model projects 0.1 (8.41 edge). Recent trends and opponent weakness support this play.,Pedro Pagés,0.09,0.0,
C   Rodolfo Durán,San Diego Padres,mlb,2B,San_Diego_Padres_at_Miami_Marlins,0.09,8.5,-8.41,UNDER,Targeting C   Rodolfo Durán UNDER 8.5 2B. Model projects 0.1 (8.41 edge). Recent trends and opponent weakness support this play.,Rodolfo Durán,0.09,0.0,
DH  Iván Herrera,St. Louis Cardinals,mlb,HR,Cincinnati_Reds_at_St_Louis_Cardinals,0.09,8.5,-8.41,UNDER,Targeting DH  Iván Herrera UNDER 8.5 HR. Model projects 0.1 (8.41 edge). Recent trends and opponent weakness support this play.,Iván Herrera,0.09,0.0,
2B  JJ Wetherholt,St. Louis Cardinals,mlb,2B,Cincinnati_Reds_at_St_Louis_Cardinals,0.09,8.5,-8.41,UNDER,2B  JJ Wetherholt shows UNDER value at 8.5 2B. TC projection: 0.1 — edge: 8.41. Strong conviction based on usage rate and defensive matchup.,JJ Wetherholt,0.09,0.0,
2B  JJ Wetherholt,St. Louis Cardinals,mlb,SB,Cincinnati_Reds_at_St_Louis_Cardinals,0.09,8.5,-8.41,UNDER,2B  JJ Wetherholt shows UNDER value at 8.5 SB. TC projection: 0.1 — edge: 8.41. Strong conviction based on usage rate and defensive matchup.,JJ Wetherholt,0.09,0.0,
C   Pedro Pagés,St. Louis Cardinals,mlb,BB,Cincinnati_Reds_at_St_Louis_Cardinals,0.09,8.5,-8.41,UNDER,"Strong +EV opportunity: C   Pedro Pagés is projected for 0.1 BB vs a line of 8.5, giving a UNDER edge of 8.41. Based on recent form, opponent matchup, and game context.",Pedro Pagés,0.09,0.0,
SS  Dansby Swanson,Chicago Cubs,mlb,2B,Chicago_Cubs_at_Pittsburgh_Pirates,0.1,8.5,-8.4,UNDER,"Strong +EV opportunity: SS  Dansby Swanson is projected for 0.1 2B vs a line of 8.5, giving a UNDER edge of 8.40. Based on recent form, opponent matchup, and game context.",Dansby Swanson,0.1,0.0,
LF  Bryan Torres,St. Louis Cardinals,mlb,HR,Cincinnati_Reds_at_St_Louis_Cardinals,0.1,8.5,-8.4,UNDER,"Strong +EV opportunity: LF  Bryan Torres is projected for 0.1 HR vs a line of 8.5, giving a UNDER edge of 8.40. Based on recent form, opponent matchup, and game context.",Bryan Torres,0.1,0.0,
RF  Jase Bowen,San Diego Padres,mlb,SB,San_Diego_Padres_at_Miami_Marlins,0.1,8.5,-8.4,UNDER,"Strong +EV opportunity: RF  Jase Bowen is projected for 0.1 SB vs a line of 8.5, giving a UNDER edge of 8.40. Based on recent form, opponent matchup, and game context.",Jase Bowen,0.1,0.0,
C   Luis Campusano,San Diego Padres,mlb,HR,San_Diego_Padres_at_Miami_Marlins,0.1,8.5,-8.4,UNDER,"Strong +EV opportunity: C   Luis Campusano is projected for 0.1 HR vs a line of 8.5, giving a UNDER edge of 8.40. Based on recent form, opponent matchup, and game context.",Luis Campusano,0.1,0.0,
C   Freddy Fermin,San Diego Padres,mlb,2B,San_Diego_Padres_at_Miami_Marlins,0.1,8.5,-8.4,UNDER,Targeting C   Freddy Fermin UNDER 8.5 2B. Model projects 0.1 (8.40 edge). Recent trends and opponent weakness support this play.,Freddy Fermin,0.1,0.0,
3B  Brett Baty,New York Mets,mlb,H,Los_Angeles_Dodgers_at_New_York_Mets,0.61,9.0,-8.39,UNDER,3B  Brett Baty shows UNDER value at 9.0 H. TC projection: 0.6 — edge: 8.39. Strong conviction based on usage rate and defensive matchup.,Brett Baty,0.61,0.0,
1B  Jared Young,New York Mets,mlb,H,Los_Angeles_Dodgers_at_New_York_Mets,0.61,9.0,-8.39,UNDER,"Strong +EV opportunity: 1B  Jared Young is projected for 0.6 H vs a line of 9.0, giving a UNDER edge of 8.39. Based on recent form, opponent matchup, and game context.",Jared Young,0.61,0.0,
1B  Michael Busch,Chicago Cubs,mlb,HR,Chicago_Cubs_at_Pittsburgh_Pirates,0.11,8.5,-8.39,UNDER,1B  Michael Busch shows UNDER value at 8.5 HR. TC projection: 0.1 — edge: 8.39. Strong conviction based on usage rate and defensive matchup.,Michael Busch,0.11,0.0,
C   Carson Kelly,Chicago Cubs,mlb,2B,Chicago_Cubs_at_Pittsburgh_Pirates,0.11,8.5,-8.39,UNDER,"Strong +EV opportunity: C   Carson Kelly is projected for 0.1 2B vs a line of 8.5, giving a UNDER edge of 8.39. Based on recent form, opponent matchup, and game context.",Carson Kelly,0.11,0.0,
DH  Michael Conforto,Chicago Cubs,mlb,HR,Chicago_Cubs_at_Pittsburgh_Pirates,0.11,8.5,-8.39,UNDER,"Strong +EV opportunity: DH  Michael Conforto is projected for 0.1 HR vs a line of 8.5, giving a UNDER edge of 8.39. Based on recent form, opponent matchup, and game context.",Michael Conforto,0.11,0.0,
C   Jimmy Crooks,St. Louis Cardinals,mlb,R,Cincinnati_Reds_at_St_Louis_Cardinals,0.11,8.5,-8.39,UNDER,C   Jimmy Crooks shows UNDER value at 8.5 R. TC projection: 0.1 — edge: 8.39. Strong conviction based on usage rate and defensive matchup.,Jimmy Crooks,0.11,0.0,
SS  Masyn Winn,St. Louis Cardinals,mlb,2B,Cincinnati_Reds_at_St_Louis_Cardinals,0.11,8.5,-8.39,UNDER,"Strong +EV opportunity: SS  Masyn Winn is projected for 0.1 2B vs a line of 8.5, giving a UNDER edge of 8.39. Based on recent form, opponent matchup, and game context.",Masyn Winn,0.11,0.0,
3B  Nick Loftin,Kansas City Royals,mlb,H,Kansas_City_Royals_at_Detroit_Tigers,0.62,9.0,-8.38,UNDER,Targeting 3B  Nick Loftin UNDER 9.0 H. Model projects 0.6 (8.38 edge). Recent trends and opponent weakness support this play.,Nick Loftin,0.62,0.0,
DH  Iván Herrera,St. Louis Cardinals,mlb,2B,Cincinnati_Reds_at_St_Louis_Cardinals,0.12,8.5,-8.38,UNDER,"Strong +EV opportunity: DH  Iván Herrera is projected for 0.1 2B vs a line of 8.5, giving a UNDER edge of 8.38. Based on recent form, opponent matchup, and game context.",Iván Herrera,0.12,0.0,
RF  Jordan Walker,St. Louis Cardinals,mlb,SB,Cincinnati_Reds_at_St_Louis_Cardinals,0.12,8.5,-8.38,UNDER,RF  Jordan Walker shows UNDER value at 8.5 SB. TC projection: 0.1 — edge: 8.38. Strong conviction based on usage rate and defensive matchup.,Jordan Walker,0.12,0.0,
LF  Nelson Velázquez,St. Louis Cardinals,mlb,HR,Cincinnati_Reds_at_St_Louis_Cardinals,0.12,8.5,-8.38,UNDER,Targeting LF  Nelson Velázquez UNDER 8.5 HR. Model projects 0.1 (8.38 edge). Recent trends and opponent weakness support this play.,Nelson Velázquez,0.12,0.0,
3B  Luis Rengifo,San Diego Padres,mlb,2B,San_Diego_Padres_at_Miami_Marlins,0.12,8.5,-8.38,UNDER,3B  Luis Rengifo shows UNDER value at 8.5 2B. TC projection: 0.1 — edge: 8.38. Strong conviction based on usage rate and defensive matchup.,Luis Rengifo,0.12,0.0,
SS  Xander Bogaerts,San Diego Padres,mlb,SB,San_Diego_Padres_at_Miami_Marlins,0.12,8.5,-8.38,UNDER,"Strong +EV opportunity: SS  Xander Bogaerts is projected for 0.1 SB vs a line of 8.5, giving a UNDER edge of 8.38. Based on recent form, opponent matchup, and game context.",Xander Bogaerts,0.12,0.0,
3B  Alex Bregman,Chicago Cubs,mlb,2B,Chicago_Cubs_at_Pittsburgh_Pirates,0.12,8.5,-8.38,UNDER,3B  Alex Bregman shows UNDER value at 8.5 2B. TC projection: 0.1 — edge: 8.38. Strong conviction based on usage rate and defensive matchup.,Alex Bregman,0.12,0.0,
SS  Dansby Swanson,Chicago Cubs,mlb,SB,Chicago_Cubs_at_Pittsburgh_Pirates,0.12,8.5,-8.38,UNDER,"Strong +EV opportunity: SS  Dansby Swanson is projected for 0.1 SB vs a line of 8.5, giving a UNDER edge of 8.38. Based on recent form, opponent matchup, and game context.",Dansby Swanson,0.12,0.0,
DH  Michael Conforto,Chicago Cubs,mlb,2B,Chicago_Cubs_at_Pittsburgh_Pirates,0.12,8.5,-8.38,UNDER,DH  Michael Conforto shows UNDER value at 8.5 2B. TC projection: 0.1 — edge: 8.38. Strong conviction based on usage rate and defensive matchup.,Michael Conforto,0.12,0.0,
C   Miguel Amaya,Chicago Cubs,mlb,2B,Chicago_Cubs_at_Pittsburgh_Pirates,0.12,8.5,-8.38,UNDER,C   Miguel Amaya shows UNDER value at 8.5 2B. TC projection: 0.1 — edge: 8.38. Strong conviction based on usage rate and defensive matchup.,Miguel Amaya,0.12,0.0,
2B  Nico Hoerner,Chicago Cubs,mlb,SB,Chicago_Cubs_at_Pittsburgh_Pirates,0.12,8.5,-8.38,UNDER,Targeting 2B  Nico Hoerner UNDER 8.5 SB. Model projects 0.1 (8.38 edge). Recent trends and opponent weakness support this play.,Nico Hoerner,0.12,0.0,
LF  José Fermín,St. Louis Cardinals,mlb,2B,Cincinnati_Reds_at_St_Louis_Cardinals,0.12,8.5,-8.38,UNDER,LF  José Fermín shows UNDER value at 8.5 2B. TC projection: 0.1 — edge: 8.38. Strong conviction based on usage rate and defensive matchup.,José Fermín,0.12,0.0,
1B  Gavin Sheets,San Diego Padres,mlb,HR,San_Diego_Padres_at_Miami_Marlins,0.12,8.5,-8.38,UNDER,1B  Gavin Sheets shows UNDER value at 8.5 HR. TC projection: 0.1 — edge: 8.38. Strong conviction based on usage rate and defensive matchup.,Gavin Sheets,0.12,0.0,
CF  Jackson Merrill,San Diego Padres,mlb,HR,San_Diego_Padres_at_Miami_Marlins,0.12,8.5,-8.38,UNDER,Targeting CF  Jackson Merrill UNDER 8.5 HR. Model projects 0.1 (8.38 edge). Recent trends and opponent weakness support this play.,Jackson Merrill,0.12,0.0,
CF  Jackson Merrill,San Diego Padres,mlb,2B,San_Diego_Padres_at_Miami_Marlins,0.12,8.5,-8.38,UNDER,CF  Jackson Merrill shows UNDER value at 8.5 2B. TC projection: 0.1 — edge: 8.38. Strong conviction based on usage rate and defensive matchup.,Jackson Merrill,0.12,0.0,
1B  Alec Burleson,St. Louis Cardinals,mlb,HR,Cincinnati_Reds_at_St_Louis_Cardinals,0.13,8.5,-8.37,UNDER,1B  Alec Burleson shows UNDER value at 8.5 HR. TC projection: 0.1 — edge: 8.37. Strong conviction based on usage rate and defensive matchup.,Alec Burleson,0.13,0.0,
LF  Lars Nootbaar,St. Louis Cardinals,mlb,2B,Cincinnati_Reds_at_St_Louis_Cardinals,0.13,8.5,-8.37,UNDER,LF  Lars Nootbaar shows UNDER value at 8.5 2B. TC projection: 0.1 — edge: 8.37. Strong conviction based on usage rate and defensive matchup.,Lars Nootbaar,0.13,0.0,
SS  Dansby Swanson,Chicago Cubs,mlb,HR,Chicago_Cubs_at_Pittsburgh_Pirates,0.13,8.5,-8.37,UNDER,SS  Dansby Swanson shows UNDER value at 8.5 HR. TC projection: 0.1 — edge: 8.37. Strong conviction based on usage rate and defensive matchup.,Dansby Swanson,0.13,0.0,
2B  Pedro Ramírez,Chicago Cubs,mlb,BB,Chicago_Cubs_at_Pittsburgh_Pirates,0.13,8.5,-8.37,UNDER,2B  Pedro Ramírez shows UNDER value at 8.5 BB. TC projection: 0.1 — edge: 8.37. Strong conviction based on usage rate and defensive matchup.,Pedro Ramírez,0.13,0.0,
2B  JJ Wetherholt,St. Louis Cardinals,mlb,HR,Cincinnati_Reds_at_St_Louis_Cardinals,0.13,8.5,-8.37,UNDER,Targeting 2B  JJ Wetherholt UNDER 8.5 HR. Model projects 0.1 (8.37 edge). Recent trends and opponent weakness support this play.,JJ Wetherholt,0.13,0.0,
1B  Gavin Sheets,San Diego Padres,mlb,2B,San_Diego_Padres_at_Miami_Marlins,0.13,8.5,-8.37,UNDER,Targeting 1B  Gavin Sheets UNDER 8.5 2B. Model projects 0.1 (8.37 edge). Recent trends and opponent weakness support this play.,Gavin Sheets,0.13,0.0,
3B  Manny Machado,San Diego Padres,mlb,2B,San_Diego_Padres_at_Miami_Marlins,0.13,8.5,-8.37,UNDER,"Strong +EV opportunity: 3B  Manny Machado is projected for 0.1 2B vs a line of 8.5, giving a UNDER edge of 8.37. Based on recent form, opponent matchup, and game context.",Manny Machado,0.13,0.0,
LF  Isaac Collins,Kansas City Royals,mlb,H,Kansas_City_Royals_at_Detroit_Tigers,0.64,9.0,-8.36,UNDER,"Strong +EV opportunity: LF  Isaac Collins is projected for 0.6 H vs a line of 9.0, giving a UNDER edge of 8.36. Based on recent form, opponent matchup, and game context.",Isaac Collins,0.64,0.0,
CF  Justin Dean,Chicago Cubs,mlb,BB,Chicago_Cubs_at_Pittsburgh_Pirates,0.14,8.5,-8.36,UNDER,CF  Justin Dean shows UNDER value at 8.5 BB. TC projection: 0.1 — edge: 8.36. Strong conviction based on usage rate and defensive matchup.,Justin Dean,0.14,0.0,
3B  Blaze Jordan,St. Louis Cardinals,mlb,2B,Cincinnati_Reds_at_St_Louis_Cardinals,0.14,8.5,-8.36,UNDER,"Strong +EV opportunity: 3B  Blaze Jordan is projected for 0.1 2B vs a line of 8.5, giving a UNDER edge of 8.36. Based on recent form, opponent matchup, and game context.",Blaze Jordan,0.14,0.0,
CF  Nathan Church,St. Louis Cardinals,mlb,BB,Cincinnati_Reds_at_St_Louis_Cardinals,0.14,8.5,-8.36,UNDER,Targeting CF  Nathan Church UNDER 8.5 BB. Model projects 0.1 (8.36 edge). Recent trends and opponent weakness support this play.,Nathan Church,0.14,0.0,
C   Freddy Fermin,San Diego Padres,mlb,RBI,San_Diego_Padres_at_Miami_Marlins,0.14,8.5,-8.36,UNDER,Targeting C   Freddy Fermin UNDER 8.5 RBI. Model projects 0.1 (8.36 edge). Recent trends and opponent weakness support this play.,Freddy Fermin,0.14,0.0,
1B  Ty France,San Diego Padres,mlb,2B,San_Diego_Padres_at_Miami_Marlins,0.14,8.5,-8.36,UNDER,"Strong +EV opportunity: 1B  Ty France is projected for 0.1 2B vs a line of 8.5, giving a UNDER edge of 8.36. Based on recent form, opponent matchup, and game context.",Ty France,0.14,0.0,
1B  Ty France,San Diego Padres,mlb,BB,San_Diego_Padres_at_Miami_Marlins,0.14,8.5,-8.36,UNDER,"Strong +EV opportunity: 1B  Ty France is projected for 0.1 BB vs a line of 8.5, giving a UNDER edge of 8.36. Based on recent form, opponent matchup, and game context.",Ty France,0.14,0.0,
CF  Justin Dean,Chicago Cubs,mlb,H,Chicago_Cubs_at_Pittsburgh_Pirates,0.14,8.5,-8.36,UNDER,CF  Justin Dean shows UNDER value at 8.5 H. TC projection: 0.1 — edge: 8.36. Strong conviction based on usage rate and defensive matchup.,Justin Dean,0.14,0.0,
1B  Michael Busch,Chicago Cubs,mlb,2B,Chicago_Cubs_at_Pittsburgh_Pirates,0.14,8.5,-8.36,UNDER,1B  Michael Busch shows UNDER value at 8.5 2B. TC projection: 0.1 — edge: 8.36. Strong conviction based on usage rate and defensive matchup.,Michael Busch,0.14,0.0,
CF  Pete Crow-Armstrong,Chicago Cubs,mlb,2B,Chicago_Cubs_at_Pittsburgh_Pirates,0.14,8.5,-8.36,UNDER,Targeting CF  Pete Crow-Armstrong UNDER 8.5 2B. Model projects 0.1 (8.36 edge). Recent trends and opponent weakness support this play.,Pete Crow-Armstrong,0.14,0.0,
LF  Juan Soto,New York Mets,mlb,BB,Los_Angeles_Dodgers_at_New_York_Mets,0.65,9.0,-8.35,UNDER,"Strong +EV opportunity: LF  Juan Soto is projected for 0.7 BB vs a line of 9.0, giving a UNDER edge of 8.35. Based on recent form, opponent matchup, and game context.",Juan Soto,0.65,0.0,
CF  Luis Robert Jr.,New York Mets,mlb,H,Los_Angeles_Dodgers_at_New_York_Mets,0.65,9.0,-8.35,UNDER,CF  Luis Robert Jr. shows UNDER value at 9.0 H. TC projection: 0.7 — edge: 8.35. Strong conviction based on usage rate and defensive matchup.,Luis Robert Jr.,0.65,0.0,
2B  Marcus Semien,New York Mets,mlb,H,Los_Angeles_Dodgers_at_New_York_Mets,0.65,9.0,-8.35,UNDER,2B  Marcus Semien shows UNDER value at 9.0 H. TC projection: 0.7 — edge: 8.35. Strong conviction based on usage rate and defensive matchup.,Marcus Semien,0.65,0.0,
LF  Ian Happ,Chicago Cubs,mlb,HR,Chicago_Cubs_at_Pittsburgh_Pirates,0.15,8.5,-8.35,UNDER,Targeting LF  Ian Happ UNDER 8.5 HR. Model projects 0.1 (8.35 edge). Recent trends and opponent weakness support this play.,Ian Happ,0.15,0.0,
LF  Bryan Torres,St. Louis Cardinals,mlb,BB,Cincinnati_Reds_at_St_Louis_Cardinals,0.15,8.5,-8.35,UNDER,LF  Bryan Torres shows UNDER value at 8.5 BB. TC projection: 0.1 — edge: 8.35. Strong conviction based on usage rate and defensive matchup.,Bryan Torres,0.15,0.0,
LF  Ian Happ,Chicago Cubs,mlb,2B,Chicago_Cubs_at_Pittsburgh_Pirates,0.15,8.5,-8.35,UNDER,Targeting LF  Ian Happ UNDER 8.5 2B. Model projects 0.1 (8.35 edge). Recent trends and opponent weakness support this play.,Ian Happ,0.15,0.0,
RF  Seiya Suzuki,Chicago Cubs,mlb,2B,Chicago_Cubs_at_Pittsburgh_Pirates,0.15,8.5,-8.35,UNDER,"Strong +EV opportunity: RF  Seiya Suzuki is projected for 0.1 2B vs a line of 8.5, giving a UNDER edge of 8.35. Based on recent form, opponent matchup, and game context.",Seiya Suzuki,0.15,0.0,
2B  Pedro Ramírez,Chicago Cubs,mlb,2B,Chicago_Cubs_at_Pittsburgh_Pirates,0.16,8.5,-8.34,UNDER,Targeting 2B  Pedro Ramírez UNDER 8.5 2B. Model projects 0.2 (8.34 edge). Recent trends and opponent weakness support this play.,Pedro Ramírez,0.16,0.0,
C   Pedro Pagés,St. Louis Cardinals,mlb,RBI,Cincinnati_Reds_at_St_Louis_Cardinals,0.16,8.5,-8.34,UNDER,C   Pedro Pagés shows UNDER value at 8.5 RBI. TC projection: 0.2 — edge: 8.34. Strong conviction based on usage rate and defensive matchup.,Pedro Pagés,0.16,0.0,
RF  Seiya Suzuki,Chicago Cubs,mlb,HR,Chicago_Cubs_at_Pittsburgh_Pirates,0.16,8.5,-8.34,UNDER,Targeting RF  Seiya Suzuki UNDER 8.5 HR. Model projects 0.2 (8.34 edge). Recent trends and opponent weakness support this play.,Seiya Suzuki,0.16,0.0,
RF  Fernando Tatis Jr.,San Diego Padres,mlb,2B,San_Diego_Padres_at_Miami_Marlins,0.16,8.5,-8.34,UNDER,"Strong +EV opportunity: RF  Fernando Tatis Jr. is projected for 0.2 2B vs a line of 8.5, giving a UNDER edge of 8.34. Based on recent form, opponent matchup, and game context.",Fernando Tatis Jr.,0.16,0.0,
CF  Jackson Merrill,San Diego Padres,mlb,SB,San_Diego_Padres_at_Miami_Marlins,0.16,8.5,-8.34,UNDER,Targeting CF  Jackson Merrill UNDER 8.5 SB. Model projects 0.2 (8.34 edge). Recent trends and opponent weakness support this play.,Jackson Merrill,0.16,0.0,
C   Rodolfo Durán,San Diego Padres,mlb,BB,San_Diego_Padres_at_Miami_Marlins,0.16,8.5,-8.34,UNDER,"Strong +EV opportunity: C   Rodolfo Durán is projected for 0.2 BB vs a line of 8.5, giving a UNDER edge of 8.34. Based on recent form, opponent matchup, and game context.",Rodolfo Durán,0.16,0.0,
RF  Jase Bowen,San Diego Padres,mlb,H,San_Diego_Padres_at_Miami_Marlins,0.17,8.5,-8.33,UNDER,Targeting RF  Jase Bowen UNDER 8.5 H. Model projects 0.2 (8.33 edge). Recent trends and opponent weakness support this play.,Jase Bowen,0.17,0.0,
1B  Ty France,San Diego Padres,mlb,HR,San_Diego_Padres_at_Miami_Marlins,0.17,8.5,-8.33,UNDER,Targeting 1B  Ty France UNDER 8.5 HR. Model projects 0.2 (8.33 edge). Recent trends and opponent weakness support this play.,Ty France,0.17,0.0,
DH  Salvador Perez,Kansas City Royals,mlb,H,Kansas_City_Royals_at_Detroit_Tigers,0.68,9.0,-8.32,UNDER,"Strong +EV opportunity: DH  Salvador Perez is projected for 0.7 H vs a line of 9.0, giving a UNDER edge of 8.32. Based on recent form, opponent matchup, and game context.",Salvador Perez,0.68,0.0,
CF  Pete Crow-Armstrong,Chicago Cubs,mlb,HR,Chicago_Cubs_at_Pittsburgh_Pirates,0.18,8.5,-8.32,UNDER,"Strong +EV opportunity: CF  Pete Crow-Armstrong is projected for 0.2 HR vs a line of 8.5, giving a UNDER edge of 8.32. Based on recent form, opponent matchup, and game context.",Pete Crow-Armstrong,0.18,0.0,
3B  Manny Machado,San Diego Padres,mlb,HR,San_Diego_Padres_at_Miami_Marlins,0.18,8.5,-8.32,UNDER,"Strong +EV opportunity: 3B  Manny Machado is projected for 0.2 HR vs a line of 8.5, giving a UNDER edge of 8.32. Based on recent form, opponent matchup, and game context.",Manny Machado,0.18,0.0,
C   Rodolfo Durán,San Diego Padres,mlb,R,San_Diego_Padres_at_Miami_Marlins,0.18,8.5,-8.32,UNDER,Targeting C   Rodolfo Durán UNDER 8.5 R. Model projects 0.2 (8.32 edge). Recent trends and opponent weakness support this play.,Rodolfo Durán,0.18,0.0,
C   Luis Campusano,San Diego Padres,mlb,2B,San_Diego_Padres_at_Miami_Marlins,0.18,8.5,-8.32,UNDER,C   Luis Campusano shows UNDER value at 8.5 2B. TC projection: 0.2 — edge: 8.32. Strong conviction based on usage rate and defensive matchup.,Luis Campusano,0.18,0.0,
C   Rodolfo Durán,San Diego Padres,mlb,RBI,San_Diego_Padres_at_Miami_Marlins,0.18,8.5,-8.32,UNDER,Targeting C   Rodolfo Durán UNDER 8.5 RBI. Model projects 0.2 (8.32 edge). Recent trends and opponent weakness support this play.,Rodolfo Durán,0.18,0.0,
2B  Michael Massey,Kansas City Royals,mlb,H,Kansas_City_Royals_at_Detroit_Tigers,0.69,9.0,-8.31,UNDER,Targeting 2B  Michael Massey UNDER 9.0 H. Model projects 0.7 (8.31 edge). Recent trends and opponent weakness support this play.,Michael Massey,0.69,0.0,
2B  Nico Hoerner,Chicago Cubs,mlb,2B,Chicago_Cubs_at_Pittsburgh_Pirates,0.19,8.5,-8.31,UNDER,2B  Nico Hoerner shows UNDER value at 8.5 2B. TC projection: 0.2 — edge: 8.31. Strong conviction based on usage rate and defensive matchup.,Nico Hoerner,0.19,0.0,
RF  Jordan Walker,St. Louis Cardinals,mlb,HR,Cincinnati_Reds_at_St_Louis_Cardinals,0.19,8.5,-8.31,UNDER,RF  Jordan Walker shows UNDER value at 8.5 HR. TC projection: 0.2 — edge: 8.31. Strong conviction based on usage rate and defensive matchup.,Jordan Walker,0.19,0.0,
RF  Jase Bowen,San Diego Padres,mlb,R,San_Diego_Padres_at_Miami_Marlins,0.19,8.5,-8.31,UNDER,RF  Jase Bowen shows UNDER value at 8.5 R. TC projection: 0.2 — edge: 8.31. Strong conviction based on usage rate and defensive matchup.,Jase Bowen,0.19,0.0,
2B  Sung-Mun Song,San Diego Padres,mlb,SB,San_Diego_Padres_at_Miami_Marlins,0.19,8.5,-8.31,UNDER,"Strong +EV opportunity: 2B  Sung-Mun Song is projected for 0.2 SB vs a line of 8.5, giving a UNDER edge of 8.31. Based on recent form, opponent matchup, and game context.",Sung-Mun Song,0.19,0.0,
RF  Jordan Walker,St. Louis Cardinals,mlb,2B,Cincinnati_Reds_at_St_Louis_Cardinals,0.19,8.5,-8.31,UNDER,"Strong +EV opportunity: RF  Jordan Walker is projected for 0.2 2B vs a line of 8.5, giving a UNDER edge of 8.31. Based on recent form, opponent matchup, and game context.",Jordan Walker,0.19,0.0,
C   Pedro Pagés,St. Louis Cardinals,mlb,R,Cincinnati_Reds_at_St_Louis_Cardinals,0.19,8.5,-8.31,UNDER,C   Pedro Pagés shows UNDER value at 8.5 R. TC projection: 0.2 — edge: 8.31. Strong conviction based on usage rate and defensive matchup.,Pedro Pagés,0.19,0.0,
2B  Jake Cronenworth,San Diego Padres,mlb,RBI,San_Diego_Padres_at_Miami_Marlins,0.19,8.5,-8.31,UNDER,"Strong +EV opportunity: 2B  Jake Cronenworth is projected for 0.2 RBI vs a line of 8.5, giving a UNDER edge of 8.31. Based on recent form, opponent matchup, and game context.",Jake Cronenworth,0.19,0.0,
C   Carter Jensen,Kansas City Royals,mlb,H,Kansas_City_Royals_at_Detroit_Tigers,0.7,9.0,-8.3,UNDER,C   Carter Jensen shows UNDER value at 9.0 H. TC projection: 0.7 — edge: 8.30. Strong conviction based on usage rate and defensive matchup.,Carter Jensen,0.7,0.0,
1B  Vinnie Pasquantino,Kansas City Royals,mlb,H,Kansas_City_Royals_at_Detroit_Tigers,0.7,9.0,-8.3,UNDER,Targeting 1B  Vinnie Pasquantino UNDER 9.0 H. Model projects 0.7 (8.30 edge). Recent trends and opponent weakness support this play.,Vinnie Pasquantino,0.7,0.0,
CF  Pete Crow-Armstrong,Chicago Cubs,mlb,SB,Chicago_Cubs_at_Pittsburgh_Pirates,0.2,8.5,-8.3,UNDER,"Strong +EV opportunity: CF  Pete Crow-Armstrong is projected for 0.2 SB vs a line of 8.5, giving a UNDER edge of 8.30. Based on recent form, opponent matchup, and game context.",Pete Crow-Armstrong,0.2,0.0,
C   Jimmy Crooks,St. Louis Cardinals,mlb,BB,Cincinnati_Reds_at_St_Louis_Cardinals,0.2,8.5,-8.3,UNDER,Targeting C   Jimmy Crooks UNDER 8.5 BB. Model projects 0.2 (8.30 edge). Recent trends and opponent weakness support this play.,Jimmy Crooks,0.2,0.0,
RF  Fernando Tatis Jr.,San Diego Padres,mlb,SB,San_Diego_Padres_at_Miami_Marlins,0.2,8.5,-8.3,UNDER,"Strong +EV opportunity: RF  Fernando Tatis Jr. is projected for 0.2 SB vs a line of 8.5, giving a UNDER edge of 8.30. Based on recent form, opponent matchup, and game context.",Fernando Tatis Jr.,0.2,0.0,
CF  Justin Dean,Chicago Cubs,mlb,R,Chicago_Cubs_at_Pittsburgh_Pirates,0.21,8.5,-8.29,UNDER,"Strong +EV opportunity: CF  Justin Dean is projected for 0.2 R vs a line of 8.5, giving a UNDER edge of 8.29. Based on recent form, opponent matchup, and game context.",Justin Dean,0.21,0.0,
CF  Justin Dean,Chicago Cubs,mlb,RBI,Chicago_Cubs_at_Pittsburgh_Pirates,0.21,8.5,-8.29,UNDER,"Strong +EV opportunity: CF  Justin Dean is projected for 0.2 RBI vs a line of 8.5, giving a UNDER edge of 8.29. Based on recent form, opponent matchup, and game context.",Justin Dean,0.21,0.0,
1B  Alec Burleson,St. Louis Cardinals,mlb,2B,Cincinnati_Reds_at_St_Louis_Cardinals,0.21,8.5,-8.29,UNDER,"Strong +EV opportunity: 1B  Alec Burleson is projected for 0.2 2B vs a line of 8.5, giving a UNDER edge of 8.29. Based on recent form, opponent matchup, and game context.",Alec Burleson,0.21,0.0,
LF  Nelson Velázquez,St. Louis Cardinals,mlb,BB,Cincinnati_Reds_at_St_Louis_Cardinals,0.21,8.5,-8.29,UNDER,LF  Nelson Velázquez shows UNDER value at 8.5 BB. TC projection: 0.2 — edge: 8.29. Strong conviction based on usage rate and defensive matchup.,Nelson Velázquez,0.21,0.0,
C   Freddy Fermin,San Diego Padres,mlb,R,San_Diego_Padres_at_Miami_Marlins,0.21,8.5,-8.29,UNDER,"Strong +EV opportunity: C   Freddy Fermin is projected for 0.2 R vs a line of 8.5, giving a UNDER edge of 8.29. Based on recent form, opponent matchup, and game context.",Freddy Fermin,0.21,0.0,
LF  José Fermín,St. Louis Cardinals,mlb,BB,Cincinnati_Reds_at_St_Louis_Cardinals,0.21,8.5,-8.29,UNDER,Targeting LF  José Fermín UNDER 8.5 BB. Model projects 0.2 (8.29 edge). Recent trends and opponent weakness support this play.,José Fermín,0.21,0.0,
RF  Kyle Tucker,Los Angeles Dodgers,mlb,H,Los_Angeles_Dodgers_at_New_York_Mets,0.72,9.0,-8.28,UNDER,"Strong +EV opportunity: RF  Kyle Tucker is projected for 0.7 H vs a line of 9.0, giving a UNDER edge of 8.28. Based on recent form, opponent matchup, and game context.",Kyle Tucker,0.72,0.0,
3B  Max Muncy,Los Angeles Dodgers,mlb,H,Los_Angeles_Dodgers_at_New_York_Mets,0.72,9.0,-8.28,UNDER,Targeting 3B  Max Muncy UNDER 9.0 H. Model projects 0.7 (8.28 edge). Recent trends and opponent weakness support this play.,Max Muncy,0.72,0.0,
LF  Teoscar Hernández,Los Angeles Dodgers,mlb,H,Los_Angeles_Dodgers_at_New_York_Mets,0.72,9.0,-8.28,UNDER,Targeting LF  Teoscar Hernández UNDER 9.0 H. Model projects 0.7 (8.28 edge). Recent trends and opponent weakness support this play.,Teoscar Hernández,0.72,0.0,
C   Freddy Fermin,San Diego Padres,mlb,BB,San_Diego_Padres_at_Miami_Marlins,0.22,8.5,-8.28,UNDER,Targeting C   Freddy Fermin UNDER 8.5 BB. Model projects 0.2 (8.28 edge). Recent trends and opponent weakness support this play.,Freddy Fermin,0.22,0.0,
C   Francisco Alvarez,New York Mets,mlb,H,Los_Angeles_Dodgers_at_New_York_Mets,0.73,9.0,-8.27,UNDER,Targeting C   Francisco Alvarez UNDER 9.0 H. Model projects 0.7 (8.27 edge). Recent trends and opponent weakness support this play.,Francisco Alvarez,0.73,0.0,
LF  José Fermín,St. Louis Cardinals,mlb,R,Cincinnati_Reds_at_St_Louis_Cardinals,0.23,8.5,-8.27,UNDER,Targeting LF  José Fermín UNDER 8.5 R. Model projects 0.2 (8.27 edge). Recent trends and opponent weakness support this play.,José Fermín,0.23,0.0,
C   Miguel Amaya,Chicago Cubs,mlb,RBI,Chicago_Cubs_at_Pittsburgh_Pirates,0.23,8.5,-8.27,UNDER,C   Miguel Amaya shows UNDER value at 8.5 RBI. TC projection: 0.2 — edge: 8.27. Strong conviction based on usage rate and defensive matchup.,Miguel Amaya,0.23,0.0,
CF  Jackson Merrill,San Diego Padres,mlb,BB,San_Diego_Padres_at_Miami_Marlins,0.24,8.5,-8.26,UNDER,Targeting CF  Jackson Merrill UNDER 8.5 BB. Model projects 0.2 (8.26 edge). Recent trends and opponent weakness support this play.,Jackson Merrill,0.24,0.0,
DH  Michael Conforto,Chicago Cubs,mlb,BB,Chicago_Cubs_at_Pittsburgh_Pirates,0.24,8.5,-8.26,UNDER,"Strong +EV opportunity: DH  Michael Conforto is projected for 0.2 BB vs a line of 8.5, giving a UNDER edge of 8.26. Based on recent form, opponent matchup, and game context.",Michael Conforto,0.24,0.0,
2B  Sung-Mun Song,San Diego Padres,mlb,BB,San_Diego_Padres_at_Miami_Marlins,0.24,8.5,-8.26,UNDER,"Strong +EV opportunity: 2B  Sung-Mun Song is projected for 0.2 BB vs a line of 8.5, giving a UNDER edge of 8.26. Based on recent form, opponent matchup, and game context.",Sung-Mun Song,0.24,0.0,
RF  Jac Caglianone,Kansas City Royals,mlb,H,Kansas_City_Royals_at_Detroit_Tigers,0.75,9.0,-8.25,UNDER,"Strong +EV opportunity: RF  Jac Caglianone is projected for 0.8 H vs a line of 9.0, giving a UNDER edge of 8.25. Based on recent form, opponent matchup, and game context.",Jac Caglianone,0.75,0.0,
LF  Bryan Torres,St. Louis Cardinals,mlb,RBI,Cincinnati_Reds_at_St_Louis_Cardinals,0.25,8.5,-8.25,UNDER,"Strong +EV opportunity: LF  Bryan Torres is projected for 0.2 RBI vs a line of 8.5, giving a UNDER edge of 8.25. Based on recent form, opponent matchup, and game context.",Bryan Torres,0.25,0.0,
C   Jimmy Crooks,St. Louis Cardinals,mlb,RBI,Cincinnati_Reds_at_St_Louis_Cardinals,0.25,8.5,-8.25,UNDER,Targeting C   Jimmy Crooks UNDER 8.5 RBI. Model projects 0.2 (8.25 edge). Recent trends and opponent weakness support this play.,Jimmy Crooks,0.25,0.0,
LF  Bryan Torres,St. Louis Cardinals,mlb,R,Cincinnati_Reds_at_St_Louis_Cardinals,0.25,8.5,-8.25,UNDER,Targeting LF  Bryan Torres UNDER 8.5 R. Model projects 0.2 (8.25 edge). Recent trends and opponent weakness support this play.,Bryan Torres,0.25,0.0,
SS  Francisco Lindor,New York Mets,mlb,H,Los_Angeles_Dodgers_at_New_York_Mets,0.76,9.0,-8.24,UNDER,Targeting SS  Francisco Lindor UNDER 9.0 H. Model projects 0.8 (8.24 edge). Recent trends and opponent weakness support this play.,Francisco Lindor,0.76,0.0,
SS  Mookie Betts,Los Angeles Dodgers,mlb,H,Los_Angeles_Dodgers_at_New_York_Mets,0.76,9.0,-8.24,UNDER,Targeting SS  Mookie Betts UNDER 9.0 H. Model projects 0.8 (8.24 edge). Recent trends and opponent weakness support this play.,Mookie Betts,0.76,0.0,
DH  Michael Conforto,Chicago Cubs,mlb,R,Chicago_Cubs_at_Pittsburgh_Pirates,0.26,8.5,-8.24,UNDER,Targeting DH  Michael Conforto UNDER 8.5 R. Model projects 0.3 (8.24 edge). Recent trends and opponent weakness support this play.,Michael Conforto,0.26,0.0,
LF  José Fermín,St. Louis Cardinals,mlb,RBI,Cincinnati_Reds_at_St_Louis_Cardinals,0.26,8.5,-8.24,UNDER,"Strong +EV opportunity: LF  José Fermín is projected for 0.3 RBI vs a line of 8.5, giving a UNDER edge of 8.24. Based on recent form, opponent matchup, and game context.",José Fermín,0.26,0.0,
2B  Sung-Mun Song,San Diego Padres,mlb,RBI,San_Diego_Padres_at_Miami_Marlins,0.26,8.5,-8.24,UNDER,Targeting 2B  Sung-Mun Song UNDER 8.5 RBI. Model projects 0.3 (8.24 edge). Recent trends and opponent weakness support this play.,Sung-Mun Song,0.26,0.0,
C   Miguel Amaya,Chicago Cubs,mlb,BB,Chicago_Cubs_at_Pittsburgh_Pirates,0.27,8.5,-8.23,UNDER,C   Miguel Amaya shows UNDER value at 8.5 BB. TC projection: 0.3 — edge: 8.23. Strong conviction based on usage rate and defensive matchup.,Miguel Amaya,0.27,0.0,
3B  Luis Rengifo,San Diego Padres,mlb,BB,San_Diego_Padres_at_Miami_Marlins,0.27,8.5,-8.23,UNDER,Targeting 3B  Luis Rengifo UNDER 8.5 BB. Model projects 0.3 (8.23 edge). Recent trends and opponent weakness support this play.,Luis Rengifo,0.27,0.0,
2B  Pedro Ramírez,Chicago Cubs,mlb,R,Chicago_Cubs_at_Pittsburgh_Pirates,0.27,8.5,-8.23,UNDER,Targeting 2B  Pedro Ramírez UNDER 8.5 R. Model projects 0.3 (8.23 edge). Recent trends and opponent weakness support this play.,Pedro Ramírez,0.27,0.0,
C   Rodolfo Durán,San Diego Padres,mlb,H,San_Diego_Padres_at_Miami_Marlins,0.27,8.5,-8.23,UNDER,Targeting C   Rodolfo Durán UNDER 8.5 H. Model projects 0.3 (8.23 edge). Recent trends and opponent weakness support this play.,Rodolfo Durán,0.27,0.0,
2B  Sung-Mun Song,San Diego Padres,mlb,R,San_Diego_Padres_at_Miami_Marlins,0.28,8.5,-8.22,UNDER,"Strong +EV opportunity: 2B  Sung-Mun Song is projected for 0.3 R vs a line of 8.5, giving a UNDER edge of 8.22. Based on recent form, opponent matchup, and game context.",Sung-Mun Song,0.28,0.0,
DH  Michael Conforto,Chicago Cubs,mlb,RBI,Chicago_Cubs_at_Pittsburgh_Pirates,0.29,8.5,-8.21,UNDER,"Strong +EV opportunity: DH  Michael Conforto is projected for 0.3 RBI vs a line of 8.5, giving a UNDER edge of 8.21. Based on recent form, opponent matchup, and game context.",Michael Conforto,0.29,0.0,
1B  Alec Burleson,St. Louis Cardinals,mlb,BB,Cincinnati_Reds_at_St_Louis_Cardinals,0.29,8.5,-8.21,UNDER,Targeting 1B  Alec Burleson UNDER 8.5 BB. Model projects 0.3 (8.21 edge). Recent trends and opponent weakness support this play.,Alec Burleson,0.29,0.0,
3B  Blaze Jordan,St. Louis Cardinals,mlb,R,Cincinnati_Reds_at_St_Louis_Cardinals,0.29,8.5,-8.21,UNDER,Targeting 3B  Blaze Jordan UNDER 8.5 R. Model projects 0.3 (8.21 edge). Recent trends and opponent weakness support this play.,Blaze Jordan,0.29,0.0,
RF  Jordan Walker,St. Louis Cardinals,mlb,BB,Cincinnati_Reds_at_St_Louis_Cardinals,0.3,8.5,-8.2,UNDER,RF  Jordan Walker shows UNDER value at 8.5 BB. TC projection: 0.3 — edge: 8.20. Strong conviction based on usage rate and defensive matchup.,Jordan Walker,0.3,0.0,
2B  Nico Hoerner,Chicago Cubs,mlb,BB,Chicago_Cubs_at_Pittsburgh_Pirates,0.3,8.5,-8.2,UNDER,"Strong +EV opportunity: 2B  Nico Hoerner is projected for 0.3 BB vs a line of 8.5, giving a UNDER edge of 8.20. Based on recent form, opponent matchup, and game context.",Nico Hoerner,0.3,0.0,
2B  Pedro Ramírez,Chicago Cubs,mlb,RBI,Chicago_Cubs_at_Pittsburgh_Pirates,0.3,8.5,-8.2,UNDER,2B  Pedro Ramírez shows UNDER value at 8.5 RBI. TC projection: 0.3 — edge: 8.20. Strong conviction based on usage rate and defensive matchup.,Pedro Ramírez,0.3,0.0,
CF  Nathan Church,St. Louis Cardinals,mlb,RBI,Cincinnati_Reds_at_St_Louis_Cardinals,0.3,8.5,-8.2,UNDER,Targeting CF  Nathan Church UNDER 8.5 RBI. Model projects 0.3 (8.20 edge). Recent trends and opponent weakness support this play.,Nathan Church,0.3,0.0,
LF  Nelson Velázquez,St. Louis Cardinals,mlb,R,Cincinnati_Reds_at_St_Louis_Cardinals,0.3,8.5,-8.2,UNDER,"Strong +EV opportunity: LF  Nelson Velázquez is projected for 0.3 R vs a line of 8.5, giving a UNDER edge of 8.20. Based on recent form, opponent matchup, and game context.",Nelson Velázquez,0.3,0.0,
SS  Masyn Winn,St. Louis Cardinals,mlb,BB,Cincinnati_Reds_at_St_Louis_Cardinals,0.31,8.5,-8.19,UNDER,Targeting SS  Masyn Winn UNDER 8.5 BB. Model projects 0.3 (8.19 edge). Recent trends and opponent weakness support this play.,Masyn Winn,0.31,0.0,
C   Luis Campusano,San Diego Padres,mlb,RBI,San_Diego_Padres_at_Miami_Marlins,0.31,8.5,-8.19,UNDER,Targeting C   Luis Campusano UNDER 8.5 RBI. Model projects 0.3 (8.19 edge). Recent trends and opponent weakness support this play.,Luis Campusano,0.31,0.0,
C   Freddy Fermin,San Diego Padres,mlb,H,San_Diego_Padres_at_Miami_Marlins,0.31,8.5,-8.19,UNDER,"Strong +EV opportunity: C   Freddy Fermin is projected for 0.3 H vs a line of 8.5, giving a UNDER edge of 8.19. Based on recent form, opponent matchup, and game context.",Freddy Fermin,0.31,0.0,
2B  Jake Cronenworth,San Diego Padres,mlb,R,San_Diego_Padres_at_Miami_Marlins,0.31,8.5,-8.19,UNDER,"Strong +EV opportunity: 2B  Jake Cronenworth is projected for 0.3 R vs a line of 8.5, giving a UNDER edge of 8.19. Based on recent form, opponent matchup, and game context.",Jake Cronenworth,0.31,0.0,
2B  Jake Cronenworth,San Diego Padres,mlb,BB,San_Diego_Padres_at_Miami_Marlins,0.31,8.5,-8.19,UNDER,Targeting 2B  Jake Cronenworth UNDER 8.5 BB. Model projects 0.3 (8.19 edge). Recent trends and opponent weakness support this play.,Jake Cronenworth,0.31,0.0,
1B  Ty France,San Diego Padres,mlb,R,San_Diego_Padres_at_Miami_Marlins,0.32,8.5,-8.18,UNDER,"Strong +EV opportunity: 1B  Ty France is projected for 0.3 R vs a line of 8.5, giving a UNDER edge of 8.18. Based on recent form, opponent matchup, and game context.",Ty France,0.32,0.0,
SS  Xander Bogaerts,San Diego Padres,mlb,RBI,San_Diego_Padres_at_Miami_Marlins,0.32,8.5,-8.18,UNDER,SS  Xander Bogaerts shows UNDER value at 8.5 RBI. TC projection: 0.3 — edge: 8.18. Strong conviction based on usage rate and defensive matchup.,Xander Bogaerts,0.32,0.0,
RF  Fernando Tatis Jr.,San Diego Padres,mlb,BB,San_Diego_Padres_at_Miami_Marlins,0.32,8.5,-8.18,UNDER,RF  Fernando Tatis Jr. shows UNDER value at 8.5 BB. TC projection: 0.3 — edge: 8.18. Strong conviction based on usage rate and defensive matchup.,Fernando Tatis Jr.,0.32,0.0,
CF  A.J. Ewing,New York Mets,mlb,H,Los_Angeles_Dodgers_at_New_York_Mets,0.83,9.0,-8.17,UNDER,Targeting CF  A.J. Ewing UNDER 9.0 H. Model projects 0.8 (8.17 edge). Recent trends and opponent weakness support this play.,A.J. Ewing,0.83,0.0,
2B  Nico Hoerner,Chicago Cubs,mlb,R,Chicago_Cubs_at_Pittsburgh_Pirates,0.33,8.5,-8.17,UNDER,Targeting 2B  Nico Hoerner UNDER 8.5 R. Model projects 0.3 (8.17 edge). Recent trends and opponent weakness support this play.,Nico Hoerner,0.33,0.0,
CF  Nathan Church,St. Louis Cardinals,mlb,R,Cincinnati_Reds_at_St_Louis_Cardinals,0.33,8.5,-8.17,UNDER,"Strong +EV opportunity: CF  Nathan Church is projected for 0.3 R vs a line of 8.5, giving a UNDER edge of 8.17. Based on recent form, opponent matchup, and game context.",Nathan Church,0.33,0.0,
SS  Dansby Swanson,Chicago Cubs,mlb,BB,Chicago_Cubs_at_Pittsburgh_Pirates,0.33,8.5,-8.17,UNDER,"Strong +EV opportunity: SS  Dansby Swanson is projected for 0.3 BB vs a line of 8.5, giving a UNDER edge of 8.17. Based on recent form, opponent matchup, and game context.",Dansby Swanson,0.33,0.0,
LF  Lars Nootbaar,St. Louis Cardinals,mlb,RBI,Cincinnati_Reds_at_St_Louis_Cardinals,0.33,8.5,-8.17,UNDER,LF  Lars Nootbaar shows UNDER value at 8.5 RBI. TC projection: 0.3 — edge: 8.17. Strong conviction based on usage rate and defensive matchup.,Lars Nootbaar,0.33,0.0,
1B  Gavin Sheets,San Diego Padres,mlb,R,San_Diego_Padres_at_Miami_Marlins,0.33,8.5,-8.17,UNDER,Targeting 1B  Gavin Sheets UNDER 8.5 R. Model projects 0.3 (8.17 edge). Recent trends and opponent weakness support this play.,Gavin Sheets,0.33,0.0,
3B  Luis Rengifo,San Diego Padres,mlb,R,San_Diego_Padres_at_Miami_Marlins,0.33,8.5,-8.17,UNDER,3B  Luis Rengifo shows UNDER value at 8.5 R. TC projection: 0.3 — edge: 8.17. Strong conviction based on usage rate and defensive matchup.,Luis Rengifo,0.33,0.0,
C   Carson Kelly,Chicago Cubs,mlb,BB,Chicago_Cubs_at_Pittsburgh_Pirates,0.34,8.5,-8.16,UNDER,"Strong +EV opportunity: C   Carson Kelly is projected for 0.3 BB vs a line of 8.5, giving a UNDER edge of 8.16. Based on recent form, opponent matchup, and game context.",Carson Kelly,0.34,0.0,
1B  Gavin Sheets,San Diego Padres,mlb,BB,San_Diego_Padres_at_Miami_Marlins,0.34,8.5,-8.16,UNDER,"Strong +EV opportunity: 1B  Gavin Sheets is projected for 0.3 BB vs a line of 8.5, giving a UNDER edge of 8.16. Based on recent form, opponent matchup, and game context.",Gavin Sheets,0.34,0.0,
3B  Luis Rengifo,San Diego Padres,mlb,RBI,San_Diego_Padres_at_Miami_Marlins,0.34,8.5,-8.16,UNDER,"Strong +EV opportunity: 3B  Luis Rengifo is projected for 0.3 RBI vs a line of 8.5, giving a UNDER edge of 8.16. Based on recent form, opponent matchup, and game context.",Luis Rengifo,0.34,0.0,
RF  Carson Benge,New York Mets,mlb,H,Los_Angeles_Dodgers_at_New_York_Mets,0.85,9.0,-8.15,UNDER,"Strong +EV opportunity: RF  Carson Benge is projected for 0.8 H vs a line of 9.0, giving a UNDER edge of 8.15. Based on recent form, opponent matchup, and game context.",Carson Benge,0.85,0.0,
CF  Andy Pages,Los Angeles Dodgers,mlb,H,Los_Angeles_Dodgers_at_New_York_Mets,0.85,9.0,-8.15,UNDER,"Strong +EV opportunity: CF  Andy Pages is projected for 0.8 H vs a line of 9.0, giving a UNDER edge of 8.15. Based on recent form, opponent matchup, and game context.",Andy Pages,0.85,0.0,
2B  Nico Hoerner,Chicago Cubs,mlb,RBI,Chicago_Cubs_at_Pittsburgh_Pirates,0.35,8.5,-8.15,UNDER,"Strong +EV opportunity: 2B  Nico Hoerner is projected for 0.3 RBI vs a line of 8.5, giving a UNDER edge of 8.15. Based on recent form, opponent matchup, and game context.",Nico Hoerner,0.35,0.0,
DH  Iván Herrera,St. Louis Cardinals,mlb,RBI,Cincinnati_Reds_at_St_Louis_Cardinals,0.35,8.5,-8.15,UNDER,"Strong +EV opportunity: DH  Iván Herrera is projected for 0.3 RBI vs a line of 8.5, giving a UNDER edge of 8.15. Based on recent form, opponent matchup, and game context.",Iván Herrera,0.35,0.0,
2B  JJ Wetherholt,St. Louis Cardinals,mlb,RBI,Cincinnati_Reds_at_St_Louis_Cardinals,0.35,8.5,-8.15,UNDER,Targeting 2B  JJ Wetherholt UNDER 8.5 RBI. Model projects 0.3 (8.15 edge). Recent trends and opponent weakness support this play.,JJ Wetherholt,0.35,0.0,
1B  Gavin Sheets,San Diego Padres,mlb,RBI,San_Diego_Padres_at_Miami_Marlins,0.35,8.5,-8.15,UNDER,"Strong +EV opportunity: 1B  Gavin Sheets is projected for 0.3 RBI vs a line of 8.5, giving a UNDER edge of 8.15. Based on recent form, opponent matchup, and game context.",Gavin Sheets,0.35,0.0,
SS  Xander Bogaerts,San Diego Padres,mlb,R,San_Diego_Padres_at_Miami_Marlins,0.35,8.5,-8.15,UNDER,SS  Xander Bogaerts shows UNDER value at 8.5 R. TC projection: 0.3 — edge: 8.15. Strong conviction based on usage rate and defensive matchup.,Xander Bogaerts,0.35,0.0,
LF  Juan Soto,New York Mets,mlb,H,Los_Angeles_Dodgers_at_New_York_Mets,0.86,9.0,-8.14,UNDER,LF  Juan Soto shows UNDER value at 9.0 H. TC projection: 0.9 — edge: 8.14. Strong conviction based on usage rate and defensive matchup.,Juan Soto,0.86,0.0,
3B  Alex Bregman,Chicago Cubs,mlb,RBI,Chicago_Cubs_at_Pittsburgh_Pirates,0.36,8.5,-8.14,UNDER,Targeting 3B  Alex Bregman UNDER 8.5 RBI. Model projects 0.4 (8.14 edge). Recent trends and opponent weakness support this play.,Alex Bregman,0.36,0.0,
SS  Masyn Winn,St. Louis Cardinals,mlb,R,Cincinnati_Reds_at_St_Louis_Cardinals,0.36,8.5,-8.14,UNDER,SS  Masyn Winn shows UNDER value at 8.5 R. TC projection: 0.4 — edge: 8.14. Strong conviction based on usage rate and defensive matchup.,Masyn Winn,0.36,0.0,
C   Luis Campusano,San Diego Padres,mlb,R,San_Diego_Padres_at_Miami_Marlins,0.36,8.5,-8.14,UNDER,C   Luis Campusano shows UNDER value at 8.5 R. TC projection: 0.4 — edge: 8.14. Strong conviction based on usage rate and defensive matchup.,Luis Campusano,0.36,0.0,
2B  Sung-Mun Song,San Diego Padres,mlb,H,San_Diego_Padres_at_Miami_Marlins,0.36,8.5,-8.14,UNDER,"Strong +EV opportunity: 2B  Sung-Mun Song is projected for 0.4 H vs a line of 8.5, giving a UNDER edge of 8.14. Based on recent form, opponent matchup, and game context.",Sung-Mun Song,0.36,0.0,
LF  Nelson Velázquez,St. Louis Cardinals,mlb,RBI,Cincinnati_Reds_at_St_Louis_Cardinals,0.36,8.5,-8.14,UNDER,"Strong +EV opportunity: LF  Nelson Velázquez is projected for 0.4 RBI vs a line of 8.5, giving a UNDER edge of 8.14. Based on recent form, opponent matchup, and game context.",Nelson Velázquez,0.36,0.0,
3B  Bo Bichette,New York Mets,mlb,H,Los_Angeles_Dodgers_at_New_York_Mets,0.87,9.0,-8.13,UNDER,Targeting 3B  Bo Bichette UNDER 9.0 H. Model projects 0.9 (8.13 edge). Recent trends and opponent weakness support this play.,Bo Bichette,0.87,0.0,
LF  Bryan Torres,St. Louis Cardinals,mlb,H,Cincinnati_Reds_at_St_Louis_Cardinals,0.37,8.5,-8.13,UNDER,"Strong +EV opportunity: LF  Bryan Torres is projected for 0.4 H vs a line of 8.5, giving a UNDER edge of 8.13. Based on recent form, opponent matchup, and game context.",Bryan Torres,0.37,0.0,
CF  Jackson Merrill,San Diego Padres,mlb,RBI,San_Diego_Padres_at_Miami_Marlins,0.37,8.5,-8.13,UNDER,CF  Jackson Merrill shows UNDER value at 8.5 RBI. TC projection: 0.4 — edge: 8.13. Strong conviction based on usage rate and defensive matchup.,Jackson Merrill,0.37,0.0,
TWP Shohei Ohtani,Los Angeles Dodgers,mlb,H,Los_Angeles_Dodgers_at_New_York_Mets,0.88,9.0,-8.12,UNDER,"Strong +EV opportunity: TWP Shohei Ohtani is projected for 0.9 H vs a line of 9.0, giving a UNDER edge of 8.12. Based on recent form, opponent matchup, and game context.",TWP Shohei Ohtani,0.88,0.0,
1B  Michael Busch,Chicago Cubs,mlb,R,Chicago_Cubs_at_Pittsburgh_Pirates,0.38,8.5,-8.12,UNDER,"Strong +EV opportunity: 1B  Michael Busch is projected for 0.4 R vs a line of 8.5, giving a UNDER edge of 8.12. Based on recent form, opponent matchup, and game context.",Michael Busch,0.38,0.0,
SS  Masyn Winn,St. Louis Cardinals,mlb,RBI,Cincinnati_Reds_at_St_Louis_Cardinals,0.38,8.5,-8.12,UNDER,SS  Masyn Winn shows UNDER value at 8.5 RBI. TC projection: 0.4 — edge: 8.12. Strong conviction based on usage rate and defensive matchup.,Masyn Winn,0.38,0.0,
C   Carson Kelly,Chicago Cubs,mlb,RBI,Chicago_Cubs_at_Pittsburgh_Pirates,0.38,8.5,-8.12,UNDER,Targeting C   Carson Kelly UNDER 8.5 RBI. Model projects 0.4 (8.12 edge). Recent trends and opponent weakness support this play.,Carson Kelly,0.38,0.0,
LF  Ian Happ,Chicago Cubs,mlb,RBI,Chicago_Cubs_at_Pittsburgh_Pirates,0.38,8.5,-8.12,UNDER,Targeting LF  Ian Happ UNDER 8.5 RBI. Model projects 0.4 (8.12 edge). Recent trends and opponent weakness support this play.,Ian Happ,0.38,0.0,
RF  Fernando Tatis Jr.,San Diego Padres,mlb,RBI,San_Diego_Padres_at_Miami_Marlins,0.38,8.5,-8.12,UNDER,Targeting RF  Fernando Tatis Jr. UNDER 8.5 RBI. Model projects 0.4 (8.12 edge). Recent trends and opponent weakness support this play.,Fernando Tatis Jr.,0.38,0.0,
LF  Tommy Edman,Los Angeles Dodgers,mlb,H,Los_Angeles_Dodgers_at_New_York_Mets,0.89,9.0,-8.11,UNDER,Targeting LF  Tommy Edman UNDER 9.0 H. Model projects 0.9 (8.11 edge). Recent trends and opponent weakness support this play.,Tommy Edman,0.89,0.0,
C   Luis Campusano,San Diego Padres,mlb,BB,San_Diego_Padres_at_Miami_Marlins,0.39,8.5,-8.11,UNDER,C   Luis Campusano shows UNDER value at 8.5 BB. TC projection: 0.4 — edge: 8.11. Strong conviction based on usage rate and defensive matchup.,Luis Campusano,0.39,0.0,
C   Carson Kelly,Chicago Cubs,mlb,R,Chicago_Cubs_at_Pittsburgh_Pirates,0.39,8.5,-8.11,UNDER,C   Carson Kelly shows UNDER value at 8.5 R. TC projection: 0.4 — edge: 8.11. Strong conviction based on usage rate and defensive matchup.,Carson Kelly,0.39,0.0,
C   Miguel Amaya,Chicago Cubs,mlb,R,Chicago_Cubs_at_Pittsburgh_Pirates,0.39,8.5,-8.11,UNDER,C   Miguel Amaya shows UNDER value at 8.5 R. TC projection: 0.4 — edge: 8.11. Strong conviction based on usage rate and defensive matchup.,Miguel Amaya,0.39,0.0,
2B  JJ Wetherholt,St. Louis Cardinals,mlb,BB,Cincinnati_Reds_at_St_Louis_Cardinals,0.39,8.5,-8.11,UNDER,"Strong +EV opportunity: 2B  JJ Wetherholt is projected for 0.4 BB vs a line of 8.5, giving a UNDER edge of 8.11. Based on recent form, opponent matchup, and game context.",JJ Wetherholt,0.39,0.0,
C   Jimmy Crooks,St. Louis Cardinals,mlb,H,Cincinnati_Reds_at_St_Louis_Cardinals,0.39,8.5,-8.11,UNDER,"Strong +EV opportunity: C   Jimmy Crooks is projected for 0.4 H vs a line of 8.5, giving a UNDER edge of 8.11. Based on recent form, opponent matchup, and game context.",Jimmy Crooks,0.39,0.0,
CF  Jackson Merrill,San Diego Padres,mlb,R,San_Diego_Padres_at_Miami_Marlins,0.39,8.5,-8.11,UNDER,Targeting CF  Jackson Merrill UNDER 8.5 R. Model projects 0.4 (8.11 edge). Recent trends and opponent weakness support this play.,Jackson Merrill,0.39,0.0,
LF  Lars Nootbaar,St. Louis Cardinals,mlb,R,Cincinnati_Reds_at_St_Louis_Cardinals,0.4,8.5,-8.1,UNDER,Targeting LF  Lars Nootbaar UNDER 8.5 R. Model projects 0.4 (8.10 edge). Recent trends and opponent weakness support this play.,Lars Nootbaar,0.4,0.0,
SS  Xander Bogaerts,San Diego Padres,mlb,BB,San_Diego_Padres_at_Miami_Marlins,0.4,8.5,-8.1,UNDER,"Strong +EV opportunity: SS  Xander Bogaerts is projected for 0.4 BB vs a line of 8.5, giving a UNDER edge of 8.10. Based on recent form, opponent matchup, and game context.",Xander Bogaerts,0.4,0.0,
3B  Manny Machado,San Diego Padres,mlb,BB,San_Diego_Padres_at_Miami_Marlins,0.4,8.5,-8.1,UNDER,"Strong +EV opportunity: 3B  Manny Machado is projected for 0.4 BB vs a line of 8.5, giving a UNDER edge of 8.10. Based on recent form, opponent matchup, and game context.",Manny Machado,0.4,0.0,
3B  Alex Bregman,Chicago Cubs,mlb,R,Chicago_Cubs_at_Pittsburgh_Pirates,0.41,8.5,-8.09,UNDER,Targeting 3B  Alex Bregman UNDER 8.5 R. Model projects 0.4 (8.09 edge). Recent trends and opponent weakness support this play.,Alex Bregman,0.41,0.0,
1B  Freddie Freeman,Los Angeles Dodgers,mlb,H,Los_Angeles_Dodgers_at_New_York_Mets,0.92,9.0,-8.08,UNDER,1B  Freddie Freeman shows UNDER value at 9.0 H. TC projection: 0.9 — edge: 8.08. Strong conviction based on usage rate and defensive matchup.,Freddie Freeman,0.92,0.0,
RF  Seiya Suzuki,Chicago Cubs,mlb,BB,Chicago_Cubs_at_Pittsburgh_Pirates,0.42,8.5,-8.08,UNDER,"Strong +EV opportunity: RF  Seiya Suzuki is projected for 0.4 BB vs a line of 8.5, giving a UNDER edge of 8.08. Based on recent form, opponent matchup, and game context.",Seiya Suzuki,0.42,0.0,
LF  Nelson Velázquez,St. Louis Cardinals,mlb,H,Cincinnati_Reds_at_St_Louis_Cardinals,0.42,8.5,-8.08,UNDER,Targeting LF  Nelson Velázquez UNDER 8.5 H. Model projects 0.4 (8.08 edge). Recent trends and opponent weakness support this play.,Nelson Velázquez,0.42,0.0,
RF  Fernando Tatis Jr.,San Diego Padres,mlb,R,San_Diego_Padres_at_Miami_Marlins,0.42,8.5,-8.08,UNDER,RF  Fernando Tatis Jr. shows UNDER value at 8.5 R. TC projection: 0.4 — edge: 8.08. Strong conviction based on usage rate and defensive matchup.,Fernando Tatis Jr.,0.42,0.0,
CF  Pete Crow-Armstrong,Chicago Cubs,mlb,BB,Chicago_Cubs_at_Pittsburgh_Pirates,0.43,8.5,-8.07,UNDER,Targeting CF  Pete Crow-Armstrong UNDER 8.5 BB. Model projects 0.4 (8.07 edge). Recent trends and opponent weakness support this play.,Pete Crow-Armstrong,0.43,0.0,
DH  Iván Herrera,St. Louis Cardinals,mlb,BB,Cincinnati_Reds_at_St_Louis_Cardinals,0.43,8.5,-8.07,UNDER,Targeting DH  Iván Herrera UNDER 8.5 BB. Model projects 0.4 (8.07 edge). Recent trends and opponent weakness support this play.,Iván Herrera,0.43,0.0,
3B  Alex Bregman,Chicago Cubs,mlb,BB,Chicago_Cubs_at_Pittsburgh_Pirates,0.43,8.5,-8.07,UNDER,3B  Alex Bregman shows UNDER value at 8.5 BB. TC projection: 0.4 — edge: 8.07. Strong conviction based on usage rate and defensive matchup.,Alex Bregman,0.43,0.0,
3B  Manny Machado,San Diego Padres,mlb,R,San_Diego_Padres_at_Miami_Marlins,0.43,8.5,-8.07,UNDER,3B  Manny Machado shows UNDER value at 8.5 R. TC projection: 0.4 — edge: 8.07. Strong conviction based on usage rate and defensive matchup.,Manny Machado,0.43,0.0,
LF  Lars Nootbaar,St. Louis Cardinals,mlb,BB,Cincinnati_Reds_at_St_Louis_Cardinals,0.44,8.5,-8.06,UNDER,Targeting LF  Lars Nootbaar UNDER 8.5 BB. Model projects 0.4 (8.06 edge). Recent trends and opponent weakness support this play.,Lars Nootbaar,0.44,0.0,
1B  Michael Busch,Chicago Cubs,mlb,RBI,Chicago_Cubs_at_Pittsburgh_Pirates,0.44,8.5,-8.06,UNDER,"Strong +EV opportunity: 1B  Michael Busch is projected for 0.4 RBI vs a line of 8.5, giving a UNDER edge of 8.06. Based on recent form, opponent matchup, and game context.",Michael Busch,0.44,0.0,
DH  Michael Conforto,Chicago Cubs,mlb,H,Chicago_Cubs_at_Pittsburgh_Pirates,0.44,8.5,-8.06,UNDER,Targeting DH  Michael Conforto UNDER 8.5 H. Model projects 0.4 (8.06 edge). Recent trends and opponent weakness support this play.,Michael Conforto,0.44,0.0,
CF  Pete Crow-Armstrong,Chicago Cubs,mlb,RBI,Chicago_Cubs_at_Pittsburgh_Pirates,0.45,8.5,-8.05,UNDER,CF  Pete Crow-Armstrong shows UNDER value at 8.5 RBI. TC projection: 0.5 — edge: 8.05. Strong conviction based on usage rate and defensive matchup.,Pete Crow-Armstrong,0.45,0.0,
1B  Alec Burleson,St. Louis Cardinals,mlb,R,Cincinnati_Reds_at_St_Louis_Cardinals,0.46,8.5,-8.04,UNDER,Targeting 1B  Alec Burleson UNDER 8.5 R. Model projects 0.5 (8.04 edge). Recent trends and opponent weakness support this play.,Alec Burleson,0.46,0.0,
C   Pedro Pagés,St. Louis Cardinals,mlb,H,Cincinnati_Reds_at_St_Louis_Cardinals,0.46,8.5,-8.04,UNDER,Targeting C   Pedro Pagés UNDER 8.5 H. Model projects 0.5 (8.04 edge). Recent trends and opponent weakness support this play.,Pedro Pagés,0.46,0.0,
1B  Ty France,San Diego Padres,mlb,RBI,San_Diego_Padres_at_Miami_Marlins,0.46,8.5,-8.04,UNDER,Targeting 1B  Ty France UNDER 8.5 RBI. Model projects 0.5 (8.04 edge). Recent trends and opponent weakness support this play.,Ty France,0.46,0.0,
LF  Ian Happ,Chicago Cubs,mlb,BB,Chicago_Cubs_at_Pittsburgh_Pirates,0.47,8.5,-8.03,UNDER,LF  Ian Happ shows UNDER value at 8.5 BB. TC projection: 0.5 — edge: 8.03. Strong conviction based on usage rate and defensive matchup.,Ian Happ,0.47,0.0,
C   Miguel Amaya,Chicago Cubs,mlb,H,Chicago_Cubs_at_Pittsburgh_Pirates,0.48,8.5,-8.02,UNDER,Targeting C   Miguel Amaya UNDER 8.5 H. Model projects 0.5 (8.02 edge). Recent trends and opponent weakness support this play.,Miguel Amaya,0.48,0.0,
3B  Manny Machado,San Diego Padres,mlb,RBI,San_Diego_Padres_at_Miami_Marlins,0.49,8.5,-8.01,UNDER,Targeting 3B  Manny Machado UNDER 8.5 RBI. Model projects 0.5 (8.01 edge). Recent trends and opponent weakness support this play.,Manny Machado,0.49,0.0,
SS  Dansby Swanson,Chicago Cubs,mlb,RBI,Chicago_Cubs_at_Pittsburgh_Pirates,0.5,8.5,-8.0,UNDER,Targeting SS  Dansby Swanson UNDER 8.5 RBI. Model projects 0.5 (8.00 edge). Recent trends and opponent weakness support this play.,Dansby Swanson,0.5,0.0,
3B  Denzer Guzman,Los Angeles Angels,mlb,3B,Los_Angeles_Angels_at_San_Francisco_Giants,0.0,8.0,-8.0,UNDER,Targeting 3B  Denzer Guzman UNDER 8.0 3B. Model projects 0.0 (8.00 edge). Recent trends and opponent weakness support this play.,Denzer Guzman,0.0,0.0,
DH  Jorge Soler,Los Angeles Angels,mlb,SB,Los_Angeles_Angels_at_San_Francisco_Giants,0.0,8.0,-8.0,UNDER,"Strong +EV opportunity: DH  Jorge Soler is projected for 0.0 SB vs a line of 8.0, giving a UNDER edge of 8.00. Based on recent form, opponent matchup, and game context.",Jorge Soler,0.0,0.0,
CF  Jose Siri,Los Angeles Angels,mlb,3B,Los_Angeles_Angels_at_San_Francisco_Giants,0.0,8.0,-8.0,UNDER,CF  Jose Siri shows UNDER value at 8.0 3B. TC projection: 0.0 — edge: 8.00. Strong conviction based on usage rate and defensive matchup.,Jose Siri,0.0,0.0,
LF  Josh Lowe,Los Angeles Angels,mlb,3B,Los_Angeles_Angels_at_San_Francisco_Giants,0.0,8.0,-8.0,UNDER,Targeting LF  Josh Lowe UNDER 8.0 3B. Model projects 0.0 (8.00 edge). Recent trends and opponent weakness support this play.,Josh Lowe,0.0,0.0,
C   Logan O'Hoppe,Los Angeles Angels,mlb,3B,Los_Angeles_Angels_at_San_Francisco_Giants,0.0,8.0,-8.0,UNDER,Targeting C   Logan O'Hoppe UNDER 8.0 3B. Model projects 0.0 (8.00 edge). Recent trends and opponent weakness support this play.,Logan O'Hoppe,0.0,0.0,
C   Logan O'Hoppe,Los Angeles Angels,mlb,SB,Los_Angeles_Angels_at_San_Francisco_Giants,0.0,8.0,-8.0,UNDER,"Strong +EV opportunity: C   Logan O'Hoppe is projected for 0.0 SB vs a line of 8.0, giving a UNDER edge of 8.00. Based on recent form, opponent matchup, and game context.",Logan O'Hoppe,0.0,0.0,
CF  Mike Trout,Los Angeles Angels,mlb,3B,Los_Angeles_Angels_at_San_Francisco_Giants,0.0,8.0,-8.0,UNDER,Targeting CF  Mike Trout UNDER 8.0 3B. Model projects 0.0 (8.00 edge). Recent trends and opponent weakness support this play.,Mike Trout,0.0,0.0,
1B  Nolan Schanuel,Los Angeles Angels,mlb,3B,Los_Angeles_Angels_at_San_Francisco_Giants,0.0,8.0,-8.0,UNDER,"Strong +EV opportunity: 1B  Nolan Schanuel is projected for 0.0 3B vs a line of 8.0, giving a UNDER edge of 8.00. Based on recent form, opponent matchup, and game context.",Nolan Schanuel,0.0,0.0,
P   Ryan Zeferjahn,Los Angeles Angels,mlb,H,Los_Angeles_Angels_at_San_Francisco_Giants,0.0,8.0,-8.0,UNDER,Targeting P   Ryan Zeferjahn UNDER 8.0 H. Model projects 0.0 (8.00 edge). Recent trends and opponent weakness support this play.,Ryan Zeferjahn,0.0,0.0,
P   Ryan Zeferjahn,Los Angeles Angels,mlb,R,Los_Angeles_Angels_at_San_Francisco_Giants,0.0,8.0,-8.0,UNDER,"Strong +EV opportunity: P   Ryan Zeferjahn is projected for 0.0 R vs a line of 8.0, giving a UNDER edge of 8.00. Based on recent form, opponent matchup, and game context.",Ryan Zeferjahn,0.0,0.0,
P   Ryan Zeferjahn,Los Angeles Angels,mlb,RBI,Los_Angeles_Angels_at_San_Francisco_Giants,0.0,8.0,-8.0,UNDER,Targeting P   Ryan Zeferjahn UNDER 8.0 RBI. Model projects 0.0 (8.00 edge). Recent trends and opponent weakness support this play.,Ryan Zeferjahn,0.0,0.0,
P   Ryan Zeferjahn,Los Angeles Angels,mlb,HR,Los_Angeles_Angels_at_San_Francisco_Giants,0.0,8.0,-8.0,UNDER,Targeting P   Ryan Zeferjahn UNDER 8.0 HR. Model projects 0.0 (8.00 edge). Recent trends and opponent weakness support this play.,Ryan Zeferjahn,0.0,0.0,
P   Ryan Zeferjahn,Los Angeles Angels,mlb,2B,Los_Angeles_Angels_at_San_Francisco_Giants,0.0,8.0,-8.0,UNDER,Targeting P   Ryan Zeferjahn UNDER 8.0 2B. Model projects 0.0 (8.00 edge). Recent trends and opponent weakness support this play.,Ryan Zeferjahn,0.0,0.0,
P   Ryan Zeferjahn,Los Angeles Angels,mlb,3B,Los_Angeles_Angels_at_San_Francisco_Giants,0.0,8.0,-8.0,UNDER,Targeting P   Ryan Zeferjahn UNDER 8.0 3B. Model projects 0.0 (8.00 edge). Recent trends and opponent weakness support this play.,Ryan Zeferjahn,0.0,0.0,
P   Ryan Zeferjahn,Los Angeles Angels,mlb,BB,Los_Angeles_Angels_at_San_Francisco_Giants,0.0,8.0,-8.0,UNDER,Targeting P   Ryan Zeferjahn UNDER 8.0 BB. Model projects 0.0 (8.00 edge). Recent trends and opponent weakness support this play.,Ryan Zeferjahn,0.0,0.0,
P   Ryan Zeferjahn,Los Angeles Angels,mlb,SB,Los_Angeles_Angels_at_San_Francisco_Giants,0.0,8.0,-8.0,UNDER,P   Ryan Zeferjahn shows UNDER value at 8.0 SB. TC projection: 0.0 — edge: 8.00. Strong conviction based on usage rate and defensive matchup.,Ryan Zeferjahn,0.0,0.0,
2B  Vaughn Grissom,Los Angeles Angels,mlb,3B,Los_Angeles_Angels_at_San_Francisco_Giants,0.0,8.0,-8.0,UNDER,Targeting 2B  Vaughn Grissom UNDER 8.0 3B. Model projects 0.0 (8.00 edge). Recent trends and opponent weakness support this play.,Vaughn Grissom,0.0,0.0,
2B  Vaughn Grissom,Los Angeles Angels,mlb,SB,Los_Angeles_Angels_at_San_Francisco_Giants,0.0,8.0,-8.0,UNDER,"Strong +EV opportunity: 2B  Vaughn Grissom is projected for 0.0 SB vs a line of 8.0, giving a UNDER edge of 8.00. Based on recent form, opponent matchup, and game context.",Vaughn Grissom,0.0,0.0,
LF  Wade Meckler,Los Angeles Angels,mlb,3B,Los_Angeles_Angels_at_San_Francisco_Giants,0.0,8.0,-8.0,UNDER,Targeting LF  Wade Meckler UNDER 8.0 3B. Model projects 0.0 (8.00 edge). Recent trends and opponent weakness support this play.,Wade Meckler,0.0,0.0,
DH  Bryce Eldridge,San Francisco Giants,mlb,3B,Los_Angeles_Angels_at_San_Francisco_Giants,0.0,8.0,-8.0,UNDER,Targeting DH  Bryce Eldridge UNDER 8.0 3B. Model projects 0.0 (8.00 edge). Recent trends and opponent weakness support this play.,Bryce Eldridge,0.0,0.0,
2B  Christian Koss,San Francisco Giants,mlb,RBI,Los_Angeles_Angels_at_San_Francisco_Giants,0.0,8.0,-8.0,UNDER,2B  Christian Koss shows UNDER value at 8.0 RBI. TC projection: 0.0 — edge: 8.00. Strong conviction based on usage rate and defensive matchup.,Christian Koss,0.0,0.0,
2B  Christian Koss,San Francisco Giants,mlb,HR,Los_Angeles_Angels_at_San_Francisco_Giants,0.0,8.0,-8.0,UNDER,2B  Christian Koss shows UNDER value at 8.0 HR. TC projection: 0.0 — edge: 8.00. Strong conviction based on usage rate and defensive matchup.,Christian Koss,0.0,0.0,
2B  Christian Koss,San Francisco Giants,mlb,3B,Los_Angeles_Angels_at_San_Francisco_Giants,0.0,8.0,-8.0,UNDER,Targeting 2B  Christian Koss UNDER 8.0 3B. Model projects 0.0 (8.00 edge). Recent trends and opponent weakness support this play.,Christian Koss,0.0,0.0,
2B  Christian Koss,San Francisco Giants,mlb,SB,Los_Angeles_Angels_at_San_Francisco_Giants,0.0,8.0,-8.0,UNDER,"Strong +EV opportunity: 2B  Christian Koss is projected for 0.0 SB vs a line of 8.0, giving a UNDER edge of 8.00. Based on recent form, opponent matchup, and game context.",Christian Koss,0.0,0.0,
C   Daniel Susac,San Francisco Giants,mlb,HR,Los_Angeles_Angels_at_San_Francisco_Giants,0.0,8.0,-8.0,UNDER,Targeting C   Daniel Susac UNDER 8.0 HR. Model projects 0.0 (8.00 edge). Recent trends and opponent weakness support this play.,Daniel Susac,0.0,0.0,
C   Drew Cavanaugh,San Francisco Giants,mlb,HR,Los_Angeles_Angels_at_San_Francisco_Giants,0.0,8.0,-8.0,UNDER,Targeting C   Drew Cavanaugh UNDER 8.0 HR. Model projects 0.0 (8.00 edge). Recent trends and opponent weakness support this play.,Drew Cavanaugh,0.0,0.0,
C   Drew Cavanaugh,San Francisco Giants,mlb,2B,Los_Angeles_Angels_at_San_Francisco_Giants,0.0,8.0,-8.0,UNDER,"Strong +EV opportunity: C   Drew Cavanaugh is projected for 0.0 2B vs a line of 8.0, giving a UNDER edge of 8.00. Based on recent form, opponent matchup, and game context.",Drew Cavanaugh,0.0,0.0,
C   Drew Cavanaugh,San Francisco Giants,mlb,3B,Los_Angeles_Angels_at_San_Francisco_Giants,0.0,8.0,-8.0,UNDER,C   Drew Cavanaugh shows UNDER value at 8.0 3B. TC projection: 0.0 — edge: 8.00. Strong conviction based on usage rate and defensive matchup.,Drew Cavanaugh,0.0,0.0,
C   Drew Cavanaugh,San Francisco Giants,mlb,SB,Los_Angeles_Angels_at_San_Francisco_Giants,0.0,8.0,-8.0,UNDER,C   Drew Cavanaugh shows UNDER value at 8.0 SB. TC projection: 0.0 — edge: 8.00. Strong conviction based on usage rate and defensive matchup.,Drew Cavanaugh,0.0,0.0,
CF  Drew Gilbert,San Francisco Giants,mlb,SB,Los_Angeles_Angels_at_San_Francisco_Giants,0.0,8.0,-8.0,UNDER,CF  Drew Gilbert shows UNDER value at 8.0 SB. TC projection: 0.0 — edge: 8.00. Strong conviction based on usage rate and defensive matchup.,Drew Gilbert,0.0,0.0,
P   Dylan Smith,San Francisco Giants,mlb,H,Los_Angeles_Angels_at_San_Francisco_Giants,0.0,8.0,-8.0,UNDER,"Strong +EV opportunity: P   Dylan Smith is projected for 0.0 H vs a line of 8.0, giving a UNDER edge of 8.00. Based on recent form, opponent matchup, and game context.",Dylan Smith,0.0,0.0,
P   Dylan Smith,San Francisco Giants,mlb,R,Los_Angeles_Angels_at_San_Francisco_Giants,0.0,8.0,-8.0,UNDER,Targeting P   Dylan Smith UNDER 8.0 R. Model projects 0.0 (8.00 edge). Recent trends and opponent weakness support this play.,Dylan Smith,0.0,0.0,
P   Dylan Smith,San Francisco Giants,mlb,RBI,Los_Angeles_Angels_at_San_Francisco_Giants,0.0,8.0,-8.0,UNDER,P   Dylan Smith shows UNDER value at 8.0 RBI. TC projection: 0.0 — edge: 8.00. Strong conviction based on usage rate and defensive matchup.,Dylan Smith,0.0,0.0,
P   Dylan Smith,San Francisco Giants,mlb,HR,Los_Angeles_Angels_at_San_Francisco_Giants,0.0,8.0,-8.0,UNDER,P   Dylan Smith shows UNDER value at 8.0 HR. TC projection: 0.0 — edge: 8.00. Strong conviction based on usage rate and defensive matchup.,Dylan Smith,0.0,0.0,
P   Dylan Smith,San Francisco Giants,mlb,2B,Los_Angeles_Angels_at_San_Francisco_Giants,0.0,8.0,-8.0,UNDER,Targeting P   Dylan Smith UNDER 8.0 2B. Model projects 0.0 (8.00 edge). Recent trends and opponent weakness support this play.,Dylan Smith,0.0,0.0,
P   Dylan Smith,San Francisco Giants,mlb,3B,Los_Angeles_Angels_at_San_Francisco_Giants,0.0,8.0,-8.0,UNDER,P   Dylan Smith shows UNDER value at 8.0 3B. TC projection: 0.0 — edge: 8.00. Strong conviction based on usage rate and defensive matchup.,Dylan Smith,0.0,0.0,
P   Dylan Smith,San Francisco Giants,mlb,BB,Los_Angeles_Angels_at_San_Francisco_Giants,0.0,8.0,-8.0,UNDER,P   Dylan Smith shows UNDER value at 8.0 BB. TC projection: 0.0 — edge: 8.00. Strong conviction based on usage rate and defensive matchup.,Dylan Smith,0.0,0.0,
P   Dylan Smith,San Francisco Giants,mlb,SB,Los_Angeles_Angels_at_San_Francisco_Giants,0.0,8.0,-8.0,UNDER,P   Dylan Smith shows UNDER value at 8.0 SB. TC projection: 0.0 — edge: 8.00. Strong conviction based on usage rate and defensive matchup.,Dylan Smith,0.0,0.0,
CF  Grant McCray,San Francisco Giants,mlb,H,Los_Angeles_Angels_at_San_Francisco_Giants,0.0,8.0,-8.0,UNDER,"Strong +EV opportunity: CF  Grant McCray is projected for 0.0 H vs a line of 8.0, giving a UNDER edge of 8.00. Based on recent form, opponent matchup, and game context.",Grant McCray,0.0,0.0,
CF  Grant McCray,San Francisco Giants,mlb,RBI,Los_Angeles_Angels_at_San_Francisco_Giants,0.0,8.0,-8.0,UNDER,Targeting CF  Grant McCray UNDER 8.0 RBI. Model projects 0.0 (8.00 edge). Recent trends and opponent weakness support this play.,Grant McCray,0.0,0.0,
CF  Grant McCray,San Francisco Giants,mlb,HR,Los_Angeles_Angels_at_San_Francisco_Giants,0.0,8.0,-8.0,UNDER,Targeting CF  Grant McCray UNDER 8.0 HR. Model projects 0.0 (8.00 edge). Recent trends and opponent weakness support this play.,Grant McCray,0.0,0.0,
CF  Grant McCray,San Francisco Giants,mlb,2B,Los_Angeles_Angels_at_San_Francisco_Giants,0.0,8.0,-8.0,UNDER,CF  Grant McCray shows UNDER value at 8.0 2B. TC projection: 0.0 — edge: 8.00. Strong conviction based on usage rate and defensive matchup.,Grant McCray,0.0,0.0,
CF  Grant McCray,San Francisco Giants,mlb,3B,Los_Angeles_Angels_at_San_Francisco_Giants,0.0,8.0,-8.0,UNDER,Targeting CF  Grant McCray UNDER 8.0 3B. Model projects 0.0 (8.00 edge). Recent trends and opponent weakness support this play.,Grant McCray,0.0,0.0,
CF  Grant McCray,San Francisco Giants,mlb,BB,Los_Angeles_Angels_at_San_Francisco_Giants,0.0,8.0,-8.0,UNDER,CF  Grant McCray shows UNDER value at 8.0 BB. TC projection: 0.0 — edge: 8.00. Strong conviction based on usage rate and defensive matchup.,Grant McCray,0.0,0.0,
LF  Heliot Ramos,San Francisco Giants,mlb,SB,Los_Angeles_Angels_at_San_Francisco_Giants,0.0,8.0,-8.0,UNDER,Targeting LF  Heliot Ramos UNDER 8.0 SB. Model projects 0.0 (8.00 edge). Recent trends and opponent weakness support this play.,Heliot Ramos,0.0,0.0,
C   Jesus Rodriguez,San Francisco Giants,mlb,3B,Los_Angeles_Angels_at_San_Francisco_Giants,0.0,8.0,-8.0,UNDER,C   Jesus Rodriguez shows UNDER value at 8.0 3B. TC projection: 0.0 — edge: 8.00. Strong conviction based on usage rate and defensive matchup.,Jesus Rodriguez,0.0,0.0,
P   Keaton Winn,San Francisco Giants,mlb,H,Los_Angeles_Angels_at_San_Francisco_Giants,0.0,8.0,-8.0,UNDER,Targeting P   Keaton Winn UNDER 8.0 H. Model projects 0.0 (8.00 edge). Recent trends and opponent weakness support this play.,Keaton Winn,0.0,0.0,
P   Keaton Winn,San Francisco Giants,mlb,R,Los_Angeles_Angels_at_San_Francisco_Giants,0.0,8.0,-8.0,UNDER,Targeting P   Keaton Winn UNDER 8.0 R. Model projects 0.0 (8.00 edge). Recent trends and opponent weakness support this play.,Keaton Winn,0.0,0.0,
P   Keaton Winn,San Francisco Giants,mlb,RBI,Los_Angeles_Angels_at_San_Francisco_Giants,0.0,8.0,-8.0,UNDER,P   Keaton Winn shows UNDER value at 8.0 RBI. TC projection: 0.0 — edge: 8.00. Strong conviction based on usage rate and defensive matchup.,Keaton Winn,0.0,0.0,
P   Keaton Winn,San Francisco Giants,mlb,HR,Los_Angeles_Angels_at_San_Francisco_Giants,0.0,8.0,-8.0,UNDER,"Strong +EV opportunity: P   Keaton Winn is projected for 0.0 HR vs a line of 8.0, giving a UNDER edge of 8.00. Based on recent form, opponent matchup, and game context.",Keaton Winn,0.0,0.0,
P   Keaton Winn,San Francisco Giants,mlb,2B,Los_Angeles_Angels_at_San_Francisco_Giants,0.0,8.0,-8.0,UNDER,P   Keaton Winn shows UNDER value at 8.0 2B. TC projection: 0.0 — edge: 8.00. Strong conviction based on usage rate and defensive matchup.,Keaton Winn,0.0,0.0,
P   Keaton Winn,San Francisco Giants,mlb,3B,Los_Angeles_Angels_at_San_Francisco_Giants,0.0,8.0,-8.0,UNDER,Targeting P   Keaton Winn UNDER 8.0 3B. Model projects 0.0 (8.00 edge). Recent trends and opponent weakness support this play.,Keaton Winn,0.0,0.0,
P   Keaton Winn,San Francisco Giants,mlb,BB,Los_Angeles_Angels_at_San_Francisco_Giants,0.0,8.0,-8.0,UNDER,P   Keaton Winn shows UNDER value at 8.0 BB. TC projection: 0.0 — edge: 8.00. Strong conviction based on usage rate and defensive matchup.,Keaton Winn,0.0,0.0,
P   Keaton Winn,San Francisco Giants,mlb,SB,Los_Angeles_Angels_at_San_Francisco_Giants,0.0,8.0,-8.0,UNDER,P   Keaton Winn shows UNDER value at 8.0 SB. TC projection: 0.0 — edge: 8.00. Strong conviction based on usage rate and defensive matchup.,Keaton Winn,0.0,0.0,
1B  Rafael Devers,San Francisco Giants,mlb,SB,Los_Angeles_Angels_at_San_Francisco_Giants,0.0,8.0,-8.0,UNDER,1B  Rafael Devers shows UNDER value at 8.0 SB. TC projection: 0.0 — edge: 8.00. Strong conviction based on usage rate and defensive matchup.,Rafael Devers,0.0,0.0,
P   Sam Hentges,San Francisco Giants,mlb,H,Los_Angeles_Angels_at_San_Francisco_Giants,0.0,8.0,-8.0,UNDER,"Strong +EV opportunity: P   Sam Hentges is projected for 0.0 H vs a line of 8.0, giving a UNDER edge of 8.00. Based on recent form, opponent matchup, and game context.",Sam Hentges,0.0,0.0,
P   Sam Hentges,San Francisco Giants,mlb,R,Los_Angeles_Angels_at_San_Francisco_Giants,0.0,8.0,-8.0,UNDER,"Strong +EV opportunity: P   Sam Hentges is projected for 0.0 R vs a line of 8.0, giving a UNDER edge of 8.00. Based on recent form, opponent matchup, and game context.",Sam Hentges,0.0,0.0,
P   Sam Hentges,San Francisco Giants,mlb,RBI,Los_Angeles_Angels_at_San_Francisco_Giants,0.0,8.0,-8.0,UNDER,"Strong +EV opportunity: P   Sam Hentges is projected for 0.0 RBI vs a line of 8.0, giving a UNDER edge of 8.00. Based on recent form, opponent matchup, and game context.",Sam Hentges,0.0,0.0,
P   Sam Hentges,San Francisco Giants,mlb,HR,Los_Angeles_Angels_at_San_Francisco_Giants,0.0,8.0,-8.0,UNDER,P   Sam Hentges shows UNDER value at 8.0 HR. TC projection: 0.0 — edge: 8.00. Strong conviction based on usage rate and defensive matchup.,Sam Hentges,0.0,0.0,
P   Sam Hentges,San Francisco Giants,mlb,2B,Los_Angeles_Angels_at_San_Francisco_Giants,0.0,8.0,-8.0,UNDER,P   Sam Hentges shows UNDER value at 8.0 2B. TC projection: 0.0 — edge: 8.00. Strong conviction based on usage rate and defensive matchup.,Sam Hentges,0.0,0.0,
P   Sam Hentges,San Francisco Giants,mlb,3B,Los_Angeles_Angels_at_San_Francisco_Giants,0.0,8.0,-8.0,UNDER,Targeting P   Sam Hentges UNDER 8.0 3B. Model projects 0.0 (8.00 edge). Recent trends and opponent weakness support this play.,Sam Hentges,0.0,0.0,
P   Sam Hentges,San Francisco Giants,mlb,BB,Los_Angeles_Angels_at_San_Francisco_Giants,0.0,8.0,-8.0,UNDER,P   Sam Hentges shows UNDER value at 8.0 BB. TC projection: 0.0 — edge: 8.00. Strong conviction based on usage rate and defensive matchup.,Sam Hentges,0.0,0.0,
P   Sam Hentges,San Francisco Giants,mlb,SB,Los_Angeles_Angels_at_San_Francisco_Giants,0.0,8.0,-8.0,UNDER,"Strong +EV opportunity: P   Sam Hentges is projected for 0.0 SB vs a line of 8.0, giving a UNDER edge of 8.00. Based on recent form, opponent matchup, and game context.",Sam Hentges,0.0,0.0,
C   Ali Sánchez,New York Yankees,mlb,HR,New_York_Yankees_at_Philadelphia_Phillies,0.0,8.0,-8.0,UNDER,"Strong +EV opportunity: C   Ali Sánchez is projected for 0.0 HR vs a line of 8.0, giving a UNDER edge of 8.00. Based on recent form, opponent matchup, and game context.",Ali Sánchez,0.0,0.0,
C   Ali Sánchez,New York Yankees,mlb,3B,New_York_Yankees_at_Philadelphia_Phillies,0.0,8.0,-8.0,UNDER,C   Ali Sánchez shows UNDER value at 8.0 3B. TC projection: 0.0 — edge: 8.00. Strong conviction based on usage rate and defensive matchup.,Ali Sánchez,0.0,0.0,
C   Ali Sánchez,New York Yankees,mlb,SB,New_York_Yankees_at_Philadelphia_Phillies,0.0,8.0,-8.0,UNDER,Targeting C   Ali Sánchez UNDER 8.0 SB. Model projects 0.0 (8.00 edge). Recent trends and opponent weakness support this play.,Ali Sánchez,0.0,0.0,
C   Austin Wells,New York Yankees,mlb,3B,New_York_Yankees_at_Philadelphia_Phillies,0.0,8.0,-8.0,UNDER,"Strong +EV opportunity: C   Austin Wells is projected for 0.0 3B vs a line of 8.0, giving a UNDER edge of 8.00. Based on recent form, opponent matchup, and game context.",Austin Wells,0.0,0.0,
P   David Bednar,New York Yankees,mlb,H,New_York_Yankees_at_Philadelphia_Phillies,0.0,8.0,-8.0,UNDER,P   David Bednar shows UNDER value at 8.0 H. TC projection: 0.0 — edge: 8.00. Strong conviction based on usage rate and defensive matchup.,David Bednar,0.0,0.0,
P   David Bednar,New York Yankees,mlb,R,New_York_Yankees_at_Philadelphia_Phillies,0.0,8.0,-8.0,UNDER,"Strong +EV opportunity: P   David Bednar is projected for 0.0 R vs a line of 8.0, giving a UNDER edge of 8.00. Based on recent form, opponent matchup, and game context.",David Bednar,0.0,0.0,
P   David Bednar,New York Yankees,mlb,RBI,New_York_Yankees_at_Philadelphia_Phillies,0.0,8.0,-8.0,UNDER,Targeting P   David Bednar UNDER 8.0 RBI. Model projects 0.0 (8.00 edge). Recent trends and opponent weakness support this play.,David Bednar,0.0,0.0,
P   David Bednar,New York Yankees,mlb,HR,New_York_Yankees_at_Philadelphia_Phillies,0.0,8.0,-8.0,UNDER,P   David Bednar shows UNDER value at 8.0 HR. TC projection: 0.0 — edge: 8.00. Strong conviction based on usage rate and defensive matchup.,David Bednar,0.0,0.0,
P   David Bednar,New York Yankees,mlb,2B,New_York_Yankees_at_Philadelphia_Phillies,0.0,8.0,-8.0,UNDER,"Strong +EV opportunity: P   David Bednar is projected for 0.0 2B vs a line of 8.0, giving a UNDER edge of 8.00. Based on recent form, opponent matchup, and game context.",David Bednar,0.0,0.0,
P   David Bednar,New York Yankees,mlb,3B,New_York_Yankees_at_Philadelphia_Phillies,0.0,8.0,-8.0,UNDER,Targeting P   David Bednar UNDER 8.0 3B. Model projects 0.0 (8.00 edge). Recent trends and opponent weakness support this play.,David Bednar,0.0,0.0,
P   David Bednar,New York Yankees,mlb,BB,New_York_Yankees_at_Philadelphia_Phillies,0.0,8.0,-8.0,UNDER,"Strong +EV opportunity: P   David Bednar is projected for 0.0 BB vs a line of 8.0, giving a UNDER edge of 8.00. Based on recent form, opponent matchup, and game context.",David Bednar,0.0,0.0,
P   David Bednar,New York Yankees,mlb,SB,New_York_Yankees_at_Philadelphia_Phillies,0.0,8.0,-8.0,UNDER,"Strong +EV opportunity: P   David Bednar is projected for 0.0 SB vs a line of 8.0, giving a UNDER edge of 8.00. Based on recent form, opponent matchup, and game context.",David Bednar,0.0,0.0,
P   Fernando Cruz,New York Yankees,mlb,H,New_York_Yankees_at_Philadelphia_Phillies,0.0,8.0,-8.0,UNDER,Targeting P   Fernando Cruz UNDER 8.0 H. Model projects 0.0 (8.00 edge). Recent trends and opponent weakness support this play.,Fernando Cruz,0.0,0.0,
P   Fernando Cruz,New York Yankees,mlb,R,New_York_Yankees_at_Philadelphia_Phillies,0.0,8.0,-8.0,UNDER,Targeting P   Fernando Cruz UNDER 8.0 R. Model projects 0.0 (8.00 edge). Recent trends and opponent weakness support this play.,Fernando Cruz,0.0,0.0,
P   Fernando Cruz,New York Yankees,mlb,RBI,New_York_Yankees_at_Philadelphia_Phillies,0.0,8.0,-8.0,UNDER,Targeting P   Fernando Cruz UNDER 8.0 RBI. Model projects 0.0 (8.00 edge). Recent trends and opponent weakness support this play.,Fernando Cruz,0.0,0.0,
P   Fernando Cruz,New York Yankees,mlb,HR,New_York_Yankees_at_Philadelphia_Phillies,0.0,8.0,-8.0,UNDER,P   Fernando Cruz shows UNDER value at 8.0 HR. TC projection: 0.0 — edge: 8.00. Strong conviction based on usage rate and defensive matchup.,Fernando Cruz,0.0,0.0,
P   Fernando Cruz,New York Yankees,mlb,2B,New_York_Yankees_at_Philadelphia_Phillies,0.0,8.0,-8.0,UNDER,Targeting P   Fernando Cruz UNDER 8.0 2B. Model projects 0.0 (8.00 edge). Recent trends and opponent weakness support this play.,Fernando Cruz,0.0,0.0,
P   Fernando Cruz,New York Yankees,mlb,3B,New_York_Yankees_at_Philadelphia_Phillies,0.0,8.0,-8.0,UNDER,Targeting P   Fernando Cruz UNDER 8.0 3B. Model projects 0.0 (8.00 edge). Recent trends and opponent weakness support this play.,Fernando Cruz,0.0,0.0,
P   Fernando Cruz,New York Yankees,mlb,BB,New_York_Yankees_at_Philadelphia_Phillies,0.0,8.0,-8.0,UNDER,P   Fernando Cruz shows UNDER value at 8.0 BB. TC projection: 0.0 — edge: 8.00. Strong conviction based on usage rate and defensive matchup.,Fernando Cruz,0.0,0.0,
P   Fernando Cruz,New York Yankees,mlb,SB,New_York_Yankees_at_Philadelphia_Phillies,0.0,8.0,-8.0,UNDER,"Strong +EV opportunity: P   Fernando Cruz is projected for 0.0 SB vs a line of 8.0, giving a UNDER edge of 8.00. Based on recent form, opponent matchup, and game context.",Fernando Cruz,0.0,0.0,
RF  Jasson Domínguez,New York Yankees,mlb,3B,New_York_Yankees_at_Philadelphia_Phillies,0.0,8.0,-8.0,UNDER,"Strong +EV opportunity: RF  Jasson Domínguez is projected for 0.0 3B vs a line of 8.0, giving a UNDER edge of 8.00. Based on recent form, opponent matchup, and game context.",Jasson Domínguez,0.0,0.0,
SS  José Caballero,New York Yankees,mlb,3B,New_York_Yankees_at_Philadelphia_Phillies,0.0,8.0,-8.0,UNDER,"Strong +EV opportunity: SS  José Caballero is projected for 0.0 3B vs a line of 8.0, giving a UNDER edge of 8.00. Based on recent form, opponent matchup, and game context.",José Caballero,0.0,0.0,
SS  Max Schuemann,New York Yankees,mlb,3B,New_York_Yankees_at_Philadelphia_Phillies,0.0,8.0,-8.0,UNDER,"Strong +EV opportunity: SS  Max Schuemann is projected for 0.0 3B vs a line of 8.0, giving a UNDER edge of 8.00. Based on recent form, opponent matchup, and game context.",Max Schuemann,0.0,0.0,
P   Paul Blackburn,New York Yankees,mlb,H,New_York_Yankees_at_Philadelphia_Phillies,0.0,8.0,-8.0,UNDER,Targeting P   Paul Blackburn UNDER 8.0 H. Model projects 0.0 (8.00 edge). Recent trends and opponent weakness support this play.,Paul Blackburn,0.0,0.0,
P   Paul Blackburn,New York Yankees,mlb,R,New_York_Yankees_at_Philadelphia_Phillies,0.0,8.0,-8.0,UNDER,Targeting P   Paul Blackburn UNDER 8.0 R. Model projects 0.0 (8.00 edge). Recent trends and opponent weakness support this play.,Paul Blackburn,0.0,0.0,
P   Paul Blackburn,New York Yankees,mlb,RBI,New_York_Yankees_at_Philadelphia_Phillies,0.0,8.0,-8.0,UNDER,"Strong +EV opportunity: P   Paul Blackburn is projected for 0.0 RBI vs a line of 8.0, giving a UNDER edge of 8.00. Based on recent form, opponent matchup, and game context.",Paul Blackburn,0.0,0.0,
P   Paul Blackburn,New York Yankees,mlb,HR,New_York_Yankees_at_Philadelphia_Phillies,0.0,8.0,-8.0,UNDER,"Strong +EV opportunity: P   Paul Blackburn is projected for 0.0 HR vs a line of 8.0, giving a UNDER edge of 8.00. Based on recent form, opponent matchup, and game context.",Paul Blackburn,0.0,0.0,
P   Paul Blackburn,New York Yankees,mlb,2B,New_York_Yankees_at_Philadelphia_Phillies,0.0,8.0,-8.0,UNDER,Targeting P   Paul Blackburn UNDER 8.0 2B. Model projects 0.0 (8.00 edge). Recent trends and opponent weakness support this play.,Paul Blackburn,0.0,0.0,
P   Paul Blackburn,New York Yankees,mlb,3B,New_York_Yankees_at_Philadelphia_Phillies,0.0,8.0,-8.0,UNDER,Targeting P   Paul Blackburn UNDER 8.0 3B. Model projects 0.0 (8.00 edge). Recent trends and opponent weakness support this play.,Paul Blackburn,0.0,0.0,
P   Paul Blackburn,New York Yankees,mlb,BB,New_York_Yankees_at_Philadelphia_Phillies,0.0,8.0,-8.0,UNDER,Targeting P   Paul Blackburn UNDER 8.0 BB. Model projects 0.0 (8.00 edge). Recent trends and opponent weakness support this play.,Paul Blackburn,0.0,0.0,
P   Paul Blackburn,New York Yankees,mlb,SB,New_York_Yankees_at_Philadelphia_Phillies,0.0,8.0,-8.0,UNDER,Targeting P   Paul Blackburn UNDER 8.0 SB. Model projects 0.0 (8.00 edge). Recent trends and opponent weakness support this play.,Paul Blackburn,0.0,0.0,
3B  Ryan McMahon,New York Yankees,mlb,3B,New_York_Yankees_at_Philadelphia_Phillies,0.0,8.0,-8.0,UNDER,3B  Ryan McMahon shows UNDER value at 8.0 3B. TC projection: 0.0 — edge: 8.00. Strong conviction based on usage rate and defensive matchup.,Ryan McMahon,0.0,0.0,
RF  Jo Adell,Los Angeles Angels,mlb,3B,Los_Angeles_Angels_at_San_Francisco_Giants,0.01,8.0,-7.99,UNDER,Targeting RF  Jo Adell UNDER 8.0 3B. Model projects 0.0 (7.99 edge). Recent trends and opponent weakness support this play.,Jo Adell,0.01,0.0,
DH  Jorge Soler,Los Angeles Angels,mlb,3B,Los_Angeles_Angels_at_San_Francisco_Giants,0.01,8.0,-7.99,UNDER,DH  Jorge Soler shows UNDER value at 8.0 3B. TC projection: 0.0 — edge: 7.99. Strong conviction based on usage rate and defensive matchup.,Jorge Soler,0.01,0.0,
1B  Nolan Schanuel,Los Angeles Angels,mlb,SB,Los_Angeles_Angels_at_San_Francisco_Giants,0.01,8.0,-7.99,UNDER,Targeting 1B  Nolan Schanuel UNDER 8.0 SB. Model projects 0.0 (7.99 edge). Recent trends and opponent weakness support this play.,Nolan Schanuel,0.01,0.0,
DH  Bryce Eldridge,San Francisco Giants,mlb,SB,Los_Angeles_Angels_at_San_Francisco_Giants,0.01,8.0,-7.99,UNDER,DH  Bryce Eldridge shows UNDER value at 8.0 SB. TC projection: 0.0 — edge: 7.99. Strong conviction based on usage rate and defensive matchup.,Bryce Eldridge,0.01,0.0,
LF  Casey Schmitt,San Francisco Giants,mlb,3B,Los_Angeles_Angels_at_San_Francisco_Giants,0.01,8.0,-7.99,UNDER,Targeting LF  Casey Schmitt UNDER 8.0 3B. Model projects 0.0 (7.99 edge). Recent trends and opponent weakness support this play.,Casey Schmitt,0.01,0.0,
1B  Rafael Devers,San Francisco Giants,mlb,3B,Los_Angeles_Angels_at_San_Francisco_Giants,0.01,8.0,-7.99,UNDER,"Strong +EV opportunity: 1B  Rafael Devers is projected for 0.0 3B vs a line of 8.0, giving a UNDER edge of 7.99. Based on recent form, opponent matchup, and game context.",Rafael Devers,0.01,0.0,
SS  Willy Adames,San Francisco Giants,mlb,3B,Los_Angeles_Angels_at_San_Francisco_Giants,0.01,8.0,-7.99,UNDER,Targeting SS  Willy Adames UNDER 8.0 3B. Model projects 0.0 (7.99 edge). Recent trends and opponent weakness support this play.,Willy Adames,0.01,0.0,
3B  Amed Rosario,New York Yankees,mlb,3B,New_York_Yankees_at_Philadelphia_Phillies,0.01,8.0,-7.99,UNDER,"Strong +EV opportunity: 3B  Amed Rosario is projected for 0.0 3B vs a line of 8.0, giving a UNDER edge of 7.99. Based on recent form, opponent matchup, and game context.",Amed Rosario,0.01,0.0,
3B  Amed Rosario,New York Yankees,mlb,SB,New_York_Yankees_at_Philadelphia_Phillies,0.01,8.0,-7.99,UNDER,"Strong +EV opportunity: 3B  Amed Rosario is projected for 0.0 SB vs a line of 8.0, giving a UNDER edge of 7.99. Based on recent form, opponent matchup, and game context.",Amed Rosario,0.01,0.0,
C   Austin Wells,New York Yankees,mlb,SB,New_York_Yankees_at_Philadelphia_Phillies,0.01,8.0,-7.99,UNDER,C   Austin Wells shows UNDER value at 8.0 SB. TC projection: 0.0 — edge: 7.99. Strong conviction based on usage rate and defensive matchup.,Austin Wells,0.01,0.0,
1B  Paul Goldschmidt,New York Yankees,mlb,3B,New_York_Yankees_at_Philadelphia_Phillies,0.01,8.0,-7.99,UNDER,"Strong +EV opportunity: 1B  Paul Goldschmidt is projected for 0.0 3B vs a line of 8.0, giving a UNDER edge of 7.99. Based on recent form, opponent matchup, and game context.",Paul Goldschmidt,0.01,0.0,
1B  Paul Goldschmidt,New York Yankees,mlb,SB,New_York_Yankees_at_Philadelphia_Phillies,0.01,8.0,-7.99,UNDER,"Strong +EV opportunity: 1B  Paul Goldschmidt is projected for 0.0 SB vs a line of 8.0, giving a UNDER edge of 7.99. Based on recent form, opponent matchup, and game context.",Paul Goldschmidt,0.01,0.0,
RF  Seiya Suzuki,Chicago Cubs,mlb,R,Chicago_Cubs_at_Pittsburgh_Pirates,0.52,8.5,-7.98,UNDER,Targeting RF  Seiya Suzuki UNDER 8.5 R. Model projects 0.5 (7.98 edge). Recent trends and opponent weakness support this play.,Seiya Suzuki,0.52,0.0,
RF  Seiya Suzuki,Chicago Cubs,mlb,RBI,Chicago_Cubs_at_Pittsburgh_Pirates,0.52,8.5,-7.98,UNDER,RF  Seiya Suzuki shows UNDER value at 8.5 RBI. TC projection: 0.5 — edge: 7.98. Strong conviction based on usage rate and defensive matchup.,Seiya Suzuki,0.52,0.0,
RF  Jo Adell,Los Angeles Angels,mlb,SB,Los_Angeles_Angels_at_San_Francisco_Giants,0.02,8.0,-7.98,UNDER,"Strong +EV opportunity: RF  Jo Adell is projected for 0.0 SB vs a line of 8.0, giving a UNDER edge of 7.98. Based on recent form, opponent matchup, and game context.",Jo Adell,0.02,0.0,
2B  Oswald Peraza,Los Angeles Angels,mlb,3B,Los_Angeles_Angels_at_San_Francisco_Giants,0.02,8.0,-7.98,UNDER,"Strong +EV opportunity: 2B  Oswald Peraza is projected for 0.0 3B vs a line of 8.0, giving a UNDER edge of 7.98. Based on recent form, opponent matchup, and game context.",Oswald Peraza,0.02,0.0,
C   Tyler Heineman,Los Angeles Angels,mlb,HR,Los_Angeles_Angels_at_San_Francisco_Giants,0.02,8.0,-7.98,UNDER,Targeting C   Tyler Heineman UNDER 8.0 HR. Model projects 0.0 (7.98 edge). Recent trends and opponent weakness support this play.,Tyler Heineman,0.02,0.0,
C   Tyler Heineman,Los Angeles Angels,mlb,3B,Los_Angeles_Angels_at_San_Francisco_Giants,0.02,8.0,-7.98,UNDER,Targeting C   Tyler Heineman UNDER 8.0 3B. Model projects 0.0 (7.98 edge). Recent trends and opponent weakness support this play.,Tyler Heineman,0.02,0.0,
C   Tyler Heineman,Los Angeles Angels,mlb,SB,Los_Angeles_Angels_at_San_Francisco_Giants,0.02,8.0,-7.98,UNDER,"Strong +EV opportunity: C   Tyler Heineman is projected for 0.0 SB vs a line of 8.0, giving a UNDER edge of 7.98. Based on recent form, opponent matchup, and game context.",Tyler Heineman,0.02,0.0,
SS  Zach Neto,Los Angeles Angels,mlb,3B,Los_Angeles_Angels_at_San_Francisco_Giants,0.02,8.0,-7.98,UNDER,"Strong +EV opportunity: SS  Zach Neto is projected for 0.0 3B vs a line of 8.0, giving a UNDER edge of 7.98. Based on recent form, opponent matchup, and game context.",Zach Neto,0.02,0.0,
C   Daniel Susac,San Francisco Giants,mlb,3B,Los_Angeles_Angels_at_San_Francisco_Giants,0.02,8.0,-7.98,UNDER,"Strong +EV opportunity: C   Daniel Susac is projected for 0.0 3B vs a line of 8.0, giving a UNDER edge of 7.98. Based on recent form, opponent matchup, and game context.",Daniel Susac,0.02,0.0,
CF  Drew Gilbert,San Francisco Giants,mlb,3B,Los_Angeles_Angels_at_San_Francisco_Giants,0.02,8.0,-7.98,UNDER,"Strong +EV opportunity: CF  Drew Gilbert is projected for 0.0 3B vs a line of 8.0, giving a UNDER edge of 7.98. Based on recent form, opponent matchup, and game context.",Drew Gilbert,0.02,0.0,
SS  Willy Adames,San Francisco Giants,mlb,SB,Los_Angeles_Angels_at_San_Francisco_Giants,0.02,8.0,-7.98,UNDER,"Strong +EV opportunity: SS  Willy Adames is projected for 0.0 SB vs a line of 8.0, giving a UNDER edge of 7.98. Based on recent form, opponent matchup, and game context.",Willy Adames,0.02,0.0,
SS  Anthony Volpe,New York Yankees,mlb,HR,New_York_Yankees_at_Philadelphia_Phillies,0.02,8.0,-7.98,UNDER,SS  Anthony Volpe shows UNDER value at 8.0 HR. TC projection: 0.0 — edge: 7.98. Strong conviction based on usage rate and defensive matchup.,Anthony Volpe,0.02,0.0,
SS  Anthony Volpe,New York Yankees,mlb,3B,New_York_Yankees_at_Philadelphia_Phillies,0.02,8.0,-7.98,UNDER,"Strong +EV opportunity: SS  Anthony Volpe is projected for 0.0 3B vs a line of 8.0, giving a UNDER edge of 7.98. Based on recent form, opponent matchup, and game context.",Anthony Volpe,0.02,0.0,
C   Austin Wells,New York Yankees,mlb,2B,New_York_Yankees_at_Philadelphia_Phillies,0.02,8.0,-7.98,UNDER,Targeting C   Austin Wells UNDER 8.0 2B. Model projects 0.0 (7.98 edge). Recent trends and opponent weakness support this play.,Austin Wells,0.02,0.0,
1B  Ben Rice,New York Yankees,mlb,SB,New_York_Yankees_at_Philadelphia_Phillies,0.02,8.0,-7.98,UNDER,"Strong +EV opportunity: 1B  Ben Rice is projected for 0.0 SB vs a line of 8.0, giving a UNDER edge of 7.98. Based on recent form, opponent matchup, and game context.",Ben Rice,0.02,0.0,
LF  Cody Bellinger,New York Yankees,mlb,3B,New_York_Yankees_at_Philadelphia_Phillies,0.02,8.0,-7.98,UNDER,"Strong +EV opportunity: LF  Cody Bellinger is projected for 0.0 3B vs a line of 8.0, giving a UNDER edge of 7.98. Based on recent form, opponent matchup, and game context.",Cody Bellinger,0.02,0.0,
2B  Jazz Chisholm Jr.,New York Yankees,mlb,3B,New_York_Yankees_at_Philadelphia_Phillies,0.02,8.0,-7.98,UNDER,"Strong +EV opportunity: 2B  Jazz Chisholm Jr. is projected for 0.0 3B vs a line of 8.0, giving a UNDER edge of 7.98. Based on recent form, opponent matchup, and game context.",Jazz Chisholm Jr.,0.02,0.0,
CF  Trent Grisham,New York Yankees,mlb,3B,New_York_Yankees_at_Philadelphia_Phillies,0.02,8.0,-7.98,UNDER,Targeting CF  Trent Grisham UNDER 8.0 3B. Model projects 0.0 (7.98 edge). Recent trends and opponent weakness support this play.,Trent Grisham,0.02,0.0,
SS  Dansby Swanson,Chicago Cubs,mlb,R,Chicago_Cubs_at_Pittsburgh_Pirates,0.53,8.5,-7.97,UNDER,SS  Dansby Swanson shows UNDER value at 8.5 R. TC projection: 0.5 — edge: 7.97. Strong conviction based on usage rate and defensive matchup.,Dansby Swanson,0.53,0.0,
1B  Michael Busch,Chicago Cubs,mlb,BB,Chicago_Cubs_at_Pittsburgh_Pirates,0.53,8.5,-7.97,UNDER,1B  Michael Busch shows UNDER value at 8.5 BB. TC projection: 0.5 — edge: 7.97. Strong conviction based on usage rate and defensive matchup.,Michael Busch,0.53,0.0,
2B  Jake Cronenworth,San Diego Padres,mlb,H,San_Diego_Padres_at_Miami_Marlins,0.53,8.5,-7.97,UNDER,Targeting 2B  Jake Cronenworth UNDER 8.5 H. Model projects 0.5 (7.97 edge). Recent trends and opponent weakness support this play.,Jake Cronenworth,0.53,0.0,
CF  Jose Siri,Los Angeles Angels,mlb,SB,Los_Angeles_Angels_at_San_Francisco_Giants,0.03,8.0,-7.97,UNDER,"Strong +EV opportunity: CF  Jose Siri is projected for 0.0 SB vs a line of 8.0, giving a UNDER edge of 7.97. Based on recent form, opponent matchup, and game context.",Jose Siri,0.03,0.0,
1B  Ben Rice,New York Yankees,mlb,3B,New_York_Yankees_at_Philadelphia_Phillies,0.03,8.0,-7.97,UNDER,Targeting 1B  Ben Rice UNDER 8.0 3B. Model projects 0.0 (7.97 edge). Recent trends and opponent weakness support this play.,Ben Rice,0.03,0.0,
3B  Ryan McMahon,New York Yankees,mlb,SB,New_York_Yankees_at_Philadelphia_Phillies,0.03,8.0,-7.97,UNDER,3B  Ryan McMahon shows UNDER value at 8.0 SB. TC projection: 0.0 — edge: 7.97. Strong conviction based on usage rate and defensive matchup.,Ryan McMahon,0.03,0.0,
3B  Denzer Guzman,Los Angeles Angels,mlb,SB,Los_Angeles_Angels_at_San_Francisco_Giants,0.03,8.0,-7.97,UNDER,3B  Denzer Guzman shows UNDER value at 8.0 SB. TC projection: 0.0 — edge: 7.97. Strong conviction based on usage rate and defensive matchup.,Denzer Guzman,0.03,0.0,
LF  Wade Meckler,Los Angeles Angels,mlb,HR,Los_Angeles_Angels_at_San_Francisco_Giants,0.03,8.0,-7.97,UNDER,LF  Wade Meckler shows UNDER value at 8.0 HR. TC projection: 0.0 — edge: 7.97. Strong conviction based on usage rate and defensive matchup.,Wade Meckler,0.03,0.0,
LF  Ian Happ,Chicago Cubs,mlb,R,Chicago_Cubs_at_Pittsburgh_Pirates,0.54,8.5,-7.96,UNDER,LF  Ian Happ shows UNDER value at 8.5 R. TC projection: 0.5 — edge: 7.96. Strong conviction based on usage rate and defensive matchup.,Ian Happ,0.54,0.0,
CF  Pete Crow-Armstrong,Chicago Cubs,mlb,R,Chicago_Cubs_at_Pittsburgh_Pirates,0.54,8.5,-7.96,UNDER,CF  Pete Crow-Armstrong shows UNDER value at 8.5 R. TC projection: 0.5 — edge: 7.96. Strong conviction based on usage rate and defensive matchup.,Pete Crow-Armstrong,0.54,0.0,
DH  Iván Herrera,St. Louis Cardinals,mlb,R,Cincinnati_Reds_at_St_Louis_Cardinals,0.54,8.5,-7.96,UNDER,"Strong +EV opportunity: DH  Iván Herrera is projected for 0.5 R vs a line of 8.5, giving a UNDER edge of 7.96. Based on recent form, opponent matchup, and game context.",Iván Herrera,0.54,0.0,
LF  Josh Lowe,Los Angeles Angels,mlb,SB,Los_Angeles_Angels_at_San_Francisco_Giants,0.04,8.0,-7.96,UNDER,"Strong +EV opportunity: LF  Josh Lowe is projected for 0.0 SB vs a line of 8.0, giving a UNDER edge of 7.96. Based on recent form, opponent matchup, and game context.",Josh Lowe,0.04,0.0,
C   Tyler Heineman,Los Angeles Angels,mlb,2B,Los_Angeles_Angels_at_San_Francisco_Giants,0.04,8.0,-7.96,UNDER,"Strong +EV opportunity: C   Tyler Heineman is projected for 0.0 2B vs a line of 8.0, giving a UNDER edge of 7.96. Based on recent form, opponent matchup, and game context.",Tyler Heineman,0.04,0.0,
C   Daniel Susac,San Francisco Giants,mlb,SB,Los_Angeles_Angels_at_San_Francisco_Giants,0.04,8.0,-7.96,UNDER,C   Daniel Susac shows UNDER value at 8.0 SB. TC projection: 0.0 — edge: 7.96. Strong conviction based on usage rate and defensive matchup.,Daniel Susac,0.04,0.0,
2B  Luis Arraez,San Francisco Giants,mlb,HR,Los_Angeles_Angels_at_San_Francisco_Giants,0.04,8.0,-7.96,UNDER,2B  Luis Arraez shows UNDER value at 8.0 HR. TC projection: 0.0 — edge: 7.96. Strong conviction based on usage rate and defensive matchup.,Luis Arraez,0.04,0.0,
C   Ali Sánchez,New York Yankees,mlb,BB,New_York_Yankees_at_Philadelphia_Phillies,0.04,8.0,-7.96,UNDER,Targeting C   Ali Sánchez UNDER 8.0 BB. Model projects 0.0 (7.96 edge). Recent trends and opponent weakness support this play.,Ali Sánchez,0.04,0.0,
CF  Drew Gilbert,San Francisco Giants,mlb,HR,Los_Angeles_Angels_at_San_Francisco_Giants,0.04,8.0,-7.96,UNDER,CF  Drew Gilbert shows UNDER value at 8.0 HR. TC projection: 0.0 — edge: 7.96. Strong conviction based on usage rate and defensive matchup.,Drew Gilbert,0.04,0.0,
LF  Heliot Ramos,San Francisco Giants,mlb,3B,Los_Angeles_Angels_at_San_Francisco_Giants,0.04,8.0,-7.96,UNDER,LF  Heliot Ramos shows UNDER value at 8.0 3B. TC projection: 0.0 — edge: 7.96. Strong conviction based on usage rate and defensive matchup.,Heliot Ramos,0.04,0.0,
RF  Jung Hoo Lee,San Francisco Giants,mlb,3B,Los_Angeles_Angels_at_San_Francisco_Giants,0.04,8.0,-7.96,UNDER,"Strong +EV opportunity: RF  Jung Hoo Lee is projected for 0.0 3B vs a line of 8.0, giving a UNDER edge of 7.96. Based on recent form, opponent matchup, and game context.",Jung Hoo Lee,0.04,0.0,
1B  Gavin Sheets,San Diego Padres,mlb,H,San_Diego_Padres_at_Miami_Marlins,0.55,8.5,-7.95,UNDER,Targeting 1B  Gavin Sheets UNDER 8.5 H. Model projects 0.6 (7.95 edge). Recent trends and opponent weakness support this play.,Gavin Sheets,0.55,0.0,
C   Logan O'Hoppe,Los Angeles Angels,mlb,HR,Los_Angeles_Angels_at_San_Francisco_Giants,0.05,8.0,-7.95,UNDER,"Strong +EV opportunity: C   Logan O'Hoppe is projected for 0.1 HR vs a line of 8.0, giving a UNDER edge of 7.95. Based on recent form, opponent matchup, and game context.",Logan O'Hoppe,0.05,0.0,
LF  Wade Meckler,Los Angeles Angels,mlb,SB,Los_Angeles_Angels_at_San_Francisco_Giants,0.05,8.0,-7.95,UNDER,"Strong +EV opportunity: LF  Wade Meckler is projected for 0.1 SB vs a line of 8.0, giving a UNDER edge of 7.95. Based on recent form, opponent matchup, and game context.",Wade Meckler,0.05,0.0,
RF  Jung Hoo Lee,San Francisco Giants,mlb,SB,Los_Angeles_Angels_at_San_Francisco_Giants,0.05,8.0,-7.95,UNDER,Targeting RF  Jung Hoo Lee UNDER 8.0 SB. Model projects 0.1 (7.95 edge). Recent trends and opponent weakness support this play.,Jung Hoo Lee,0.05,0.0,
LF  Josh Lowe,Los Angeles Angels,mlb,2B,Los_Angeles_Angels_at_San_Francisco_Giants,0.05,8.0,-7.95,UNDER,"Strong +EV opportunity: LF  Josh Lowe is projected for 0.1 2B vs a line of 8.0, giving a UNDER edge of 7.95. Based on recent form, opponent matchup, and game context.",Josh Lowe,0.05,0.0,
C   Jesus Rodriguez,San Francisco Giants,mlb,SB,Los_Angeles_Angels_at_San_Francisco_Giants,0.05,8.0,-7.95,UNDER,C   Jesus Rodriguez shows UNDER value at 8.0 SB. TC projection: 0.1 — edge: 7.95. Strong conviction based on usage rate and defensive matchup.,Jesus Rodriguez,0.05,0.0,
RF  Jung Hoo Lee,San Francisco Giants,mlb,HR,Los_Angeles_Angels_at_San_Francisco_Giants,0.05,8.0,-7.95,UNDER,RF  Jung Hoo Lee shows UNDER value at 8.0 HR. TC projection: 0.1 — edge: 7.95. Strong conviction based on usage rate and defensive matchup.,Jung Hoo Lee,0.05,0.0,
SS  Max Schuemann,New York Yankees,mlb,HR,New_York_Yankees_at_Philadelphia_Phillies,0.05,8.0,-7.95,UNDER,"Strong +EV opportunity: SS  Max Schuemann is projected for 0.1 HR vs a line of 8.0, giving a UNDER edge of 7.95. Based on recent form, opponent matchup, and game context.",Max Schuemann,0.05,0.0,
1B  Nolan Schanuel,Los Angeles Angels,mlb,HR,Los_Angeles_Angels_at_San_Francisco_Giants,0.06,8.0,-7.94,UNDER,1B  Nolan Schanuel shows UNDER value at 8.0 HR. TC projection: 0.1 — edge: 7.94. Strong conviction based on usage rate and defensive matchup.,Nolan Schanuel,0.06,0.0,
2B  Christian Koss,San Francisco Giants,mlb,R,Los_Angeles_Angels_at_San_Francisco_Giants,0.06,8.0,-7.94,UNDER,2B  Christian Koss shows UNDER value at 8.0 R. TC projection: 0.1 — edge: 7.94. Strong conviction based on usage rate and defensive matchup.,Christian Koss,0.06,0.0,
2B  Luis Arraez,San Francisco Giants,mlb,3B,Los_Angeles_Angels_at_San_Francisco_Giants,0.06,8.0,-7.94,UNDER,2B  Luis Arraez shows UNDER value at 8.0 3B. TC projection: 0.1 — edge: 7.94. Strong conviction based on usage rate and defensive matchup.,Luis Arraez,0.06,0.0,
3B  Amed Rosario,New York Yankees,mlb,2B,New_York_Yankees_at_Philadelphia_Phillies,0.06,8.0,-7.94,UNDER,Targeting 3B  Amed Rosario UNDER 8.0 2B. Model projects 0.1 (7.94 edge). Recent trends and opponent weakness support this play.,Amed Rosario,0.06,0.0,
2B  Christian Koss,San Francisco Giants,mlb,2B,Los_Angeles_Angels_at_San_Francisco_Giants,0.06,8.0,-7.94,UNDER,2B  Christian Koss shows UNDER value at 8.0 2B. TC projection: 0.1 — edge: 7.94. Strong conviction based on usage rate and defensive matchup.,Christian Koss,0.06,0.0,
2B  Christian Koss,San Francisco Giants,mlb,BB,Los_Angeles_Angels_at_San_Francisco_Giants,0.06,8.0,-7.94,UNDER,Targeting 2B  Christian Koss UNDER 8.0 BB. Model projects 0.1 (7.94 edge). Recent trends and opponent weakness support this play.,Christian Koss,0.06,0.0,
2B  Pedro Ramírez,Chicago Cubs,mlb,H,Chicago_Cubs_at_Pittsburgh_Pirates,0.56,8.5,-7.939999999999999,UNDER,"Strong +EV opportunity: 2B  Pedro Ramírez is projected for 0.6 H vs a line of 8.5, giving a UNDER edge of 7.94. Based on recent form, opponent matchup, and game context.",Pedro Ramírez,0.56,0.0,
RF  Jordan Walker,St. Louis Cardinals,mlb,R,Cincinnati_Reds_at_St_Louis_Cardinals,0.56,8.5,-7.939999999999999,UNDER,"Strong +EV opportunity: RF  Jordan Walker is projected for 0.6 R vs a line of 8.5, giving a UNDER edge of 7.94. Based on recent form, opponent matchup, and game context.",Jordan Walker,0.56,0.0,
2B  JJ Wetherholt,St. Louis Cardinals,mlb,R,Cincinnati_Reds_at_St_Louis_Cardinals,0.57,8.5,-7.93,UNDER,Targeting 2B  JJ Wetherholt UNDER 8.5 R. Model projects 0.6 (7.93 edge). Recent trends and opponent weakness support this play.,JJ Wetherholt,0.57,0.0,
2B  Oswald Peraza,Los Angeles Angels,mlb,HR,Los_Angeles_Angels_at_San_Francisco_Giants,0.07,8.0,-7.93,UNDER,"Strong +EV opportunity: 2B  Oswald Peraza is projected for 0.1 HR vs a line of 8.0, giving a UNDER edge of 7.93. Based on recent form, opponent matchup, and game context.",Oswald Peraza,0.07,0.0,
2B  Luis Arraez,San Francisco Giants,mlb,SB,Los_Angeles_Angels_at_San_Francisco_Giants,0.07,8.0,-7.93,UNDER,"Strong +EV opportunity: 2B  Luis Arraez is projected for 0.1 SB vs a line of 8.0, giving a UNDER edge of 7.93. Based on recent form, opponent matchup, and game context.",Luis Arraez,0.07,0.0,
SS  Max Schuemann,New York Yankees,mlb,SB,New_York_Yankees_at_Philadelphia_Phillies,0.07,8.0,-7.93,UNDER,"Strong +EV opportunity: SS  Max Schuemann is projected for 0.1 SB vs a line of 8.0, giving a UNDER edge of 7.93. Based on recent form, opponent matchup, and game context.",Max Schuemann,0.07,0.0,
CF  Trent Grisham,New York Yankees,mlb,SB,New_York_Yankees_at_Philadelphia_Phillies,0.07,8.0,-7.93,UNDER,Targeting CF  Trent Grisham UNDER 8.0 SB. Model projects 0.1 (7.93 edge). Recent trends and opponent weakness support this play.,Trent Grisham,0.07,0.0,
CF  Jose Siri,Los Angeles Angels,mlb,2B,Los_Angeles_Angels_at_San_Francisco_Giants,0.07,8.0,-7.93,UNDER,CF  Jose Siri shows UNDER value at 8.0 2B. TC projection: 0.1 — edge: 7.93. Strong conviction based on usage rate and defensive matchup.,Jose Siri,0.07,0.0,
C   Ali Sánchez,New York Yankees,mlb,R,New_York_Yankees_at_Philadelphia_Phillies,0.07,8.0,-7.93,UNDER,C   Ali Sánchez shows UNDER value at 8.0 R. TC projection: 0.1 — edge: 7.93. Strong conviction based on usage rate and defensive matchup.,Ali Sánchez,0.07,0.0,
C   Ali Sánchez,New York Yankees,mlb,2B,New_York_Yankees_at_Philadelphia_Phillies,0.07,8.0,-7.93,UNDER,"Strong +EV opportunity: C   Ali Sánchez is projected for 0.1 2B vs a line of 8.0, giving a UNDER edge of 7.93. Based on recent form, opponent matchup, and game context.",Ali Sánchez,0.07,0.0,
C   Austin Wells,New York Yankees,mlb,HR,New_York_Yankees_at_Philadelphia_Phillies,0.07,8.0,-7.93,UNDER,"Strong +EV opportunity: C   Austin Wells is projected for 0.1 HR vs a line of 8.0, giving a UNDER edge of 7.93. Based on recent form, opponent matchup, and game context.",Austin Wells,0.07,0.0,
3B  Blaze Jordan,St. Louis Cardinals,mlb,RBI,Cincinnati_Reds_at_St_Louis_Cardinals,0.58,8.5,-7.92,UNDER,Targeting 3B  Blaze Jordan UNDER 8.5 RBI. Model projects 0.6 (7.92 edge). Recent trends and opponent weakness support this play.,Blaze Jordan,0.58,0.0,
LF  José Fermín,St. Louis Cardinals,mlb,H,Cincinnati_Reds_at_St_Louis_Cardinals,0.58,8.5,-7.92,UNDER,"Strong +EV opportunity: LF  José Fermín is projected for 0.6 H vs a line of 8.5, giving a UNDER edge of 7.92. Based on recent form, opponent matchup, and game context.",José Fermín,0.58,0.0,
CF  Jose Siri,Los Angeles Angels,mlb,HR,Los_Angeles_Angels_at_San_Francisco_Giants,0.08,8.0,-7.92,UNDER,"Strong +EV opportunity: CF  Jose Siri is projected for 0.1 HR vs a line of 8.0, giving a UNDER edge of 7.92. Based on recent form, opponent matchup, and game context.",Jose Siri,0.08,0.0,
LF  Cody Bellinger,New York Yankees,mlb,SB,New_York_Yankees_at_Philadelphia_Phillies,0.08,8.0,-7.92,UNDER,"Strong +EV opportunity: LF  Cody Bellinger is projected for 0.1 SB vs a line of 8.0, giving a UNDER edge of 7.92. Based on recent form, opponent matchup, and game context.",Cody Bellinger,0.08,0.0,
CF  Mike Trout,Los Angeles Angels,mlb,SB,Los_Angeles_Angels_at_San_Francisco_Giants,0.08,8.0,-7.92,UNDER,"Strong +EV opportunity: CF  Mike Trout is projected for 0.1 SB vs a line of 8.0, giving a UNDER edge of 7.92. Based on recent form, opponent matchup, and game context.",Mike Trout,0.08,0.0,
2B  Vaughn Grissom,Los Angeles Angels,mlb,HR,Los_Angeles_Angels_at_San_Francisco_Giants,0.08,8.0,-7.92,UNDER,"Strong +EV opportunity: 2B  Vaughn Grissom is projected for 0.1 HR vs a line of 8.0, giving a UNDER edge of 7.92. Based on recent form, opponent matchup, and game context.",Vaughn Grissom,0.08,0.0,
LF  Casey Schmitt,San Francisco Giants,mlb,SB,Los_Angeles_Angels_at_San_Francisco_Giants,0.08,8.0,-7.92,UNDER,Targeting LF  Casey Schmitt UNDER 8.0 SB. Model projects 0.1 (7.92 edge). Recent trends and opponent weakness support this play.,Casey Schmitt,0.08,0.0,
1B  Alec Burleson,St. Louis Cardinals,mlb,RBI,Cincinnati_Reds_at_St_Louis_Cardinals,0.59,8.5,-7.91,UNDER,Targeting 1B  Alec Burleson UNDER 8.5 RBI. Model projects 0.6 (7.91 edge). Recent trends and opponent weakness support this play.,Alec Burleson,0.59,0.0,
C   Tyler Heineman,Los Angeles Angels,mlb,BB,Los_Angeles_Angels_at_San_Francisco_Giants,0.09,8.0,-7.91,UNDER,"Strong +EV opportunity: C   Tyler Heineman is projected for 0.1 BB vs a line of 8.0, giving a UNDER edge of 7.91. Based on recent form, opponent matchup, and game context.",Tyler Heineman,0.09,0.0,
LF  Cody Bellinger,New York Yankees,mlb,HR,New_York_Yankees_at_Philadelphia_Phillies,0.09,8.0,-7.91,UNDER,"Strong +EV opportunity: LF  Cody Bellinger is projected for 0.1 HR vs a line of 8.0, giving a UNDER edge of 7.91. Based on recent form, opponent matchup, and game context.",Cody Bellinger,0.09,0.0,
C   Logan O'Hoppe,Los Angeles Angels,mlb,2B,Los_Angeles_Angels_at_San_Francisco_Giants,0.09,8.0,-7.91,UNDER,Targeting C   Logan O'Hoppe UNDER 8.0 2B. Model projects 0.1 (7.91 edge). Recent trends and opponent weakness support this play.,Logan O'Hoppe,0.09,0.0,
SS  José Caballero,New York Yankees,mlb,HR,New_York_Yankees_at_Philadelphia_Phillies,0.09,8.0,-7.91,UNDER,Targeting SS  José Caballero UNDER 8.0 HR. Model projects 0.1 (7.91 edge). Recent trends and opponent weakness support this play.,José Caballero,0.09,0.0,
3B  Ryan McMahon,New York Yankees,mlb,HR,New_York_Yankees_at_Philadelphia_Phillies,0.09,8.0,-7.91,UNDER,Targeting 3B  Ryan McMahon UNDER 8.0 HR. Model projects 0.1 (7.91 edge). Recent trends and opponent weakness support this play.,Ryan McMahon,0.09,0.0,
CF  Nathan Church,St. Louis Cardinals,mlb,H,Cincinnati_Reds_at_St_Louis_Cardinals,0.6,8.5,-7.9,UNDER,"Strong +EV opportunity: CF  Nathan Church is projected for 0.6 H vs a line of 8.5, giving a UNDER edge of 7.90. Based on recent form, opponent matchup, and game context.",Nathan Church,0.6,0.0,
C   Luis Campusano,San Diego Padres,mlb,H,San_Diego_Padres_at_Miami_Marlins,0.6,8.5,-7.9,UNDER,"Strong +EV opportunity: C   Luis Campusano is projected for 0.6 H vs a line of 8.5, giving a UNDER edge of 7.90. Based on recent form, opponent matchup, and game context.",Luis Campusano,0.6,0.0,
3B  Denzer Guzman,Los Angeles Angels,mlb,2B,Los_Angeles_Angels_at_San_Francisco_Giants,0.1,8.0,-7.9,UNDER,"Strong +EV opportunity: 3B  Denzer Guzman is projected for 0.1 2B vs a line of 8.0, giving a UNDER edge of 7.90. Based on recent form, opponent matchup, and game context.",Denzer Guzman,0.1,0.0,
CF  Jose Siri,Los Angeles Angels,mlb,BB,Los_Angeles_Angels_at_San_Francisco_Giants,0.1,8.0,-7.9,UNDER,"Strong +EV opportunity: CF  Jose Siri is projected for 0.1 BB vs a line of 8.0, giving a UNDER edge of 7.90. Based on recent form, opponent matchup, and game context.",Jose Siri,0.1,0.0,
2B  Oswald Peraza,Los Angeles Angels,mlb,2B,Los_Angeles_Angels_at_San_Francisco_Giants,0.1,8.0,-7.9,UNDER,"Strong +EV opportunity: 2B  Oswald Peraza is projected for 0.1 2B vs a line of 8.0, giving a UNDER edge of 7.90. Based on recent form, opponent matchup, and game context.",Oswald Peraza,0.1,0.0,
2B  Oswald Peraza,Los Angeles Angels,mlb,BB,Los_Angeles_Angels_at_San_Francisco_Giants,0.1,8.0,-7.9,UNDER,"Strong +EV opportunity: 2B  Oswald Peraza is projected for 0.1 BB vs a line of 8.0, giving a UNDER edge of 7.90. Based on recent form, opponent matchup, and game context.",Oswald Peraza,0.1,0.0,
LF  Casey Schmitt,San Francisco Giants,mlb,BB,Los_Angeles_Angels_at_San_Francisco_Giants,0.1,8.0,-7.9,UNDER,LF  Casey Schmitt shows UNDER value at 8.0 BB. TC projection: 0.1 — edge: 7.90. Strong conviction based on usage rate and defensive matchup.,Casey Schmitt,0.1,0.0,
SS  Anthony Volpe,New York Yankees,mlb,2B,New_York_Yankees_at_Philadelphia_Phillies,0.1,8.0,-7.9,UNDER,Targeting SS  Anthony Volpe UNDER 8.0 2B. Model projects 0.1 (7.90 edge). Recent trends and opponent weakness support this play.,Anthony Volpe,0.1,0.0,
3B  Ryan McMahon,New York Yankees,mlb,2B,New_York_Yankees_at_Philadelphia_Phillies,0.1,8.0,-7.9,UNDER,3B  Ryan McMahon shows UNDER value at 8.0 2B. TC projection: 0.1 — edge: 7.90. Strong conviction based on usage rate and defensive matchup.,Ryan McMahon,0.1,0.0,
3B  Denzer Guzman,Los Angeles Angels,mlb,HR,Los_Angeles_Angels_at_San_Francisco_Giants,0.1,8.0,-7.9,UNDER,"Strong +EV opportunity: 3B  Denzer Guzman is projected for 0.1 HR vs a line of 8.0, giving a UNDER edge of 7.90. Based on recent form, opponent matchup, and game context.",Denzer Guzman,0.1,0.0,
LF  Josh Lowe,Los Angeles Angels,mlb,HR,Los_Angeles_Angels_at_San_Francisco_Giants,0.1,8.0,-7.9,UNDER,"Strong +EV opportunity: LF  Josh Lowe is projected for 0.1 HR vs a line of 8.0, giving a UNDER edge of 7.90. Based on recent form, opponent matchup, and game context.",Josh Lowe,0.1,0.0,
RF  Jasson Domínguez,New York Yankees,mlb,HR,New_York_Yankees_at_Philadelphia_Phillies,0.1,8.0,-7.9,UNDER,"Strong +EV opportunity: RF  Jasson Domínguez is projected for 0.1 HR vs a line of 8.0, giving a UNDER edge of 7.90. Based on recent form, opponent matchup, and game context.",Jasson Domínguez,0.1,0.0,
SS  José Caballero,New York Yankees,mlb,2B,New_York_Yankees_at_Philadelphia_Phillies,0.1,8.0,-7.9,UNDER,Targeting SS  José Caballero UNDER 8.0 2B. Model projects 0.1 (7.90 edge). Recent trends and opponent weakness support this play.,José Caballero,0.1,0.0,
SS  Dansby Swanson,Chicago Cubs,mlb,H,Chicago_Cubs_at_Pittsburgh_Pirates,0.61,8.5,-7.89,UNDER,"Strong +EV opportunity: SS  Dansby Swanson is projected for 0.6 H vs a line of 8.5, giving a UNDER edge of 7.89. Based on recent form, opponent matchup, and game context.",Dansby Swanson,0.61,0.0,
RF  Jo Adell,Los Angeles Angels,mlb,BB,Los_Angeles_Angels_at_San_Francisco_Giants,0.11,8.0,-7.89,UNDER,RF  Jo Adell shows UNDER value at 8.0 BB. TC projection: 0.1 — edge: 7.89. Strong conviction based on usage rate and defensive matchup.,Jo Adell,0.11,0.0,
2B  Oswald Peraza,Los Angeles Angels,mlb,SB,Los_Angeles_Angels_at_San_Francisco_Giants,0.11,8.0,-7.89,UNDER,Targeting 2B  Oswald Peraza UNDER 8.0 SB. Model projects 0.1 (7.89 edge). Recent trends and opponent weakness support this play.,Oswald Peraza,0.11,0.0,
SS  Zach Neto,Los Angeles Angels,mlb,SB,Los_Angeles_Angels_at_San_Francisco_Giants,0.11,8.0,-7.89,UNDER,SS  Zach Neto shows UNDER value at 8.0 SB. TC projection: 0.1 — edge: 7.89. Strong conviction based on usage rate and defensive matchup.,Zach Neto,0.11,0.0,
CF  Drew Gilbert,San Francisco Giants,mlb,2B,Los_Angeles_Angels_at_San_Francisco_Giants,0.11,8.0,-7.89,UNDER,CF  Drew Gilbert shows UNDER value at 8.0 2B. TC projection: 0.1 — edge: 7.89. Strong conviction based on usage rate and defensive matchup.,Drew Gilbert,0.11,0.0,
C   Jesus Rodriguez,San Francisco Giants,mlb,HR,Los_Angeles_Angels_at_San_Francisco_Giants,0.11,8.0,-7.89,UNDER,Targeting C   Jesus Rodriguez UNDER 8.0 HR. Model projects 0.1 (7.89 edge). Recent trends and opponent weakness support this play.,Jesus Rodriguez,0.11,0.0,
C   Jesus Rodriguez,San Francisco Giants,mlb,2B,Los_Angeles_Angels_at_San_Francisco_Giants,0.11,8.0,-7.89,UNDER,C   Jesus Rodriguez shows UNDER value at 8.0 2B. TC projection: 0.1 — edge: 7.89. Strong conviction based on usage rate and defensive matchup.,Jesus Rodriguez,0.11,0.0,
2B  Jazz Chisholm Jr.,New York Yankees,mlb,2B,New_York_Yankees_at_Philadelphia_Phillies,0.11,8.0,-7.89,UNDER,Targeting 2B  Jazz Chisholm Jr. UNDER 8.0 2B. Model projects 0.1 (7.89 edge). Recent trends and opponent weakness support this play.,Jazz Chisholm Jr.,0.11,0.0,
1B  Paul Goldschmidt,New York Yankees,mlb,2B,New_York_Yankees_at_Philadelphia_Phillies,0.11,8.0,-7.89,UNDER,1B  Paul Goldschmidt shows UNDER value at 8.0 2B. TC projection: 0.1 — edge: 7.89. Strong conviction based on usage rate and defensive matchup.,Paul Goldschmidt,0.11,0.0,
DH  Jorge Soler,Los Angeles Angels,mlb,HR,Los_Angeles_Angels_at_San_Francisco_Giants,0.11,8.0,-7.89,UNDER,DH  Jorge Soler shows UNDER value at 8.0 HR. TC projection: 0.1 — edge: 7.89. Strong conviction based on usage rate and defensive matchup.,Jorge Soler,0.11,0.0,
C   Daniel Susac,San Francisco Giants,mlb,R,Los_Angeles_Angels_at_San_Francisco_Giants,0.11,8.0,-7.89,UNDER,"Strong +EV opportunity: C   Daniel Susac is projected for 0.1 R vs a line of 8.0, giving a UNDER edge of 7.89. Based on recent form, opponent matchup, and game context.",Daniel Susac,0.11,0.0,
C   Drew Cavanaugh,San Francisco Giants,mlb,R,Los_Angeles_Angels_at_San_Francisco_Giants,0.11,8.0,-7.89,UNDER,"Strong +EV opportunity: C   Drew Cavanaugh is projected for 0.1 R vs a line of 8.0, giving a UNDER edge of 7.89. Based on recent form, opponent matchup, and game context.",Drew Cavanaugh,0.11,0.0,
C   Drew Cavanaugh,San Francisco Giants,mlb,RBI,Los_Angeles_Angels_at_San_Francisco_Giants,0.11,8.0,-7.89,UNDER,Targeting C   Drew Cavanaugh UNDER 8.0 RBI. Model projects 0.1 (7.89 edge). Recent trends and opponent weakness support this play.,Drew Cavanaugh,0.11,0.0,
CF  Trent Grisham,New York Yankees,mlb,HR,New_York_Yankees_at_Philadelphia_Phillies,0.11,8.0,-7.89,UNDER,Targeting CF  Trent Grisham UNDER 8.0 HR. Model projects 0.1 (7.89 edge). Recent trends and opponent weakness support this play.,Trent Grisham,0.11,0.0,
3B  Luis Rengifo,San Diego Padres,mlb,H,San_Diego_Padres_at_Miami_Marlins,0.62,8.5,-7.88,UNDER,"Strong +EV opportunity: 3B  Luis Rengifo is projected for 0.6 H vs a line of 8.5, giving a UNDER edge of 7.88. Based on recent form, opponent matchup, and game context.",Luis Rengifo,0.62,0.0,
RF  Jo Adell,Los Angeles Angels,mlb,HR,Los_Angeles_Angels_at_San_Francisco_Giants,0.12,8.0,-7.88,UNDER,RF  Jo Adell shows UNDER value at 8.0 HR. TC projection: 0.1 — edge: 7.88. Strong conviction based on usage rate and defensive matchup.,Jo Adell,0.12,0.0,
RF  Jo Adell,Los Angeles Angels,mlb,2B,Los_Angeles_Angels_at_San_Francisco_Giants,0.12,8.0,-7.88,UNDER,"Strong +EV opportunity: RF  Jo Adell is projected for 0.1 2B vs a line of 8.0, giving a UNDER edge of 7.88. Based on recent form, opponent matchup, and game context.",Jo Adell,0.12,0.0,
LF  Heliot Ramos,San Francisco Giants,mlb,HR,Los_Angeles_Angels_at_San_Francisco_Giants,0.12,8.0,-7.88,UNDER,Targeting LF  Heliot Ramos UNDER 8.0 HR. Model projects 0.1 (7.88 edge). Recent trends and opponent weakness support this play.,Heliot Ramos,0.12,0.0,
SS  Anthony Volpe,New York Yankees,mlb,SB,New_York_Yankees_at_Philadelphia_Phillies,0.12,8.0,-7.88,UNDER,SS  Anthony Volpe shows UNDER value at 8.0 SB. TC projection: 0.1 — edge: 7.88. Strong conviction based on usage rate and defensive matchup.,Anthony Volpe,0.12,0.0,
RF  Jasson Domínguez,New York Yankees,mlb,SB,New_York_Yankees_at_Philadelphia_Phillies,0.12,8.0,-7.88,UNDER,RF  Jasson Domínguez shows UNDER value at 8.0 SB. TC projection: 0.1 — edge: 7.88. Strong conviction based on usage rate and defensive matchup.,Jasson Domínguez,0.12,0.0,
SS  Max Schuemann,New York Yankees,mlb,2B,New_York_Yankees_at_Philadelphia_Phillies,0.12,8.0,-7.88,UNDER,SS  Max Schuemann shows UNDER value at 8.0 2B. TC projection: 0.1 — edge: 7.88. Strong conviction based on usage rate and defensive matchup.,Max Schuemann,0.12,0.0,
SS  Xander Bogaerts,San Diego Padres,mlb,H,San_Diego_Padres_at_Miami_Marlins,0.63,8.5,-7.87,UNDER,SS  Xander Bogaerts shows UNDER value at 8.5 H. TC projection: 0.6 — edge: 7.87. Strong conviction based on usage rate and defensive matchup.,Xander Bogaerts,0.63,0.0,
3B  Amed Rosario,New York Yankees,mlb,HR,New_York_Yankees_at_Philadelphia_Phillies,0.13,8.0,-7.87,UNDER,"Strong +EV opportunity: 3B  Amed Rosario is projected for 0.1 HR vs a line of 8.0, giving a UNDER edge of 7.87. Based on recent form, opponent matchup, and game context.",Amed Rosario,0.13,0.0,
C   Daniel Susac,San Francisco Giants,mlb,2B,Los_Angeles_Angels_at_San_Francisco_Giants,0.13,8.0,-7.87,UNDER,C   Daniel Susac shows UNDER value at 8.0 2B. TC projection: 0.1 — edge: 7.87. Strong conviction based on usage rate and defensive matchup.,Daniel Susac,0.13,0.0,
C   Daniel Susac,San Francisco Giants,mlb,BB,Los_Angeles_Angels_at_San_Francisco_Giants,0.13,8.0,-7.87,UNDER,C   Daniel Susac shows UNDER value at 8.0 BB. TC projection: 0.1 — edge: 7.87. Strong conviction based on usage rate and defensive matchup.,Daniel Susac,0.13,0.0,
3B  Manny Machado,San Diego Padres,mlb,H,San_Diego_Padres_at_Miami_Marlins,0.64,8.5,-7.86,UNDER,Targeting 3B  Manny Machado UNDER 8.5 H. Model projects 0.6 (7.86 edge). Recent trends and opponent weakness support this play.,Manny Machado,0.64,0.0,
LF  Josh Lowe,Los Angeles Angels,mlb,BB,Los_Angeles_Angels_at_San_Francisco_Giants,0.14,8.0,-7.86,UNDER,Targeting LF  Josh Lowe UNDER 8.0 BB. Model projects 0.1 (7.86 edge). Recent trends and opponent weakness support this play.,Josh Lowe,0.14,0.0,
1B  Ben Rice,New York Yankees,mlb,2B,New_York_Yankees_at_Philadelphia_Phillies,0.14,8.0,-7.86,UNDER,Targeting 1B  Ben Rice UNDER 8.0 2B. Model projects 0.1 (7.86 edge). Recent trends and opponent weakness support this play.,Ben Rice,0.14,0.0,
2B  Jazz Chisholm Jr.,New York Yankees,mlb,HR,New_York_Yankees_at_Philadelphia_Phillies,0.14,8.0,-7.86,UNDER,2B  Jazz Chisholm Jr. shows UNDER value at 8.0 HR. TC projection: 0.1 — edge: 7.86. Strong conviction based on usage rate and defensive matchup.,Jazz Chisholm Jr.,0.14,0.0,
CF  Mike Trout,Los Angeles Angels,mlb,2B,Los_Angeles_Angels_at_San_Francisco_Giants,0.14,8.0,-7.86,UNDER,CF  Mike Trout shows UNDER value at 8.0 2B. TC projection: 0.1 — edge: 7.86. Strong conviction based on usage rate and defensive matchup.,Mike Trout,0.14,0.0,
LF  Wade Meckler,Los Angeles Angels,mlb,2B,Los_Angeles_Angels_at_San_Francisco_Giants,0.14,8.0,-7.86,UNDER,Targeting LF  Wade Meckler UNDER 8.0 2B. Model projects 0.1 (7.86 edge). Recent trends and opponent weakness support this play.,Wade Meckler,0.14,0.0,
DH  Bryce Eldridge,San Francisco Giants,mlb,HR,Los_Angeles_Angels_at_San_Francisco_Giants,0.14,8.0,-7.86,UNDER,"Strong +EV opportunity: DH  Bryce Eldridge is projected for 0.1 HR vs a line of 8.0, giving a UNDER edge of 7.86. Based on recent form, opponent matchup, and game context.",Bryce Eldridge,0.14,0.0,
RF  Jung Hoo Lee,San Francisco Giants,mlb,BB,Los_Angeles_Angels_at_San_Francisco_Giants,0.14,8.0,-7.86,UNDER,Targeting RF  Jung Hoo Lee UNDER 8.0 BB. Model projects 0.1 (7.86 edge). Recent trends and opponent weakness support this play.,Jung Hoo Lee,0.14,0.0,
C   Ali Sánchez,New York Yankees,mlb,RBI,New_York_Yankees_at_Philadelphia_Phillies,0.14,8.0,-7.86,UNDER,"Strong +EV opportunity: C   Ali Sánchez is projected for 0.1 RBI vs a line of 8.0, giving a UNDER edge of 7.86. Based on recent form, opponent matchup, and game context.",Ali Sánchez,0.14,0.0,
RF  Jasson Domínguez,New York Yankees,mlb,BB,New_York_Yankees_at_Philadelphia_Phillies,0.14,8.0,-7.86,UNDER,"Strong +EV opportunity: RF  Jasson Domínguez is projected for 0.1 BB vs a line of 8.0, giving a UNDER edge of 7.86. Based on recent form, opponent matchup, and game context.",Jasson Domínguez,0.14,0.0,
CF  Trent Grisham,New York Yankees,mlb,2B,New_York_Yankees_at_Philadelphia_Phillies,0.14,8.0,-7.86,UNDER,CF  Trent Grisham shows UNDER value at 8.0 2B. TC projection: 0.1 — edge: 7.86. Strong conviction based on usage rate and defensive matchup.,Trent Grisham,0.14,0.0,
C   Tyler Heineman,Los Angeles Angels,mlb,RBI,Los_Angeles_Angels_at_San_Francisco_Giants,0.15,8.0,-7.85,UNDER,C   Tyler Heineman shows UNDER value at 8.0 RBI. TC projection: 0.1 — edge: 7.85. Strong conviction based on usage rate and defensive matchup.,Tyler Heineman,0.15,0.0,
SS  Max Schuemann,New York Yankees,mlb,RBI,New_York_Yankees_at_Philadelphia_Phillies,0.15,8.0,-7.85,UNDER,SS  Max Schuemann shows UNDER value at 8.0 RBI. TC projection: 0.1 — edge: 7.85. Strong conviction based on usage rate and defensive matchup.,Max Schuemann,0.15,0.0,
DH  Jorge Soler,Los Angeles Angels,mlb,2B,Los_Angeles_Angels_at_San_Francisco_Giants,0.15,8.0,-7.85,UNDER,"Strong +EV opportunity: DH  Jorge Soler is projected for 0.1 2B vs a line of 8.0, giving a UNDER edge of 7.85. Based on recent form, opponent matchup, and game context.",Jorge Soler,0.15,0.0,
C   Austin Wells,New York Yankees,mlb,RBI,New_York_Yankees_at_Philadelphia_Phillies,0.15,8.0,-7.85,UNDER,C   Austin Wells shows UNDER value at 8.0 RBI. TC projection: 0.1 — edge: 7.85. Strong conviction based on usage rate and defensive matchup.,Austin Wells,0.15,0.0,
RF  Jordan Walker,St. Louis Cardinals,mlb,RBI,Cincinnati_Reds_at_St_Louis_Cardinals,0.66,8.5,-7.84,UNDER,Targeting RF  Jordan Walker UNDER 8.5 RBI. Model projects 0.7 (7.84 edge). Recent trends and opponent weakness support this play.,Jordan Walker,0.66,0.0,
SS  Zach Neto,Los Angeles Angels,mlb,HR,Los_Angeles_Angels_at_San_Francisco_Giants,0.16,8.0,-7.84,UNDER,"Strong +EV opportunity: SS  Zach Neto is projected for 0.2 HR vs a line of 8.0, giving a UNDER edge of 7.84. Based on recent form, opponent matchup, and game context.",Zach Neto,0.16,0.0,
LF  Heliot Ramos,San Francisco Giants,mlb,BB,Los_Angeles_Angels_at_San_Francisco_Giants,0.16,8.0,-7.84,UNDER,"Strong +EV opportunity: LF  Heliot Ramos is projected for 0.2 BB vs a line of 8.0, giving a UNDER edge of 7.84. Based on recent form, opponent matchup, and game context.",Heliot Ramos,0.16,0.0,
C   Jesus Rodriguez,San Francisco Giants,mlb,BB,Los_Angeles_Angels_at_San_Francisco_Giants,0.16,8.0,-7.84,UNDER,Targeting C   Jesus Rodriguez UNDER 8.0 BB. Model projects 0.2 (7.84 edge). Recent trends and opponent weakness support this play.,Jesus Rodriguez,0.16,0.0,
LF  Cody Bellinger,New York Yankees,mlb,2B,New_York_Yankees_at_Philadelphia_Phillies,0.16,8.0,-7.84,UNDER,Targeting LF  Cody Bellinger UNDER 8.0 2B. Model projects 0.2 (7.84 edge). Recent trends and opponent weakness support this play.,Cody Bellinger,0.16,0.0,
SS  José Caballero,New York Yankees,mlb,BB,New_York_Yankees_at_Philadelphia_Phillies,0.16,8.0,-7.84,UNDER,Targeting SS  José Caballero UNDER 8.0 BB. Model projects 0.2 (7.84 edge). Recent trends and opponent weakness support this play.,José Caballero,0.16,0.0,
LF  Casey Schmitt,San Francisco Giants,mlb,2B,Los_Angeles_Angels_at_San_Francisco_Giants,0.16,8.0,-7.84,UNDER,LF  Casey Schmitt shows UNDER value at 8.0 2B. TC projection: 0.2 — edge: 7.84. Strong conviction based on usage rate and defensive matchup.,Casey Schmitt,0.16,0.0,
SS  Willy Adames,San Francisco Giants,mlb,HR,Los_Angeles_Angels_at_San_Francisco_Giants,0.16,8.0,-7.84,UNDER,Targeting SS  Willy Adames UNDER 8.0 HR. Model projects 0.2 (7.84 edge). Recent trends and opponent weakness support this play.,Willy Adames,0.16,0.0,
3B  Amed Rosario,New York Yankees,mlb,BB,New_York_Yankees_at_Philadelphia_Phillies,0.16,8.0,-7.84,UNDER,"Strong +EV opportunity: 3B  Amed Rosario is projected for 0.2 BB vs a line of 8.0, giving a UNDER edge of 7.84. Based on recent form, opponent matchup, and game context.",Amed Rosario,0.16,0.0,
2B  Vaughn Grissom,Los Angeles Angels,mlb,2B,Los_Angeles_Angels_at_San_Francisco_Giants,0.17,8.0,-7.83,UNDER,"Strong +EV opportunity: 2B  Vaughn Grissom is projected for 0.2 2B vs a line of 8.0, giving a UNDER edge of 7.83. Based on recent form, opponent matchup, and game context.",Vaughn Grissom,0.17,0.0,
SS  Zach Neto,Los Angeles Angels,mlb,2B,Los_Angeles_Angels_at_San_Francisco_Giants,0.17,8.0,-7.83,UNDER,SS  Zach Neto shows UNDER value at 8.0 2B. TC projection: 0.2 — edge: 7.83. Strong conviction based on usage rate and defensive matchup.,Zach Neto,0.17,0.0,
1B  Nolan Schanuel,Los Angeles Angels,mlb,2B,Los_Angeles_Angels_at_San_Francisco_Giants,0.17,8.0,-7.83,UNDER,"Strong +EV opportunity: 1B  Nolan Schanuel is projected for 0.2 2B vs a line of 8.0, giving a UNDER edge of 7.83. Based on recent form, opponent matchup, and game context.",Nolan Schanuel,0.17,0.0,
C   Tyler Heineman,Los Angeles Angels,mlb,R,Los_Angeles_Angels_at_San_Francisco_Giants,0.17,8.0,-7.83,UNDER,C   Tyler Heineman shows UNDER value at 8.0 R. TC projection: 0.2 — edge: 7.83. Strong conviction based on usage rate and defensive matchup.,Tyler Heineman,0.17,0.0,
LF  Heliot Ramos,San Francisco Giants,mlb,2B,Los_Angeles_Angels_at_San_Francisco_Giants,0.17,8.0,-7.83,UNDER,"Strong +EV opportunity: LF  Heliot Ramos is projected for 0.2 2B vs a line of 8.0, giving a UNDER edge of 7.83. Based on recent form, opponent matchup, and game context.",Heliot Ramos,0.17,0.0,
C   Carson Kelly,Chicago Cubs,mlb,H,Chicago_Cubs_at_Pittsburgh_Pirates,0.68,8.5,-7.82,UNDER,Targeting C   Carson Kelly UNDER 8.5 H. Model projects 0.7 (7.82 edge). Recent trends and opponent weakness support this play.,Carson Kelly,0.68,0.0,
LF  Ian Happ,Chicago Cubs,mlb,H,Chicago_Cubs_at_Pittsburgh_Pirates,0.68,8.5,-7.82,UNDER,Targeting LF  Ian Happ UNDER 8.5 H. Model projects 0.7 (7.82 edge). Recent trends and opponent weakness support this play.,Ian Happ,0.68,0.0,
1B  Paul Goldschmidt,New York Yankees,mlb,HR,New_York_Yankees_at_Philadelphia_Phillies,0.18,8.0,-7.82,UNDER,1B  Paul Goldschmidt shows UNDER value at 8.0 HR. TC projection: 0.2 — edge: 7.82. Strong conviction based on usage rate and defensive matchup.,Paul Goldschmidt,0.18,0.0,
CF  Mike Trout,Los Angeles Angels,mlb,HR,Los_Angeles_Angels_at_San_Francisco_Giants,0.18,8.0,-7.82,UNDER,"Strong +EV opportunity: CF  Mike Trout is projected for 0.2 HR vs a line of 8.0, giving a UNDER edge of 7.82. Based on recent form, opponent matchup, and game context.",Mike Trout,0.18,0.0,
1B  Rafael Devers,San Francisco Giants,mlb,HR,Los_Angeles_Angels_at_San_Francisco_Giants,0.18,8.0,-7.82,UNDER,1B  Rafael Devers shows UNDER value at 8.0 HR. TC projection: 0.2 — edge: 7.82. Strong conviction based on usage rate and defensive matchup.,Rafael Devers,0.18,0.0,
3B  Ryan McMahon,New York Yankees,mlb,BB,New_York_Yankees_at_Philadelphia_Phillies,0.18,8.0,-7.82,UNDER,3B  Ryan McMahon shows UNDER value at 8.0 BB. TC projection: 0.2 — edge: 7.82. Strong conviction based on usage rate and defensive matchup.,Ryan McMahon,0.18,0.0,
3B  Blaze Jordan,St. Louis Cardinals,mlb,H,Cincinnati_Reds_at_St_Louis_Cardinals,0.69,8.5,-7.81,UNDER,3B  Blaze Jordan shows UNDER value at 8.5 H. TC projection: 0.7 — edge: 7.81. Strong conviction based on usage rate and defensive matchup.,Blaze Jordan,0.69,0.0,
RF  Jung Hoo Lee,San Francisco Giants,mlb,2B,Los_Angeles_Angels_at_San_Francisco_Giants,0.19,8.0,-7.81,UNDER,RF  Jung Hoo Lee shows UNDER value at 8.0 2B. TC projection: 0.2 — edge: 7.81. Strong conviction based on usage rate and defensive matchup.,Jung Hoo Lee,0.19,0.0,
SS  Willy Adames,San Francisco Giants,mlb,2B,Los_Angeles_Angels_at_San_Francisco_Giants,0.19,8.0,-7.81,UNDER,"Strong +EV opportunity: SS  Willy Adames is projected for 0.2 2B vs a line of 8.0, giving a UNDER edge of 7.81. Based on recent form, opponent matchup, and game context.",Willy Adames,0.19,0.0,
RF  Jasson Domínguez,New York Yankees,mlb,2B,New_York_Yankees_at_Philadelphia_Phillies,0.19,8.0,-7.81,UNDER,RF  Jasson Domínguez shows UNDER value at 8.0 2B. TC projection: 0.2 — edge: 7.81. Strong conviction based on usage rate and defensive matchup.,Jasson Domínguez,0.19,0.0,
LF  Casey Schmitt,San Francisco Giants,mlb,HR,Los_Angeles_Angels_at_San_Francisco_Giants,0.19,8.0,-7.81,UNDER,"Strong +EV opportunity: LF  Casey Schmitt is projected for 0.2 HR vs a line of 8.0, giving a UNDER edge of 7.81. Based on recent form, opponent matchup, and game context.",Casey Schmitt,0.19,0.0,
2B  Christian Koss,San Francisco Giants,mlb,H,Los_Angeles_Angels_at_San_Francisco_Giants,0.19,8.0,-7.81,UNDER,2B  Christian Koss shows UNDER value at 8.0 H. TC projection: 0.2 — edge: 7.81. Strong conviction based on usage rate and defensive matchup.,Christian Koss,0.19,0.0,
DH  Bryce Eldridge,San Francisco Giants,mlb,2B,Los_Angeles_Angels_at_San_Francisco_Giants,0.2,8.0,-7.8,UNDER,"Strong +EV opportunity: DH  Bryce Eldridge is projected for 0.2 2B vs a line of 8.0, giving a UNDER edge of 7.80. Based on recent form, opponent matchup, and game context.",Bryce Eldridge,0.2,0.0,
2B  Luis Arraez,San Francisco Giants,mlb,2B,Los_Angeles_Angels_at_San_Francisco_Giants,0.2,8.0,-7.8,UNDER,"Strong +EV opportunity: 2B  Luis Arraez is projected for 0.2 2B vs a line of 8.0, giving a UNDER edge of 7.80. Based on recent form, opponent matchup, and game context.",Luis Arraez,0.2,0.0,
3B  Denzer Guzman,Los Angeles Angels,mlb,BB,Los_Angeles_Angels_at_San_Francisco_Giants,0.2,8.0,-7.8,UNDER,"Strong +EV opportunity: 3B  Denzer Guzman is projected for 0.2 BB vs a line of 8.0, giving a UNDER edge of 7.80. Based on recent form, opponent matchup, and game context.",Denzer Guzman,0.2,0.0,
C   Logan O'Hoppe,Los Angeles Angels,mlb,BB,Los_Angeles_Angels_at_San_Francisco_Giants,0.2,8.0,-7.8,UNDER,Targeting C   Logan O'Hoppe UNDER 8.0 BB. Model projects 0.2 (7.80 edge). Recent trends and opponent weakness support this play.,Logan O'Hoppe,0.2,0.0,
LF  Lars Nootbaar,St. Louis Cardinals,mlb,H,Cincinnati_Reds_at_St_Louis_Cardinals,0.71,8.5,-7.79,UNDER,Targeting LF  Lars Nootbaar UNDER 8.5 H. Model projects 0.7 (7.79 edge). Recent trends and opponent weakness support this play.,Lars Nootbaar,0.71,0.0,
CF  Drew Gilbert,San Francisco Giants,mlb,BB,Los_Angeles_Angels_at_San_Francisco_Giants,0.21,8.0,-7.79,UNDER,CF  Drew Gilbert shows UNDER value at 8.0 BB. TC projection: 0.2 — edge: 7.79. Strong conviction based on usage rate and defensive matchup.,Drew Gilbert,0.21,0.0,
1B  Paul Goldschmidt,New York Yankees,mlb,BB,New_York_Yankees_at_Philadelphia_Phillies,0.21,8.0,-7.79,UNDER,1B  Paul Goldschmidt shows UNDER value at 8.0 BB. TC projection: 0.2 — edge: 7.79. Strong conviction based on usage rate and defensive matchup.,Paul Goldschmidt,0.21,0.0,
CF  Jackson Merrill,San Diego Padres,mlb,H,San_Diego_Padres_at_Miami_Marlins,0.72,8.5,-7.78,UNDER,"Strong +EV opportunity: CF  Jackson Merrill is projected for 0.7 H vs a line of 8.5, giving a UNDER edge of 7.78. Based on recent form, opponent matchup, and game context.",Jackson Merrill,0.72,0.0,
1B  Ty France,San Diego Padres,mlb,H,San_Diego_Padres_at_Miami_Marlins,0.72,8.5,-7.78,UNDER,"Strong +EV opportunity: 1B  Ty France is projected for 0.7 H vs a line of 8.5, giving a UNDER edge of 7.78. Based on recent form, opponent matchup, and game context.",Ty France,0.72,0.0,
LF  Josh Lowe,Los Angeles Angels,mlb,R,Los_Angeles_Angels_at_San_Francisco_Giants,0.22,8.0,-7.78,UNDER,"Strong +EV opportunity: LF  Josh Lowe is projected for 0.2 R vs a line of 8.0, giving a UNDER edge of 7.78. Based on recent form, opponent matchup, and game context.",Josh Lowe,0.22,0.0,
2B  Oswald Peraza,Los Angeles Angels,mlb,RBI,Los_Angeles_Angels_at_San_Francisco_Giants,0.22,8.0,-7.78,UNDER,"Strong +EV opportunity: 2B  Oswald Peraza is projected for 0.2 RBI vs a line of 8.0, giving a UNDER edge of 7.78. Based on recent form, opponent matchup, and game context.",Oswald Peraza,0.22,0.0,
CF  Drew Gilbert,San Francisco Giants,mlb,RBI,Los_Angeles_Angels_at_San_Francisco_Giants,0.22,8.0,-7.78,UNDER,"Strong +EV opportunity: CF  Drew Gilbert is projected for 0.2 RBI vs a line of 8.0, giving a UNDER edge of 7.78. Based on recent form, opponent matchup, and game context.",Drew Gilbert,0.22,0.0,
C   Jesus Rodriguez,San Francisco Giants,mlb,R,Los_Angeles_Angels_at_San_Francisco_Giants,0.22,8.0,-7.78,UNDER,"Strong +EV opportunity: C   Jesus Rodriguez is projected for 0.2 R vs a line of 8.0, giving a UNDER edge of 7.78. Based on recent form, opponent matchup, and game context.",Jesus Rodriguez,0.22,0.0,
2B  Luis Arraez,San Francisco Giants,mlb,BB,Los_Angeles_Angels_at_San_Francisco_Giants,0.22,8.0,-7.78,UNDER,Targeting 2B  Luis Arraez UNDER 8.0 BB. Model projects 0.2 (7.78 edge). Recent trends and opponent weakness support this play.,Luis Arraez,0.22,0.0,
1B  Rafael Devers,San Francisco Giants,mlb,2B,Los_Angeles_Angels_at_San_Francisco_Giants,0.22,8.0,-7.78,UNDER,1B  Rafael Devers shows UNDER value at 8.0 2B. TC projection: 0.2 — edge: 7.78. Strong conviction based on usage rate and defensive matchup.,Rafael Devers,0.22,0.0,
SS  José Caballero,New York Yankees,mlb,SB,New_York_Yankees_at_Philadelphia_Phillies,0.22,8.0,-7.78,UNDER,SS  José Caballero shows UNDER value at 8.0 SB. TC projection: 0.2 — edge: 7.78. Strong conviction based on usage rate and defensive matchup.,José Caballero,0.22,0.0,
SS  Masyn Winn,St. Louis Cardinals,mlb,H,Cincinnati_Reds_at_St_Louis_Cardinals,0.73,8.5,-7.77,UNDER,"Strong +EV opportunity: SS  Masyn Winn is projected for 0.7 H vs a line of 8.5, giving a UNDER edge of 7.77. Based on recent form, opponent matchup, and game context.",Masyn Winn,0.73,0.0,
C   Logan O'Hoppe,Los Angeles Angels,mlb,R,Los_Angeles_Angels_at_San_Francisco_Giants,0.23,8.0,-7.77,UNDER,C   Logan O'Hoppe shows UNDER value at 8.0 R. TC projection: 0.2 — edge: 7.77. Strong conviction based on usage rate and defensive matchup.,Logan O'Hoppe,0.23,0.0,
RF  Jasson Domínguez,New York Yankees,mlb,RBI,New_York_Yankees_at_Philadelphia_Phillies,0.23,8.0,-7.77,UNDER,RF  Jasson Domínguez shows UNDER value at 8.0 RBI. TC projection: 0.2 — edge: 7.77. Strong conviction based on usage rate and defensive matchup.,Jasson Domínguez,0.23,0.0,
2B  Jazz Chisholm Jr.,New York Yankees,mlb,SB,New_York_Yankees_at_Philadelphia_Phillies,0.23,8.0,-7.77,UNDER,2B  Jazz Chisholm Jr. shows UNDER value at 8.0 SB. TC projection: 0.2 — edge: 7.77. Strong conviction based on usage rate and defensive matchup.,Jazz Chisholm Jr.,0.23,0.0,
1B  Michael Busch,Chicago Cubs,mlb,H,Chicago_Cubs_at_Pittsburgh_Pirates,0.74,8.5,-7.76,UNDER,1B  Michael Busch shows UNDER value at 8.5 H. TC projection: 0.7 — edge: 7.76. Strong conviction based on usage rate and defensive matchup.,Michael Busch,0.74,0.0,
2B  Vaughn Grissom,Los Angeles Angels,mlb,BB,Los_Angeles_Angels_at_San_Francisco_Giants,0.24,8.0,-7.76,UNDER,Targeting 2B  Vaughn Grissom UNDER 8.0 BB. Model projects 0.2 (7.76 edge). Recent trends and opponent weakness support this play.,Vaughn Grissom,0.24,0.0,
SS  Willy Adames,San Francisco Giants,mlb,BB,Los_Angeles_Angels_at_San_Francisco_Giants,0.24,8.0,-7.76,UNDER,Targeting SS  Willy Adames UNDER 8.0 BB. Model projects 0.2 (7.76 edge). Recent trends and opponent weakness support this play.,Willy Adames,0.24,0.0,
C   Austin Wells,New York Yankees,mlb,R,New_York_Yankees_at_Philadelphia_Phillies,0.24,8.0,-7.76,UNDER,C   Austin Wells shows UNDER value at 8.0 R. TC projection: 0.2 — edge: 7.76. Strong conviction based on usage rate and defensive matchup.,Austin Wells,0.24,0.0,
2B  Oswald Peraza,Los Angeles Angels,mlb,R,Los_Angeles_Angels_at_San_Francisco_Giants,0.25,8.0,-7.75,UNDER,"Strong +EV opportunity: 2B  Oswald Peraza is projected for 0.2 R vs a line of 8.0, giving a UNDER edge of 7.75. Based on recent form, opponent matchup, and game context.",Oswald Peraza,0.25,0.0,
CF  Drew Gilbert,San Francisco Giants,mlb,R,Los_Angeles_Angels_at_San_Francisco_Giants,0.25,8.0,-7.75,UNDER,CF  Drew Gilbert shows UNDER value at 8.0 R. TC projection: 0.2 — edge: 7.75. Strong conviction based on usage rate and defensive matchup.,Drew Gilbert,0.25,0.0,
3B  Ryan McMahon,New York Yankees,mlb,R,New_York_Yankees_at_Philadelphia_Phillies,0.25,8.0,-7.75,UNDER,Targeting 3B  Ryan McMahon UNDER 8.0 R. Model projects 0.2 (7.75 edge). Recent trends and opponent weakness support this play.,Ryan McMahon,0.25,0.0,
SS  Anthony Volpe,New York Yankees,mlb,RBI,New_York_Yankees_at_Philadelphia_Phillies,0.26,8.0,-7.74,UNDER,Targeting SS  Anthony Volpe UNDER 8.0 RBI. Model projects 0.3 (7.74 edge). Recent trends and opponent weakness support this play.,Anthony Volpe,0.26,0.0,
1B  Ben Rice,New York Yankees,mlb,HR,New_York_Yankees_at_Philadelphia_Phillies,0.26,8.0,-7.74,UNDER,"Strong +EV opportunity: 1B  Ben Rice is projected for 0.3 HR vs a line of 8.0, giving a UNDER edge of 7.74. Based on recent form, opponent matchup, and game context.",Ben Rice,0.26,0.0,
LF  Wade Meckler,Los Angeles Angels,mlb,BB,Los_Angeles_Angels_at_San_Francisco_Giants,0.26,8.0,-7.74,UNDER,LF  Wade Meckler shows UNDER value at 8.0 BB. TC projection: 0.3 — edge: 7.74. Strong conviction based on usage rate and defensive matchup.,Wade Meckler,0.26,0.0,
3B  Ryan McMahon,New York Yankees,mlb,RBI,New_York_Yankees_at_Philadelphia_Phillies,0.26,8.0,-7.74,UNDER,3B  Ryan McMahon shows UNDER value at 8.0 RBI. TC projection: 0.3 — edge: 7.74. Strong conviction based on usage rate and defensive matchup.,Ryan McMahon,0.26,0.0,
DH  Iván Herrera,St. Louis Cardinals,mlb,H,Cincinnati_Reds_at_St_Louis_Cardinals,0.77,8.5,-7.73,UNDER,"Strong +EV opportunity: DH  Iván Herrera is projected for 0.8 H vs a line of 8.5, giving a UNDER edge of 7.73. Based on recent form, opponent matchup, and game context.",Iván Herrera,0.77,0.0,
C   Logan O'Hoppe,Los Angeles Angels,mlb,RBI,Los_Angeles_Angels_at_San_Francisco_Giants,0.27,8.0,-7.73,UNDER,"Strong +EV opportunity: C   Logan O'Hoppe is projected for 0.3 RBI vs a line of 8.0, giving a UNDER edge of 7.73. Based on recent form, opponent matchup, and game context.",Logan O'Hoppe,0.27,0.0,
SS  Max Schuemann,New York Yankees,mlb,BB,New_York_Yankees_at_Philadelphia_Phillies,0.27,8.0,-7.73,UNDER,Targeting SS  Max Schuemann UNDER 8.0 BB. Model projects 0.3 (7.73 edge). Recent trends and opponent weakness support this play.,Max Schuemann,0.27,0.0,
3B  Alex Bregman,Chicago Cubs,mlb,H,Chicago_Cubs_at_Pittsburgh_Pirates,0.78,8.5,-7.72,UNDER,3B  Alex Bregman shows UNDER value at 8.5 H. TC projection: 0.8 — edge: 7.72. Strong conviction based on usage rate and defensive matchup.,Alex Bregman,0.78,0.0,
3B  Amed Rosario,New York Yankees,mlb,R,New_York_Yankees_at_Philadelphia_Phillies,0.28,8.0,-7.72,UNDER,3B  Amed Rosario shows UNDER value at 8.0 R. TC projection: 0.3 — edge: 7.72. Strong conviction based on usage rate and defensive matchup.,Amed Rosario,0.28,0.0,
LF  Josh Lowe,Los Angeles Angels,mlb,RBI,Los_Angeles_Angels_at_San_Francisco_Giants,0.29,8.0,-7.71,UNDER,"Strong +EV opportunity: LF  Josh Lowe is projected for 0.3 RBI vs a line of 8.0, giving a UNDER edge of 7.71. Based on recent form, opponent matchup, and game context.",Josh Lowe,0.29,0.0,
3B  Denzer Guzman,Los Angeles Angels,mlb,R,Los_Angeles_Angels_at_San_Francisco_Giants,0.3,8.0,-7.7,UNDER,3B  Denzer Guzman shows UNDER value at 8.0 R. TC projection: 0.3 — edge: 7.70. Strong conviction based on usage rate and defensive matchup.,Denzer Guzman,0.3,0.0,
LF  Wade Meckler,Los Angeles Angels,mlb,RBI,Los_Angeles_Angels_at_San_Francisco_Giants,0.3,8.0,-7.7,UNDER,Targeting LF  Wade Meckler UNDER 8.0 RBI. Model projects 0.3 (7.70 edge). Recent trends and opponent weakness support this play.,Wade Meckler,0.3,0.0,
CF  Jose Siri,Los Angeles Angels,mlb,RBI,Los_Angeles_Angels_at_San_Francisco_Giants,0.3,8.0,-7.7,UNDER,"Strong +EV opportunity: CF  Jose Siri is projected for 0.3 RBI vs a line of 8.0, giving a UNDER edge of 7.70. Based on recent form, opponent matchup, and game context.",Jose Siri,0.3,0.0,
1B  Nolan Schanuel,Los Angeles Angels,mlb,BB,Los_Angeles_Angels_at_San_Francisco_Giants,0.31,8.0,-7.69,UNDER,1B  Nolan Schanuel shows UNDER value at 8.0 BB. TC projection: 0.3 — edge: 7.69. Strong conviction based on usage rate and defensive matchup.,Nolan Schanuel,0.31,0.0,
RF  Jung Hoo Lee,San Francisco Giants,mlb,RBI,Los_Angeles_Angels_at_San_Francisco_Giants,0.31,8.0,-7.69,UNDER,RF  Jung Hoo Lee shows UNDER value at 8.0 RBI. TC projection: 0.3 — edge: 7.69. Strong conviction based on usage rate and defensive matchup.,Jung Hoo Lee,0.31,0.0,
SS  Anthony Volpe,New York Yankees,mlb,R,New_York_Yankees_at_Philadelphia_Phillies,0.31,8.0,-7.69,UNDER,Targeting SS  Anthony Volpe UNDER 8.0 R. Model projects 0.3 (7.69 edge). Recent trends and opponent weakness support this play.,Anthony Volpe,0.31,0.0,
RF  Jasson Domínguez,New York Yankees,mlb,R,New_York_Yankees_at_Philadelphia_Phillies,0.31,8.0,-7.69,UNDER,"Strong +EV opportunity: RF  Jasson Domínguez is projected for 0.3 R vs a line of 8.0, giving a UNDER edge of 7.69. Based on recent form, opponent matchup, and game context.",Jasson Domínguez,0.31,0.0,
2B  Nico Hoerner,Chicago Cubs,mlb,H,Chicago_Cubs_at_Pittsburgh_Pirates,0.82,8.5,-7.68,UNDER,2B  Nico Hoerner shows UNDER value at 8.5 H. TC projection: 0.8 — edge: 7.68. Strong conviction based on usage rate and defensive matchup.,Nico Hoerner,0.82,0.0,
C   Daniel Susac,San Francisco Giants,mlb,RBI,Los_Angeles_Angels_at_San_Francisco_Giants,0.32,8.0,-7.68,UNDER,"Strong +EV opportunity: C   Daniel Susac is projected for 0.3 RBI vs a line of 8.0, giving a UNDER edge of 7.68. Based on recent form, opponent matchup, and game context.",Daniel Susac,0.32,0.0,
SS  Max Schuemann,New York Yankees,mlb,H,New_York_Yankees_at_Philadelphia_Phillies,0.32,8.0,-7.68,UNDER,SS  Max Schuemann shows UNDER value at 8.0 H. TC projection: 0.3 — edge: 7.68. Strong conviction based on usage rate and defensive matchup.,Max Schuemann,0.32,0.0,
CF  Jose Siri,Los Angeles Angels,mlb,R,Los_Angeles_Angels_at_San_Francisco_Giants,0.32,8.0,-7.68,UNDER,"Strong +EV opportunity: CF  Jose Siri is projected for 0.3 R vs a line of 8.0, giving a UNDER edge of 7.68. Based on recent form, opponent matchup, and game context.",Jose Siri,0.32,0.0,
1B  Nolan Schanuel,Los Angeles Angels,mlb,R,Los_Angeles_Angels_at_San_Francisco_Giants,0.32,8.0,-7.68,UNDER,"Strong +EV opportunity: 1B  Nolan Schanuel is projected for 0.3 R vs a line of 8.0, giving a UNDER edge of 7.68. Based on recent form, opponent matchup, and game context.",Nolan Schanuel,0.32,0.0,
C   Austin Wells,New York Yankees,mlb,BB,New_York_Yankees_at_Philadelphia_Phillies,0.32,8.0,-7.68,UNDER,"Strong +EV opportunity: C   Austin Wells is projected for 0.3 BB vs a line of 8.0, giving a UNDER edge of 7.68. Based on recent form, opponent matchup, and game context.",Austin Wells,0.32,0.0,
2B  Jazz Chisholm Jr.,New York Yankees,mlb,BB,New_York_Yankees_at_Philadelphia_Phillies,0.32,8.0,-7.68,UNDER,"Strong +EV opportunity: 2B  Jazz Chisholm Jr. is projected for 0.3 BB vs a line of 8.0, giving a UNDER edge of 7.68. Based on recent form, opponent matchup, and game context.",Jazz Chisholm Jr.,0.32,0.0,
RF  Seiya Suzuki,Chicago Cubs,mlb,H,Chicago_Cubs_at_Pittsburgh_Pirates,0.83,8.5,-7.67,UNDER,"Strong +EV opportunity: RF  Seiya Suzuki is projected for 0.8 H vs a line of 8.5, giving a UNDER edge of 7.67. Based on recent form, opponent matchup, and game context.",Seiya Suzuki,0.83,0.0,
LF  Wade Meckler,Los Angeles Angels,mlb,R,Los_Angeles_Angels_at_San_Francisco_Giants,0.33,8.0,-7.67,UNDER,LF  Wade Meckler shows UNDER value at 8.0 R. TC projection: 0.3 — edge: 7.67. Strong conviction based on usage rate and defensive matchup.,Wade Meckler,0.33,0.0,
DH  Bryce Eldridge,San Francisco Giants,mlb,RBI,Los_Angeles_Angels_at_San_Francisco_Giants,0.33,8.0,-7.67,UNDER,"Strong +EV opportunity: DH  Bryce Eldridge is projected for 0.3 RBI vs a line of 8.0, giving a UNDER edge of 7.67. Based on recent form, opponent matchup, and game context.",Bryce Eldridge,0.33,0.0,
2B  Luis Arraez,San Francisco Giants,mlb,RBI,Los_Angeles_Angels_at_San_Francisco_Giants,0.33,8.0,-7.67,UNDER,2B  Luis Arraez shows UNDER value at 8.0 RBI. TC projection: 0.3 — edge: 7.67. Strong conviction based on usage rate and defensive matchup.,Luis Arraez,0.33,0.0,
DH  Jorge Soler,Los Angeles Angels,mlb,BB,Los_Angeles_Angels_at_San_Francisco_Giants,0.33,8.0,-7.67,UNDER,"Strong +EV opportunity: DH  Jorge Soler is projected for 0.3 BB vs a line of 8.0, giving a UNDER edge of 7.67. Based on recent form, opponent matchup, and game context.",Jorge Soler,0.33,0.0,
2B  Vaughn Grissom,Los Angeles Angels,mlb,R,Los_Angeles_Angels_at_San_Francisco_Giants,0.33,8.0,-7.67,UNDER,2B  Vaughn Grissom shows UNDER value at 8.0 R. TC projection: 0.3 — edge: 7.67. Strong conviction based on usage rate and defensive matchup.,Vaughn Grissom,0.33,0.0,
C   Ali Sánchez,New York Yankees,mlb,H,New_York_Yankees_at_Philadelphia_Phillies,0.33,8.0,-7.67,UNDER,Targeting C   Ali Sánchez UNDER 8.0 H. Model projects 0.3 (7.67 edge). Recent trends and opponent weakness support this play.,Ali Sánchez,0.33,0.0,
SS  José Caballero,New York Yankees,mlb,R,New_York_Yankees_at_Philadelphia_Phillies,0.34,8.0,-7.66,UNDER,Targeting SS  José Caballero UNDER 8.0 R. Model projects 0.3 (7.66 edge). Recent trends and opponent weakness support this play.,José Caballero,0.34,0.0,
1B  Rafael Devers,San Francisco Giants,mlb,BB,Los_Angeles_Angels_at_San_Francisco_Giants,0.35,8.0,-7.65,UNDER,"Strong +EV opportunity: 1B  Rafael Devers is projected for 0.3 BB vs a line of 8.0, giving a UNDER edge of 7.65. Based on recent form, opponent matchup, and game context.",Rafael Devers,0.35,0.0,
SS  José Caballero,New York Yankees,mlb,RBI,New_York_Yankees_at_Philadelphia_Phillies,0.35,8.0,-7.65,UNDER,SS  José Caballero shows UNDER value at 8.0 RBI. TC projection: 0.3 — edge: 7.65. Strong conviction based on usage rate and defensive matchup.,José Caballero,0.35,0.0,
3B  Denzer Guzman,Los Angeles Angels,mlb,RBI,Los_Angeles_Angels_at_San_Francisco_Giants,0.35,8.0,-7.65,UNDER,3B  Denzer Guzman shows UNDER value at 8.0 RBI. TC projection: 0.3 — edge: 7.65. Strong conviction based on usage rate and defensive matchup.,Denzer Guzman,0.35,0.0,
RF  Jo Adell,Los Angeles Angels,mlb,R,Los_Angeles_Angels_at_San_Francisco_Giants,0.36,8.0,-7.64,UNDER,RF  Jo Adell shows UNDER value at 8.0 R. TC projection: 0.4 — edge: 7.64. Strong conviction based on usage rate and defensive matchup.,Jo Adell,0.36,0.0,
DH  Jorge Soler,Los Angeles Angels,mlb,R,Los_Angeles_Angels_at_San_Francisco_Giants,0.36,8.0,-7.64,UNDER,"Strong +EV opportunity: DH  Jorge Soler is projected for 0.4 R vs a line of 8.0, giving a UNDER edge of 7.64. Based on recent form, opponent matchup, and game context.",Jorge Soler,0.36,0.0,
1B  Nolan Schanuel,Los Angeles Angels,mlb,RBI,Los_Angeles_Angels_at_San_Francisco_Giants,0.36,8.0,-7.64,UNDER,Targeting 1B  Nolan Schanuel UNDER 8.0 RBI. Model projects 0.4 (7.64 edge). Recent trends and opponent weakness support this play.,Nolan Schanuel,0.36,0.0,
C   Tyler Heineman,Los Angeles Angels,mlb,H,Los_Angeles_Angels_at_San_Francisco_Giants,0.36,8.0,-7.64,UNDER,Targeting C   Tyler Heineman UNDER 8.0 H. Model projects 0.4 (7.64 edge). Recent trends and opponent weakness support this play.,Tyler Heineman,0.36,0.0,
SS  Anthony Volpe,New York Yankees,mlb,BB,New_York_Yankees_at_Philadelphia_Phillies,0.36,8.0,-7.64,UNDER,SS  Anthony Volpe shows UNDER value at 8.0 BB. TC projection: 0.4 — edge: 7.64. Strong conviction based on usage rate and defensive matchup.,Anthony Volpe,0.36,0.0,
2B  Jazz Chisholm Jr.,New York Yankees,mlb,RBI,New_York_Yankees_at_Philadelphia_Phillies,0.37,8.0,-7.63,UNDER,2B  Jazz Chisholm Jr. shows UNDER value at 8.0 RBI. TC projection: 0.4 — edge: 7.63. Strong conviction based on usage rate and defensive matchup.,Jazz Chisholm Jr.,0.37,0.0,
CF  Pete Crow-Armstrong,Chicago Cubs,mlb,H,Chicago_Cubs_at_Pittsburgh_Pirates,0.88,8.5,-7.62,UNDER,Targeting CF  Pete Crow-Armstrong UNDER 8.5 H. Model projects 0.9 (7.62 edge). Recent trends and opponent weakness support this play.,Pete Crow-Armstrong,0.88,0.0,
2B  JJ Wetherholt,St. Louis Cardinals,mlb,H,Cincinnati_Reds_at_St_Louis_Cardinals,0.88,8.5,-7.62,UNDER,2B  JJ Wetherholt shows UNDER value at 8.5 H. TC projection: 0.9 — edge: 7.62. Strong conviction based on usage rate and defensive matchup.,JJ Wetherholt,0.88,0.0,
SS  Zach Neto,Los Angeles Angels,mlb,RBI,Los_Angeles_Angels_at_San_Francisco_Giants,0.38,8.0,-7.62,UNDER,SS  Zach Neto shows UNDER value at 8.0 RBI. TC projection: 0.4 — edge: 7.62. Strong conviction based on usage rate and defensive matchup.,Zach Neto,0.38,0.0,
SS  Zach Neto,Los Angeles Angels,mlb,BB,Los_Angeles_Angels_at_San_Francisco_Giants,0.38,8.0,-7.62,UNDER,Targeting SS  Zach Neto UNDER 8.0 BB. Model projects 0.4 (7.62 edge). Recent trends and opponent weakness support this play.,Zach Neto,0.38,0.0,
C   Drew Cavanaugh,San Francisco Giants,mlb,BB,Los_Angeles_Angels_at_San_Francisco_Giants,0.38,8.0,-7.62,UNDER,Targeting C   Drew Cavanaugh UNDER 8.0 BB. Model projects 0.4 (7.62 edge). Recent trends and opponent weakness support this play.,Drew Cavanaugh,0.38,0.0,
3B  Amed Rosario,New York Yankees,mlb,RBI,New_York_Yankees_at_Philadelphia_Phillies,0.38,8.0,-7.62,UNDER,Targeting 3B  Amed Rosario UNDER 8.0 RBI. Model projects 0.4 (7.62 edge). Recent trends and opponent weakness support this play.,Amed Rosario,0.38,0.0,
C   Austin Wells,New York Yankees,mlb,H,New_York_Yankees_at_Philadelphia_Phillies,0.39,8.0,-7.61,UNDER,C   Austin Wells shows UNDER value at 8.0 H. TC projection: 0.4 — edge: 7.61. Strong conviction based on usage rate and defensive matchup.,Austin Wells,0.39,0.0,
CF  Mike Trout,Los Angeles Angels,mlb,RBI,Los_Angeles_Angels_at_San_Francisco_Giants,0.39,8.0,-7.61,UNDER,"Strong +EV opportunity: CF  Mike Trout is projected for 0.4 RBI vs a line of 8.0, giving a UNDER edge of 7.61. Based on recent form, opponent matchup, and game context.",Mike Trout,0.39,0.0,
1B  Paul Goldschmidt,New York Yankees,mlb,R,New_York_Yankees_at_Philadelphia_Phillies,0.39,8.0,-7.61,UNDER,1B  Paul Goldschmidt shows UNDER value at 8.0 R. TC projection: 0.4 — edge: 7.61. Strong conviction based on usage rate and defensive matchup.,Paul Goldschmidt,0.39,0.0,
SS  Willy Adames,San Francisco Giants,mlb,RBI,Los_Angeles_Angels_at_San_Francisco_Giants,0.4,8.0,-7.6,UNDER,"Strong +EV opportunity: SS  Willy Adames is projected for 0.4 RBI vs a line of 8.0, giving a UNDER edge of 7.60. Based on recent form, opponent matchup, and game context.",Willy Adames,0.4,0.0,
LF  Heliot Ramos,San Francisco Giants,mlb,RBI,Los_Angeles_Angels_at_San_Francisco_Giants,0.41,8.0,-7.59,UNDER,Targeting LF  Heliot Ramos UNDER 8.0 RBI. Model projects 0.4 (7.59 edge). Recent trends and opponent weakness support this play.,Heliot Ramos,0.41,0.0,
CF  Trent Grisham,New York Yankees,mlb,RBI,New_York_Yankees_at_Philadelphia_Phillies,0.41,8.0,-7.59,UNDER,CF  Trent Grisham shows UNDER value at 8.0 RBI. TC projection: 0.4 — edge: 7.59. Strong conviction based on usage rate and defensive matchup.,Trent Grisham,0.41,0.0,
RF  Fernando Tatis Jr.,San Diego Padres,mlb,H,San_Diego_Padres_at_Miami_Marlins,0.92,8.5,-7.58,UNDER,"Strong +EV opportunity: RF  Fernando Tatis Jr. is projected for 0.9 H vs a line of 8.5, giving a UNDER edge of 7.58. Based on recent form, opponent matchup, and game context.",Fernando Tatis Jr.,0.92,0.0,
LF  Casey Schmitt,San Francisco Giants,mlb,R,Los_Angeles_Angels_at_San_Francisco_Giants,0.42,8.0,-7.58,UNDER,"Strong +EV opportunity: LF  Casey Schmitt is projected for 0.4 R vs a line of 8.0, giving a UNDER edge of 7.58. Based on recent form, opponent matchup, and game context.",Casey Schmitt,0.42,0.0,
CF  Jose Siri,Los Angeles Angels,mlb,H,Los_Angeles_Angels_at_San_Francisco_Giants,0.42,8.0,-7.58,UNDER,CF  Jose Siri shows UNDER value at 8.0 H. TC projection: 0.4 — edge: 7.58. Strong conviction based on usage rate and defensive matchup.,Jose Siri,0.42,0.0,
1B  Ben Rice,New York Yankees,mlb,BB,New_York_Yankees_at_Philadelphia_Phillies,0.42,8.0,-7.58,UNDER,Targeting 1B  Ben Rice UNDER 8.0 BB. Model projects 0.4 (7.58 edge). Recent trends and opponent weakness support this play.,Ben Rice,0.42,0.0,
SS  Max Schuemann,New York Yankees,mlb,R,New_York_Yankees_at_Philadelphia_Phillies,0.42,8.0,-7.58,UNDER,Targeting SS  Max Schuemann UNDER 8.0 R. Model projects 0.4 (7.58 edge). Recent trends and opponent weakness support this play.,Max Schuemann,0.42,0.0,
1B  Alec Burleson,St. Louis Cardinals,mlb,H,Cincinnati_Reds_at_St_Louis_Cardinals,0.93,8.5,-7.57,UNDER,Targeting 1B  Alec Burleson UNDER 8.5 H. Model projects 0.9 (7.57 edge). Recent trends and opponent weakness support this play.,Alec Burleson,0.93,0.0,
C   Jesus Rodriguez,San Francisco Giants,mlb,RBI,Los_Angeles_Angels_at_San_Francisco_Giants,0.43,8.0,-7.57,UNDER,"Strong +EV opportunity: C   Jesus Rodriguez is projected for 0.4 RBI vs a line of 8.0, giving a UNDER edge of 7.57. Based on recent form, opponent matchup, and game context.",Jesus Rodriguez,0.43,0.0,
LF  Cody Bellinger,New York Yankees,mlb,R,New_York_Yankees_at_Philadelphia_Phillies,0.43,8.0,-7.57,UNDER,"Strong +EV opportunity: LF  Cody Bellinger is projected for 0.4 R vs a line of 8.0, giving a UNDER edge of 7.57. Based on recent form, opponent matchup, and game context.",Cody Bellinger,0.43,0.0,
CF  Grant McCray,San Francisco Giants,mlb,R,Los_Angeles_Angels_at_San_Francisco_Giants,0.43,8.0,-7.57,UNDER,Targeting CF  Grant McCray UNDER 8.0 R. Model projects 0.4 (7.57 edge). Recent trends and opponent weakness support this play.,Grant McCray,0.43,0.0,
CF  Grant McCray,San Francisco Giants,mlb,SB,Los_Angeles_Angels_at_San_Francisco_Giants,0.43,8.0,-7.57,UNDER,"Strong +EV opportunity: CF  Grant McCray is projected for 0.4 SB vs a line of 8.0, giving a UNDER edge of 7.57. Based on recent form, opponent matchup, and game context.",Grant McCray,0.43,0.0,
2B  Luis Arraez,San Francisco Giants,mlb,R,Los_Angeles_Angels_at_San_Francisco_Giants,0.43,8.0,-7.57,UNDER,"Strong +EV opportunity: 2B  Luis Arraez is projected for 0.4 R vs a line of 8.0, giving a UNDER edge of 7.57. Based on recent form, opponent matchup, and game context.",Luis Arraez,0.43,0.0,
LF  Cody Bellinger,New York Yankees,mlb,RBI,New_York_Yankees_at_Philadelphia_Phillies,0.43,8.0,-7.57,UNDER,Targeting LF  Cody Bellinger UNDER 8.0 RBI. Model projects 0.4 (7.57 edge). Recent trends and opponent weakness support this play.,Cody Bellinger,0.43,0.0,
SS  Willy Adames,San Francisco Giants,mlb,R,Los_Angeles_Angels_at_San_Francisco_Giants,0.44,8.0,-7.56,UNDER,"Strong +EV opportunity: SS  Willy Adames is projected for 0.4 R vs a line of 8.0, giving a UNDER edge of 7.56. Based on recent form, opponent matchup, and game context.",Willy Adames,0.44,0.0,
LF  Heliot Ramos,San Francisco Giants,mlb,R,Los_Angeles_Angels_at_San_Francisco_Giants,0.44,8.0,-7.56,UNDER,"Strong +EV opportunity: LF  Heliot Ramos is projected for 0.4 R vs a line of 8.0, giving a UNDER edge of 7.56. Based on recent form, opponent matchup, and game context.",Heliot Ramos,0.44,0.0,
2B  Jazz Chisholm Jr.,New York Yankees,mlb,R,New_York_Yankees_at_Philadelphia_Phillies,0.44,8.0,-7.56,UNDER,"Strong +EV opportunity: 2B  Jazz Chisholm Jr. is projected for 0.4 R vs a line of 8.0, giving a UNDER edge of 7.56. Based on recent form, opponent matchup, and game context.",Jazz Chisholm Jr.,0.44,0.0,
DH  Bryce Eldridge,San Francisco Giants,mlb,BB,Los_Angeles_Angels_at_San_Francisco_Giants,0.45,8.0,-7.55,UNDER,Targeting DH  Bryce Eldridge UNDER 8.0 BB. Model projects 0.5 (7.55 edge). Recent trends and opponent weakness support this play.,Bryce Eldridge,0.45,0.0,
1B  Rafael Devers,San Francisco Giants,mlb,R,Los_Angeles_Angels_at_San_Francisco_Giants,0.45,8.0,-7.55,UNDER,1B  Rafael Devers shows UNDER value at 8.0 R. TC projection: 0.5 — edge: 7.55. Strong conviction based on usage rate and defensive matchup.,Rafael Devers,0.45,0.0,
LF  Cody Bellinger,New York Yankees,mlb,BB,New_York_Yankees_at_Philadelphia_Phillies,0.45,8.0,-7.55,UNDER,LF  Cody Bellinger shows UNDER value at 8.0 BB. TC projection: 0.5 — edge: 7.55. Strong conviction based on usage rate and defensive matchup.,Cody Bellinger,0.45,0.0,
CF  Trent Grisham,New York Yankees,mlb,BB,New_York_Yankees_at_Philadelphia_Phillies,0.45,8.0,-7.55,UNDER,Targeting CF  Trent Grisham UNDER 8.0 BB. Model projects 0.5 (7.55 edge). Recent trends and opponent weakness support this play.,Trent Grisham,0.45,0.0,
DH  Bryce Eldridge,San Francisco Giants,mlb,R,Los_Angeles_Angels_at_San_Francisco_Giants,0.45,8.0,-7.55,UNDER,DH  Bryce Eldridge shows UNDER value at 8.0 R. TC projection: 0.5 — edge: 7.55. Strong conviction based on usage rate and defensive matchup.,Bryce Eldridge,0.45,0.0,
RF  Jordan Walker,St. Louis Cardinals,mlb,H,Cincinnati_Reds_at_St_Louis_Cardinals,0.96,8.5,-7.54,UNDER,Targeting RF  Jordan Walker UNDER 8.5 H. Model projects 1.0 (7.54 edge). Recent trends and opponent weakness support this play.,Jordan Walker,0.96,0.0,
RF  Jung Hoo Lee,San Francisco Giants,mlb,R,Los_Angeles_Angels_at_San_Francisco_Giants,0.46,8.0,-7.54,UNDER,Targeting RF  Jung Hoo Lee UNDER 8.0 R. Model projects 0.5 (7.54 edge). Recent trends and opponent weakness support this play.,Jung Hoo Lee,0.46,0.0,
1B  Rafael Devers,San Francisco Giants,mlb,RBI,Los_Angeles_Angels_at_San_Francisco_Giants,0.46,8.0,-7.54,UNDER,1B  Rafael Devers shows UNDER value at 8.0 RBI. TC projection: 0.5 — edge: 7.54. Strong conviction based on usage rate and defensive matchup.,Rafael Devers,0.46,0.0,
RF  Jo Adell,Los Angeles Angels,mlb,RBI,Los_Angeles_Angels_at_San_Francisco_Giants,0.46,8.0,-7.54,UNDER,"Strong +EV opportunity: RF  Jo Adell is projected for 0.5 RBI vs a line of 8.0, giving a UNDER edge of 7.54. Based on recent form, opponent matchup, and game context.",Jo Adell,0.46,0.0,
DH  Jorge Soler,Los Angeles Angels,mlb,RBI,Los_Angeles_Angels_at_San_Francisco_Giants,0.47,8.0,-7.53,UNDER,Targeting DH  Jorge Soler UNDER 8.0 RBI. Model projects 0.5 (7.53 edge). Recent trends and opponent weakness support this play.,Jorge Soler,0.47,0.0,
1B  Paul Goldschmidt,New York Yankees,mlb,RBI,New_York_Yankees_at_Philadelphia_Phillies,0.48,8.0,-7.52,UNDER,1B  Paul Goldschmidt shows UNDER value at 8.0 RBI. TC projection: 0.5 — edge: 7.52. Strong conviction based on usage rate and defensive matchup.,Paul Goldschmidt,0.48,0.0,
3B  Ryan McMahon,New York Yankees,mlb,H,New_York_Yankees_at_Philadelphia_Phillies,0.48,8.0,-7.52,UNDER,"Strong +EV opportunity: 3B  Ryan McMahon is projected for 0.5 H vs a line of 8.0, giving a UNDER edge of 7.52. Based on recent form, opponent matchup, and game context.",Ryan McMahon,0.48,0.0,
LF  Josh Lowe,Los Angeles Angels,mlb,H,Los_Angeles_Angels_at_San_Francisco_Giants,0.49,8.0,-7.51,UNDER,Targeting LF  Josh Lowe UNDER 8.0 H. Model projects 0.5 (7.51 edge). Recent trends and opponent weakness support this play.,Josh Lowe,0.49,0.0,
LF  Casey Schmitt,San Francisco Giants,mlb,RBI,Los_Angeles_Angels_at_San_Francisco_Giants,0.49,8.0,-7.51,UNDER,"Strong +EV opportunity: LF  Casey Schmitt is projected for 0.5 RBI vs a line of 8.0, giving a UNDER edge of 7.51. Based on recent form, opponent matchup, and game context.",Casey Schmitt,0.49,0.0,
C   Drew Cavanaugh,San Francisco Giants,mlb,H,Los_Angeles_Angels_at_San_Francisco_Giants,0.49,8.0,-7.51,UNDER,"Strong +EV opportunity: C   Drew Cavanaugh is projected for 0.5 H vs a line of 8.0, giving a UNDER edge of 7.51. Based on recent form, opponent matchup, and game context.",Drew Cavanaugh,0.49,0.0,
CF  Trent Grisham,New York Yankees,mlb,R,New_York_Yankees_at_Philadelphia_Phillies,0.5,8.0,-7.5,UNDER,CF  Trent Grisham shows UNDER value at 8.0 R. TC projection: 0.5 — edge: 7.50. Strong conviction based on usage rate and defensive matchup.,Trent Grisham,0.5,0.0,
3B  Amed Rosario,New York Yankees,mlb,H,New_York_Yankees_at_Philadelphia_Phillies,0.51,8.0,-7.49,UNDER,Targeting 3B  Amed Rosario UNDER 8.0 H. Model projects 0.5 (7.49 edge). Recent trends and opponent weakness support this play.,Amed Rosario,0.51,0.0,
CF  Drew Gilbert,San Francisco Giants,mlb,H,Los_Angeles_Angels_at_San_Francisco_Giants,0.52,8.0,-7.48,UNDER,CF  Drew Gilbert shows UNDER value at 8.0 H. TC projection: 0.5 — edge: 7.48. Strong conviction based on usage rate and defensive matchup.,Drew Gilbert,0.52,0.0,
2B  Vaughn Grissom,Los Angeles Angels,mlb,RBI,Los_Angeles_Angels_at_San_Francisco_Giants,0.53,8.0,-7.47,UNDER,"Strong +EV opportunity: 2B  Vaughn Grissom is projected for 0.5 RBI vs a line of 8.0, giving a UNDER edge of 7.47. Based on recent form, opponent matchup, and game context.",Vaughn Grissom,0.53,0.0,
C   Logan O'Hoppe,Los Angeles Angels,mlb,H,Los_Angeles_Angels_at_San_Francisco_Giants,0.54,8.0,-7.46,UNDER,"Strong +EV opportunity: C   Logan O'Hoppe is projected for 0.5 H vs a line of 8.0, giving a UNDER edge of 7.46. Based on recent form, opponent matchup, and game context.",Logan O'Hoppe,0.54,0.0,
1B  Ben Rice,New York Yankees,mlb,R,New_York_Yankees_at_Philadelphia_Phillies,0.56,8.0,-7.439999999999999,UNDER,Targeting 1B  Ben Rice UNDER 8.0 R. Model projects 0.6 (7.44 edge). Recent trends and opponent weakness support this play.,Ben Rice,0.56,0.0,
SS  Zach Neto,Los Angeles Angels,mlb,R,Los_Angeles_Angels_at_San_Francisco_Giants,0.58,8.0,-7.42,UNDER,SS  Zach Neto shows UNDER value at 8.0 R. TC projection: 0.6 — edge: 7.42. Strong conviction based on usage rate and defensive matchup.,Zach Neto,0.58,0.0,
CF  Mike Trout,Los Angeles Angels,mlb,R,Los_Angeles_Angels_at_San_Francisco_Giants,0.58,8.0,-7.42,UNDER,Targeting CF  Mike Trout UNDER 8.0 R. Model projects 0.6 (7.42 edge). Recent trends and opponent weakness support this play.,Mike Trout,0.58,0.0,
C   Jesus Rodriguez,San Francisco Giants,mlb,H,Los_Angeles_Angels_at_San_Francisco_Giants,0.6,8.0,-7.4,UNDER,"Strong +EV opportunity: C   Jesus Rodriguez is projected for 0.6 H vs a line of 8.0, giving a UNDER edge of 7.40. Based on recent form, opponent matchup, and game context.",Jesus Rodriguez,0.6,0.0,
1B  Ben Rice,New York Yankees,mlb,RBI,New_York_Yankees_at_Philadelphia_Phillies,0.6,8.0,-7.4,UNDER,"Strong +EV opportunity: 1B  Ben Rice is projected for 0.6 RBI vs a line of 8.0, giving a UNDER edge of 7.40. Based on recent form, opponent matchup, and game context.",Ben Rice,0.6,0.0,
2B  Oswald Peraza,Los Angeles Angels,mlb,H,Los_Angeles_Angels_at_San_Francisco_Giants,0.61,8.0,-7.39,UNDER,2B  Oswald Peraza shows UNDER value at 8.0 H. TC projection: 0.6 — edge: 7.39. Strong conviction based on usage rate and defensive matchup.,Oswald Peraza,0.61,0.0,
C   Daniel Susac,San Francisco Giants,mlb,H,Los_Angeles_Angels_at_San_Francisco_Giants,0.61,8.0,-7.39,UNDER,C   Daniel Susac shows UNDER value at 8.0 H. TC projection: 0.6 — edge: 7.39. Strong conviction based on usage rate and defensive matchup.,Daniel Susac,0.61,0.0,
SS  Anthony Volpe,New York Yankees,mlb,H,New_York_Yankees_at_Philadelphia_Phillies,0.61,8.0,-7.39,UNDER,Targeting SS  Anthony Volpe UNDER 8.0 H. Model projects 0.6 (7.39 edge). Recent trends and opponent weakness support this play.,Anthony Volpe,0.61,0.0,
DH  Jorge Soler,Los Angeles Angels,mlb,H,Los_Angeles_Angels_at_San_Francisco_Giants,0.62,8.0,-7.38,UNDER,DH  Jorge Soler shows UNDER value at 8.0 H. TC projection: 0.6 — edge: 7.38. Strong conviction based on usage rate and defensive matchup.,Jorge Soler,0.62,0.0,
CF  Trent Grisham,New York Yankees,mlb,H,New_York_Yankees_at_Philadelphia_Phillies,0.63,8.0,-7.37,UNDER,Targeting CF  Trent Grisham UNDER 8.0 H. Model projects 0.6 (7.37 edge). Recent trends and opponent weakness support this play.,Trent Grisham,0.63,0.0,
2B  Jazz Chisholm Jr.,New York Yankees,mlb,H,New_York_Yankees_at_Philadelphia_Phillies,0.66,8.0,-7.34,UNDER,2B  Jazz Chisholm Jr. shows UNDER value at 8.0 H. TC projection: 0.7 — edge: 7.34. Strong conviction based on usage rate and defensive matchup.,Jazz Chisholm Jr.,0.66,0.0,
SS  José Caballero,New York Yankees,mlb,H,New_York_Yankees_at_Philadelphia_Phillies,0.66,8.0,-7.34,UNDER,"Strong +EV opportunity: SS  José Caballero is projected for 0.7 H vs a line of 8.0, giving a UNDER edge of 7.34. Based on recent form, opponent matchup, and game context.",José Caballero,0.66,0.0,
2B  Vaughn Grissom,Los Angeles Angels,mlb,H,Los_Angeles_Angels_at_San_Francisco_Giants,0.7,8.0,-7.3,UNDER,"Strong +EV opportunity: 2B  Vaughn Grissom is projected for 0.7 H vs a line of 8.0, giving a UNDER edge of 7.30. Based on recent form, opponent matchup, and game context.",Vaughn Grissom,0.7,0.0,
CF  Mike Trout,Los Angeles Angels,mlb,H,Los_Angeles_Angels_at_San_Francisco_Giants,0.7,8.0,-7.3,UNDER,Targeting CF  Mike Trout UNDER 8.0 H. Model projects 0.7 (7.30 edge). Recent trends and opponent weakness support this play.,Mike Trout,0.7,0.0,
LF  Wade Meckler,Los Angeles Angels,mlb,H,Los_Angeles_Angels_at_San_Francisco_Giants,0.71,8.0,-7.29,UNDER,LF  Wade Meckler shows UNDER value at 8.0 H. TC projection: 0.7 — edge: 7.29. Strong conviction based on usage rate and defensive matchup.,Wade Meckler,0.71,0.0,
CF  Mike Trout,Los Angeles Angels,mlb,BB,Los_Angeles_Angels_at_San_Francisco_Giants,0.72,8.0,-7.28,UNDER,Targeting CF  Mike Trout UNDER 8.0 BB. Model projects 0.7 (7.28 edge). Recent trends and opponent weakness support this play.,Mike Trout,0.72,0.0,
RF  Jasson Domínguez,New York Yankees,mlb,H,New_York_Yankees_at_Philadelphia_Phillies,0.72,8.0,-7.28,UNDER,RF  Jasson Domínguez shows UNDER value at 8.0 H. TC projection: 0.7 — edge: 7.28. Strong conviction based on usage rate and defensive matchup.,Jasson Domínguez,0.72,0.0,
1B  Paul Goldschmidt,New York Yankees,mlb,H,New_York_Yankees_at_Philadelphia_Phillies,0.74,8.0,-7.26,UNDER,Targeting 1B  Paul Goldschmidt UNDER 8.0 H. Model projects 0.7 (7.26 edge). Recent trends and opponent weakness support this play.,Paul Goldschmidt,0.74,0.0,
SS  Willy Adames,San Francisco Giants,mlb,H,Los_Angeles_Angels_at_San_Francisco_Giants,0.76,8.0,-7.24,UNDER,SS  Willy Adames shows UNDER value at 8.0 H. TC projection: 0.8 — edge: 7.24. Strong conviction based on usage rate and defensive matchup.,Willy Adames,0.76,0.0,
3B  Denzer Guzman,Los Angeles Angels,mlb,H,Los_Angeles_Angels_at_San_Francisco_Giants,0.76,8.0,-7.24,UNDER,3B  Denzer Guzman shows UNDER value at 8.0 H. TC projection: 0.8 — edge: 7.24. Strong conviction based on usage rate and defensive matchup.,Denzer Guzman,0.76,0.0,
SS  Zach Neto,Los Angeles Angels,mlb,H,Los_Angeles_Angels_at_San_Francisco_Giants,0.78,8.0,-7.22,UNDER,Targeting SS  Zach Neto UNDER 8.0 H. Model projects 0.8 (7.22 edge). Recent trends and opponent weakness support this play.,Zach Neto,0.78,0.0,
LF  Cody Bellinger,New York Yankees,mlb,H,New_York_Yankees_at_Philadelphia_Phillies,0.78,8.0,-7.22,UNDER,"Strong +EV opportunity: LF  Cody Bellinger is projected for 0.8 H vs a line of 8.0, giving a UNDER edge of 7.22. Based on recent form, opponent matchup, and game context.",Cody Bellinger,0.78,0.0,
RF  Jo Adell,Los Angeles Angels,mlb,H,Los_Angeles_Angels_at_San_Francisco_Giants,0.78,8.0,-7.22,UNDER,"Strong +EV opportunity: RF  Jo Adell is projected for 0.8 H vs a line of 8.0, giving a UNDER edge of 7.22. Based on recent form, opponent matchup, and game context.",Jo Adell,0.78,0.0,
1B  Rafael Devers,San Francisco Giants,mlb,H,Los_Angeles_Angels_at_San_Francisco_Giants,0.8,8.0,-7.2,UNDER,1B  Rafael Devers shows UNDER value at 8.0 H. TC projection: 0.8 — edge: 7.20. Strong conviction based on usage rate and defensive matchup.,Rafael Devers,0.8,0.0,
DH  Bryce Eldridge,San Francisco Giants,mlb,H,Los_Angeles_Angels_at_San_Francisco_Giants,0.81,8.0,-7.19,UNDER,Targeting DH  Bryce Eldridge UNDER 8.0 H. Model projects 0.8 (7.19 edge). Recent trends and opponent weakness support this play.,Bryce Eldridge,0.81,0.0,
1B  Ben Rice,New York Yankees,mlb,H,New_York_Yankees_at_Philadelphia_Phillies,0.85,8.0,-7.15,UNDER,1B  Ben Rice shows UNDER value at 8.0 H. TC projection: 0.8 — edge: 7.15. Strong conviction based on usage rate and defensive matchup.,Ben Rice,0.85,0.0,
1B  Nolan Schanuel,Los Angeles Angels,mlb,H,Los_Angeles_Angels_at_San_Francisco_Giants,0.87,8.0,-7.13,UNDER,"Strong +EV opportunity: 1B  Nolan Schanuel is projected for 0.9 H vs a line of 8.0, giving a UNDER edge of 7.13. Based on recent form, opponent matchup, and game context.",Nolan Schanuel,0.87,0.0,
LF  Heliot Ramos,San Francisco Giants,mlb,H,Los_Angeles_Angels_at_San_Francisco_Giants,0.88,8.0,-7.12,UNDER,LF  Heliot Ramos shows UNDER value at 8.0 H. TC projection: 0.9 — edge: 7.12. Strong conviction based on usage rate and defensive matchup.,Heliot Ramos,0.88,0.0,
LF  Casey Schmitt,San Francisco Giants,mlb,H,Los_Angeles_Angels_at_San_Francisco_Giants,0.94,8.0,-7.0600000000000005,UNDER,"Strong +EV opportunity: LF  Casey Schmitt is projected for 0.9 H vs a line of 8.0, giving a UNDER edge of 7.06. Based on recent form, opponent matchup, and game context.",Casey Schmitt,0.94,0.0,
RF  Jung Hoo Lee,San Francisco Giants,mlb,H,Los_Angeles_Angels_at_San_Francisco_Giants,0.98,8.0,-7.02,UNDER,Targeting RF  Jung Hoo Lee UNDER 8.0 H. Model projects 1.0 (7.02 edge). Recent trends and opponent weakness support this play.,Jung Hoo Lee,0.98,0.0,
P   Casey Mize,Detroit Tigers,mlb,R,Kansas_City_Royals_at_Detroit_Tigers,0.0,7.0,-7.0,UNDER,Targeting P   Casey Mize UNDER 7.0 R. Model projects 0.0 (7.00 edge). Recent trends and opponent weakness support this play.,Casey Mize,0.0,0.0,
P   Casey Mize,Detroit Tigers,mlb,RBI,Kansas_City_Royals_at_Detroit_Tigers,0.0,7.0,-7.0,UNDER,Targeting P   Casey Mize UNDER 7.0 RBI. Model projects 0.0 (7.00 edge). Recent trends and opponent weakness support this play.,Casey Mize,0.0,0.0,
P   Casey Mize,Detroit Tigers,mlb,HR,Kansas_City_Royals_at_Detroit_Tigers,0.0,7.0,-7.0,UNDER,P   Casey Mize shows UNDER value at 7.0 HR. TC projection: 0.0 — edge: 7.00. Strong conviction based on usage rate and defensive matchup.,Casey Mize,0.0,0.0,
P   Casey Mize,Detroit Tigers,mlb,2B,Kansas_City_Royals_at_Detroit_Tigers,0.0,7.0,-7.0,UNDER,"Strong +EV opportunity: P   Casey Mize is projected for 0.0 2B vs a line of 7.0, giving a UNDER edge of 7.00. Based on recent form, opponent matchup, and game context.",Casey Mize,0.0,0.0,
P   Casey Mize,Detroit Tigers,mlb,3B,Kansas_City_Royals_at_Detroit_Tigers,0.0,7.0,-7.0,UNDER,P   Casey Mize shows UNDER value at 7.0 3B. TC projection: 0.0 — edge: 7.00. Strong conviction based on usage rate and defensive matchup.,Casey Mize,0.0,0.0,
P   Casey Mize,Detroit Tigers,mlb,BB,Kansas_City_Royals_at_Detroit_Tigers,0.0,7.0,-7.0,UNDER,"Strong +EV opportunity: P   Casey Mize is projected for 0.0 BB vs a line of 7.0, giving a UNDER edge of 7.00. Based on recent form, opponent matchup, and game context.",Casey Mize,0.0,0.0,
P   Casey Mize,Detroit Tigers,mlb,SB,Kansas_City_Royals_at_Detroit_Tigers,0.0,7.0,-7.0,UNDER,Targeting P   Casey Mize UNDER 7.0 SB. Model projects 0.0 (7.00 edge). Recent trends and opponent weakness support this play.,Casey Mize,0.0,0.0,
C   Dillon Dingler,Detroit Tigers,mlb,SB,Kansas_City_Royals_at_Detroit_Tigers,0.0,7.0,-7.0,UNDER,C   Dillon Dingler shows UNDER value at 7.0 SB. TC projection: 0.0 — edge: 7.00. Strong conviction based on usage rate and defensive matchup.,Dillon Dingler,0.0,0.0,
2B  Gleyber Torres,Detroit Tigers,mlb,3B,Kansas_City_Royals_at_Detroit_Tigers,0.0,7.0,-7.0,UNDER,Targeting 2B  Gleyber Torres UNDER 7.0 3B. Model projects 0.0 (7.00 edge). Recent trends and opponent weakness support this play.,Gleyber Torres,0.0,0.0,
2B  Gleyber Torres,Detroit Tigers,mlb,SB,Kansas_City_Royals_at_Detroit_Tigers,0.0,7.0,-7.0,UNDER,Targeting 2B  Gleyber Torres UNDER 7.0 SB. Model projects 0.0 (7.00 edge). Recent trends and opponent weakness support this play.,Gleyber Torres,0.0,0.0,
P   Jacob Waguespack,Detroit Tigers,mlb,H,Kansas_City_Royals_at_Detroit_Tigers,0.0,7.0,-7.0,UNDER,Targeting P   Jacob Waguespack UNDER 7.0 H. Model projects 0.0 (7.00 edge). Recent trends and opponent weakness support this play.,Jacob Waguespack,0.0,0.0,
P   Jacob Waguespack,Detroit Tigers,mlb,R,Kansas_City_Royals_at_Detroit_Tigers,0.0,7.0,-7.0,UNDER,Targeting P   Jacob Waguespack UNDER 7.0 R. Model projects 0.0 (7.00 edge). Recent trends and opponent weakness support this play.,Jacob Waguespack,0.0,0.0,
P   Jacob Waguespack,Detroit Tigers,mlb,RBI,Kansas_City_Royals_at_Detroit_Tigers,0.0,7.0,-7.0,UNDER,P   Jacob Waguespack shows UNDER value at 7.0 RBI. TC projection: 0.0 — edge: 7.00. Strong conviction based on usage rate and defensive matchup.,Jacob Waguespack,0.0,0.0,
P   Jacob Waguespack,Detroit Tigers,mlb,HR,Kansas_City_Royals_at_Detroit_Tigers,0.0,7.0,-7.0,UNDER,Targeting P   Jacob Waguespack UNDER 7.0 HR. Model projects 0.0 (7.00 edge). Recent trends and opponent weakness support this play.,Jacob Waguespack,0.0,0.0,
P   Jacob Waguespack,Detroit Tigers,mlb,2B,Kansas_City_Royals_at_Detroit_Tigers,0.0,7.0,-7.0,UNDER,P   Jacob Waguespack shows UNDER value at 7.0 2B. TC projection: 0.0 — edge: 7.00. Strong conviction based on usage rate and defensive matchup.,Jacob Waguespack,0.0,0.0,
P   Jacob Waguespack,Detroit Tigers,mlb,3B,Kansas_City_Royals_at_Detroit_Tigers,0.0,7.0,-7.0,UNDER,Targeting P   Jacob Waguespack UNDER 7.0 3B. Model projects 0.0 (7.00 edge). Recent trends and opponent weakness support this play.,Jacob Waguespack,0.0,0.0,
P   Jacob Waguespack,Detroit Tigers,mlb,BB,Kansas_City_Royals_at_Detroit_Tigers,0.0,7.0,-7.0,UNDER,Targeting P   Jacob Waguespack UNDER 7.0 BB. Model projects 0.0 (7.00 edge). Recent trends and opponent weakness support this play.,Jacob Waguespack,0.0,0.0,
P   Jacob Waguespack,Detroit Tigers,mlb,SB,Kansas_City_Royals_at_Detroit_Tigers,0.0,7.0,-7.0,UNDER,"Strong +EV opportunity: P   Jacob Waguespack is projected for 0.0 SB vs a line of 7.0, giving a UNDER edge of 7.00. Based on recent form, opponent matchup, and game context.",Jacob Waguespack,0.0,0.0,
P   Kenley Jansen,Detroit Tigers,mlb,H,Kansas_City_Royals_at_Detroit_Tigers,0.0,7.0,-7.0,UNDER,Targeting P   Kenley Jansen UNDER 7.0 H. Model projects 0.0 (7.00 edge). Recent trends and opponent weakness support this play.,Kenley Jansen,0.0,0.0,
P   Kenley Jansen,Detroit Tigers,mlb,R,Kansas_City_Royals_at_Detroit_Tigers,0.0,7.0,-7.0,UNDER,P   Kenley Jansen shows UNDER value at 7.0 R. TC projection: 0.0 — edge: 7.00. Strong conviction based on usage rate and defensive matchup.,Kenley Jansen,0.0,0.0,
P   Kenley Jansen,Detroit Tigers,mlb,RBI,Kansas_City_Royals_at_Detroit_Tigers,0.0,7.0,-7.0,UNDER,"Strong +EV opportunity: P   Kenley Jansen is projected for 0.0 RBI vs a line of 7.0, giving a UNDER edge of 7.00. Based on recent form, opponent matchup, and game context.",Kenley Jansen,0.0,0.0,
P   Kenley Jansen,Detroit Tigers,mlb,HR,Kansas_City_Royals_at_Detroit_Tigers,0.0,7.0,-7.0,UNDER,"Strong +EV opportunity: P   Kenley Jansen is projected for 0.0 HR vs a line of 7.0, giving a UNDER edge of 7.00. Based on recent form, opponent matchup, and game context.",Kenley Jansen,0.0,0.0,
P   Kenley Jansen,Detroit Tigers,mlb,2B,Kansas_City_Royals_at_Detroit_Tigers,0.0,7.0,-7.0,UNDER,Targeting P   Kenley Jansen UNDER 7.0 2B. Model projects 0.0 (7.00 edge). Recent trends and opponent weakness support this play.,Kenley Jansen,0.0,0.0,
P   Kenley Jansen,Detroit Tigers,mlb,3B,Kansas_City_Royals_at_Detroit_Tigers,0.0,7.0,-7.0,UNDER,Targeting P   Kenley Jansen UNDER 7.0 3B. Model projects 0.0 (7.00 edge). Recent trends and opponent weakness support this play.,Kenley Jansen,0.0,0.0,
P   Kenley Jansen,Detroit Tigers,mlb,BB,Kansas_City_Royals_at_Detroit_Tigers,0.0,7.0,-7.0,UNDER,P   Kenley Jansen shows UNDER value at 7.0 BB. TC projection: 0.0 — edge: 7.00. Strong conviction based on usage rate and defensive matchup.,Kenley Jansen,0.0,0.0,
P   Kenley Jansen,Detroit Tigers,mlb,SB,Kansas_City_Royals_at_Detroit_Tigers,0.0,7.0,-7.0,UNDER,"Strong +EV opportunity: P   Kenley Jansen is projected for 0.0 SB vs a line of 7.0, giving a UNDER edge of 7.00. Based on recent form, opponent matchup, and game context.",Kenley Jansen,0.0,0.0,
RF  Kerry Carpenter,Detroit Tigers,mlb,SB,Kansas_City_Royals_at_Detroit_Tigers,0.0,7.0,-7.0,UNDER,RF  Kerry Carpenter shows UNDER value at 7.0 SB. TC projection: 0.0 — edge: 7.00. Strong conviction based on usage rate and defensive matchup.,Kerry Carpenter,0.0,0.0,
1B  Spencer Torkelson,Detroit Tigers,mlb,3B,Kansas_City_Royals_at_Detroit_Tigers,0.0,7.0,-7.0,UNDER,Targeting 1B  Spencer Torkelson UNDER 7.0 3B. Model projects 0.0 (7.00 edge). Recent trends and opponent weakness support this play.,Spencer Torkelson,0.0,0.0,
1B  Spencer Torkelson,Detroit Tigers,mlb,SB,Kansas_City_Royals_at_Detroit_Tigers,0.0,7.0,-7.0,UNDER,Targeting 1B  Spencer Torkelson UNDER 7.0 SB. Model projects 0.0 (7.00 edge). Recent trends and opponent weakness support this play.,Spencer Torkelson,0.0,0.0,
3B  Alec Bohm,Philadelphia Phillies,mlb,3B,New_York_Yankees_at_Philadelphia_Phillies,0.0,7.0,-7.0,UNDER,3B  Alec Bohm shows UNDER value at 7.0 3B. TC projection: 0.0 — edge: 7.00. Strong conviction based on usage rate and defensive matchup.,Alec Bohm,0.0,0.0,
P   Chase Shugart,Philadelphia Phillies,mlb,H,New_York_Yankees_at_Philadelphia_Phillies,0.0,7.0,-7.0,UNDER,Targeting P   Chase Shugart UNDER 7.0 H. Model projects 0.0 (7.00 edge). Recent trends and opponent weakness support this play.,Chase Shugart,0.0,0.0,
P   Chase Shugart,Philadelphia Phillies,mlb,R,New_York_Yankees_at_Philadelphia_Phillies,0.0,7.0,-7.0,UNDER,P   Chase Shugart shows UNDER value at 7.0 R. TC projection: 0.0 — edge: 7.00. Strong conviction based on usage rate and defensive matchup.,Chase Shugart,0.0,0.0,
P   Chase Shugart,Philadelphia Phillies,mlb,RBI,New_York_Yankees_at_Philadelphia_Phillies,0.0,7.0,-7.0,UNDER,P   Chase Shugart shows UNDER value at 7.0 RBI. TC projection: 0.0 — edge: 7.00. Strong conviction based on usage rate and defensive matchup.,Chase Shugart,0.0,0.0,
P   Chase Shugart,Philadelphia Phillies,mlb,HR,New_York_Yankees_at_Philadelphia_Phillies,0.0,7.0,-7.0,UNDER,Targeting P   Chase Shugart UNDER 7.0 HR. Model projects 0.0 (7.00 edge). Recent trends and opponent weakness support this play.,Chase Shugart,0.0,0.0,
P   Chase Shugart,Philadelphia Phillies,mlb,2B,New_York_Yankees_at_Philadelphia_Phillies,0.0,7.0,-7.0,UNDER,Targeting P   Chase Shugart UNDER 7.0 2B. Model projects 0.0 (7.00 edge). Recent trends and opponent weakness support this play.,Chase Shugart,0.0,0.0,
P   Chase Shugart,Philadelphia Phillies,mlb,3B,New_York_Yankees_at_Philadelphia_Phillies,0.0,7.0,-7.0,UNDER,"Strong +EV opportunity: P   Chase Shugart is projected for 0.0 3B vs a line of 7.0, giving a UNDER edge of 7.00. Based on recent form, opponent matchup, and game context.",Chase Shugart,0.0,0.0,
P   Chase Shugart,Philadelphia Phillies,mlb,BB,New_York_Yankees_at_Philadelphia_Phillies,0.0,7.0,-7.0,UNDER,Targeting P   Chase Shugart UNDER 7.0 BB. Model projects 0.0 (7.00 edge). Recent trends and opponent weakness support this play.,Chase Shugart,0.0,0.0,
P   Chase Shugart,Philadelphia Phillies,mlb,SB,New_York_Yankees_at_Philadelphia_Phillies,0.0,7.0,-7.0,UNDER,Targeting P   Chase Shugart UNDER 7.0 SB. Model projects 0.0 (7.00 edge). Recent trends and opponent weakness support this play.,Chase Shugart,0.0,0.0,
RF  Derek Hill,Philadelphia Phillies,mlb,3B,New_York_Yankees_at_Philadelphia_Phillies,0.0,7.0,-7.0,UNDER,"Strong +EV opportunity: RF  Derek Hill is projected for 0.0 3B vs a line of 7.0, giving a UNDER edge of 7.00. Based on recent form, opponent matchup, and game context.",Derek Hill,0.0,0.0,
RF  Gabriel Rincones Jr.,Philadelphia Phillies,mlb,3B,New_York_Yankees_at_Philadelphia_Phillies,0.0,7.0,-7.0,UNDER,Targeting RF  Gabriel Rincones Jr. UNDER 7.0 3B. Model projects 0.0 (7.00 edge). Recent trends and opponent weakness support this play.,Gabriel Rincones Jr.,0.0,0.0,
RF  Gabriel Rincones Jr.,Philadelphia Phillies,mlb,SB,New_York_Yankees_at_Philadelphia_Phillies,0.0,7.0,-7.0,UNDER,RF  Gabriel Rincones Jr. shows UNDER value at 7.0 SB. TC projection: 0.0 — edge: 7.00. Strong conviction based on usage rate and defensive matchup.,Gabriel Rincones Jr.,0.0,0.0,
C   J.T. Realmuto,Philadelphia Phillies,mlb,3B,New_York_Yankees_at_Philadelphia_Phillies,0.0,7.0,-7.0,UNDER,C   J.T. Realmuto shows UNDER value at 7.0 3B. TC projection: 0.0 — edge: 7.00. Strong conviction based on usage rate and defensive matchup.,J.T. Realmuto,0.0,0.0,
P   Jhoan Duran,Philadelphia Phillies,mlb,H,New_York_Yankees_at_Philadelphia_Phillies,0.0,7.0,-7.0,UNDER,Targeting P   Jhoan Duran UNDER 7.0 H. Model projects 0.0 (7.00 edge). Recent trends and opponent weakness support this play.,Jhoan Duran,0.0,0.0,
P   Jhoan Duran,Philadelphia Phillies,mlb,R,New_York_Yankees_at_Philadelphia_Phillies,0.0,7.0,-7.0,UNDER,P   Jhoan Duran shows UNDER value at 7.0 R. TC projection: 0.0 — edge: 7.00. Strong conviction based on usage rate and defensive matchup.,Jhoan Duran,0.0,0.0,
P   Jhoan Duran,Philadelphia Phillies,mlb,RBI,New_York_Yankees_at_Philadelphia_Phillies,0.0,7.0,-7.0,UNDER,P   Jhoan Duran shows UNDER value at 7.0 RBI. TC projection: 0.0 — edge: 7.00. Strong conviction based on usage rate and defensive matchup.,Jhoan Duran,0.0,0.0,
P   Jhoan Duran,Philadelphia Phillies,mlb,HR,New_York_Yankees_at_Philadelphia_Phillies,0.0,7.0,-7.0,UNDER,"Strong +EV opportunity: P   Jhoan Duran is projected for 0.0 HR vs a line of 7.0, giving a UNDER edge of 7.00. Based on recent form, opponent matchup, and game context.",Jhoan Duran,0.0,0.0,
P   Jhoan Duran,Philadelphia Phillies,mlb,2B,New_York_Yankees_at_Philadelphia_Phillies,0.0,7.0,-7.0,UNDER,Targeting P   Jhoan Duran UNDER 7.0 2B. Model projects 0.0 (7.00 edge). Recent trends and opponent weakness support this play.,Jhoan Duran,0.0,0.0,
P   Jhoan Duran,Philadelphia Phillies,mlb,3B,New_York_Yankees_at_Philadelphia_Phillies,0.0,7.0,-7.0,UNDER,Targeting P   Jhoan Duran UNDER 7.0 3B. Model projects 0.0 (7.00 edge). Recent trends and opponent weakness support this play.,Jhoan Duran,0.0,0.0,
P   Jhoan Duran,Philadelphia Phillies,mlb,BB,New_York_Yankees_at_Philadelphia_Phillies,0.0,7.0,-7.0,UNDER,"Strong +EV opportunity: P   Jhoan Duran is projected for 0.0 BB vs a line of 7.0, giving a UNDER edge of 7.00. Based on recent form, opponent matchup, and game context.",Jhoan Duran,0.0,0.0,
P   Jhoan Duran,Philadelphia Phillies,mlb,SB,New_York_Yankees_at_Philadelphia_Phillies,0.0,7.0,-7.0,UNDER,"Strong +EV opportunity: P   Jhoan Duran is projected for 0.0 SB vs a line of 7.0, giving a UNDER edge of 7.00. Based on recent form, opponent matchup, and game context.",Jhoan Duran,0.0,0.0,
P   Orion Kerkering,Philadelphia Phillies,mlb,H,New_York_Yankees_at_Philadelphia_Phillies,0.0,7.0,-7.0,UNDER,Targeting P   Orion Kerkering UNDER 7.0 H. Model projects 0.0 (7.00 edge). Recent trends and opponent weakness support this play.,Orion Kerkering,0.0,0.0,
P   Orion Kerkering,Philadelphia Phillies,mlb,R,New_York_Yankees_at_Philadelphia_Phillies,0.0,7.0,-7.0,UNDER,P   Orion Kerkering shows UNDER value at 7.0 R. TC projection: 0.0 — edge: 7.00. Strong conviction based on usage rate and defensive matchup.,Orion Kerkering,0.0,0.0,
P   Orion Kerkering,Philadelphia Phillies,mlb,RBI,New_York_Yankees_at_Philadelphia_Phillies,0.0,7.0,-7.0,UNDER,Targeting P   Orion Kerkering UNDER 7.0 RBI. Model projects 0.0 (7.00 edge). Recent trends and opponent weakness support this play.,Orion Kerkering,0.0,0.0,
P   Orion Kerkering,Philadelphia Phillies,mlb,HR,New_York_Yankees_at_Philadelphia_Phillies,0.0,7.0,-7.0,UNDER,P   Orion Kerkering shows UNDER value at 7.0 HR. TC projection: 0.0 — edge: 7.00. Strong conviction based on usage rate and defensive matchup.,Orion Kerkering,0.0,0.0,
P   Orion Kerkering,Philadelphia Phillies,mlb,2B,New_York_Yankees_at_Philadelphia_Phillies,0.0,7.0,-7.0,UNDER,Targeting P   Orion Kerkering UNDER 7.0 2B. Model projects 0.0 (7.00 edge). Recent trends and opponent weakness support this play.,Orion Kerkering,0.0,0.0,
P   Orion Kerkering,Philadelphia Phillies,mlb,3B,New_York_Yankees_at_Philadelphia_Phillies,0.0,7.0,-7.0,UNDER,P   Orion Kerkering shows UNDER value at 7.0 3B. TC projection: 0.0 — edge: 7.00. Strong conviction based on usage rate and defensive matchup.,Orion Kerkering,0.0,0.0,
P   Orion Kerkering,Philadelphia Phillies,mlb,BB,New_York_Yankees_at_Philadelphia_Phillies,0.0,7.0,-7.0,UNDER,P   Orion Kerkering shows UNDER value at 7.0 BB. TC projection: 0.0 — edge: 7.00. Strong conviction based on usage rate and defensive matchup.,Orion Kerkering,0.0,0.0,
P   Orion Kerkering,Philadelphia Phillies,mlb,SB,New_York_Yankees_at_Philadelphia_Phillies,0.0,7.0,-7.0,UNDER,"Strong +EV opportunity: P   Orion Kerkering is projected for 0.0 SB vs a line of 7.0, giving a UNDER edge of 7.00. Based on recent form, opponent matchup, and game context.",Orion Kerkering,0.0,0.0,
SS  Trea Turner,Philadelphia Phillies,mlb,3B,New_York_Yankees_at_Philadelphia_Phillies,0.0,7.0,-7.0,UNDER,SS  Trea Turner shows UNDER value at 7.0 3B. TC projection: 0.0 — edge: 7.00. Strong conviction based on usage rate and defensive matchup.,Trea Turner,0.0,0.0,
C   Brian Navarreto,Miami Marlins,mlb,RBI,San_Diego_Padres_at_Miami_Marlins,0.0,7.0,-7.0,UNDER,C   Brian Navarreto shows UNDER value at 7.0 RBI. TC projection: 0.0 — edge: 7.00. Strong conviction based on usage rate and defensive matchup.,Brian Navarreto,0.0,0.0,
C   Brian Navarreto,Miami Marlins,mlb,HR,San_Diego_Padres_at_Miami_Marlins,0.0,7.0,-7.0,UNDER,C   Brian Navarreto shows UNDER value at 7.0 HR. TC projection: 0.0 — edge: 7.00. Strong conviction based on usage rate and defensive matchup.,Brian Navarreto,0.0,0.0,
C   Brian Navarreto,Miami Marlins,mlb,3B,San_Diego_Padres_at_Miami_Marlins,0.0,7.0,-7.0,UNDER,Targeting C   Brian Navarreto UNDER 7.0 3B. Model projects 0.0 (7.00 edge). Recent trends and opponent weakness support this play.,Brian Navarreto,0.0,0.0,
C   Brian Navarreto,Miami Marlins,mlb,SB,San_Diego_Padres_at_Miami_Marlins,0.0,7.0,-7.0,UNDER,"Strong +EV opportunity: C   Brian Navarreto is projected for 0.0 SB vs a line of 7.0, giving a UNDER edge of 7.00. Based on recent form, opponent matchup, and game context.",Brian Navarreto,0.0,0.0,
P   Cade Gibson,Miami Marlins,mlb,H,San_Diego_Padres_at_Miami_Marlins,0.0,7.0,-7.0,UNDER,P   Cade Gibson shows UNDER value at 7.0 H. TC projection: 0.0 — edge: 7.00. Strong conviction based on usage rate and defensive matchup.,Cade Gibson,0.0,0.0,
P   Cade Gibson,Miami Marlins,mlb,R,San_Diego_Padres_at_Miami_Marlins,0.0,7.0,-7.0,UNDER,Targeting P   Cade Gibson UNDER 7.0 R. Model projects 0.0 (7.00 edge). Recent trends and opponent weakness support this play.,Cade Gibson,0.0,0.0,
P   Cade Gibson,Miami Marlins,mlb,RBI,San_Diego_Padres_at_Miami_Marlins,0.0,7.0,-7.0,UNDER,"Strong +EV opportunity: P   Cade Gibson is projected for 0.0 RBI vs a line of 7.0, giving a UNDER edge of 7.00. Based on recent form, opponent matchup, and game context.",Cade Gibson,0.0,0.0,
P   Cade Gibson,Miami Marlins,mlb,HR,San_Diego_Padres_at_Miami_Marlins,0.0,7.0,-7.0,UNDER,"Strong +EV opportunity: P   Cade Gibson is projected for 0.0 HR vs a line of 7.0, giving a UNDER edge of 7.00. Based on recent form, opponent matchup, and game context.",Cade Gibson,0.0,0.0,
P   Cade Gibson,Miami Marlins,mlb,2B,San_Diego_Padres_at_Miami_Marlins,0.0,7.0,-7.0,UNDER,P   Cade Gibson shows UNDER value at 7.0 2B. TC projection: 0.0 — edge: 7.00. Strong conviction based on usage rate and defensive matchup.,Cade Gibson,0.0,0.0,
P   Cade Gibson,Miami Marlins,mlb,3B,San_Diego_Padres_at_Miami_Marlins,0.0,7.0,-7.0,UNDER,"Strong +EV opportunity: P   Cade Gibson is projected for 0.0 3B vs a line of 7.0, giving a UNDER edge of 7.00. Based on recent form, opponent matchup, and game context.",Cade Gibson,0.0,0.0,
P   Cade Gibson,Miami Marlins,mlb,BB,San_Diego_Padres_at_Miami_Marlins,0.0,7.0,-7.0,UNDER,Targeting P   Cade Gibson UNDER 7.0 BB. Model projects 0.0 (7.00 edge). Recent trends and opponent weakness support this play.,Cade Gibson,0.0,0.0,
P   Cade Gibson,Miami Marlins,mlb,SB,San_Diego_Padres_at_Miami_Marlins,0.0,7.0,-7.0,UNDER,P   Cade Gibson shows UNDER value at 7.0 SB. TC projection: 0.0 — edge: 7.00. Strong conviction based on usage rate and defensive matchup.,Cade Gibson,0.0,0.0,
3B  Graham Pauley,Miami Marlins,mlb,3B,San_Diego_Padres_at_Miami_Marlins,0.0,7.0,-7.0,UNDER,Targeting 3B  Graham Pauley UNDER 7.0 3B. Model projects 0.0 (7.00 edge). Recent trends and opponent weakness support this play.,Graham Pauley,0.0,0.0,
LF  Griffin Conine,Miami Marlins,mlb,3B,San_Diego_Padres_at_Miami_Marlins,0.0,7.0,-7.0,UNDER,LF  Griffin Conine shows UNDER value at 7.0 3B. TC projection: 0.0 — edge: 7.00. Strong conviction based on usage rate and defensive matchup.,Griffin Conine,0.0,0.0,
C   Joe Mack,Miami Marlins,mlb,3B,San_Diego_Padres_at_Miami_Marlins,0.0,7.0,-7.0,UNDER,Targeting C   Joe Mack UNDER 7.0 3B. Model projects 0.0 (7.00 edge). Recent trends and opponent weakness support this play.,Joe Mack,0.0,0.0,
C   Joe Mack,Miami Marlins,mlb,SB,San_Diego_Padres_at_Miami_Marlins,0.0,7.0,-7.0,UNDER,C   Joe Mack shows UNDER value at 7.0 SB. TC projection: 0.0 — edge: 7.00. Strong conviction based on usage rate and defensive matchup.,Joe Mack,0.0,0.0,
3B  Leo Jiménez,Miami Marlins,mlb,3B,San_Diego_Padres_at_Miami_Marlins,0.0,7.0,-7.0,UNDER,"Strong +EV opportunity: 3B  Leo Jiménez is projected for 0.0 3B vs a line of 7.0, giving a UNDER edge of 7.00. Based on recent form, opponent matchup, and game context.",Leo Jiménez,0.0,0.0,
P   Pete Fairbanks,Miami Marlins,mlb,H,San_Diego_Padres_at_Miami_Marlins,0.0,7.0,-7.0,UNDER,"Strong +EV opportunity: P   Pete Fairbanks is projected for 0.0 H vs a line of 7.0, giving a UNDER edge of 7.00. Based on recent form, opponent matchup, and game context.",Pete Fairbanks,0.0,0.0,
P   Pete Fairbanks,Miami Marlins,mlb,R,San_Diego_Padres_at_Miami_Marlins,0.0,7.0,-7.0,UNDER,Targeting P   Pete Fairbanks UNDER 7.0 R. Model projects 0.0 (7.00 edge). Recent trends and opponent weakness support this play.,Pete Fairbanks,0.0,0.0,
P   Pete Fairbanks,Miami Marlins,mlb,RBI,San_Diego_Padres_at_Miami_Marlins,0.0,7.0,-7.0,UNDER,Targeting P   Pete Fairbanks UNDER 7.0 RBI. Model projects 0.0 (7.00 edge). Recent trends and opponent weakness support this play.,Pete Fairbanks,0.0,0.0,
P   Pete Fairbanks,Miami Marlins,mlb,HR,San_Diego_Padres_at_Miami_Marlins,0.0,7.0,-7.0,UNDER,"Strong +EV opportunity: P   Pete Fairbanks is projected for 0.0 HR vs a line of 7.0, giving a UNDER edge of 7.00. Based on recent form, opponent matchup, and game context.",Pete Fairbanks,0.0,0.0,
P   Pete Fairbanks,Miami Marlins,mlb,2B,San_Diego_Padres_at_Miami_Marlins,0.0,7.0,-7.0,UNDER,P   Pete Fairbanks shows UNDER value at 7.0 2B. TC projection: 0.0 — edge: 7.00. Strong conviction based on usage rate and defensive matchup.,Pete Fairbanks,0.0,0.0,
P   Pete Fairbanks,Miami Marlins,mlb,3B,San_Diego_Padres_at_Miami_Marlins,0.0,7.0,-7.0,UNDER,"Strong +EV opportunity: P   Pete Fairbanks is projected for 0.0 3B vs a line of 7.0, giving a UNDER edge of 7.00. Based on recent form, opponent matchup, and game context.",Pete Fairbanks,0.0,0.0,
P   Pete Fairbanks,Miami Marlins,mlb,BB,San_Diego_Padres_at_Miami_Marlins,0.0,7.0,-7.0,UNDER,Targeting P   Pete Fairbanks UNDER 7.0 BB. Model projects 0.0 (7.00 edge). Recent trends and opponent weakness support this play.,Pete Fairbanks,0.0,0.0,
P   Pete Fairbanks,Miami Marlins,mlb,SB,San_Diego_Padres_at_Miami_Marlins,0.0,7.0,-7.0,UNDER,"Strong +EV opportunity: P   Pete Fairbanks is projected for 0.0 SB vs a line of 7.0, giving a UNDER edge of 7.00. Based on recent form, opponent matchup, and game context.",Pete Fairbanks,0.0,0.0,
1B  Buddy Kennedy,Seattle Mariners,mlb,RBI,Seattle_Mariners_at_Texas_Rangers,0.0,7.0,-7.0,UNDER,1B  Buddy Kennedy shows UNDER value at 7.0 RBI. TC projection: 0.0 — edge: 7.00. Strong conviction based on usage rate and defensive matchup.,Buddy Kennedy,0.0,0.0,
1B  Buddy Kennedy,Seattle Mariners,mlb,HR,Seattle_Mariners_at_Texas_Rangers,0.0,7.0,-7.0,UNDER,Targeting 1B  Buddy Kennedy UNDER 7.0 HR. Model projects 0.0 (7.00 edge). Recent trends and opponent weakness support this play.,Buddy Kennedy,0.0,0.0,
1B  Buddy Kennedy,Seattle Mariners,mlb,3B,Seattle_Mariners_at_Texas_Rangers,0.0,7.0,-7.0,UNDER,1B  Buddy Kennedy shows UNDER value at 7.0 3B. TC projection: 0.0 — edge: 7.00. Strong conviction based on usage rate and defensive matchup.,Buddy Kennedy,0.0,0.0,
1B  Buddy Kennedy,Seattle Mariners,mlb,SB,Seattle_Mariners_at_Texas_Rangers,0.0,7.0,-7.0,UNDER,"Strong +EV opportunity: 1B  Buddy Kennedy is projected for 0.0 SB vs a line of 7.0, giving a UNDER edge of 7.00. Based on recent form, opponent matchup, and game context.",Buddy Kennedy,0.0,0.0,
C   Cal Raleigh,Seattle Mariners,mlb,3B,Seattle_Mariners_at_Texas_Rangers,0.0,7.0,-7.0,UNDER,C   Cal Raleigh shows UNDER value at 7.0 3B. TC projection: 0.0 — edge: 7.00. Strong conviction based on usage rate and defensive matchup.,Cal Raleigh,0.0,0.0,
P   Gabe Speier,Seattle Mariners,mlb,H,Seattle_Mariners_at_Texas_Rangers,0.0,7.0,-7.0,UNDER,P   Gabe Speier shows UNDER value at 7.0 H. TC projection: 0.0 — edge: 7.00. Strong conviction based on usage rate and defensive matchup.,Gabe Speier,0.0,0.0,
P   Gabe Speier,Seattle Mariners,mlb,R,Seattle_Mariners_at_Texas_Rangers,0.0,7.0,-7.0,UNDER,"Strong +EV opportunity: P   Gabe Speier is projected for 0.0 R vs a line of 7.0, giving a UNDER edge of 7.00. Based on recent form, opponent matchup, and game context.",Gabe Speier,0.0,0.0,
P   Gabe Speier,Seattle Mariners,mlb,RBI,Seattle_Mariners_at_Texas_Rangers,0.0,7.0,-7.0,UNDER,Targeting P   Gabe Speier UNDER 7.0 RBI. Model projects 0.0 (7.00 edge). Recent trends and opponent weakness support this play.,Gabe Speier,0.0,0.0,
P   Gabe Speier,Seattle Mariners,mlb,HR,Seattle_Mariners_at_Texas_Rangers,0.0,7.0,-7.0,UNDER,"Strong +EV opportunity: P   Gabe Speier is projected for 0.0 HR vs a line of 7.0, giving a UNDER edge of 7.00. Based on recent form, opponent matchup, and game context.",Gabe Speier,0.0,0.0,
P   Gabe Speier,Seattle Mariners,mlb,2B,Seattle_Mariners_at_Texas_Rangers,0.0,7.0,-7.0,UNDER,"Strong +EV opportunity: P   Gabe Speier is projected for 0.0 2B vs a line of 7.0, giving a UNDER edge of 7.00. Based on recent form, opponent matchup, and game context.",Gabe Speier,0.0,0.0,
P   Gabe Speier,Seattle Mariners,mlb,3B,Seattle_Mariners_at_Texas_Rangers,0.0,7.0,-7.0,UNDER,Targeting P   Gabe Speier UNDER 7.0 3B. Model projects 0.0 (7.00 edge). Recent trends and opponent weakness support this play.,Gabe Speier,0.0,0.0,
P   Gabe Speier,Seattle Mariners,mlb,BB,Seattle_Mariners_at_Texas_Rangers,0.0,7.0,-7.0,UNDER,"Strong +EV opportunity: P   Gabe Speier is projected for 0.0 BB vs a line of 7.0, giving a UNDER edge of 7.00. Based on recent form, opponent matchup, and game context.",Gabe Speier,0.0,0.0,
P   Gabe Speier,Seattle Mariners,mlb,SB,Seattle_Mariners_at_Texas_Rangers,0.0,7.0,-7.0,UNDER,Targeting P   Gabe Speier UNDER 7.0 SB. Model projects 0.0 (7.00 edge). Recent trends and opponent weakness support this play.,Gabe Speier,0.0,0.0,
SS  J.P. Crawford,Seattle Mariners,mlb,3B,Seattle_Mariners_at_Texas_Rangers,0.0,7.0,-7.0,UNDER,Targeting SS  J.P. Crawford UNDER 7.0 3B. Model projects 0.0 (7.00 edge). Recent trends and opponent weakness support this play.,J.P. Crawford,0.0,0.0,
1B  Josh Naylor,Seattle Mariners,mlb,3B,Seattle_Mariners_at_Texas_Rangers,0.0,7.0,-7.0,UNDER,Targeting 1B  Josh Naylor UNDER 7.0 3B. Model projects 0.0 (7.00 edge). Recent trends and opponent weakness support this play.,Josh Naylor,0.0,0.0,
CF  Julio Rodríguez,Seattle Mariners,mlb,3B,Seattle_Mariners_at_Texas_Rangers,0.0,7.0,-7.0,UNDER,CF  Julio Rodríguez shows UNDER value at 7.0 3B. TC projection: 0.0 — edge: 7.00. Strong conviction based on usage rate and defensive matchup.,Julio Rodríguez,0.0,0.0,
C   Mitch Garver,Seattle Mariners,mlb,3B,Seattle_Mariners_at_Texas_Rangers,0.0,7.0,-7.0,UNDER,Targeting C   Mitch Garver UNDER 7.0 3B. Model projects 0.0 (7.00 edge). Recent trends and opponent weakness support this play.,Mitch Garver,0.0,0.0,
C   Mitch Garver,Seattle Mariners,mlb,SB,Seattle_Mariners_at_Texas_Rangers,0.0,7.0,-7.0,UNDER,Targeting C   Mitch Garver UNDER 7.0 SB. Model projects 0.0 (7.00 edge). Recent trends and opponent weakness support this play.,Mitch Garver,0.0,0.0,
RF  Victor Robles,Seattle Mariners,mlb,HR,Seattle_Mariners_at_Texas_Rangers,0.0,7.0,-7.0,UNDER,Targeting RF  Victor Robles UNDER 7.0 HR. Model projects 0.0 (7.00 edge). Recent trends and opponent weakness support this play.,Victor Robles,0.0,0.0,
RF  Victor Robles,Seattle Mariners,mlb,3B,Seattle_Mariners_at_Texas_Rangers,0.0,7.0,-7.0,UNDER,RF  Victor Robles shows UNDER value at 7.0 3B. TC projection: 0.0 — edge: 7.00. Strong conviction based on usage rate and defensive matchup.,Victor Robles,0.0,0.0,
3B  Weston Wilson,Seattle Mariners,mlb,3B,Seattle_Mariners_at_Texas_Rangers,0.0,7.0,-7.0,UNDER,3B  Weston Wilson shows UNDER value at 7.0 3B. TC projection: 0.0 — edge: 7.00. Strong conviction based on usage rate and defensive matchup.,Weston Wilson,0.0,0.0,
LF  Alejandro Osuna,Texas Rangers,mlb,3B,Seattle_Mariners_at_Texas_Rangers,0.0,7.0,-7.0,UNDER,"Strong +EV opportunity: LF  Alejandro Osuna is projected for 0.0 3B vs a line of 7.0, giving a UNDER edge of 7.00. Based on recent form, opponent matchup, and game context.",Alejandro Osuna,0.0,0.0,
C   Austin Wynns,Texas Rangers,mlb,RBI,Seattle_Mariners_at_Texas_Rangers,0.0,7.0,-7.0,UNDER,C   Austin Wynns shows UNDER value at 7.0 RBI. TC projection: 0.0 — edge: 7.00. Strong conviction based on usage rate and defensive matchup.,Austin Wynns,0.0,0.0,
C   Austin Wynns,Texas Rangers,mlb,HR,Seattle_Mariners_at_Texas_Rangers,0.0,7.0,-7.0,UNDER,C   Austin Wynns shows UNDER value at 7.0 HR. TC projection: 0.0 — edge: 7.00. Strong conviction based on usage rate and defensive matchup.,Austin Wynns,0.0,0.0,
C   Austin Wynns,Texas Rangers,mlb,2B,Seattle_Mariners_at_Texas_Rangers,0.0,7.0,-7.0,UNDER,Targeting C   Austin Wynns UNDER 7.0 2B. Model projects 0.0 (7.00 edge). Recent trends and opponent weakness support this play.,Austin Wynns,0.0,0.0,
C   Austin Wynns,Texas Rangers,mlb,3B,Seattle_Mariners_at_Texas_Rangers,0.0,7.0,-7.0,UNDER,Targeting C   Austin Wynns UNDER 7.0 3B. Model projects 0.0 (7.00 edge). Recent trends and opponent weakness support this play.,Austin Wynns,0.0,0.0,
C   Austin Wynns,Texas Rangers,mlb,SB,Seattle_Mariners_at_Texas_Rangers,0.0,7.0,-7.0,UNDER,"Strong +EV opportunity: C   Austin Wynns is projected for 0.0 SB vs a line of 7.0, giving a UNDER edge of 7.00. Based on recent form, opponent matchup, and game context.",Austin Wynns,0.0,0.0,
CF  Cam Cauley,Texas Rangers,mlb,SB,Seattle_Mariners_at_Texas_Rangers,0.0,7.0,-7.0,UNDER,"Strong +EV opportunity: CF  Cam Cauley is projected for 0.0 SB vs a line of 7.0, giving a UNDER edge of 7.00. Based on recent form, opponent matchup, and game context.",Cam Cauley,0.0,0.0,
C   Elias Díaz,Texas Rangers,mlb,3B,Seattle_Mariners_at_Texas_Rangers,0.0,7.0,-7.0,UNDER,C   Elias Díaz shows UNDER value at 7.0 3B. TC projection: 0.0 — edge: 7.00. Strong conviction based on usage rate and defensive matchup.,Elias Díaz,0.0,0.0,
C   Elias Díaz,Texas Rangers,mlb,SB,Seattle_Mariners_at_Texas_Rangers,0.0,7.0,-7.0,UNDER,C   Elias Díaz shows UNDER value at 7.0 SB. TC projection: 0.0 — edge: 7.00. Strong conviction based on usage rate and defensive matchup.,Elias Díaz,0.0,0.0,
P   Jacob Latz,Texas Rangers,mlb,H,Seattle_Mariners_at_Texas_Rangers,0.0,7.0,-7.0,UNDER,P   Jacob Latz shows UNDER value at 7.0 H. TC projection: 0.0 — edge: 7.00. Strong conviction based on usage rate and defensive matchup.,Jacob Latz,0.0,0.0,
P   Jacob Latz,Texas Rangers,mlb,R,Seattle_Mariners_at_Texas_Rangers,0.0,7.0,-7.0,UNDER,"Strong +EV opportunity: P   Jacob Latz is projected for 0.0 R vs a line of 7.0, giving a UNDER edge of 7.00. Based on recent form, opponent matchup, and game context.",Jacob Latz,0.0,0.0,
P   Jacob Latz,Texas Rangers,mlb,RBI,Seattle_Mariners_at_Texas_Rangers,0.0,7.0,-7.0,UNDER,"Strong +EV opportunity: P   Jacob Latz is projected for 0.0 RBI vs a line of 7.0, giving a UNDER edge of 7.00. Based on recent form, opponent matchup, and game context.",Jacob Latz,0.0,0.0,
P   Jacob Latz,Texas Rangers,mlb,HR,Seattle_Mariners_at_Texas_Rangers,0.0,7.0,-7.0,UNDER,Targeting P   Jacob Latz UNDER 7.0 HR. Model projects 0.0 (7.00 edge). Recent trends and opponent weakness support this play.,Jacob Latz,0.0,0.0,
P   Jacob Latz,Texas Rangers,mlb,2B,Seattle_Mariners_at_Texas_Rangers,0.0,7.0,-7.0,UNDER,P   Jacob Latz shows UNDER value at 7.0 2B. TC projection: 0.0 — edge: 7.00. Strong conviction based on usage rate and defensive matchup.,Jacob Latz,0.0,0.0,
P   Jacob Latz,Texas Rangers,mlb,3B,Seattle_Mariners_at_Texas_Rangers,0.0,7.0,-7.0,UNDER,"Strong +EV opportunity: P   Jacob Latz is projected for 0.0 3B vs a line of 7.0, giving a UNDER edge of 7.00. Based on recent form, opponent matchup, and game context.",Jacob Latz,0.0,0.0,
P   Jacob Latz,Texas Rangers,mlb,BB,Seattle_Mariners_at_Texas_Rangers,0.0,7.0,-7.0,UNDER,"Strong +EV opportunity: P   Jacob Latz is projected for 0.0 BB vs a line of 7.0, giving a UNDER edge of 7.00. Based on recent form, opponent matchup, and game context.",Jacob Latz,0.0,0.0,
P   Jacob Latz,Texas Rangers,mlb,SB,Seattle_Mariners_at_Texas_Rangers,0.0,7.0,-7.0,UNDER,"Strong +EV opportunity: P   Jacob Latz is projected for 0.0 SB vs a line of 7.0, giving a UNDER edge of 7.00. Based on recent form, opponent matchup, and game context.",Jacob Latz,0.0,0.0,
1B  Jake Burger,Texas Rangers,mlb,3B,Seattle_Mariners_at_Texas_Rangers,0.0,7.0,-7.0,UNDER,Targeting 1B  Jake Burger UNDER 7.0 3B. Model projects 0.0 (7.00 edge). Recent trends and opponent weakness support this play.,Jake Burger,0.0,0.0,
2B  Justin Foscue,Texas Rangers,mlb,3B,Seattle_Mariners_at_Texas_Rangers,0.0,7.0,-7.0,UNDER,"Strong +EV opportunity: 2B  Justin Foscue is projected for 0.0 3B vs a line of 7.0, giving a UNDER edge of 7.00. Based on recent form, opponent matchup, and game context.",Justin Foscue,0.0,0.0,
2B  Justin Foscue,Texas Rangers,mlb,SB,Seattle_Mariners_at_Texas_Rangers,0.0,7.0,-7.0,UNDER,2B  Justin Foscue shows UNDER value at 7.0 SB. TC projection: 0.0 — edge: 7.00. Strong conviction based on usage rate and defensive matchup.,Justin Foscue,0.0,0.0,
2B  Nicky Lopez,Texas Rangers,mlb,3B,Seattle_Mariners_at_Texas_Rangers,0.0,7.0,-7.0,UNDER,2B  Nicky Lopez shows UNDER value at 7.0 3B. TC projection: 0.0 — edge: 7.00. Strong conviction based on usage rate and defensive matchup.,Nicky Lopez,0.0,0.0,
C   Alejandro Kirk,Toronto Blue Jays,mlb,3B,Toronto_Blue_Jays_at_Boston_Red_Sox,0.0,7.0,-7.0,UNDER,"Strong +EV opportunity: C   Alejandro Kirk is projected for 0.0 3B vs a line of 7.0, giving a UNDER edge of 7.00. Based on recent form, opponent matchup, and game context.",Alejandro Kirk,0.0,0.0,
C   Alejandro Kirk,Toronto Blue Jays,mlb,SB,Toronto_Blue_Jays_at_Boston_Red_Sox,0.0,7.0,-7.0,UNDER,"Strong +EV opportunity: C   Alejandro Kirk is projected for 0.0 SB vs a line of 7.0, giving a UNDER edge of 7.00. Based on recent form, opponent matchup, and game context.",Alejandro Kirk,0.0,0.0,
C   Brandon Valenzuela,Toronto Blue Jays,mlb,3B,Toronto_Blue_Jays_at_Boston_Red_Sox,0.0,7.0,-7.0,UNDER,"Strong +EV opportunity: C   Brandon Valenzuela is projected for 0.0 3B vs a line of 7.0, giving a UNDER edge of 7.00. Based on recent form, opponent matchup, and game context.",Brandon Valenzuela,0.0,0.0,
LF  Davis Schneider,Toronto Blue Jays,mlb,3B,Toronto_Blue_Jays_at_Boston_Red_Sox,0.0,7.0,-7.0,UNDER,Targeting LF  Davis Schneider UNDER 7.0 3B. Model projects 0.0 (7.00 edge). Recent trends and opponent weakness support this play.,Davis Schneider,0.0,0.0,
3B  Kazuma Okamoto,Toronto Blue Jays,mlb,3B,Toronto_Blue_Jays_at_Boston_Red_Sox,0.0,7.0,-7.0,UNDER,Targeting 3B  Kazuma Okamoto UNDER 7.0 3B. Model projects 0.0 (7.00 edge). Recent trends and opponent weakness support this play.,Kazuma Okamoto,0.0,0.0,
3B  Kazuma Okamoto,Toronto Blue Jays,mlb,SB,Toronto_Blue_Jays_at_Boston_Red_Sox,0.0,7.0,-7.0,UNDER,"Strong +EV opportunity: 3B  Kazuma Okamoto is projected for 0.0 SB vs a line of 7.0, giving a UNDER edge of 7.00. Based on recent form, opponent matchup, and game context.",Kazuma Okamoto,0.0,0.0,
2B  Luis Urías,Toronto Blue Jays,mlb,3B,Toronto_Blue_Jays_at_Boston_Red_Sox,0.0,7.0,-7.0,UNDER,Targeting 2B  Luis Urías UNDER 7.0 3B. Model projects 0.0 (7.00 edge). Recent trends and opponent weakness support this play.,Luis Urías,0.0,0.0,
2B  Luis Urías,Toronto Blue Jays,mlb,SB,Toronto_Blue_Jays_at_Boston_Red_Sox,0.0,7.0,-7.0,UNDER,Targeting 2B  Luis Urías UNDER 7.0 SB. Model projects 0.0 (7.00 edge). Recent trends and opponent weakness support this play.,Luis Urías,0.0,0.0,
RF  Myles Straw,Toronto Blue Jays,mlb,3B,Toronto_Blue_Jays_at_Boston_Red_Sox,0.0,7.0,-7.0,UNDER,Targeting RF  Myles Straw UNDER 7.0 3B. Model projects 0.0 (7.00 edge). Recent trends and opponent weakness support this play.,Myles Straw,0.0,0.0,
RF  Nathan Lukes,Toronto Blue Jays,mlb,3B,Toronto_Blue_Jays_at_Boston_Red_Sox,0.0,7.0,-7.0,UNDER,"Strong +EV opportunity: RF  Nathan Lukes is projected for 0.0 3B vs a line of 7.0, giving a UNDER edge of 7.00. Based on recent form, opponent matchup, and game context.",Nathan Lukes,0.0,0.0,
RF  Nathan Lukes,Toronto Blue Jays,mlb,SB,Toronto_Blue_Jays_at_Boston_Red_Sox,0.0,7.0,-7.0,UNDER,"Strong +EV opportunity: RF  Nathan Lukes is projected for 0.0 SB vs a line of 7.0, giving a UNDER edge of 7.00. Based on recent form, opponent matchup, and game context.",Nathan Lukes,0.0,0.0,
1B  Vladimir Guerrero Jr.,Toronto Blue Jays,mlb,3B,Toronto_Blue_Jays_at_Boston_Red_Sox,0.0,7.0,-7.0,UNDER,1B  Vladimir Guerrero Jr. shows UNDER value at 7.0 3B. TC projection: 0.0 — edge: 7.00. Strong conviction based on usage rate and defensive matchup.,Vladimir Guerrero Jr.,0.0,0.0,
LF  Yohendrick Piñango,Toronto Blue Jays,mlb,3B,Toronto_Blue_Jays_at_Boston_Red_Sox,0.0,7.0,-7.0,UNDER,Targeting LF  Yohendrick Piñango UNDER 7.0 3B. Model projects 0.0 (7.00 edge). Recent trends and opponent weakness support this play.,Yohendrick Piñango,0.0,0.0,
LF  Yohendrick Piñango,Toronto Blue Jays,mlb,SB,Toronto_Blue_Jays_at_Boston_Red_Sox,0.0,7.0,-7.0,UNDER,LF  Yohendrick Piñango shows UNDER value at 7.0 SB. TC projection: 0.0 — edge: 7.00. Strong conviction based on usage rate and defensive matchup.,Yohendrick Piñango,0.0,0.0,
2B  Anthony Seigler,Boston Red Sox,mlb,3B,Toronto_Blue_Jays_at_Boston_Red_Sox,0.0,7.0,-7.0,UNDER,2B  Anthony Seigler shows UNDER value at 7.0 3B. TC projection: 0.0 — edge: 7.00. Strong conviction based on usage rate and defensive matchup.,Anthony Seigler,0.0,0.0,
P   Aroldis Chapman,Boston Red Sox,mlb,H,Toronto_Blue_Jays_at_Boston_Red_Sox,0.0,7.0,-7.0,UNDER,Targeting P   Aroldis Chapman UNDER 7.0 H. Model projects 0.0 (7.00 edge). Recent trends and opponent weakness support this play.,Aroldis Chapman,0.0,0.0,
P   Aroldis Chapman,Boston Red Sox,mlb,R,Toronto_Blue_Jays_at_Boston_Red_Sox,0.0,7.0,-7.0,UNDER,P   Aroldis Chapman shows UNDER value at 7.0 R. TC projection: 0.0 — edge: 7.00. Strong conviction based on usage rate and defensive matchup.,Aroldis Chapman,0.0,0.0,
P   Aroldis Chapman,Boston Red Sox,mlb,RBI,Toronto_Blue_Jays_at_Boston_Red_Sox,0.0,7.0,-7.0,UNDER,P   Aroldis Chapman shows UNDER value at 7.0 RBI. TC projection: 0.0 — edge: 7.00. Strong conviction based on usage rate and defensive matchup.,Aroldis Chapman,0.0,0.0,
P   Aroldis Chapman,Boston Red Sox,mlb,HR,Toronto_Blue_Jays_at_Boston_Red_Sox,0.0,7.0,-7.0,UNDER,P   Aroldis Chapman shows UNDER value at 7.0 HR. TC projection: 0.0 — edge: 7.00. Strong conviction based on usage rate and defensive matchup.,Aroldis Chapman,0.0,0.0,
P   Aroldis Chapman,Boston Red Sox,mlb,2B,Toronto_Blue_Jays_at_Boston_Red_Sox,0.0,7.0,-7.0,UNDER,P   Aroldis Chapman shows UNDER value at 7.0 2B. TC projection: 0.0 — edge: 7.00. Strong conviction based on usage rate and defensive matchup.,Aroldis Chapman,0.0,0.0,
P   Aroldis Chapman,Boston Red Sox,mlb,3B,Toronto_Blue_Jays_at_Boston_Red_Sox,0.0,7.0,-7.0,UNDER,Targeting P   Aroldis Chapman UNDER 7.0 3B. Model projects 0.0 (7.00 edge). Recent trends and opponent weakness support this play.,Aroldis Chapman,0.0,0.0,
P   Aroldis Chapman,Boston Red Sox,mlb,BB,Toronto_Blue_Jays_at_Boston_Red_Sox,0.0,7.0,-7.0,UNDER,P   Aroldis Chapman shows UNDER value at 7.0 BB. TC projection: 0.0 — edge: 7.00. Strong conviction based on usage rate and defensive matchup.,Aroldis Chapman,0.0,0.0,
P   Aroldis Chapman,Boston Red Sox,mlb,SB,Toronto_Blue_Jays_at_Boston_Red_Sox,0.0,7.0,-7.0,UNDER,Targeting P   Aroldis Chapman UNDER 7.0 SB. Model projects 0.0 (7.00 edge). Recent trends and opponent weakness support this play.,Aroldis Chapman,0.0,0.0,
C   Carlos Narváez,Boston Red Sox,mlb,3B,Toronto_Blue_Jays_at_Boston_Red_Sox,0.0,7.0,-7.0,UNDER,C   Carlos Narváez shows UNDER value at 7.0 3B. TC projection: 0.0 — edge: 7.00. Strong conviction based on usage rate and defensive matchup.,Carlos Narváez,0.0,0.0,
C   Connor Wong,Boston Red Sox,mlb,3B,Toronto_Blue_Jays_at_Boston_Red_Sox,0.0,7.0,-7.0,UNDER,C   Connor Wong shows UNDER value at 7.0 3B. TC projection: 0.0 — edge: 7.00. Strong conviction based on usage rate and defensive matchup.,Connor Wong,0.0,0.0,
P   Garrett Whitlock,Boston Red Sox,mlb,H,Toronto_Blue_Jays_at_Boston_Red_Sox,0.0,7.0,-7.0,UNDER,"Strong +EV opportunity: P   Garrett Whitlock is projected for 0.0 H vs a line of 7.0, giving a UNDER edge of 7.00. Based on recent form, opponent matchup, and game context.",Garrett Whitlock,0.0,0.0,
P   Garrett Whitlock,Boston Red Sox,mlb,R,Toronto_Blue_Jays_at_Boston_Red_Sox,0.0,7.0,-7.0,UNDER,Targeting P   Garrett Whitlock UNDER 7.0 R. Model projects 0.0 (7.00 edge). Recent trends and opponent weakness support this play.,Garrett Whitlock,0.0,0.0,
P   Garrett Whitlock,Boston Red Sox,mlb,RBI,Toronto_Blue_Jays_at_Boston_Red_Sox,0.0,7.0,-7.0,UNDER,"Strong +EV opportunity: P   Garrett Whitlock is projected for 0.0 RBI vs a line of 7.0, giving a UNDER edge of 7.00. Based on recent form, opponent matchup, and game context.",Garrett Whitlock,0.0,0.0,
P   Garrett Whitlock,Boston Red Sox,mlb,HR,Toronto_Blue_Jays_at_Boston_Red_Sox,0.0,7.0,-7.0,UNDER,P   Garrett Whitlock shows UNDER value at 7.0 HR. TC projection: 0.0 — edge: 7.00. Strong conviction based on usage rate and defensive matchup.,Garrett Whitlock,0.0,0.0,
P   Garrett Whitlock,Boston Red Sox,mlb,2B,Toronto_Blue_Jays_at_Boston_Red_Sox,0.0,7.0,-7.0,UNDER,Targeting P   Garrett Whitlock UNDER 7.0 2B. Model projects 0.0 (7.00 edge). Recent trends and opponent weakness support this play.,Garrett Whitlock,0.0,0.0,
P   Garrett Whitlock,Boston Red Sox,mlb,3B,Toronto_Blue_Jays_at_Boston_Red_Sox,0.0,7.0,-7.0,UNDER,"Strong +EV opportunity: P   Garrett Whitlock is projected for 0.0 3B vs a line of 7.0, giving a UNDER edge of 7.00. Based on recent form, opponent matchup, and game context.",Garrett Whitlock,0.0,0.0,
P   Garrett Whitlock,Boston Red Sox,mlb,BB,Toronto_Blue_Jays_at_Boston_Red_Sox,0.0,7.0,-7.0,UNDER,P   Garrett Whitlock shows UNDER value at 7.0 BB. TC projection: 0.0 — edge: 7.00. Strong conviction based on usage rate and defensive matchup.,Garrett Whitlock,0.0,0.0,
P   Garrett Whitlock,Boston Red Sox,mlb,SB,Toronto_Blue_Jays_at_Boston_Red_Sox,0.0,7.0,-7.0,UNDER,"Strong +EV opportunity: P   Garrett Whitlock is projected for 0.0 SB vs a line of 7.0, giving a UNDER edge of 7.00. Based on recent form, opponent matchup, and game context.",Garrett Whitlock,0.0,0.0,
OF  Jahmai Jones,Boston Red Sox,mlb,3B,Toronto_Blue_Jays_at_Boston_Red_Sox,0.0,7.0,-7.0,UNDER,"Strong +EV opportunity: OF  Jahmai Jones is projected for 0.0 3B vs a line of 7.0, giving a UNDER edge of 7.00. Based on recent form, opponent matchup, and game context.",OF  Jahmai Jones,0.0,0.0,
OF  Jahmai Jones,Boston Red Sox,mlb,SB,Toronto_Blue_Jays_at_Boston_Red_Sox,0.0,7.0,-7.0,UNDER,"Strong +EV opportunity: OF  Jahmai Jones is projected for 0.0 SB vs a line of 7.0, giving a UNDER edge of 7.00. Based on recent form, opponent matchup, and game context.",OF  Jahmai Jones,0.0,0.0,
SS  Tsung-Che Cheng,Boston Red Sox,mlb,HR,Toronto_Blue_Jays_at_Boston_Red_Sox,0.0,7.0,-7.0,UNDER,Targeting SS  Tsung-Che Cheng UNDER 7.0 HR. Model projects 0.0 (7.00 edge). Recent trends and opponent weakness support this play.,Tsung-Che Cheng,0.0,0.0,
SS  Tsung-Che Cheng,Boston Red Sox,mlb,3B,Toronto_Blue_Jays_at_Boston_Red_Sox,0.0,7.0,-7.0,UNDER,Targeting SS  Tsung-Che Cheng UNDER 7.0 3B. Model projects 0.0 (7.00 edge). Recent trends and opponent weakness support this play.,Tsung-Che Cheng,0.0,0.0,
SS  Tsung-Che Cheng,Boston Red Sox,mlb,SB,Toronto_Blue_Jays_at_Boston_Red_Sox,0.0,7.0,-7.0,UNDER,SS  Tsung-Che Cheng shows UNDER value at 7.0 SB. TC projection: 0.0 — edge: 7.00. Strong conviction based on usage rate and defensive matchup.,Tsung-Che Cheng,0.0,0.0,
2B  Hao-Yu Lee,Detroit Tigers,mlb,3B,Kansas_City_Royals_at_Detroit_Tigers,0.01,7.0,-6.99,UNDER,"Strong +EV opportunity: 2B  Hao-Yu Lee is projected for 0.0 3B vs a line of 7.0, giving a UNDER edge of 6.99. Based on recent form, opponent matchup, and game context.",Hao-Yu Lee,0.01,0.0,
2B  Hao-Yu Lee,Detroit Tigers,mlb,SB,Kansas_City_Royals_at_Detroit_Tigers,0.01,7.0,-6.99,UNDER,"Strong +EV opportunity: 2B  Hao-Yu Lee is projected for 0.0 SB vs a line of 7.0, giving a UNDER edge of 6.99. Based on recent form, opponent matchup, and game context.",Hao-Yu Lee,0.01,0.0,
LF  Riley Greene,Detroit Tigers,mlb,3B,Kansas_City_Royals_at_Detroit_Tigers,0.01,7.0,-6.99,UNDER,LF  Riley Greene shows UNDER value at 7.0 3B. TC projection: 0.0 — edge: 6.99. Strong conviction based on usage rate and defensive matchup.,Riley Greene,0.01,0.0,
2B  Zach McKinstry,Detroit Tigers,mlb,SB,Kansas_City_Royals_at_Detroit_Tigers,0.01,7.0,-6.99,UNDER,2B  Zach McKinstry shows UNDER value at 7.0 SB. TC projection: 0.0 — edge: 6.99. Strong conviction based on usage rate and defensive matchup.,Zach McKinstry,0.01,0.0,
3B  Alec Bohm,Philadelphia Phillies,mlb,SB,New_York_Yankees_at_Philadelphia_Phillies,0.01,7.0,-6.99,UNDER,3B  Alec Bohm shows UNDER value at 7.0 SB. TC projection: 0.0 — edge: 6.99. Strong conviction based on usage rate and defensive matchup.,Alec Bohm,0.01,0.0,
DH  Kyle Schwarber,Philadelphia Phillies,mlb,3B,New_York_Yankees_at_Philadelphia_Phillies,0.01,7.0,-6.99,UNDER,Targeting DH  Kyle Schwarber UNDER 7.0 3B. Model projects 0.0 (6.99 edge). Recent trends and opponent weakness support this play.,Kyle Schwarber,0.01,0.0,
RF  Esteury Ruiz,Miami Marlins,mlb,3B,San_Diego_Padres_at_Miami_Marlins,0.01,7.0,-6.99,UNDER,RF  Esteury Ruiz shows UNDER value at 7.0 3B. TC projection: 0.0 — edge: 6.99. Strong conviction based on usage rate and defensive matchup.,Esteury Ruiz,0.01,0.0,
LF  Heriberto Hernández,Miami Marlins,mlb,3B,San_Diego_Padres_at_Miami_Marlins,0.01,7.0,-6.99,UNDER,"Strong +EV opportunity: LF  Heriberto Hernández is projected for 0.0 3B vs a line of 7.0, giving a UNDER edge of 6.99. Based on recent form, opponent matchup, and game context.",Heriberto Hernández,0.01,0.0,
LF  Kyle Stowers,Miami Marlins,mlb,SB,San_Diego_Padres_at_Miami_Marlins,0.01,7.0,-6.99,UNDER,"Strong +EV opportunity: LF  Kyle Stowers is projected for 0.0 SB vs a line of 7.0, giving a UNDER edge of 6.99. Based on recent form, opponent matchup, and game context.",Kyle Stowers,0.01,0.0,
C   Liam Hicks,Miami Marlins,mlb,3B,San_Diego_Padres_at_Miami_Marlins,0.01,7.0,-6.99,UNDER,"Strong +EV opportunity: C   Liam Hicks is projected for 0.0 3B vs a line of 7.0, giving a UNDER edge of 6.99. Based on recent form, opponent matchup, and game context.",Liam Hicks,0.01,0.0,
2B  Cole Young,Seattle Mariners,mlb,3B,Seattle_Mariners_at_Texas_Rangers,0.01,7.0,-6.99,UNDER,"Strong +EV opportunity: 2B  Cole Young is projected for 0.0 3B vs a line of 7.0, giving a UNDER edge of 6.99. Based on recent form, opponent matchup, and game context.",Cole Young,0.01,0.0,
DH  Dominic Canzone,Seattle Mariners,mlb,3B,Seattle_Mariners_at_Texas_Rangers,0.01,7.0,-6.99,UNDER,"Strong +EV opportunity: DH  Dominic Canzone is projected for 0.0 3B vs a line of 7.0, giving a UNDER edge of 6.99. Based on recent form, opponent matchup, and game context.",Dominic Canzone,0.01,0.0,
DH  Dominic Canzone,Seattle Mariners,mlb,SB,Seattle_Mariners_at_Texas_Rangers,0.01,7.0,-6.99,UNDER,Targeting DH  Dominic Canzone UNDER 7.0 SB. Model projects 0.0 (6.99 edge). Recent trends and opponent weakness support this play.,Dominic Canzone,0.01,0.0,
SS  J.P. Crawford,Seattle Mariners,mlb,SB,Seattle_Mariners_at_Texas_Rangers,0.01,7.0,-6.99,UNDER,Targeting SS  J.P. Crawford UNDER 7.0 SB. Model projects 0.0 (6.99 edge). Recent trends and opponent weakness support this play.,J.P. Crawford,0.01,0.0,
RF  Luke Raley,Seattle Mariners,mlb,3B,Seattle_Mariners_at_Texas_Rangers,0.01,7.0,-6.99,UNDER,Targeting RF  Luke Raley UNDER 7.0 3B. Model projects 0.0 (6.99 edge). Recent trends and opponent weakness support this play.,Luke Raley,0.01,0.0,
RF  Luke Raley,Seattle Mariners,mlb,SB,Seattle_Mariners_at_Texas_Rangers,0.01,7.0,-6.99,UNDER,RF  Luke Raley shows UNDER value at 7.0 SB. TC projection: 0.0 — edge: 6.99. Strong conviction based on usage rate and defensive matchup.,Luke Raley,0.01,0.0,
LF  Randy Arozarena,Seattle Mariners,mlb,3B,Seattle_Mariners_at_Texas_Rangers,0.01,7.0,-6.99,UNDER,"Strong +EV opportunity: LF  Randy Arozarena is projected for 0.0 3B vs a line of 7.0, giving a UNDER edge of 6.99. Based on recent form, opponent matchup, and game context.",Randy Arozarena,0.01,0.0,
LF  Alejandro Osuna,Texas Rangers,mlb,HR,Seattle_Mariners_at_Texas_Rangers,0.01,7.0,-6.99,UNDER,LF  Alejandro Osuna shows UNDER value at 7.0 HR. TC projection: 0.0 — edge: 6.99. Strong conviction based on usage rate and defensive matchup.,Alejandro Osuna,0.01,0.0,
DH  Joc Pederson,Texas Rangers,mlb,SB,Seattle_Mariners_at_Texas_Rangers,0.01,7.0,-6.99,UNDER,"Strong +EV opportunity: DH  Joc Pederson is projected for 0.0 SB vs a line of 7.0, giving a UNDER edge of 6.99. Based on recent form, opponent matchup, and game context.",Joc Pederson,0.01,0.0,
3B  Josh Jung,Texas Rangers,mlb,3B,Seattle_Mariners_at_Texas_Rangers,0.01,7.0,-6.99,UNDER,Targeting 3B  Josh Jung UNDER 7.0 3B. Model projects 0.0 (6.99 edge). Recent trends and opponent weakness support this play.,Josh Jung,0.01,0.0,
3B  Josh Jung,Texas Rangers,mlb,SB,Seattle_Mariners_at_Texas_Rangers,0.01,7.0,-6.99,UNDER,Targeting 3B  Josh Jung UNDER 7.0 SB. Model projects 0.0 (6.99 edge). Recent trends and opponent weakness support this play.,Josh Jung,0.01,0.0,
SS  Andrés Giménez,Toronto Blue Jays,mlb,3B,Toronto_Blue_Jays_at_Boston_Red_Sox,0.01,7.0,-6.99,UNDER,Targeting SS  Andrés Giménez UNDER 7.0 3B. Model projects 0.0 (6.99 edge). Recent trends and opponent weakness support this play.,Andrés Giménez,0.01,0.0,
C   Brandon Valenzuela,Toronto Blue Jays,mlb,SB,Toronto_Blue_Jays_at_Boston_Red_Sox,0.01,7.0,-6.99,UNDER,C   Brandon Valenzuela shows UNDER value at 7.0 SB. TC projection: 0.0 — edge: 6.99. Strong conviction based on usage rate and defensive matchup.,Brandon Valenzuela,0.01,0.0,
2B  Ernie Clement,Toronto Blue Jays,mlb,3B,Toronto_Blue_Jays_at_Boston_Red_Sox,0.01,7.0,-6.99,UNDER,"Strong +EV opportunity: 2B  Ernie Clement is projected for 0.0 3B vs a line of 7.0, giving a UNDER edge of 6.99. Based on recent form, opponent matchup, and game context.",Ernie Clement,0.01,0.0,
DH  George Springer,Toronto Blue Jays,mlb,3B,Toronto_Blue_Jays_at_Boston_Red_Sox,0.01,7.0,-6.99,UNDER,Targeting DH  George Springer UNDER 7.0 3B. Model projects 0.0 (6.99 edge). Recent trends and opponent weakness support this play.,George Springer,0.01,0.0,
SS  Andruw Monasterio,Boston Red Sox,mlb,3B,Toronto_Blue_Jays_at_Boston_Red_Sox,0.01,7.0,-6.99,UNDER,Targeting SS  Andruw Monasterio UNDER 7.0 3B. Model projects 0.0 (6.99 edge). Recent trends and opponent weakness support this play.,Andruw Monasterio,0.01,0.0,
3B  Caleb Durbin,Boston Red Sox,mlb,3B,Toronto_Blue_Jays_at_Boston_Red_Sox,0.01,7.0,-6.99,UNDER,3B  Caleb Durbin shows UNDER value at 7.0 3B. TC projection: 0.0 — edge: 6.99. Strong conviction based on usage rate and defensive matchup.,Caleb Durbin,0.01,0.0,
DH  Masataka Yoshida,Boston Red Sox,mlb,3B,Toronto_Blue_Jays_at_Boston_Red_Sox,0.01,7.0,-6.99,UNDER,"Strong +EV opportunity: DH  Masataka Yoshida is projected for 0.0 3B vs a line of 7.0, giving a UNDER edge of 6.99. Based on recent form, opponent matchup, and game context.",Masataka Yoshida,0.01,0.0,
3B  Colt Keith,Detroit Tigers,mlb,3B,Kansas_City_Royals_at_Detroit_Tigers,0.02,7.0,-6.98,UNDER,Targeting 3B  Colt Keith UNDER 7.0 3B. Model projects 0.0 (6.98 edge). Recent trends and opponent weakness support this play.,Colt Keith,0.02,0.0,
C   Dillon Dingler,Detroit Tigers,mlb,3B,Kansas_City_Royals_at_Detroit_Tigers,0.02,7.0,-6.98,UNDER,C   Dillon Dingler shows UNDER value at 7.0 3B. TC projection: 0.0 — edge: 6.98. Strong conviction based on usage rate and defensive matchup.,Dillon Dingler,0.02,0.0,
C   Jake Rogers,Detroit Tigers,mlb,3B,Kansas_City_Royals_at_Detroit_Tigers,0.02,7.0,-6.98,UNDER,Targeting C   Jake Rogers UNDER 7.0 3B. Model projects 0.0 (6.98 edge). Recent trends and opponent weakness support this play.,Jake Rogers,0.02,0.0,
C   Jake Rogers,Detroit Tigers,mlb,SB,Kansas_City_Royals_at_Detroit_Tigers,0.02,7.0,-6.98,UNDER,Targeting C   Jake Rogers UNDER 7.0 SB. Model projects 0.0 (6.98 edge). Recent trends and opponent weakness support this play.,Jake Rogers,0.02,0.0,
CF  James Outman,Detroit Tigers,mlb,3B,Kansas_City_Royals_at_Detroit_Tigers,0.02,7.0,-6.98,UNDER,CF  James Outman shows UNDER value at 7.0 3B. TC projection: 0.0 — edge: 6.98. Strong conviction based on usage rate and defensive matchup.,James Outman,0.02,0.0,
RF  Kerry Carpenter,Detroit Tigers,mlb,3B,Kansas_City_Royals_at_Detroit_Tigers,0.02,7.0,-6.98,UNDER,Targeting RF  Kerry Carpenter UNDER 7.0 3B. Model projects 0.0 (6.98 edge). Recent trends and opponent weakness support this play.,Kerry Carpenter,0.02,0.0,
CF  Matt Vierling,Detroit Tigers,mlb,3B,Kansas_City_Royals_at_Detroit_Tigers,0.02,7.0,-6.98,UNDER,Targeting CF  Matt Vierling UNDER 7.0 3B. Model projects 0.0 (6.98 edge). Recent trends and opponent weakness support this play.,Matt Vierling,0.02,0.0,
LF  Riley Greene,Detroit Tigers,mlb,SB,Kansas_City_Royals_at_Detroit_Tigers,0.02,7.0,-6.98,UNDER,"Strong +EV opportunity: LF  Riley Greene is projected for 0.0 SB vs a line of 7.0, giving a UNDER edge of 6.98. Based on recent form, opponent matchup, and game context.",Riley Greene,0.02,0.0,
2B  Zach McKinstry,Detroit Tigers,mlb,3B,Kansas_City_Royals_at_Detroit_Tigers,0.02,7.0,-6.98,UNDER,Targeting 2B  Zach McKinstry UNDER 7.0 3B. Model projects 0.0 (6.98 edge). Recent trends and opponent weakness support this play.,Zach McKinstry,0.02,0.0,
LF  Brandon Marsh,Philadelphia Phillies,mlb,3B,New_York_Yankees_at_Philadelphia_Phillies,0.02,7.0,-6.98,UNDER,Targeting LF  Brandon Marsh UNDER 7.0 3B. Model projects 0.0 (6.98 edge). Recent trends and opponent weakness support this play.,Brandon Marsh,0.02,0.0,
1B  Bryce Harper,Philadelphia Phillies,mlb,3B,New_York_Yankees_at_Philadelphia_Phillies,0.02,7.0,-6.98,UNDER,1B  Bryce Harper shows UNDER value at 7.0 3B. TC projection: 0.0 — edge: 6.98. Strong conviction based on usage rate and defensive matchup.,Bryce Harper,0.02,0.0,
2B  Edmundo Sosa,Philadelphia Phillies,mlb,3B,New_York_Yankees_at_Philadelphia_Phillies,0.02,7.0,-6.98,UNDER,2B  Edmundo Sosa shows UNDER value at 7.0 3B. TC projection: 0.0 — edge: 6.98. Strong conviction based on usage rate and defensive matchup.,Edmundo Sosa,0.02,0.0,
CF  Justin Crawford,Philadelphia Phillies,mlb,HR,New_York_Yankees_at_Philadelphia_Phillies,0.02,7.0,-6.98,UNDER,Targeting CF  Justin Crawford UNDER 7.0 HR. Model projects 0.0 (6.98 edge). Recent trends and opponent weakness support this play.,Justin Crawford,0.02,0.0,
DH  Kyle Schwarber,Philadelphia Phillies,mlb,SB,New_York_Yankees_at_Philadelphia_Phillies,0.02,7.0,-6.98,UNDER,DH  Kyle Schwarber shows UNDER value at 7.0 SB. TC projection: 0.0 — edge: 6.98. Strong conviction based on usage rate and defensive matchup.,Kyle Schwarber,0.02,0.0,
3B  Graham Pauley,Miami Marlins,mlb,HR,San_Diego_Padres_at_Miami_Marlins,0.02,7.0,-6.98,UNDER,3B  Graham Pauley shows UNDER value at 7.0 HR. TC projection: 0.0 — edge: 6.98. Strong conviction based on usage rate and defensive matchup.,Graham Pauley,0.02,0.0,
3B  Graham Pauley,Miami Marlins,mlb,SB,San_Diego_Padres_at_Miami_Marlins,0.02,7.0,-6.98,UNDER,3B  Graham Pauley shows UNDER value at 7.0 SB. TC projection: 0.0 — edge: 6.98. Strong conviction based on usage rate and defensive matchup.,Graham Pauley,0.02,0.0,
3B  Javier Sanoja,Miami Marlins,mlb,3B,San_Diego_Padres_at_Miami_Marlins,0.02,7.0,-6.98,UNDER,3B  Javier Sanoja shows UNDER value at 7.0 3B. TC projection: 0.0 — edge: 6.98. Strong conviction based on usage rate and defensive matchup.,Javier Sanoja,0.02,0.0,
3B  Leo Jiménez,Miami Marlins,mlb,SB,San_Diego_Padres_at_Miami_Marlins,0.02,7.0,-6.98,UNDER,Targeting 3B  Leo Jiménez UNDER 7.0 SB. Model projects 0.0 (6.98 edge). Recent trends and opponent weakness support this play.,Leo Jiménez,0.02,0.0,
C   Liam Hicks,Miami Marlins,mlb,SB,San_Diego_Padres_at_Miami_Marlins,0.02,7.0,-6.98,UNDER,C   Liam Hicks shows UNDER value at 7.0 SB. TC projection: 0.0 — edge: 6.98. Strong conviction based on usage rate and defensive matchup.,Liam Hicks,0.02,0.0,
C   Cal Raleigh,Seattle Mariners,mlb,SB,Seattle_Mariners_at_Texas_Rangers,0.02,7.0,-6.98,UNDER,C   Cal Raleigh shows UNDER value at 7.0 SB. TC projection: 0.0 — edge: 6.98. Strong conviction based on usage rate and defensive matchup.,Cal Raleigh,0.02,0.0,
2B  Cole Young,Seattle Mariners,mlb,SB,Seattle_Mariners_at_Texas_Rangers,0.02,7.0,-6.98,UNDER,2B  Cole Young shows UNDER value at 7.0 SB. TC projection: 0.0 — edge: 6.98. Strong conviction based on usage rate and defensive matchup.,Cole Young,0.02,0.0,
SS  Colt Emerson,Seattle Mariners,mlb,3B,Seattle_Mariners_at_Texas_Rangers,0.02,7.0,-6.98,UNDER,Targeting SS  Colt Emerson UNDER 7.0 3B. Model projects 0.0 (6.98 edge). Recent trends and opponent weakness support this play.,Colt Emerson,0.02,0.0,
CF  Evan Carter,Texas Rangers,mlb,3B,Seattle_Mariners_at_Texas_Rangers,0.02,7.0,-6.98,UNDER,Targeting CF  Evan Carter UNDER 7.0 3B. Model projects 0.0 (6.98 edge). Recent trends and opponent weakness support this play.,Evan Carter,0.02,0.0,
SS  Ezequiel Duran,Texas Rangers,mlb,3B,Seattle_Mariners_at_Texas_Rangers,0.02,7.0,-6.98,UNDER,SS  Ezequiel Duran shows UNDER value at 7.0 3B. TC projection: 0.0 — edge: 6.98. Strong conviction based on usage rate and defensive matchup.,Ezequiel Duran,0.02,0.0,
1B  Jake Burger,Texas Rangers,mlb,SB,Seattle_Mariners_at_Texas_Rangers,0.02,7.0,-6.98,UNDER,Targeting 1B  Jake Burger UNDER 7.0 SB. Model projects 0.0 (6.98 edge). Recent trends and opponent weakness support this play.,Jake Burger,0.02,0.0,
DH  Joc Pederson,Texas Rangers,mlb,3B,Seattle_Mariners_at_Texas_Rangers,0.02,7.0,-6.98,UNDER,Targeting DH  Joc Pederson UNDER 7.0 3B. Model projects 0.0 (6.98 edge). Recent trends and opponent weakness support this play.,Joc Pederson,0.02,0.0,
2B  Nicky Lopez,Texas Rangers,mlb,HR,Seattle_Mariners_at_Texas_Rangers,0.02,7.0,-6.98,UNDER,2B  Nicky Lopez shows UNDER value at 7.0 HR. TC projection: 0.0 — edge: 6.98. Strong conviction based on usage rate and defensive matchup.,Nicky Lopez,0.02,0.0,
CF  Daulton Varsho,Toronto Blue Jays,mlb,3B,Toronto_Blue_Jays_at_Boston_Red_Sox,0.02,7.0,-6.98,UNDER,"Strong +EV opportunity: CF  Daulton Varsho is projected for 0.0 3B vs a line of 7.0, giving a UNDER edge of 6.98. Based on recent form, opponent matchup, and game context.",Daulton Varsho,0.02,0.0,
LF  Davis Schneider,Toronto Blue Jays,mlb,SB,Toronto_Blue_Jays_at_Boston_Red_Sox,0.02,7.0,-6.98,UNDER,Targeting LF  Davis Schneider UNDER 7.0 SB. Model projects 0.0 (6.98 edge). Recent trends and opponent weakness support this play.,Davis Schneider,0.02,0.0,
2B  Ernie Clement,Toronto Blue Jays,mlb,SB,Toronto_Blue_Jays_at_Boston_Red_Sox,0.02,7.0,-6.98,UNDER,"Strong +EV opportunity: 2B  Ernie Clement is projected for 0.0 SB vs a line of 7.0, giving a UNDER edge of 6.98. Based on recent form, opponent matchup, and game context.",Ernie Clement,0.02,0.0,
C   Carlos Narváez,Boston Red Sox,mlb,SB,Toronto_Blue_Jays_at_Boston_Red_Sox,0.02,7.0,-6.98,UNDER,"Strong +EV opportunity: C   Carlos Narváez is projected for 0.0 SB vs a line of 7.0, giving a UNDER edge of 6.98. Based on recent form, opponent matchup, and game context.",Carlos Narváez,0.02,0.0,
C   Connor Wong,Boston Red Sox,mlb,HR,Toronto_Blue_Jays_at_Boston_Red_Sox,0.02,7.0,-6.98,UNDER,"Strong +EV opportunity: C   Connor Wong is projected for 0.0 HR vs a line of 7.0, giving a UNDER edge of 6.98. Based on recent form, opponent matchup, and game context.",Connor Wong,0.02,0.0,
1B  Willson Contreras,Boston Red Sox,mlb,3B,Toronto_Blue_Jays_at_Boston_Red_Sox,0.02,7.0,-6.98,UNDER,1B  Willson Contreras shows UNDER value at 7.0 3B. TC projection: 0.0 — edge: 6.98. Strong conviction based on usage rate and defensive matchup.,Willson Contreras,0.02,0.0,
1B  Ildemaro Vargas,Arizona Diamondbacks,mlb,3B,Arizona_Diamondbacks_at_Washington_Nationals,0.03,7.0,-6.97,UNDER,1B  Ildemaro Vargas shows UNDER value at 7.0 3B. TC projection: 0.0 — edge: 6.97. Strong conviction based on usage rate and defensive matchup.,Ildemaro Vargas,0.03,0.0,
3B  Nolan Arenado,Arizona Diamondbacks,mlb,SB,Arizona_Diamondbacks_at_Washington_Nationals,0.03,7.0,-6.97,UNDER,3B  Nolan Arenado shows UNDER value at 7.0 SB. TC projection: 0.0 — edge: 6.97. Strong conviction based on usage rate and defensive matchup.,Nolan Arenado,0.03,0.0,
3B  Brooks Lee,Minnesota Twins,mlb,3B,Athletics_at_Minnesota_Twins,0.03,7.0,-6.97,UNDER,"Strong +EV opportunity: 3B  Brooks Lee is projected for 0.0 3B vs a line of 7.0, giving a UNDER edge of 6.97. Based on recent form, opponent matchup, and game context.",Brooks Lee,0.03,0.0,
CF  Colton Cowser,Baltimore Orioles,mlb,2B,Atlanta_Braves_at_Baltimore_Orioles,0.03,7.0,-6.97,UNDER,"Strong +EV opportunity: CF  Colton Cowser is projected for 0.0 2B vs a line of 7.0, giving a UNDER edge of 6.97. Based on recent form, opponent matchup, and game context.",Colton Cowser,0.03,0.0,
C   Henry Davis,Pittsburgh Pirates,mlb,SB,Chicago_Cubs_at_Pittsburgh_Pirates,0.03,7.0,-6.97,UNDER,"Strong +EV opportunity: C   Henry Davis is projected for 0.0 SB vs a line of 7.0, giving a UNDER edge of 6.97. Based on recent form, opponent matchup, and game context.",Henry Davis,0.03,0.0,
C   Jose Trevino,Cincinnati Reds,mlb,BB,Cincinnati_Reds_at_St_Louis_Cardinals,0.03,7.0,-6.97,UNDER,Targeting C   Jose Trevino UNDER 7.0 BB. Model projects 0.0 (6.97 edge). Recent trends and opponent weakness support this play.,Jose Trevino,0.03,0.0,
SS  Cooper Pratt,Milwaukee Brewers,mlb,HR,Colorado_Rockies_at_Milwaukee_Brewers,0.03,7.0,-6.97,UNDER,SS  Cooper Pratt shows UNDER value at 7.0 HR. TC projection: 0.0 — edge: 6.97. Strong conviction based on usage rate and defensive matchup.,Cooper Pratt,0.03,0.0,
SS  Cooper Pratt,Milwaukee Brewers,mlb,3B,Colorado_Rockies_at_Milwaukee_Brewers,0.03,7.0,-6.97,UNDER,Targeting SS  Cooper Pratt UNDER 7.0 3B. Model projects 0.0 (6.97 edge). Recent trends and opponent weakness support this play.,Cooper Pratt,0.03,0.0,
3B  David Hamilton,Milwaukee Brewers,mlb,HR,Colorado_Rockies_at_Milwaukee_Brewers,0.03,7.0,-6.97,UNDER,"Strong +EV opportunity: 3B  David Hamilton is projected for 0.0 HR vs a line of 7.0, giving a UNDER edge of 6.97. Based on recent form, opponent matchup, and game context.",David Hamilton,0.03,0.0,
SS  Kevin McGonigle,Detroit Tigers,mlb,3B,Kansas_City_Royals_at_Detroit_Tigers,0.03,7.0,-6.97,UNDER,SS  Kevin McGonigle shows UNDER value at 7.0 3B. TC projection: 0.0 — edge: 6.97. Strong conviction based on usage rate and defensive matchup.,Kevin McGonigle,0.03,0.0,
C   J.T. Realmuto,Philadelphia Phillies,mlb,SB,New_York_Yankees_at_Philadelphia_Phillies,0.03,7.0,-6.97,UNDER,C   J.T. Realmuto shows UNDER value at 7.0 SB. TC projection: 0.0 — edge: 6.97. Strong conviction based on usage rate and defensive matchup.,J.T. Realmuto,0.03,0.0,
LF  Wyatt Langford,Texas Rangers,mlb,3B,Seattle_Mariners_at_Texas_Rangers,0.03,7.0,-6.97,UNDER,Targeting LF  Wyatt Langford UNDER 7.0 3B. Model projects 0.0 (6.97 edge). Recent trends and opponent weakness support this play.,Wyatt Langford,0.03,0.0,
CF  Ceddanne Rafaela,Boston Red Sox,mlb,3B,Toronto_Blue_Jays_at_Boston_Red_Sox,0.03,7.0,-6.97,UNDER,"Strong +EV opportunity: CF  Ceddanne Rafaela is projected for 0.0 3B vs a line of 7.0, giving a UNDER edge of 6.97. Based on recent form, opponent matchup, and game context.",Ceddanne Rafaela,0.03,0.0,
DH  Masataka Yoshida,Boston Red Sox,mlb,SB,Toronto_Blue_Jays_at_Boston_Red_Sox,0.03,7.0,-6.97,UNDER,DH  Masataka Yoshida shows UNDER value at 7.0 SB. TC projection: 0.0 — edge: 6.97. Strong conviction based on usage rate and defensive matchup.,Masataka Yoshida,0.03,0.0,
RF  Wilyer Abreu,Boston Red Sox,mlb,3B,Toronto_Blue_Jays_at_Boston_Red_Sox,0.03,7.0,-6.97,UNDER,RF  Wilyer Abreu shows UNDER value at 7.0 3B. TC projection: 0.0 — edge: 6.97. Strong conviction based on usage rate and defensive matchup.,Wilyer Abreu,0.03,0.0,
2B  Ketel Marte,Arizona Diamondbacks,mlb,3B,Arizona_Diamondbacks_at_Washington_Nationals,0.03,7.0,-6.97,UNDER,Targeting 2B  Ketel Marte UNDER 7.0 3B. Model projects 0.0 (6.97 edge). Recent trends and opponent weakness support this play.,Ketel Marte,0.03,0.0,
2B  Ketel Marte,Arizona Diamondbacks,mlb,SB,Arizona_Diamondbacks_at_Washington_Nationals,0.03,7.0,-6.97,UNDER,2B  Ketel Marte shows UNDER value at 7.0 SB. TC projection: 0.0 — edge: 6.97. Strong conviction based on usage rate and defensive matchup.,Ketel Marte,0.03,0.0,
1B  Kody Clemens,Minnesota Twins,mlb,3B,Athletics_at_Minnesota_Twins,0.03,7.0,-6.97,UNDER,1B  Kody Clemens shows UNDER value at 7.0 3B. TC projection: 0.0 — edge: 6.97. Strong conviction based on usage rate and defensive matchup.,Kody Clemens,0.03,0.0,
SS  Ryan Kreidler,Minnesota Twins,mlb,3B,Athletics_at_Minnesota_Twins,0.03,7.0,-6.97,UNDER,"Strong +EV opportunity: SS  Ryan Kreidler is projected for 0.0 3B vs a line of 7.0, giving a UNDER edge of 6.97. Based on recent form, opponent matchup, and game context.",Ryan Kreidler,0.03,0.0,
LF  Mauricio Dubón,Atlanta Braves,mlb,SB,Atlanta_Braves_at_Baltimore_Orioles,0.03,7.0,-6.97,UNDER,"Strong +EV opportunity: LF  Mauricio Dubón is projected for 0.0 SB vs a line of 7.0, giving a UNDER edge of 6.97. Based on recent form, opponent matchup, and game context.",Mauricio Dubón,0.03,0.0,
RF  Dylan Beavers,Baltimore Orioles,mlb,HR,Atlanta_Braves_at_Baltimore_Orioles,0.03,7.0,-6.97,UNDER,RF  Dylan Beavers shows UNDER value at 7.0 HR. TC projection: 0.0 — edge: 6.97. Strong conviction based on usage rate and defensive matchup.,Dylan Beavers,0.03,0.0,
SS  Gunnar Henderson,Baltimore Orioles,mlb,3B,Atlanta_Braves_at_Baltimore_Orioles,0.03,7.0,-6.97,UNDER,Targeting SS  Gunnar Henderson UNDER 7.0 3B. Model projects 0.0 (6.97 edge). Recent trends and opponent weakness support this play.,Gunnar Henderson,0.03,0.0,
1B  Pete Alonso,Baltimore Orioles,mlb,SB,Atlanta_Braves_at_Baltimore_Orioles,0.03,7.0,-6.97,UNDER,"Strong +EV opportunity: 1B  Pete Alonso is projected for 0.0 SB vs a line of 7.0, giving a UNDER edge of 6.97. Based on recent form, opponent matchup, and game context.",Pete Alonso,0.03,0.0,
LF  Taylor Ward,Baltimore Orioles,mlb,SB,Atlanta_Braves_at_Baltimore_Orioles,0.03,7.0,-6.97,UNDER,Targeting LF  Taylor Ward UNDER 7.0 SB. Model projects 0.0 (6.97 edge). Recent trends and opponent weakness support this play.,Taylor Ward,0.03,0.0,
CF  Billy Cook,Pittsburgh Pirates,mlb,RBI,Chicago_Cubs_at_Pittsburgh_Pirates,0.03,7.0,-6.97,UNDER,CF  Billy Cook shows UNDER value at 7.0 RBI. TC projection: 0.0 — edge: 6.97. Strong conviction based on usage rate and defensive matchup.,Billy Cook,0.03,0.0,
3B  Ke'Bryan Hayes,Cincinnati Reds,mlb,HR,Cincinnati_Reds_at_St_Louis_Cardinals,0.03,7.0,-6.97,UNDER,3B  Ke'Bryan Hayes shows UNDER value at 7.0 HR. TC projection: 0.0 — edge: 6.97. Strong conviction based on usage rate and defensive matchup.,Ke'Bryan Hayes,0.03,0.0,
3B  Ke'Bryan Hayes,Cincinnati Reds,mlb,2B,Cincinnati_Reds_at_St_Louis_Cardinals,0.03,7.0,-6.97,UNDER,"Strong +EV opportunity: 3B  Ke'Bryan Hayes is projected for 0.0 2B vs a line of 7.0, giving a UNDER edge of 6.97. Based on recent form, opponent matchup, and game context.",Ke'Bryan Hayes,0.03,0.0,
1B  Spencer Steer,Cincinnati Reds,mlb,SB,Cincinnati_Reds_at_St_Louis_Cardinals,0.03,7.0,-6.97,UNDER,1B  Spencer Steer shows UNDER value at 7.0 SB. TC projection: 0.0 — edge: 6.97. Strong conviction based on usage rate and defensive matchup.,Spencer Steer,0.03,0.0,
C   Hunter Feduccia,Tampa Bay Rays,mlb,HR,Cleveland_Guardians_at_Tampa_Bay_Rays,0.03,7.0,-6.97,UNDER,Targeting C   Hunter Feduccia UNDER 7.0 HR. Model projects 0.0 (6.97 edge). Recent trends and opponent weakness support this play.,Hunter Feduccia,0.03,0.0,
2B  Edouard Julien,Colorado Rockies,mlb,HR,Colorado_Rockies_at_Milwaukee_Brewers,0.03,7.0,-6.97,UNDER,Targeting 2B  Edouard Julien UNDER 7.0 HR. Model projects 0.0 (6.97 edge). Recent trends and opponent weakness support this play.,Edouard Julien,0.03,0.0,
3B  Kyle Karros,Colorado Rockies,mlb,SB,Colorado_Rockies_at_Milwaukee_Brewers,0.03,7.0,-6.97,UNDER,Targeting 3B  Kyle Karros UNDER 7.0 SB. Model projects 0.0 (6.97 edge). Recent trends and opponent weakness support this play.,Kyle Karros,0.03,0.0,
RF  Troy Johnston,Colorado Rockies,mlb,HR,Colorado_Rockies_at_Milwaukee_Brewers,0.03,7.0,-6.97,UNDER,"Strong +EV opportunity: RF  Troy Johnston is projected for 0.0 HR vs a line of 7.0, giving a UNDER edge of 6.97. Based on recent form, opponent matchup, and game context.",Troy Johnston,0.03,0.0,
1B  Andrew Vaughn,Milwaukee Brewers,mlb,3B,Colorado_Rockies_at_Milwaukee_Brewers,0.03,7.0,-6.97,UNDER,Targeting 1B  Andrew Vaughn UNDER 7.0 3B. Model projects 0.0 (6.97 edge). Recent trends and opponent weakness support this play.,Andrew Vaughn,0.03,0.0,
2B  Brice Turang,Milwaukee Brewers,mlb,3B,Colorado_Rockies_at_Milwaukee_Brewers,0.03,7.0,-6.97,UNDER,2B  Brice Turang shows UNDER value at 7.0 3B. TC projection: 0.0 — edge: 6.97. Strong conviction based on usage rate and defensive matchup.,Brice Turang,0.03,0.0,
DH  Christian Yelich,Milwaukee Brewers,mlb,3B,Colorado_Rockies_at_Milwaukee_Brewers,0.03,7.0,-6.97,UNDER,"Strong +EV opportunity: DH  Christian Yelich is projected for 0.0 3B vs a line of 7.0, giving a UNDER edge of 6.97. Based on recent form, opponent matchup, and game context.",Christian Yelich,0.03,0.0,
CF  Garrett Mitchell,Milwaukee Brewers,mlb,3B,Colorado_Rockies_at_Milwaukee_Brewers,0.03,7.0,-6.97,UNDER,CF  Garrett Mitchell shows UNDER value at 7.0 3B. TC projection: 0.0 — edge: 6.97. Strong conviction based on usage rate and defensive matchup.,Garrett Mitchell,0.03,0.0,
SS  Nick Allen,Houston Astros,mlb,SB,Houston_Astros_at_Chicago_White_Sox,0.03,7.0,-6.97,UNDER,Targeting SS  Nick Allen UNDER 7.0 SB. Model projects 0.0 (6.97 edge). Recent trends and opponent weakness support this play.,Nick Allen,0.03,0.0,
LF  Zach Dezenzo,Houston Astros,mlb,HR,Houston_Astros_at_Chicago_White_Sox,0.03,7.0,-6.97,UNDER,"Strong +EV opportunity: LF  Zach Dezenzo is projected for 0.0 HR vs a line of 7.0, giving a UNDER edge of 6.97. Based on recent form, opponent matchup, and game context.",Zach Dezenzo,0.03,0.0,
LF  Zach Dezenzo,Houston Astros,mlb,SB,Houston_Astros_at_Chicago_White_Sox,0.03,7.0,-6.97,UNDER,LF  Zach Dezenzo shows UNDER value at 7.0 SB. TC projection: 0.0 — edge: 6.97. Strong conviction based on usage rate and defensive matchup.,Zach Dezenzo,0.03,0.0,
RF  Derek Hill,Philadelphia Phillies,mlb,2B,New_York_Yankees_at_Philadelphia_Phillies,0.03,7.0,-6.97,UNDER,RF  Derek Hill shows UNDER value at 7.0 2B. TC projection: 0.0 — edge: 6.97. Strong conviction based on usage rate and defensive matchup.,Derek Hill,0.03,0.0,
CF  Justin Crawford,Philadelphia Phillies,mlb,3B,New_York_Yankees_at_Philadelphia_Phillies,0.03,7.0,-6.97,UNDER,"Strong +EV opportunity: CF  Justin Crawford is projected for 0.0 3B vs a line of 7.0, giving a UNDER edge of 6.97. Based on recent form, opponent matchup, and game context.",Justin Crawford,0.03,0.0,
CF  Jakob Marsee,Miami Marlins,mlb,3B,San_Diego_Padres_at_Miami_Marlins,0.03,7.0,-6.97,UNDER,"Strong +EV opportunity: CF  Jakob Marsee is projected for 0.0 3B vs a line of 7.0, giving a UNDER edge of 6.97. Based on recent form, opponent matchup, and game context.",Jakob Marsee,0.03,0.0,
3B  Javier Sanoja,Miami Marlins,mlb,HR,San_Diego_Padres_at_Miami_Marlins,0.03,7.0,-6.97,UNDER,"Strong +EV opportunity: 3B  Javier Sanoja is projected for 0.0 HR vs a line of 7.0, giving a UNDER edge of 6.97. Based on recent form, opponent matchup, and game context.",Javier Sanoja,0.03,0.0,
LF  Kyle Stowers,Miami Marlins,mlb,3B,San_Diego_Padres_at_Miami_Marlins,0.03,7.0,-6.97,UNDER,LF  Kyle Stowers shows UNDER value at 7.0 3B. TC projection: 0.0 — edge: 6.97. Strong conviction based on usage rate and defensive matchup.,Kyle Stowers,0.03,0.0,
RF  Myles Straw,Toronto Blue Jays,mlb,HR,Toronto_Blue_Jays_at_Boston_Red_Sox,0.03,7.0,-6.97,UNDER,Targeting RF  Myles Straw UNDER 7.0 HR. Model projects 0.0 (6.97 edge). Recent trends and opponent weakness support this play.,Myles Straw,0.03,0.0,
SS  Andruw Monasterio,Boston Red Sox,mlb,SB,Toronto_Blue_Jays_at_Boston_Red_Sox,0.03,7.0,-6.97,UNDER,"Strong +EV opportunity: SS  Andruw Monasterio is projected for 0.0 SB vs a line of 7.0, giving a UNDER edge of 6.97. Based on recent form, opponent matchup, and game context.",Andruw Monasterio,0.03,0.0,
OF  Jahmai Jones,Boston Red Sox,mlb,2B,Toronto_Blue_Jays_at_Boston_Red_Sox,0.03,7.0,-6.97,UNDER,"Strong +EV opportunity: OF  Jahmai Jones is projected for 0.0 2B vs a line of 7.0, giving a UNDER edge of 6.97. Based on recent form, opponent matchup, and game context.",OF  Jahmai Jones,0.03,0.0,
LF  Jarren Duran,Boston Red Sox,mlb,3B,Toronto_Blue_Jays_at_Boston_Red_Sox,0.03,7.0,-6.97,UNDER,"Strong +EV opportunity: LF  Jarren Duran is projected for 0.0 3B vs a line of 7.0, giving a UNDER edge of 6.97. Based on recent form, opponent matchup, and game context.",Jarren Duran,0.03,0.0,
1B  Willson Contreras,Boston Red Sox,mlb,SB,Toronto_Blue_Jays_at_Boston_Red_Sox,0.03,7.0,-6.97,UNDER,"Strong +EV opportunity: 1B  Willson Contreras is projected for 0.0 SB vs a line of 7.0, giving a UNDER edge of 6.97. Based on recent form, opponent matchup, and game context.",Willson Contreras,0.03,0.0,
CF  Henry Bolte,Athletics,mlb,HR,Athletics_at_Minnesota_Twins,0.04,7.0,-6.96,UNDER,Targeting CF  Henry Bolte UNDER 7.0 HR. Model projects 0.0 (6.96 edge). Recent trends and opponent weakness support this play.,Henry Bolte,0.04,0.0,
2B  Jeff McNeil,Athletics,mlb,HR,Athletics_at_Minnesota_Twins,0.04,7.0,-6.96,UNDER,"Strong +EV opportunity: 2B  Jeff McNeil is projected for 0.0 HR vs a line of 7.0, giving a UNDER edge of 6.96. Based on recent form, opponent matchup, and game context.",Jeff McNeil,0.04,0.0,
RF  Lawrence Butler,Athletics,mlb,HR,Athletics_at_Minnesota_Twins,0.04,7.0,-6.96,UNDER,"Strong +EV opportunity: RF  Lawrence Butler is projected for 0.0 HR vs a line of 7.0, giving a UNDER edge of 6.96. Based on recent form, opponent matchup, and game context.",Lawrence Butler,0.04,0.0,
C   Alex Jackson,Minnesota Twins,mlb,HR,Athletics_at_Minnesota_Twins,0.04,7.0,-6.96,UNDER,Targeting C   Alex Jackson UNDER 7.0 HR. Model projects 0.0 (6.96 edge). Recent trends and opponent weakness support this play.,Alex Jackson,0.04,0.0,
C   Alex Jackson,Minnesota Twins,mlb,BB,Athletics_at_Minnesota_Twins,0.04,7.0,-6.96,UNDER,Targeting C   Alex Jackson UNDER 7.0 BB. Model projects 0.0 (6.96 edge). Recent trends and opponent weakness support this play.,Alex Jackson,0.04,0.0,
2B  Luke Keaschall,Minnesota Twins,mlb,HR,Athletics_at_Minnesota_Twins,0.04,7.0,-6.96,UNDER,2B  Luke Keaschall shows UNDER value at 7.0 HR. TC projection: 0.0 — edge: 6.96. Strong conviction based on usage rate and defensive matchup.,Luke Keaschall,0.04,0.0,
CF  Leody Taveras,Baltimore Orioles,mlb,HR,Atlanta_Braves_at_Baltimore_Orioles,0.04,7.0,-6.96,UNDER,"Strong +EV opportunity: CF  Leody Taveras is projected for 0.0 HR vs a line of 7.0, giving a UNDER edge of 6.96. Based on recent form, opponent matchup, and game context.",Leody Taveras,0.04,0.0,
CF  Dane Myers,Cincinnati Reds,mlb,HR,Cincinnati_Reds_at_St_Louis_Cardinals,0.04,7.0,-6.96,UNDER,Targeting CF  Dane Myers UNDER 7.0 HR. Model projects 0.0 (6.96 edge). Recent trends and opponent weakness support this play.,Dane Myers,0.04,0.0,
CF  TJ Friedl,Cincinnati Reds,mlb,HR,Cincinnati_Reds_at_St_Louis_Cardinals,0.04,7.0,-6.96,UNDER,CF  TJ Friedl shows UNDER value at 7.0 HR. TC projection: 0.0 — edge: 6.96. Strong conviction based on usage rate and defensive matchup.,TJ Friedl,0.04,0.0,
CF  Petey Halpin,Cleveland Guardians,mlb,HR,Cleveland_Guardians_at_Tampa_Bay_Rays,0.04,7.0,-6.96,UNDER,CF  Petey Halpin shows UNDER value at 7.0 HR. TC projection: 0.0 — edge: 6.96. Strong conviction based on usage rate and defensive matchup.,Petey Halpin,0.04,0.0,
C   Nick Fortes,Tampa Bay Rays,mlb,HR,Cleveland_Guardians_at_Tampa_Bay_Rays,0.04,7.0,-6.96,UNDER,C   Nick Fortes shows UNDER value at 7.0 HR. TC projection: 0.0 — edge: 6.96. Strong conviction based on usage rate and defensive matchup.,Nick Fortes,0.04,0.0,
RF  Victor Mesa Jr.,Tampa Bay Rays,mlb,2B,Cleveland_Guardians_at_Tampa_Bay_Rays,0.04,7.0,-6.96,UNDER,Targeting RF  Victor Mesa Jr. UNDER 7.0 2B. Model projects 0.0 (6.96 edge). Recent trends and opponent weakness support this play.,Victor Mesa Jr.,0.04,0.0,
LF  Mickey Moniak,Colorado Rockies,mlb,3B,Colorado_Rockies_at_Milwaukee_Brewers,0.04,7.0,-6.96,UNDER,LF  Mickey Moniak shows UNDER value at 7.0 3B. TC projection: 0.0 — edge: 6.96. Strong conviction based on usage rate and defensive matchup.,Mickey Moniak,0.04,0.0,
RF  Troy Johnston,Colorado Rockies,mlb,SB,Colorado_Rockies_at_Milwaukee_Brewers,0.04,7.0,-6.96,UNDER,"Strong +EV opportunity: RF  Troy Johnston is projected for 0.0 SB vs a line of 7.0, giving a UNDER edge of 6.96. Based on recent form, opponent matchup, and game context.",Troy Johnston,0.04,0.0,
1B  Andrew Vaughn,Milwaukee Brewers,mlb,HR,Colorado_Rockies_at_Milwaukee_Brewers,0.04,7.0,-6.96,UNDER,"Strong +EV opportunity: 1B  Andrew Vaughn is projected for 0.0 HR vs a line of 7.0, giving a UNDER edge of 6.96. Based on recent form, opponent matchup, and game context.",Andrew Vaughn,0.04,0.0,
CF  James Outman,Detroit Tigers,mlb,HR,Kansas_City_Royals_at_Detroit_Tigers,0.04,7.0,-6.96,UNDER,Targeting CF  James Outman UNDER 7.0 HR. Model projects 0.0 (6.96 edge). Recent trends and opponent weakness support this play.,James Outman,0.04,0.0,
2B  Bryson Stott,Philadelphia Phillies,mlb,3B,New_York_Yankees_at_Philadelphia_Phillies,0.04,7.0,-6.96,UNDER,Targeting 2B  Bryson Stott UNDER 7.0 3B. Model projects 0.0 (6.96 edge). Recent trends and opponent weakness support this play.,Bryson Stott,0.04,0.0,
CF  Jakob Marsee,Miami Marlins,mlb,HR,San_Diego_Padres_at_Miami_Marlins,0.04,7.0,-6.96,UNDER,CF  Jakob Marsee shows UNDER value at 7.0 HR. TC projection: 0.0 — edge: 6.96. Strong conviction based on usage rate and defensive matchup.,Jakob Marsee,0.04,0.0,
3B  Leo Jiménez,Miami Marlins,mlb,HR,San_Diego_Padres_at_Miami_Marlins,0.04,7.0,-6.96,UNDER,"Strong +EV opportunity: 3B  Leo Jiménez is projected for 0.0 HR vs a line of 7.0, giving a UNDER edge of 6.96. Based on recent form, opponent matchup, and game context.",Leo Jiménez,0.04,0.0,
RF  Brandon Nimmo,Texas Rangers,mlb,3B,Seattle_Mariners_at_Texas_Rangers,0.04,7.0,-6.96,UNDER,"Strong +EV opportunity: RF  Brandon Nimmo is projected for 0.0 3B vs a line of 7.0, giving a UNDER edge of 6.96. Based on recent form, opponent matchup, and game context.",Brandon Nimmo,0.04,0.0,
C   Elias Díaz,Texas Rangers,mlb,BB,Seattle_Mariners_at_Texas_Rangers,0.04,7.0,-6.96,UNDER,"Strong +EV opportunity: C   Elias Díaz is projected for 0.0 BB vs a line of 7.0, giving a UNDER edge of 6.96. Based on recent form, opponent matchup, and game context.",Elias Díaz,0.04,0.0,
C   Gabriel Moreno,Arizona Diamondbacks,mlb,SB,Arizona_Diamondbacks_at_Washington_Nationals,0.04,7.0,-6.96,UNDER,"Strong +EV opportunity: C   Gabriel Moreno is projected for 0.0 SB vs a line of 7.0, giving a UNDER edge of 6.96. Based on recent form, opponent matchup, and game context.",Gabriel Moreno,0.04,0.0,
LF  Tim Tawa,Arizona Diamondbacks,mlb,SB,Arizona_Diamondbacks_at_Washington_Nationals,0.04,7.0,-6.96,UNDER,LF  Tim Tawa shows UNDER value at 7.0 SB. TC projection: 0.0 — edge: 6.96. Strong conviction based on usage rate and defensive matchup.,Tim Tawa,0.04,0.0,
SS  Alika Williams,Athletics,mlb,HR,Athletics_at_Minnesota_Twins,0.04,7.0,-6.96,UNDER,"Strong +EV opportunity: SS  Alika Williams is projected for 0.0 HR vs a line of 7.0, giving a UNDER edge of 6.96. Based on recent form, opponent matchup, and game context.",Alika Williams,0.04,0.0,
SS  Jacob Wilson,Athletics,mlb,SB,Athletics_at_Minnesota_Twins,0.04,7.0,-6.96,UNDER,SS  Jacob Wilson shows UNDER value at 7.0 SB. TC projection: 0.0 — edge: 6.96. Strong conviction based on usage rate and defensive matchup.,Jacob Wilson,0.04,0.0,
3B  Nick Gonzales,Pittsburgh Pirates,mlb,SB,Chicago_Cubs_at_Pittsburgh_Pirates,0.04,7.0,-6.96,UNDER,"Strong +EV opportunity: 3B  Nick Gonzales is projected for 0.0 SB vs a line of 7.0, giving a UNDER edge of 6.96. Based on recent form, opponent matchup, and game context.",Nick Gonzales,0.04,0.0,
SS  Elly De La Cruz,Cincinnati Reds,mlb,3B,Cincinnati_Reds_at_St_Louis_Cardinals,0.04,7.0,-6.96,UNDER,"Strong +EV opportunity: SS  Elly De La Cruz is projected for 0.0 3B vs a line of 7.0, giving a UNDER edge of 6.96. Based on recent form, opponent matchup, and game context.",Elly De La Cruz,0.04,0.0,
CF  Petey Halpin,Cleveland Guardians,mlb,BB,Cleveland_Guardians_at_Tampa_Bay_Rays,0.04,7.0,-6.96,UNDER,CF  Petey Halpin shows UNDER value at 7.0 BB. TC projection: 0.0 — edge: 6.96. Strong conviction based on usage rate and defensive matchup.,Petey Halpin,0.04,0.0,
SS  Ezequiel Tovar,Colorado Rockies,mlb,SB,Colorado_Rockies_at_Milwaukee_Brewers,0.04,7.0,-6.96,UNDER,SS  Ezequiel Tovar shows UNDER value at 7.0 SB. TC projection: 0.0 — edge: 6.96. Strong conviction based on usage rate and defensive matchup.,Ezequiel Tovar,0.04,0.0,
C   Hunter Goodman,Colorado Rockies,mlb,SB,Colorado_Rockies_at_Milwaukee_Brewers,0.04,7.0,-6.96,UNDER,"Strong +EV opportunity: C   Hunter Goodman is projected for 0.0 SB vs a line of 7.0, giving a UNDER edge of 6.96. Based on recent form, opponent matchup, and game context.",Hunter Goodman,0.04,0.0,
RF  Tyler Freeman,Colorado Rockies,mlb,HR,Colorado_Rockies_at_Milwaukee_Brewers,0.04,7.0,-6.96,UNDER,RF  Tyler Freeman shows UNDER value at 7.0 HR. TC projection: 0.0 — edge: 6.96. Strong conviction based on usage rate and defensive matchup.,Tyler Freeman,0.04,0.0,
3B  Colt Keith,Detroit Tigers,mlb,SB,Kansas_City_Royals_at_Detroit_Tigers,0.04,7.0,-6.96,UNDER,"Strong +EV opportunity: 3B  Colt Keith is projected for 0.0 SB vs a line of 7.0, giving a UNDER edge of 6.96. Based on recent form, opponent matchup, and game context.",Colt Keith,0.04,0.0,
CF  James Outman,Detroit Tigers,mlb,2B,Kansas_City_Royals_at_Detroit_Tigers,0.04,7.0,-6.96,UNDER,CF  James Outman shows UNDER value at 7.0 2B. TC projection: 0.0 — edge: 6.96. Strong conviction based on usage rate and defensive matchup.,James Outman,0.04,0.0,
CF  Matt Vierling,Detroit Tigers,mlb,SB,Kansas_City_Royals_at_Detroit_Tigers,0.04,7.0,-6.96,UNDER,CF  Matt Vierling shows UNDER value at 7.0 SB. TC projection: 0.0 — edge: 6.96. Strong conviction based on usage rate and defensive matchup.,Matt Vierling,0.04,0.0,
2B  Zach McKinstry,Detroit Tigers,mlb,HR,Kansas_City_Royals_at_Detroit_Tigers,0.04,7.0,-6.96,UNDER,"Strong +EV opportunity: 2B  Zach McKinstry is projected for 0.0 HR vs a line of 7.0, giving a UNDER edge of 6.96. Based on recent form, opponent matchup, and game context.",Zach McKinstry,0.04,0.0,
1B  Bryce Harper,Philadelphia Phillies,mlb,SB,New_York_Yankees_at_Philadelphia_Phillies,0.04,7.0,-6.96,UNDER,Targeting 1B  Bryce Harper UNDER 7.0 SB. Model projects 0.0 (6.96 edge). Recent trends and opponent weakness support this play.,Bryce Harper,0.04,0.0,
RF  Brandon Nimmo,Texas Rangers,mlb,SB,Seattle_Mariners_at_Texas_Rangers,0.04,7.0,-6.96,UNDER,Targeting RF  Brandon Nimmo UNDER 7.0 SB. Model projects 0.0 (6.96 edge). Recent trends and opponent weakness support this play.,Brandon Nimmo,0.04,0.0,
RF  Myles Straw,Toronto Blue Jays,mlb,SB,Toronto_Blue_Jays_at_Boston_Red_Sox,0.04,7.0,-6.96,UNDER,Targeting RF  Myles Straw UNDER 7.0 SB. Model projects 0.0 (6.96 edge). Recent trends and opponent weakness support this play.,Myles Straw,0.04,0.0,
OF  Jahmai Jones,Boston Red Sox,mlb,HR,Toronto_Blue_Jays_at_Boston_Red_Sox,0.04,7.0,-6.96,UNDER,"Strong +EV opportunity: OF  Jahmai Jones is projected for 0.0 HR vs a line of 7.0, giving a UNDER edge of 6.96. Based on recent form, opponent matchup, and game context.",OF  Jahmai Jones,0.04,0.0,
RF  Eli White,Atlanta Braves,mlb,SB,Atlanta_Braves_at_Baltimore_Orioles,0.05,7.0,-6.95,UNDER,Targeting RF  Eli White UNDER 7.0 SB. Model projects 0.1 (6.95 edge). Recent trends and opponent weakness support this play.,Eli White,0.05,0.0,
SS  Jim Jarvis,Atlanta Braves,mlb,3B,Atlanta_Braves_at_Baltimore_Orioles,0.05,7.0,-6.95,UNDER,"Strong +EV opportunity: SS  Jim Jarvis is projected for 0.1 3B vs a line of 7.0, giving a UNDER edge of 6.95. Based on recent form, opponent matchup, and game context.",Jim Jarvis,0.05,0.0,
2B  Jackson Holliday,Baltimore Orioles,mlb,2B,Atlanta_Braves_at_Baltimore_Orioles,0.05,7.0,-6.95,UNDER,"Strong +EV opportunity: 2B  Jackson Holliday is projected for 0.1 2B vs a line of 7.0, giving a UNDER edge of 6.95. Based on recent form, opponent matchup, and game context.",Jackson Holliday,0.05,0.0,
LF  Chandler Simpson,Tampa Bay Rays,mlb,3B,Cleveland_Guardians_at_Tampa_Bay_Rays,0.05,7.0,-6.95,UNDER,LF  Chandler Simpson shows UNDER value at 7.0 3B. TC projection: 0.1 — edge: 6.95. Strong conviction based on usage rate and defensive matchup.,Chandler Simpson,0.05,0.0,
RF  Ryan Vilade,Tampa Bay Rays,mlb,SB,Cleveland_Guardians_at_Tampa_Bay_Rays,0.05,7.0,-6.95,UNDER,RF  Ryan Vilade shows UNDER value at 7.0 SB. TC projection: 0.1 — edge: 6.95. Strong conviction based on usage rate and defensive matchup.,Ryan Vilade,0.05,0.0,
2B  Edouard Julien,Colorado Rockies,mlb,SB,Colorado_Rockies_at_Milwaukee_Brewers,0.05,7.0,-6.95,UNDER,"Strong +EV opportunity: 2B  Edouard Julien is projected for 0.1 SB vs a line of 7.0, giving a UNDER edge of 6.95. Based on recent form, opponent matchup, and game context.",Edouard Julien,0.05,0.0,
CF  Taylor Trammell,Houston Astros,mlb,HR,Houston_Astros_at_Chicago_White_Sox,0.05,7.0,-6.95,UNDER,CF  Taylor Trammell shows UNDER value at 7.0 HR. TC projection: 0.1 — edge: 6.95. Strong conviction based on usage rate and defensive matchup.,Taylor Trammell,0.05,0.0,
C   Jake Rogers,Detroit Tigers,mlb,2B,Kansas_City_Royals_at_Detroit_Tigers,0.05,7.0,-6.95,UNDER,"Strong +EV opportunity: C   Jake Rogers is projected for 0.1 2B vs a line of 7.0, giving a UNDER edge of 6.95. Based on recent form, opponent matchup, and game context.",Jake Rogers,0.05,0.0,
2B  Edmundo Sosa,Philadelphia Phillies,mlb,SB,New_York_Yankees_at_Philadelphia_Phillies,0.05,7.0,-6.95,UNDER,"Strong +EV opportunity: 2B  Edmundo Sosa is projected for 0.1 SB vs a line of 7.0, giving a UNDER edge of 6.95. Based on recent form, opponent matchup, and game context.",Edmundo Sosa,0.05,0.0,
3B  Javier Sanoja,Miami Marlins,mlb,SB,San_Diego_Padres_at_Miami_Marlins,0.05,7.0,-6.95,UNDER,Targeting 3B  Javier Sanoja UNDER 7.0 SB. Model projects 0.1 (6.95 edge). Recent trends and opponent weakness support this play.,Javier Sanoja,0.05,0.0,
SS  Otto Lopez,Miami Marlins,mlb,3B,San_Diego_Padres_at_Miami_Marlins,0.05,7.0,-6.95,UNDER,Targeting SS  Otto Lopez UNDER 7.0 3B. Model projects 0.1 (6.95 edge). Recent trends and opponent weakness support this play.,Otto Lopez,0.05,0.0,
2B  Xavier Edwards,Miami Marlins,mlb,HR,San_Diego_Padres_at_Miami_Marlins,0.05,7.0,-6.95,UNDER,"Strong +EV opportunity: 2B  Xavier Edwards is projected for 0.1 HR vs a line of 7.0, giving a UNDER edge of 6.95. Based on recent form, opponent matchup, and game context.",Xavier Edwards,0.05,0.0,
2B  Xavier Edwards,Miami Marlins,mlb,3B,San_Diego_Padres_at_Miami_Marlins,0.05,7.0,-6.95,UNDER,2B  Xavier Edwards shows UNDER value at 7.0 3B. TC projection: 0.1 — edge: 6.95. Strong conviction based on usage rate and defensive matchup.,Xavier Edwards,0.05,0.0,
C   Mitch Garver,Seattle Mariners,mlb,2B,Seattle_Mariners_at_Texas_Rangers,0.05,7.0,-6.95,UNDER,Targeting C   Mitch Garver UNDER 7.0 2B. Model projects 0.1 (6.95 edge). Recent trends and opponent weakness support this play.,Mitch Garver,0.05,0.0,
RF  Victor Robles,Seattle Mariners,mlb,2B,Seattle_Mariners_at_Texas_Rangers,0.05,7.0,-6.95,UNDER,RF  Victor Robles shows UNDER value at 7.0 2B. TC projection: 0.1 — edge: 6.95. Strong conviction based on usage rate and defensive matchup.,Victor Robles,0.05,0.0,
3B  Weston Wilson,Seattle Mariners,mlb,2B,Seattle_Mariners_at_Texas_Rangers,0.05,7.0,-6.95,UNDER,Targeting 3B  Weston Wilson UNDER 7.0 2B. Model projects 0.1 (6.95 edge). Recent trends and opponent weakness support this play.,Weston Wilson,0.05,0.0,
CF  Cam Cauley,Texas Rangers,mlb,RBI,Seattle_Mariners_at_Texas_Rangers,0.05,7.0,-6.95,UNDER,"Strong +EV opportunity: CF  Cam Cauley is projected for 0.1 RBI vs a line of 7.0, giving a UNDER edge of 6.95. Based on recent form, opponent matchup, and game context.",Cam Cauley,0.05,0.0,
2B  Nicky Lopez,Texas Rangers,mlb,2B,Seattle_Mariners_at_Texas_Rangers,0.05,7.0,-6.95,UNDER,2B  Nicky Lopez shows UNDER value at 7.0 2B. TC projection: 0.1 — edge: 6.95. Strong conviction based on usage rate and defensive matchup.,Nicky Lopez,0.05,0.0,
LF  Davis Schneider,Toronto Blue Jays,mlb,HR,Toronto_Blue_Jays_at_Boston_Red_Sox,0.05,7.0,-6.95,UNDER,"Strong +EV opportunity: LF  Davis Schneider is projected for 0.1 HR vs a line of 7.0, giving a UNDER edge of 6.95. Based on recent form, opponent matchup, and game context.",Davis Schneider,0.05,0.0,
2B  Luis Urías,Toronto Blue Jays,mlb,2B,Toronto_Blue_Jays_at_Boston_Red_Sox,0.05,7.0,-6.95,UNDER,2B  Luis Urías shows UNDER value at 7.0 2B. TC projection: 0.1 — edge: 6.95. Strong conviction based on usage rate and defensive matchup.,Luis Urías,0.05,0.0,
RF  Myles Straw,Toronto Blue Jays,mlb,2B,Toronto_Blue_Jays_at_Boston_Red_Sox,0.05,7.0,-6.95,UNDER,"Strong +EV opportunity: RF  Myles Straw is projected for 0.1 2B vs a line of 7.0, giving a UNDER edge of 6.95. Based on recent form, opponent matchup, and game context.",Myles Straw,0.05,0.0,
1B  Vladimir Guerrero Jr.,Toronto Blue Jays,mlb,HR,Toronto_Blue_Jays_at_Boston_Red_Sox,0.05,7.0,-6.95,UNDER,1B  Vladimir Guerrero Jr. shows UNDER value at 7.0 HR. TC projection: 0.1 — edge: 6.95. Strong conviction based on usage rate and defensive matchup.,Vladimir Guerrero Jr.,0.05,0.0,
C   Connor Wong,Boston Red Sox,mlb,SB,Toronto_Blue_Jays_at_Boston_Red_Sox,0.05,7.0,-6.95,UNDER,C   Connor Wong shows UNDER value at 7.0 SB. TC projection: 0.1 — edge: 6.95. Strong conviction based on usage rate and defensive matchup.,Connor Wong,0.05,0.0,
DH  Masataka Yoshida,Boston Red Sox,mlb,HR,Toronto_Blue_Jays_at_Boston_Red_Sox,0.05,7.0,-6.95,UNDER,Targeting DH  Masataka Yoshida UNDER 7.0 HR. Model projects 0.1 (6.95 edge). Recent trends and opponent weakness support this play.,Masataka Yoshida,0.05,0.0,
DH  Romy Gonzalez,Boston Red Sox,mlb,3B,Toronto_Blue_Jays_at_Boston_Red_Sox,0.05,7.0,-6.95,UNDER,Targeting DH  Romy Gonzalez UNDER 7.0 3B. Model projects 0.1 (6.95 edge). Recent trends and opponent weakness support this play.,Romy Gonzalez,0.05,0.0,
RF  Wilyer Abreu,Boston Red Sox,mlb,SB,Toronto_Blue_Jays_at_Boston_Red_Sox,0.05,7.0,-6.95,UNDER,RF  Wilyer Abreu shows UNDER value at 7.0 SB. TC projection: 0.1 — edge: 6.95. Strong conviction based on usage rate and defensive matchup.,Wilyer Abreu,0.05,0.0,
